-20.0 1.9799092460595746 0.0010117356664771633 0.4499399574695246 0.003705579851611779 -0.00015655774441825088 -1.527126460132422e-05 -4.1551114350113494e-05 0.0010175211145537204 0.45067355920429286 0.0037277811161900336 7.999999887502583 1.9999997749297016 0.0010175210647133063 0.45067355510495355 0.003727780932395077 0.05527388745038682 0.05543922827938807 -0.00015123234200586921
-19.899749373433583 1.9797797005249969 0.0010250782495606632 0.4535948843873635 0.0037636341886547217 -0.00017134480114577855 -1.6828939067181636e-05 -4.5301946670406323e-05 0.0010309990542841092 0.4543403468247981 0.0037864314271424246 7.999999875639963 1.9999997511965084 0.0010309989983195629 0.4543403423007843 0.0037864312204011633 0.056038423572699204 0.056207047488192934 -0.00016540413025722955
-19.79949874686717 1.979648445378792 0.001038693034033911 0.4573269194850488 0.0038233174012110857 -0.0001875135050966037 -1.85441132316555e-05 -4.9379907750335406e-05 0.001044753272629993 0.45808456211526066 0.003846733077830446 7.999999862526455 1.9999997249607002 0.001044753209783315 0.45808455712431617 0.003846732845243959 0.05681989114122957 0.05699188096555746 -0.0001808859132950147
-19.69924812030075 1.9795154457200668 0.0010525877547320334 0.46113903976551707 0.00388470091137971 -0.00020519123873441458 -2.0432372821233002e-05 -5.3811443308404705e-05 0.0010587916571436209 0.4619091952583226 0.003908758626787498 7.9999998480301535 1.9999996959583823 0.0010587915865622555 0.4619091897544609 0.003908758365088268 0.05761883959965916 0.057794280751833585 -0.0001977966520883001
-19.598997493734338 1.9793806656549833 0.0010667704383222972 0.4650343755085258 0.003947860244132061 -0.00022451700391457052 -2.2511031318117602e-05 -5.862577825155313e-05 0.0010731223941797764 0.4658173903970634 0.003972584806668389 7.999999832005249 1.9999996638978312 0.0010731223149046992 0.46581738433008757 0.003972584512168544 0.05843584342978453 0.05861482403392154 -0.00021626590793744072
-19.49874686716792 1.9792440682592016 0.0010812494174837948 0.46901621870389726 0.004012875292274113 -0.00024564234828972076 -2.4798985464258294e-05 -6.385392487118224e-05 0.001087753983457879 0.4698124541055864 0.004038292794292952 7.9999998142905495 1.9999996284565635 0.0010877538944101932 0.4698124474208654 0.004038292462831296 0.059271503668419774 0.059454114669104254 -0.0002364346810850293
-19.398496240601503 1.9791056155385038 0.0010960333459418712 0.4730880319056678 0.004079830598763264 -0.0002687325642796168 -2.7317080878219713e-05 -6.952953947347851e-05 0.0011026952535035774 0.4738978642811063 0.004105968498410115 7.999999794707873 1.9999995892780906 0.0011026951534693886 0.473897856919179 0.004105968125288279 0.06012644953634197 0.06031278482156706 -0.0002584564390133437
-19.29824561403509 1.9789652683874668 0.00111113121441805 0.477253457519533 0.0041488156574180585 -0.00029396782022672596 -3.0088011214957078e-05 -7.568794376311416e-05 0.0011179553780325457 0.47807727947098433 0.004175702866265259 7.999999773060244 1.9999995459683317 0.0011179552656459374 0.47807727136748285 0.0041757024461814285 0.061001340188332955 0.06119149672070518 -0.00028249810742408954
-19.19799498746867 1.9788229865460796 0.0011265523675611099 0.48151632753620005 0.004219925233121328 -0.00032154451093902026 -3.3136679235212796e-05 -8.236707947162358e-05 0.0011335438933442403 0.48235454864839783 0.004247592210119466 7.999999749129918 1.9999994980916527 0.001133543767068058 0.48235453973371245 0.0042475917370887115 0.061896866594096954 0.06209094455110785 -0.00030874126653657186
-19.097744360902254 1.9786787285541731 0.0011423065219302686 0.4858806737225684 0.004293259702667196 -0.0003516767798998899 -3.649071271638604e-05 -8.96087784667543e-05 0.0011494707167985774 0.4867337214459826 0.004321738554863116 7.999999722676188 1.9999994451664818 0.0011494705749027349 0.48673371164459805 0.004321738022120288 0.06281375356062546 0.06301185648482532 -0.0003373834492208516
-18.99749373433584 1.9785324517035245 0.00115840378510708 0.4903507382808717 0.004368925417443433 -0.00038459792889966593 -4.0180170799430925e-05 -9.745686907081108e-05 0.0011657461664547084 0.4912190588598302 0.004398250007986496 7.999999693432969 1.999999386660467 0.0011657460069917668 0.491219048090281 0.004398249407888265 0.06375276190730973 0.06395499686732535 -0.000368639366087109
-18.897243107769423 1.9783841119874928 0.0011748546760189113 0.49493098498497023 0.004447035089191974 -0.000420562115436951 -4.4237782162781514e-05 -0.00010595711216865311 0.0011823809819573121 0.4958150444324262 0.004477241153178921 7.999999661106113 1.999999321985122 0.001182380802734954 0.49581503260746124 0.004477240477094157 0.06471469080599285 0.06492116856946112 -0.00040274230747172624
-18.796992481203006 1.9782336640480236 0.001191670146563597 0.49962611080116826 0.004527708200133645 -0.00045984632569684436 -4.8699870717427984e-05 -0.00011516022345858801 0.0011993863467627582 0.5005263959209726 0.004558833468869156 7.999999625370458 1.9999992504899047 0.001199386145312642 0.5005263829466969 0.004558832707035755 0.06570038029903331 0.06591121551851291 -0.00043994589165663456
-18.696741854636592 1.9780810611198616 0.0012088616046321892 0.5044410579986743 0.004611071438784956 -0.000502752196922529 -5.360595213232955e-05 -0.0001251190642506117 0.0012167739118052576 0.5053580774575566 0.004643155773099848 7.999999585866553 1.9999991714556757 0.001216773685347965 0.5053580632336823 0.004643154914481741 0.06671071400932731 0.0669260254224937 -0.0004805255506710182
-18.596491228070175 1.9779262549717855 0.0012264409386347958 0.50938102675354 0.004697259162850359 -0.0005496082107470102 -5.8999274585858075e-05 -0.00013588970568889636 0.0012345558207111733 0.5103153122029244 0.004730344696132458 7.999999542197046 1.9999990840874657 0.0012345555661166332 0.5103152966228031 0.004730343728250992 0.06774662205726777 0.06796653270270316 -0.0005247803747465696
-18.49624060150376 1.977769195844666 0.0012444205436429332 0.5144514882445195 0.0047864138905670175 -0.0006007721104310804 -6.49274990109916e-05 -0.00014753294703950814 0.0012527447366788528 0.5154035954954466 0.0048205451822653815 7.99999949392268 1.9999989875064752 0.0012527444504216196 0.5154035784456438 0.004820544090997528 0.06880908420052896 0.06903372165059896 -0.000573035157231061
-18.395989974937343 1.9776098323861444 0.0012628133492716366 0.5196581982401011 0.0048786868219806295 -0.0006566332667716779 -7.144243903667302e-05 -0.00016011174955110619 0.0012713538711508123 0.5206287084898753 0.004913911022316122 7.999999440557885 1.9999988807412403 0.0012713535492596907 0.5206286898509879 0.0049139097916852705 0.06989913321366069 0.070128629826084 -0.0006256422674937312
-18.295739348370926 1.9774481115817042 0.0012816328494344063 0.5250072111676737 0.004974238391575061 -0.0007176155713182197 -7.860112560820198e-05 -0.00017369412432799436 0.001290397014416088 0.5259967322811018 0.005010605418324028 7.999999381565886 1.9999987627178581 0.0012903966524171492 0.5259967119276027 0.005010604030240688 0.07101785852547148 0.07125235171529574 -0.0006829840990292269
-18.195488721804512 1.9772839786818879 0.0013008931341155427 0.5305048946546801 0.005073238853756049 -0.000784180281158342 -8.646580124604952e-05 -0.00018835136279449216 0.00130988856829179 0.5315140624995601 0.005110801581978173 7.999999316353307 1.999998632249186 0.0013098881611441095 0.5315140403006553 0.005110800015959984 0.07216641013323795 0.07240604266715107 -0.000745475318183253
-18.095238095238095 1.977117377125402 0.0013206089233164873 0.5361579445256428 0.005175868902674831 -0.0008568292825827939 -9.510460938599863e-05 -0.0002041589335703975 0.0013298435810457426 0.5371874243630367 0.005214683368340943 7.9999992442642 1.999998488022901 0.001329843123068793 0.5371874001834924 0.005214681601187523 0.07334600281391014 0.07359092312888224 -0.000813565492478574
-17.99498746867168 1.9769482484578278 0.0013407956033458972 0.541973400232192 0.0052823203278596015 -0.0009361085650994028 -0.0001045921856075438 -0.00022119687480426364 0.0013502777847356278 0.5430238881617985 0.005322445946400172 7.999999164573451 1.9999983285882998 0.0013502772695272573 0.5430238618629386 0.005322443951820124 0.07455792065345883 0.07480828320191638 -0.0008877418699739792
-17.894736842105264 1.9767765322456274 0.001361469265637763 0.5479586606883657 0.0053927967071311375 -0.0010226119303524683 -0.00011501001716851533 -0.00023954891730681993 0.001371207635155053 0.5490308851482189 0.005434296507983233 7.999999076479485 1.9999981523417083 0.0013712070554988756 0.549030856589848 0.005434294256178015 0.07580352191665522 0.07605948754056108 -0.0009685322337702473
-17.794486215538846 1.9766021659851305 0.0013826467482974648 0.5541215004755209 0.005507514138238622 -0.001116985096444978 -0.00012644730668398552 -0.00025930363506176946 0.001392650354593307 0.5552162237957503 0.005550455016558843 7.999998979096201 1.9999979575103493 0.0013926497023540043 0.5552161928380214 0.00555045247373832 0.07708424428056217 0.07734598061688643 -0.0010565081531126452
-17.694235588972433 1.976425085006128 0.001404345680592627 0.5604700863715067 0.005626702010571404 -0.0012199300849715655 -0.00013900160729463096 -0.0002805541317911775 0.0014146239776330193 0.5615881063807212 0.005671154997346359 7.999998871444061 1.9999977421345134 0.0014146232436380581 0.5615880728868785 0.00567115212517987 0.07840161045603489 0.07866929237636569 -0.001152288284572478
-17.593984962406015 1.9762452223697087 0.0014265845306245405 0.567012994152751 0.005750603818293265 -0.0013322099303252344 -0.0001527794712501418 -0.0003033978359781031 0.0014371474002295849 0.5681551458347179 0.005796644370154694 7.999998752440239 1.9999975040478475 0.001437146574135531 0.5681551096746884 0.005796641125147406 0.07975723422253335 0.08003104430963655 -0.0012565419473560269
-17.493734335839598 1.9760625087599144 0.0014493826564357232 0.5737592256031171 0.005879478016067513 -0.0014546538324680114 -0.00016789738725719872 -0.00032793696698263375 0.0014602404323369777 0.5749263828022315 0.005927186326229436 7.999998620887725 1.9999972408555662 0.0014602395024783537 0.5749263438569374 0.00592718265900581 0.08115282690235831 0.08143295596677998 -0.0013699929550057277
-17.393483709273184 1.9758768723687716 0.0014727603608316949 0.5807182256557823 0.006013598918489858 -0.0015881627215890148 -0.00018448273800686366 -0.00035427879060989653 0.0014839238543675822 0.581911302826888 0.006063060250273168 7.999998475463291 1.9999969499103623 0.0014839228075859557 0.5819112609935275 0.006063056104755678 0.0825902043013623 0.0828768519412603 -0.0014934236947112822
-17.293233082706767 1.9756882387742178 0.001496738950218797 0.5878998995789444 0.00615325764414403 -0.0017337151587071276 -0.0002026745876264613 -0.0003825350221404733 0.0015082194777988178 0.5891198535782647 0.006204562688681553 7.9999983147041736 1.9999966282857837 0.0015082182992495726 0.5891198087772288 0.006204558001159163 0.08407129414385214 0.08436466935150537 -0.0016276793580516369
-17.19298245614035 1.9754965308103971 0.0015213407977861747 0.5953146301025422 0.006298763105012155 -0.0018923738684861746 -0.0002226249628165533 -0.0004128225564841159 0.0015331502102662474 0.5965624620138948 0.006352008364795832 7.999998136993369 1.9999962727467966 0.001533148883199971 0.5965624141968886 0.006352003062849754 0.08559814403010023 0.08589846584861734 -0.0017736725621375626
-17.092731829573935 1.9753016684297642 0.0015465894113885798 0.6029732943672359 0.006450443041739373 -0.0020652926170043884 -0.00024449982919350077 -0.0004452629185038859 0.001558740125512931 0.6042500513578067 0.006505731241786045 7.999997940543364 1.9999958797172512 0.0015587386310281465 0.6042500005181202 0.006505725243067415 0.08717292994536004 0.08748042817937418 -0.001932388108826899
-16.992481203007518 1.9751035685563914 0.0015725095065177485 0.6108872805592768 0.006608645104963238 -0.0022537237752828787 -0.00026848057535744374 -0.00047998299754681284 0.0015850145385968885 0.6121940577572751 0.006666085633466915 7.999997723378156 1.9999954452439102 0.0015850128553602152 0.6121940039418379 0.006666078844287038 0.08879796534975423 0.08911288133399001 -0.0021048881269507547
-16.892230576441104 1.974902144929801 0.0015991270847840583 0.6190685040761299 0.006773737982596862 -0.0024590263501522713 -0.00029476521331162076 -0.0005171144329665367 0.0016120000867940107 0.6204064464610813 0.006833447363030543 7.999997483313379 1.9999949649566902 0.0016119981907235033 0.6204063897855223 0.006833439676754013 0.09047571087864148 0.09079829830844113 -0.002292317367476926
-16.791979949874687 1.9746973079386323 0.0016264695183669977 0.6275294230452094 0.006946112572528484 -0.002682674738878177 -0.00032357010280748 -0.0005567943256323815 0.0016397248166722864 0.6288997273411314 0.007008214969286825 7.999997217934334 1.9999944340247104 0.001639722680578948 0.6288996680074859 0.0070082062644783874 0.09220878468322186 0.09253931051124631 -0.002495908872106156
-16.69172932330827 1.9744889644433423 0.0016545656409333797 0.6362830529965301 0.007126183199773226 -0.002926268044518565 -0.0003551314252376869 -0.0005991647033738445 0.0016682182778550894 0.6376869695554302 0.007190810959528777 7.999996924571698 1.999993847107704 0.0016682158710370322 0.6376869078738442 0.007190801097835374 0.0939999734411126 0.09433871884458442 -0.002716989811858639
-16.591478696741856 1.9742770175871243 0.0016834458455661056 0.6453429804643044 0.007314388876559968 -0.0031915401908975127 -0.0003897071354117543 -0.0006443730428031813 0.0016975116240372917 0.646781815125997 0.007381683107622504 7.999996600274676 1.999993198302311 0.0016975089118201215 0.6467817515403883 0.0073816719313333935 0.0958522440665232 0.09619950548950212 -0.0029569876715527244
-16.49122807017544 1.9740613665941174 0.0017131421902940574 0.6547233752648899 0.007511194603216005 -0.0034803707655726157 -0.00042757890804523413 -0.0006925721899051496 0.0017276377218677903 0.6561984911770927 0.007581305795290849 7.999996241781325 1.9999924810827066 0.0017276346650840358 0.6561984262959806 0.0075812931245362765 0.09776875614928603 0.09812484642461923 -0.003217436628347059
-16.390977443609025 1.9738419065539259 0.0017436885118659218 0.6644390011697227 0.007717092707016593 -0.0037947966716274095 -0.00046905438625799434 -0.0007439208090431748 0.001758631268366637 0.6659518205499447 0.007790181393859413 7.999995845485739 1.999991688234971 0.0017586278227659572 0.6659517551828344 0.00779016702338275 0.09975287515160179 0.1001181247072449 -0.0034999842239642476
-16.290726817042607 1.9736185281913892 0.0017751205484676216 0.6745052246600859 0.007932604215359376 -0.00413702464555854 -0.00051446947770728 -0.0007985832130543713 0.0017905289176044583 0.6760572304782132 0.008008841682924232 7.999995407401784 1.9999908117845395 0.0017905250331853584 0.6760571656791857 0.008008825378373467 0.10180818639077188 0.10218294454536445 -0.0038063981792220147
-16.19047619047619 1.9733911176204222 0.001807476072144898 0.6849380214164151 0.008158280258707956 -0.004509444699010601 -0.000564191033561201 -0.0008567298944512913 0.0018233694174367406 0.6865307589748367 0.008237849301497539 7.999994923123002 1.9999898429160048 0.0018233650376891068 0.6865306960938633 0.008237830795148076 0.10393850983543988 0.1043231461880469 -0.004138573475103158
-16.090225563909776 1.9731595560806852 0.0018407950317601758 0.6957539801589813 0.008394703497721794 -0.004914644544584235 -0.0006186196789599308 -0.0009185377443827747 0.0018571937571561635 0.6973890585430241 0.008477799226117782 7.999994387778294 1.9999887718844653 0.0018571888182025561 0.6973889992866975 0.008477778211944348 0.10614791574208766 0.10654282166113135 -0.004498539561097914
-15.989974937343359 1.9729237196557132 0.0018751197073865326 0.7069703034191684 0.00864248956785101 -0.005355425069751618 -0.0006781930122485846 -0.0009841906945666778 0.001892045327003677 0.7086493967881834 0.008729320269303294 7.999993795982925 1.9999875879175284 0.0018920397566255976 0.708649343291026 0.008729296397289909 0.10844074115759378 0.1088463313740726 -0.00488846771852991
-15.889724310776943 1.9726834789710184 0.0019104948771215466 0.7186048047790365 0.008902288533358551 -0.005834816895969652 -0.0007433889636558888 -0.0010538799900245976 0.001927970090562932 0.7203296534651072 0.008993076590389148 7.999993141784362 1.999986279106981 0.0019279638070964524 0.7203296083736744 0.00899304945996646 0.11082160731259062 0.1112383216228082 -0.0053106784453689215
-15.789473684210527 1.972438698870558 0.0019469679973914914 0.7306759020764183 0.009174786341333835 -0.006356098105783303 -0.0008147295513083463 -0.0011278048672238583 0.0019650167711546384 0.7324483134531999 0.009269769209358313 7.999992418602408 1.999984832289046 0.001965009682237536 0.7324482800246395 0.009269738361821598 0.11329543792934359 0.11372374301236789 -0.005767648888848953
-15.68922305764411 1.9721892380698278 0.001984589397911361 0.7432026060283021 0.009460706264662704 -0.006922813265617833 -0.0008927850958286854 -0.0012061736608188767 0.0020032370534477247 0.7450244551096242 0.00956013751270352 7.9999916191630165 1.9999832329120149 0.0020032290545977144 0.745024437326567 0.009560102422438179 0.11586747846664966 0.11630786982186732 -0.006262020293917203
-15.588972431077694 1.971934948783676 0.002023412492569921 0.7562045036802973 0.009760810321172661 -0.007538793669397137 -0.000978178561695131 -0.0012892041938243892 0.00204268580161305 0.7580777334032011 0.009864960738554392 7.9999907354251345 1.9999814648899266 0.0020426767746141716 0.758077736108614 0.009864920802900383 0.11854331632303931 0.11899632033328626 -0.006796605146575985
-15.488721804511279 1.9716756763267802 0.002063494007622109 0.7697017360454838 0.010075900654295537 -0.00820817904613591 -0.0010715906163909494 -0.0013771253916274873 0.0020834212954649687 0.7716283571886507 0.010185059426437555 7.999989758499825 1.999979510440829 0.002083411106535483 0.7716283862421156 0.010185013953939934 0.12132890201827262 0.1217950781440054 -0.007374394304349607
-15.388471177944862 1.9714112586845525 0.0021048942286940025 0.7837149692494498 0.010406820858497126 -0.008935440681057116 -0.0011737649532790329 -0.0014701783161967796 0.0021255054861655425 0.7856970599327949 0.01052129681489635 7.999988678560867 1.9999773499079931 0.002125493983877444 0.7856971223925272 0.010521245011701208 0.12423057137177039 0.1247105144819841 -0.007998563621242738
-15.288220551378446 1.971141526052035 0.002147677268239438 0.7982653584529806 0.010754457230486788 -0.009725406062273123 -0.001285514147127742 -0.001568617633552094 0.0021690042732079675 0.8003050631605686 0.010874580167968067 7.9999874847459305 1.999974961562288 0.00216899128612372 0.8003051674944381 0.010874521122052587 0.12725506869503836 0.1277494115407116 -0.008672480173089525
-15.18796992481203 1.970866300338152 0.0021919113552333843 0.8133745037812747 0.011119739924834152 -0.010583285171833268 -0.001407726157452771 -0.0016727135625274059 0.0022139878045500196 0.8154740318442144 0.011245862009066486 7.999986165047331 1.9999723213837273 0.002213973138537289 0.8154741881734561 0.011245794671935965 0.13040957101366488 0.13091898684962563 -0.009399707914980127
-15.087719298245615 1.9705853946324374 0.002237669149045546 0.8290643974459028 0.011503643990029644 -0.011514698406443813 -0.0015413712599468 -0.0017827535806418382 0.0022605308019362992 0.8312260209173834 0.01163614123821173 7.999984706191263 1.9999694028200028 0.0022605142371161344 0.8312262412982576 0.01163606440366297 0.1337017133324908 0.13422691869385503 -0.010184012467107095
-14.9874686716792 1.970298612631135 0.002285028079610416 0.8453573612092312 0.011907190258332515 -0.012525706293018857 -0.0016875097654462934 -0.001899044892297752 0.002308712913631515 0.8475834120597199 0.012046464105832225 7.9999830935043095 1.9999661765195738 0.0023086942009087463 0.8475837108072399 0.012046376385275764 0.13713961495553562 0.13768137259495733 -0.011029365069560981
-14.887218045112782 1.9700057480192597 0.0023340707161976335 0.8622759733080942 0.01233144605988802 -0.013622841014381493 -0.0018473003526651155 -0.002021916881119523 0.0023586190969862144 0.8645688398637167 0.012477925013436373 7.999981310765871 1.9999626100366408 0.0023585979541038914 0.8645692339234508 0.012477824807216202 0.14073190686979242 0.14129102886206626 -0.011939945301946864
-14.786967418546366 1.969706583804958 0.002384885167290463 0.8798429839278897 0.012777525728644155 -0.01481313983651944 -0.0020220091886358205 -0.002151724026902002 0.0024103400334737194 0.8822051064710771 0.01293166710847652 7.999979340045041 1.9999586675050378 0.002410316140524884 0.8822056158446437 0.012931552572510593 0.14448776019895684 0.145065111219672 -0.012920142473433316
-14.68671679197995 1.9694008916021442 0.0024375655143019795 0.898081218301542 0.013246590864557784 -0.016104180499638687 -0.002213019844731434 -0.002288849070737342 0.0024639725790735847 0.9005150837496835 0.013408882637646573 7.9999771615202855 1.9999543092777787 0.002463945573394247 0.9005157319805669 0.013408751644607033 0.14841691572966187 0.14901341651494845 -0.013974555362267438
-14.586466165413533 1.969088430857076 0.002492212282099287 0.9170134665016623 0.01373985031350496 -0.017504118625680576 -0.0024218440892411763 -0.0024337065880786213 0.0025196202531339008 0.9195216020760638 0.013910813019721392 7.999974753280114 1.999949491528644 0.0025195897234900604 0.9195224168024665 0.013910663113833436 0.1525297145083665 0.15314634550291745 -0.015107990099551216
-14.486215538847118 1.968768948014131 0.0025489329495674605 0.9366623590011957 0.014258559823238946 -0.019021727231461227 -0.002650133669646948 -0.002586747004954759 0.00257739376912472 0.9392473247964945 0.014438748595931661 7.999972091102736 1.999944165811813 0.0025773592490937374 0.9392483383784418 0.014438576940311051 0.1568371295016616 0.15747493470258217 -0.016325455884839357
-14.385964912280702 1.9684421756156505 0.0026078425037286907 0.9570502271017716 0.01480402133076426 -0.020666438334984605 -0.002899693081218402 -0.002748460959367094 0.002637411610999231 0.9597146074648057 0.014994028012853928 7.999969148212495 1.9999382785751298 0.002637372571431495 0.9597158576932014 0.014993831328126362 0.16135079830629065 0.16201088931053148 -0.01763215820778896
-14.285714285714286 1.9681078313302625 0.0026690640412393254 0.9781989473697716 0.015377581833621668 -0.022448386751335647 -0.0031724934382850734 -0.0029193840975665353 0.0026998006592095455 0.9809453409968432 0.015578037189866474 7.999965895010632 1.9999317706221373 0.0026997564996397404 0.9809468718923584 0.015577811682594585 0.16608305688714134 0.16676661715054464 -0.019033489294145056
-14.18546365914787 1.9677656169036186 0.0027327294214211212 1.000129769285245 0.01598063179500251 -0.024378456070166976 -0.003470687593249977 -0.003100102484921763 0.0027646968707834606 1.0029607779485694 0.016192207820616127 7.999962298777666 1.9999245765174862 0.0027646469096417226 1.002962640657892 0.016191949099796946 0.17104697431191968 0.17175526362811755 -0.02053501543116454
-14.085213032581454 1.967415217024957 0.002798979975343515 1.0228631253968765 0.016614603030315773 -0.026468326823902544 -0.003796626478958842 -0.0032912584092628094 0.0028322460182578445 1.025781341214297 0.016838015355597615 7.999958323344409 1.9999166239297794 0.002832189481709223 1.0257835950116971 0.016837718335216793 0.17625638843959937 0.17699074764717532 -0.022142460819850385
-13.984962406015038 1.967056298102323 0.0028679672758642792 1.0464184233944325 0.01728096602103595 -0.028730526832589476 -0.00415287682542953 -0.003493556710964185 0.0029026044926872673 1.049426414562189 0.017516976411126078 7.999953928728317 1.9999078329052797 0.002902540501902832 1.0494291279638637 0.01751663519640841 0.18172594250598811 0.18248779843249685 -0.023861687569421974
-13.884711779448622 1.96668850693868 0.002939853973957878 1.070813819659484 0.017981226600429733 -0.031178483733640405 -0.004542240434318501 -0.003707771915827607 0.002975940176404617 1.0739141145761095 0.01823064554874305 7.999949070731509 1.999898115065228 0.002975867733038278 1.0739173665730835 0.018230253303316728 0.187471122533471 0.18826199318481363 -0.025698671611706914
-13.784461152882205 1.9663114693004693 0.0030148147071163184 1.0960659740397989 0.018716921955275256 -0.033826579584683714 -0.00496777496937284 -0.003934755843943094 0.0030524333917066864 1.0992610437606345 0.018980611368603156 7.999943700496437 1.9998873727187596 0.003052351361318716 1.0992649251759326 0.0189801601593616 0.19350829547274098 0.19432979547650775 -0.027659474067633028
-13.68421052631579 1.9659247883694462 0.003093037086098874 1.1221897858166354 0.019489615888112214 -0.03669020748719731 -0.005432816486944603 -0.004175446003273464 0.0031322779321745725 1.1254820247927888 0.01976849186082643 7.999937764014734 1.9998754978825706 0.0031321850253041906 1.1254866397660297 0.019767972476708886 0.1998547479621086 0.20070859427322035 -0.02975020782446336
-13.583959899749374 1.9655280430678606 0.0031747227668364225 1.1491981110984097 0.02030089328604999 -0.039785830103852504 -0.005941003799449618 -0.004430874771259141 0.0032156821839192445 1.1525898161723467 0.020595928960327067 7.9999312015843165 1.9998623711975687 0.003215576934464288 1.1525952837725155 0.020595330700614232 0.20652872556403795 0.20741674344073283 -0.03197699904063711
-13.483709273182958 1.965120786246184 0.0032600886148655716 1.177101462182416 0.021152353744913078 -0.04313103991395906 -0.006496304791767216 -0.004702179430637443 0.003302870344669221 1.1805948098348855 0.02146458225344716 7.999923947209293 1.9998478607317227 0.003302751085179621 1.180601265798655 0.021463892680439266 0.21354947230881766 0.21447360156653245 -0.03434594336587793
-13.383458646616543 1.9647025427216938 0.0033493679702795223 1.205907689779636 0.02204560430170329 -0.04674462097642618 -0.007103044836469508 -0.004990613143547762 0.0033940837492930764 1.2095047116494404 0.0223761217890142 7.999915927936666 1.9998318206572072 0.0033939485827259104 1.2095123102380805 0.022375326439114638 0.2209372703412788 0.22189957189129766 -0.03686305666582257
-13.283208020050125 1.9642728071552336 0.0034428120218385314 1.23562164939668 0.02298225123419547 -0.05064661197940268 -0.0077659374558152194 -0.0052975569787747645 0.0034895823110774812 1.239324206126882 0.023332219952421105 7.999907063123162 1.9998140897887078 0.003489429078492847 1.2393331220890746 0.023331301998669948 0.228713479427794 0.22971614210662156 -0.039534220220531324
-13.18295739348371 1.9638310417524094 0.003540691299584728 1.2662448536127946 0.02396389089413147 -0.05485837022692408 -0.008490117356217297 -0.00562453305104782 0.003589646088863557 1.2700546071132215 0.024334542369120946 7.9998972636248675 1.999794489968389 0.003589472332461672 1.2700650377343554 0.024333482227105806 0.23690057603703324 0.23794592373124704 -0.04236512036331419
-13.082706766917294 1.9633766737743568 0.003643297296055639 1.297775112476994 0.02499209955011553 -0.059402636172052325 -0.009281176029190874 -0.005973218991272233 0.0036945769909849996 1.3016934967362503 0.02538473781383998 7.999886430901511 1.9997728242815316 0.0036943799117932752 1.301705663945526 0.02538351268160147 0.24552219165875105 0.24661269072864883 -0.04536118274708656
-12.982456140350877 1.962909092841971 0.00375094422698926 1.3302061647765058 0.026068422228077984 -0.06430359806071806 -0.010145200047418257 -0.006345463771495474 0.003804700627850013 1.3342343554026637 0.02648442711376622 7.999874456026466 1.9997488750852006 0.0038044770372631805 1.3342485078995705 0.026483010434848554 0.254603149969717 0.25574141697319147 -0.048527501451076205
-12.882205513784461 1.962427648016212 0.0038639709432618206 1.363527303486723 0.027194360551160854 -0.06958695608182097 -0.011088812221998978 -0.006743305091546858 0.003920368325972309 1.3676661862103903 0.027635191048380983 7.999861218592525 1.9997224018304935 0.003920114590225836 1.367682601559044 0.027633551885471386 0.2641695023943412 0.265358312110283 -0.0518687633851016
-12.781954887218046 1.961931644635651 0.003982743006697256 1.397722999296533 0.0283713595971487 -0.07527998540379599 -0.012119215814237805 -0.007168988510827035 0.00404195931728054 1.4019731377274132 0.028838557265187293 7.999846585502525 1.9996931386569174 0.004041671293795192 1.401992124352201 0.028836659569844342 0.2742485615390167 0.27549085528690087 -0.05538916860322729
-12.68170426065163 1.9614203408909765 0.0041076549433357095 1.432772526701953 0.029600793810156924 -0.08141159730993763 -0.013244241958943803 -0.007624988503224017 0.00416988311862659 1.4371341296927564 0.030095986249648977 7.999830409632709 1.9996607917352673 0.004169556082996669 1.4371560286910163 0.03009378801141314 0.28486893190347246 0.28616782615258574 -0.05909234733303492
-12.581453634085214 1.9608929441145273 0.004239132688743193 1.468649597757938 0.030883952023997772 -0.08801239752415313 -0.01447240044885234 -0.008114031588590365 0.004304582117568105 1.4731224867974995 0.031408856408901634 7.999812528355476 1.9996250363329597 0.004304210679774179 1.473147673464903 0.031406308664592486 0.2960605371883661 0.297419332446691 -0.0629812746726941
-12.481203007518797 1.960348606761262 0.004377636240986523 1.5053220091632482 0.032222021677491164 -0.09511474068784764 -0.015812934090035924 -0.00863912187942617 0.004446534381720472 1.5099055862904258 0.03277844835216954 7.999792761906765 1.9995855135731415 0.004446112389923627 1.5099344712300125 0.032775494033314125 0.30785464342621754 0.3092768333944664 -0.06705818428508792
-12.380952380952381 1.9597864220557426 0.004523662537978884 1.5427513089003126 0.033616072326479764 -0.10275277979266662 -0.017275876761573272 -0.00920356920376264 0.004596256710255742 1.547444525704354 0.034205928476011026 7.999770911581774 1.9995418268560021 0.004595777140270866 1.5474775553639792 0.03420250106918006 0.320283877061077 0.3217731580327546 -0.07132448245573642
-12.280701754385966 1.9592054192778223 0.004677748577019624 1.5808924891464857 0.035067038583266846 -0.1109625091593216 -0.01887211534668154 -0.00981102015013846 0.0047543079474666435 1.5856938174928858 0.03569233198910084 7.999746757741039 1.9994935379075356 0.0047537627757090525 1.5857314739444308 0.035688353980326284 0.3333822369912953 0.33494251747375053 -0.0757806642691321
-12.180451127819548 1.9586045586577057 0.0048404747954953545 1.6196937125860948 0.036575702640940726 -0.11978179938773792 -0.02061345566954742 -0.01046549230076721 0.004921292579708232 1.6246011177818076 0.03723854553880069 7.999720057606971 1.9994401624175429 0.004920672637055096 1.6246439175217655 0.037233926609250935 0.3471850994680617 0.34882050999326286 -0.08042623373569313
-12.080200501253133 1.9579827258489575 0.005012468732870204 1.659096079563843 0.0381426765670998 -0.12925042246169482 -0.022512692583944727 -0.011171412061500519 0.005097864638468196 1.66410699674676 0.03884528962952855 7.999690542828977 1.9993811652248552 0.005097159442063299 1.6641554882588212 0.03883992456511951 0.3617292146100092 0.36344411769611423 -0.08525963004942128
-11.979949874686717 1.957338725945833 0.005194408995253772 1.6990334436992878 0.039768384577945876 -0.13941006495144848 -0.02458368428870017 -0.011933656398866788 0.005284731933789455 1.704144758305797 0.04051310105024331 7.999657916792903 1.9993159550036275 0.005283929493338465 1.704199518085069 0.04050686732292174 0.3770526931499163 0.3788516933666068 -0.09027816215976259
-11.879699248120302 1.956671277009023 0.00538702954498075 1.7394322836086649 0.04145304552887028 -0.150304326962015 -0.02684143096419689 -0.012757598970523532 0.005482660643759327 1.7446403168346787 0.042242315554263866 7.999621851648134 1.9992438784000282 0.0054817472382982626 1.7447019435265971 0.04223507052717408 0.39319498187352425 0.3950829359542915 -0.09547795413644167
-11.779448621553886 1.9559790030615725 0.0055911243387392505 1.7802116382246884 0.04319665588037829 -0.1619787042107248 -0.029302157752198355 -0.013649161065885096 0.005692480287268116 1.7855121384498722 0.044033051058168064 7.999581985022832 1.9991642135637377 0.005691440207727624 1.785581244708421 0.04402462876087436 0.41019682604134766 0.41217885297536166 -0.10085390374649705
-11.679197994987469 1.9552604265143283 0.005807552338820318 1.8212831128502467 0.04499897341760696 -0.1744805502378597 -0.03198340206697026 -0.014614867893712358 0.005915089108702507 1.8266712540395804 0.04588519164666412 7.999537916394836 1.9990761630133336 0.005913904360815732 1.8267484556565041 0.04587539905993968 0.42810021690241445 0.43018170792646365 -0.10639965678299745
-11.578947368421053 1.9545139599778447 0.0060372429229894825 1.8625509625072483 0.046859502016594806 -0.18785901542187844 -0.03490410516555187 -0.015661910774610988 0.006151459904640549 1.8680213506359284 0.047798372685894035 7.999489203082315 1.998978845768838 0.0061501098658328325 1.8681072524372346 0.04778698546831718 0.446948322213266 0.44913495061057046 -0.11210759959612915
-11.478696741854638 1.9537378974152826 0.0062812017192602635 1.9039122583367076 0.04877747775986246 -0.20216495905106058 -0.0380847078209996 -0.016798215837901864 0.0064026463239182764 1.9094589469038408 0.0497719673576455 7.999435355814668 1.9988712886784579 0.006401107346748196 1.9095541248523207 0.04975872493834074 0.4667853974661473 0.46908312806395597 -0.11796887210900309
-11.37844611528822 1.9529304045884432 0.00654051689242462 1.9452571417657984 0.05075185670671977 -0.2174508302627487 -0.04154724986675262 -0.0180325199232243 0.006669789673588929 1.9508736574657202 0.051805074930252215 7.999375833840024 1.9987524168597859 0.006668034627051294 1.9509786363477422 0.0517896748835145 0.48765667530748524 0.49007177354811265 -0.12397340346819874
-11.278195488721805 1.9520895087468237 0.006816365909499808 1.986469169883529 0.05278130461909871 -0.233770513209123 -0.045315473265105766 -0.019374454412556474 0.006954126264235903 1.992148549492684 0.053896511077715606 7.99931003952134 1.9986210431684848 0.00695212400275455 1.9922637755065251 0.05387860268599264 0.5096082303909613 0.512147270832473 -0.1301099720870127
-11.177944862155389 1.9512130875074458 0.007110022811207706 2.027425753974322 0.054864188930927066 -0.2511791312390699 -0.0494149282123999 -0.0208346378094717 0.007256995328751509 2.033160593484077 0.05604480054595528 7.999237312368117 1.9984758565996885 0.007254710076939237 2.033286400984467 0.05602397744767957 0.5326868166602509 0.5353566907419876 -0.13636629149911528
-11.077694235588973 1.9502988568713533 0.007422866016114568 2.067998691468704 0.05699857322755098 -0.2697328043945504 -0.053873081663411426 -0.02242477796146858 0.007579847548964672 2.073781208452258 0.05824817244359293 7.99915692244546 1.9983154095190936 0.007577238188159192 2.073917780043134 0.05822396425164404 0.5569396737949105 0.5597475966802778 -0.14272912294120488
-10.977443609022558 1.9493443583210712 0.007756386683013674 2.108054789717251 0.05918221447126075 -0.28948835385671146 -0.05871942744576586 -0.024157784897106183 0.007924254224280065 2.1138768998629045 0.06050455840403075 7.9990680630962885 1.9981381036118955 0.007921273464416782 2.1140242189675478 0.06047642116916561 0.5824142992809573 0.585367815564708 -0.1491844150461077
-10.87719298245614 1.9483469449422477 0.008112197655396445 2.147456578021849 0.061412563169701014 -0.31050294636872877 -0.06398559692757999 -0.026047895333611848 0.008291917115645163 2.1533099866971623 0.062811593825887 7.998969842906081 1.9979421744284815 0.008288510533127109 2.1534677816729104 0.06277889920729217 0.6091581822874024 0.6122651703272642 -0.15571747038288208
-10.776942355889725 1.9473037665121133 0.008492043009268185 2.186063102319387 0.06368676663627172 -0.33283367097291716 -0.06970546894956442 -0.028110810029176037 0.008684678996530103 2.191939411954873 0.06516662235055609 7.998861276832466 1.997725674396072 0.008680783915312159 2.192107090757504 0.06512864534271275 0.6372184952440382 0.6404871698466574 -0.1623131379880931
-10.67669172932331 1.9462117534975922 0.008897808221936056 2.2237307948690774 0.06600167543642697 -0.35653703966650596 -0.0759152774168399 -0.03036384523522173 0.00910453493999819 2.2296216288697512 0.06756670367961314 7.998741276414304 1.9974864541554558 0.009100079129011453 2.2297982032116566 0.06752260873096017 0.6666417387281266 0.6700806518871844 -0.1689560303170765
-10.576441102756892 1.9450675999070124 0.009331530974509054 2.260314409312692 0.06835385305229616 -0.38166840282968906 -0.0826537145914159 -0.0328260996174663 0.009553644367136313 2.266211553125482 0.07000862477221538 7.998608638966447 1.9972221420716227 0.009548544522309209 2.266395551010935 0.06995745011662795 0.6974733349832405 0.7010913743330976 -0.17563076240236342
-10.476190476190476 1.9438677449416282 0.009795412594444643 2.2956680096262607 0.07073958873185315 -0.40828126949489274 -0.08996202772017625 -0.03551863814536205 0.010034343876839675 2.301563569516737 0.07248891439516728 7.998462035657235 1.9969301217566646 0.010028503850168223 2.3017529349759385 0.07242955440202095 0.729757165118402 0.7335635497298896 -0.18232221041549224
-10.37593984962406 1.9426083533968481 0.010291830136257287 2.3296459998331063 0.07315491341989469 -0.4364265216919705 -0.09788410613009546 -0.038464694550086165 0.010549160869892419 2.335532579861564 0.07500386092783055 7.998299998355785 1.99660750743293 0.010542469601085642 2.3357245586427284 0.07493504626045942 0.7635350447779891 0.7675393178843106 -0.1890157862444255
-10.275689223057645 1.9412852947684958 0.010823349088125116 2.3621041799674476 0.07559561859850963 -0.46615151131464927 -0.10646655537172478 -0.041689894088712265 0.011100827971092346 2.3679750776083845 0.07754953325275964 7.998120905125294 1.9962511169543444 0.01109315706904037 2.368166087521978 0.07746980860843027 0.7988461328422904 0.8030581510427659 -0.19569772426422105
-10.17543859649123 1.9398941210269487 0.011392736679196413 2.392900812724823 0.07805727779687054 -0.4974990270961257 -0.1157587543276577 -0.04522249848303517 0.011692298241413464 2.398750233550959 0.08012180449313845 7.99792296422685 1.9958574422944009 0.011683499152817743 2.398935718090508 0.08002950368031128 0.8357262675269812 0.8401561859747284 -0.2023553761756034
-10.075187969924812 1.9384300430320598 0.012002975746457771 2.421897684560109 0.08053527046646446 -0.5305061185062243 -0.12581289044865684 -0.049093675023947014 0.012326761157401174 2.4277209764182457 0.08271637829221595 7.997704196485518 1.9954226173009184 0.012316661848035461 2.427895240206941 0.08260959638295476 0.8742072241122731 0.8788654771501165 -0.2089775095560924
-9.974937343358397 1.9368879055748178 0.012657279100565796 2.4489611447311836 0.08302480786065075 -0.5652027625974938 -0.13668396740013122 -0.05333779197076183 0.013007659316596525 2.454755051877507 0.08532881727029411 7.997462415856783 1.9949423825108945 0.012996060376423865 2.454911076405735 0.08520537954730874 0.9143158884660513 0.9192131651332011 -0.21555460579679675
-9.874686716791981 1.935262161048352 0.013359104306492668 2.473963105957965 0.08552096050889335 -0.6016103591639137 -0.14842977839796845 -0.0579927424959763 0.01373870580516116 2.479726043699035 0.0879545732435965 7.997195208016725 1.994412046814162 0.013725375871426701 2.4798552817236654 0.08781200064277164 0.9560733405520974 0.9612205543439617 -0.2220791532155033
-9.774436090225564 1.9335468417717039 0.014112168766547376 2.4967819909751645 0.08801868683809215 -0.6397400389755035 -0.1611108373507193 -0.06310029954588003 0.014523902136316498 2.502514341481775 0.09058901874843064 7.996899906783523 1.9938264457530455 0.01450857250817027 2.5026064883503025 0.09042448947905232 0.9994938422589205 1.0049020944851081 -0.22854593147650348
-9.674185463659148 1.9317355310155677 0.014920464959606052 2.51730361028942 0.0905128624676951 -0.6795907694344692 -0.17479025860099284 -0.06870650409202739 0.015367556634931652 2.5230080404152284 0.09322747938492891 7.996573568161081 1.993179896247684 0.015349914928389925 2.5230507804545494 0.0930377863915318 1.0445837241776559 1.0502642602300993 -0.2349522839257645
-9.573934837092732 1.92982133281064 0.01578827565044466 2.535421957875392 0.09299830969284482 -0.7211472417952507 -0.18953357454336128 -0.0748620893292653 0.016274303103734702 2.5411037600226662 0.09586526647839903 7.996212941777752 1.9924661475444476 0.016253985765991553 2.5410824859910535 0.09564677039071894 1.0913401664333768 1.0973043242502205 -0.24129837509420327
-9.473684210526317 1.9277968406573065 0.01672018883608923 2.551039913313831 0.09546982667130038 -0.7643775241349999 -0.20540847867066248 -0.08162294343468801 0.017249119559238562 2.5567073706437986 0.09849770955340234 7.995814439474314 1.9916783281993558 0.017225703025441175 2.5566048740828684 0.09824628675495418 1.1397498693744075 1.1460090193674315 -0.2475874313930717
-9.373433583959901 1.925654105300992 0.017721112141219793 2.5640698409270435 0.09792221584543452 -0.8092304647163076 -0.2224844796421479 -0.08905061351155652 0.01829734676958077 2.5697346185111716 0.10112018812616262 7.995374100775684 1.9908088889314342 0.018270337001920003 2.5695307486510277 0.10083117355833875 1.189787610896428 1.1963530866036831 -0.2538259639047169
-9.273182957393484 1.9233846017916993 0.018796286310988706 2.5744340787314925 0.10035031115978155 -0.8556328312606638 -0.24083244975030027 -0.0972128533044021 0.01942470626103844 2.5801116425793977 0.10372816234418715 7.994887554960397 1.9898495412146109 0.01939352635786623 2.579782931242825 0.10339628665254465 1.241414688476469 1.2482977072099712 -0.2600239731220313
-9.172932330827068 1.920979196110168 0.019951297376266188 2.5820653124257396 0.10274900367657272 -0.9034861731546187 -0.2605240486680884 -0.10618421716007376 0.02063731738396827 2.5877753787017683 0.10631720203705573 7.994349979420908 1.9887911915236245 0.020601292883825947 2.5872946284217178 0.10593652266100607 1.2945772456785223 1.3017888184631095 -0.26619513649689
-9.072681704260653 1.918428111717747 0.021192086982472724 2.5869068320827617 0.10511326524510346 -0.9526633958141701 -0.28163100055330403 -0.11604670250671134 0.021941712941348508 2.5926738492314567 0.10888301378770743 7.9937560539864485 1.9876238712124499 0.021900054371124977 2.592009681539812 0.10844683959583754 1.3492044850371145 1.3567553151840959 -0.27235698066544956
-8.972431077694235 1.9157208964737111 0.022524960278081187 2.58891267163879 0.10743816994401836 -1.0030050395802732 -0.30422419945915635 -0.12689044280308437 0.02334485278309653 2.5947663385739417 0.11142146568741886 7.9930999108590335 1.9863366620864138 0.023296634908487737 2.593882699139405 0.11092227477025837 1.405206771905603 1.4131071416375913 -0.2785310412255626
-8.87218045112782 1.9128463904634139 0.02395659065203898 2.5880476335899325 0.10971891308678033 -1.054315259744726 -0.32837261452242217 -0.13881445244422963 0.024854134656236856 2.5940234575561374 0.11392860949794668 7.992375079792482 1.984917617835462 0.024798271783263597 2.5928790745463517 0.11335795975070494 1.462473637157072 1.4707332818017596 -0.284743013894996
-8.771929824561404 1.909792695394258 0.025494020490529797 2.5842872034555695 0.11195082765769458 -1.1063575099150285 -0.35414196256336083 -0.1519274244563782 0.026477401474471546 2.5904271016382254 0.11640070000880182 7.991574428124879 1.9833536816304846 0.02641261801955525 2.5889748933586763 0.1157491321715182 1.520871690640022 1.5294996600442194 -0.29102290177829104
-8.671679197994989 1.906547146344888 0.027144656992839106 2.5776173604859647 0.11412939812680244 -1.1588499381626889 -0.3815931115261435 -0.16634858093265947 0.028222944030907245 2.5839703099178863 0.11883421144408855 7.990690095257339 1.9816306003523563 0.028147739419896782 2.582156737441122 0.11809114431943628 1.5802424621155182 1.5892469690988564 -0.29740516430504726
-8.571428571428573 1.9030962867966001 0.028916261944364915 2.5680342927362645 0.11625027167473118 -1.2114605145815176 -0.41078017361994057 -0.18220857499624898 0.030099498025467693 2.5746570335183865 0.12122585083963469 7.989713421157282 1.9797328361299302 0.030012104794508516 2.572421393666652 0.12037946848361934 1.6404001921381155 1.6497884480100733 -0.3039288741324242
-8.471177944862156 1.8994258480347885 0.030816934193549344 2.555544025968332 0.11830926694128278 -1.263801920439846 -0.44174824211407326 -0.19965044156620593 0.03211623411563608 2.562501823279713 0.12357256837524526 7.988634868453954 1.977643476114817 0.03201456786378492 2.559775476968608 0.12260969915827698 1.7011296020889142 1.7109076394935963 -0.3106378889760322
-8.37092731829574 1.8955207341816995 0.0328550834212388 2.5401619768584873 0.12030238049242051 -1.31542624337564 -0.47453072052221046 -0.21883059226595947 0.03428273952863036 2.547529447667382 0.12587156470710403 7.9874439376890605 1.9753441417236322 0.03416433910808241 2.5442349782653904 0.12477755227819326 1.762183680420759 1.772356164048027 -0.3175810459210311
-8.270676691729324 1.8913650143083662 0.035039393629533504 2.5219124416787375 0.12222579127787236 -1.3658195406418088 -0.5091461874807663 -0.2399198473745443 0.036608989599493894 2.5297744524714885 0.12812029540015266 7.986129075287901 1.9728148989389933 0.03647094561829754 2.52582474849023 0.1268788617618128 1.8232815312141095 1.8338515572192737 -0.32481238628281517
-8.170426065162907 1.88694192327085 0.03737877461797626 2.500828031989924 0.12407586342448074 -1.4143963536937747 -0.5455947350561132 -0.2631044946636827 0.039105307429426396 2.509280674195824 0.13031647260858162 7.9846775738287095 1.9700341716849286 0.03894417677758689 2.504577930310413 0.128909573731741 1.88410634142834 1.8950752267258988 -0.3323914195769362
-8.070175438596491 1.882233873119937 0.03988229956532029 2.4769490689558524 0.12584914777758172 -1.4604942830797256 -0.5838537126999555 -0.288587361183275 0.04178230970094647 2.4861007190504405 0.13245806419359613 7.983075464212309 1.9669786607858242 0.04159401338810928 2.4805353491730697 0.1308657388783701 1.9443035347937536 1.9556705977216853 -0.34038343560493445
-7.969924812030076 1.8772224771386434 0.042559126704768545 2.4503229476857236 0.1275423826631317 -1.5033687632069928 -0.6238728038021364 -0.31658887941292946 0.04465083655297708 2.460295419186085 0.13454329050092553 7.981307399374155 1.9636232715842499 0.044430537659492536 2.4537448750960005 0.13274350352897205 2.003479193102624 2.0152415272742195 -0.34885987412738473
-7.86967418546366 1.8718885887608032 0.04541840298181845 2.421003482571849 0.12915249439610965 -1.5421882128234472 -0.6655683570905353 -0.34734812354372124 0.04772186332479871 2.4319332772767708 0.1365706190460002 7.979356529239778 1.959941053933213 0.04746382131460046 2.4242607661670417 0.13453910008211312 2.061198839633668 2.0733510830822888 -0.35789876207792304
-7.769423558897245 1.8662123578066359 0.048469147532008004 2.3890502439492898 0.13067659810505636 -1.576029779552215 -0.7088168913805646 -0.38112378482531994 0.0510063919418198 2.4010899098022156 0.1385387573725059 7.9772043667069 1.955903158990035 0.050703788964648194 2.392143004062417 0.13624883756571346 2.1169866944039017 2.1295207963552096 -0.367585228803307
-7.669172932330827 1.8601733066251127 0.05172011282950111 2.3545278956043276 0.13211199947749774 -1.6038759462358456 -0.7534476899172944 -0.41819504673457786 0.05451531976098685 2.367847498441667 0.14044664436049392 7.974830644547991 1.9514788180143507 0.054160053886735664 2.357456631084576 0.13786909317615256 2.17032552658763 2.1832305143346185 -0.37801211043112914
-7.568922305764412 1.853750428842583 0.05517962145849683 2.3175055417405233 0.13345619805532066 -1.624612323668103 -0.7992344004485403 -0.4588623110065342 0.05825928384604322 2.3322942579009127 0.14229344026399152 7.972213163271195 1.9466353491967787 0.05784172343526258 2.320271097294213 0.1393963057546961 2.2206572453287565 2.2339189937072867 -0.38928065516564914
-7.468671679197996 1.846922313464084 0.058855376673061933 2.278056091014249 0.1347068927215481 -1.637027018920378 -0.8458855600673161 -0.5034477141339337 0.06224847893298026 2.2945239272894904 0.14407851575580224 7.969327630161594 1.9413381993933865 0.06175717157324685 2.280659625309 0.1408269722544135 2.2673843856708156 2.280985391511242 -0.4015013421327609
-7.368421052631579 1.8396672970364396 0.06275424526514418 2.236255644213064 0.1358619900187447 -1.6398120410163415 -0.8930339708286894 -0.5522953606123266 0.06649244780684657 2.254635290876325 0.14580144024970756 7.966147489955443 1.9355510284782622 0.06591377646469317 2.238698599300076 0.14215764834275985 2.3098726605892024 2.3237918242371314 -0.4147948273259914
-7.268170426065163 1.8319636464363989 0.06688201178516476 2.192182911103254 0.13691961592241358 -1.631567285940335 -0.9402248644831062 -0.6057711838412594 0.07099984347672891 2.2127317327066107 0.1474619697583933 7.962643747884304 1.9292358448021403 0.07031762177373485 2.194466983669574 0.14338495436761897 2.3474547620244484 2.3616671775835143 -0.4292930312666954
-7.167919799498748 1.8237897745662284 0.07124310388519157 2.1459186609465517 0.1378781316579269 -1.6108077300627457 -0.9869028139470757 -0.6642623280926472 0.0757781634390859 2.1689208281832038 0.1490600345299303 7.95878478617158 1.922353200892292 0.07497316132153092 2.148045775867169 0.14450558798154636 2.3794356019826766 2.3939123573672876 -0.4451403841591173
-7.067669172932332 1.8151244907958 0.07584028951017911 2.0975452102044225 0.13873615409412082 -1.5759745534948593 -1.0323973772316037 -0.7281759253228124 0.08083345748892672 2.1233139743206775 0.1505957266872824 7.954536175477821 1.9148624589622516 0.0798828481079125 2.0995174968246615 0.14551634476168251 2.405099187466878 2.4198071747404426 -0.46249524558568567
-6.967418546365916 1.80594728735722 0.0806743478726265 2.0471459500310525 0.13949258116794955 -1.5254510100811416 -1.0759074986470267 -0.797937118951662 0.08617001199254497 2.0760260589834276 0.1520692880747887 7.949860483280303 1.9067221359142783 0.08504673045537084 2.0489657215741777 0.14641414817060092 2.4237173181744383 2.438619054123281 -0.48153151711221653
-6.867167919799499 1.796238662050939 0.08574371762654301 1.9948049153177556 0.14014662268991676 -1.4575839548005831 -1.116484744688421 -0.8739861633723649 0.09179001527856984 2.027175168031902 0.153481098493409 7.944717081742285 1.897890337188345 0.09046202020873102 1.9964746517818874 0.14719609016303373 2.434560281156143 2.4496137378226894 -0.5024404675052381
-6.766917293233083 1.7859804765419496 0.09104412741133823 1.940606396302504 0.14069783674704447 -1.37071202671477 -1.1530155208323407 -0.9567744034509644 0.09769321081808885 1.9768823279316978 0.15483166448321067 7.93906195828149 1.8883252878984336 0.09612264053309208 1.9421287311853181 0.1478594836398496 2.4369096893110624 2.452068134577241 -0.5254327915370993
-6.666666666666668 1.775156348200843 0.09656821595056489 1.8846345931048716 0.14114617175749944 -1.2632015585824092 -1.184202503475511 -1.046758913538465 0.10387654710242046 1.925271280036806 0.15612160878743594 7.9328475327863455 1.8779859680494186 0.10201876387062439 1.8860123042742156 0.1484019277672252 2.430073567815618 2.445285417477486 -0.5507409244803796
-6.5664160401002505 1.7637520718795565 0.10230515112575778 1.8269733129919605 0.1414920140382786 -1.1334913326113991 -1.2085456313785912 -1.1443955519029032 0.1103338355050545 1.872468281449598 0.15735166060772626 7.926022486248197 1.8668328560959915 0.10813635397373204 1.8282093180052919 0.14882138689875515 2.4134037314256482 2.4286124170018124 -0.5786216352519773
-6.466165413533835 1.7517560662249188 0.10824025983363811 1.7677057097248432 0.14173624052617012 -0.980147312358568 -1.2243231360129059 -1.250130165925949 0.11705542980586187 1.8186019260976587 0.15852264673481184 7.918531606468349 1.8548287815548943 0.11445672950051528 1.7688030658895555 0.14911628344569802 2.386315413273763 2.4014592745641785 -0.6093589216313546
-6.365914786967419 1.7391598371649324 0.1143546828724654 1.7069140639755533 0.1418802760462001 -0.8019284368889004 -1.2295732523332816 -1.3643876685130287 0.12402794328799299 1.7638029784681128 0.15963548361320462 7.910315657442388 1.8419398827164286 0.12095617024262843 1.7078759734349132 0.1492856045237534 2.3483090000012004 2.3633212186673225 -0.643267230875594
-6.265664160401004 1.7259584491181084 0.12062507144874382 1.6446796035379063 0.14192615425755734 -0.5978644448006847 -1.2220774418707236 -1.4875587003766597 0.131234021172397 1.7082042113270492 0.16069117037214609 7.901311279993569 1.8281366596869875 0.1276055903842988 1.645509423662191 0.1493290215583872 2.2989935973592526 2.3138021979230974 -0.6806950282126536
-6.165413533834588 1.7121509923668865 0.1270233439681078 1.5810823618761787 0.14187658113423074 -0.3673464787814922 -1.1993461780835304 -1.6199836005405643 0.13865218737445428 1.6519402377576968 0.16169078282813654 7.8914509321828 1.8133951060904574 0.13437030591776536 1.5817836212339678 0.14924702125922 2.2381119946849974 2.2526399524688117 -0.7220287339126372
-6.065162907268171 1.6977410330214857 0.13351652335744507 1.516201073458357 0.14173499956931696 -0.11023087901049422 -1.1586085864808986 -1.761933433923911 0.14625678487116966 1.595147327019336 0.16263546843684332 7.880662878912399 1.7976978949459765 0.14120992505278598 1.5167774936371303 0.14904104549552163 2.165566417720638 2.179731929025084 -0.7676970467158384
-5.964912280701755 1.682737030224465 0.14006667601521533 1.4501131042991213 0.14150565344442373 0.173043923154097 -1.0968074923955804 -1.9135878765327945 0.1540180280759093 1.5379631931143647 0.16352644214400083 7.868871240896954 1.7810355858571738 0.14807839070293238 1.4505686278352297 0.14871363665396364 2.081444261481923 2.0951612486755677 -0.8181756671488287
-5.86466165413534 1.6671527038721492 0.1466309733468935 1.3828944161861614 0.14119364929767755 0.48132818050640225 -1.0106016958536017 -2.0750098427367476 0.16190218328538933 1.480526744619847 0.1643649830563112 7.855996113714805 1.7634078121975216 0.1549242024546365 1.3832332408498347 0.14826858409024674 1.9860427858605811 1.9992217270086945 -0.8739924285218734
-5.764411027568922 1.6510073353296544 0.1531618954645552 1.314619563176258 0.14080501357622346 0.8126209347154827 -0.8963775481097898 -2.2461168629546613 0.16987188932060235 1.4229777843690337 0.16515243182464076 7.841953767881135 1.744824399132155 0.16169084142668866 1.3148461828356544 0.14771106637097295 1.8798915476900424 1.892440733690761 -0.9357328360845685
-5.664160401002507 1.634325983560336 0.15960759380214096 1.2453617191199717 0.1403467433925555 1.163922231428181 -0.7502721230467237 -2.4266493912533207 0.17788662487985235 1.3654566480413837 0.16589018860362673 7.826656940690283 1.7253063569002443 0.16831741483341786 1.2454809713775998 0.14704778323157303 1.7637711495642034 1.77559847700707 -1.0040460059052094
-5.563909774436091 1.6171395999260698 0.1659124249776521 1.1751927352018245 0.13982684873777726 1.53108158270037 -0.5682104254751152 -2.616136447229213 0.18590332197046286 1.3081037717220654 0.16657971142507233 7.810015229846156 1.7048866897095107 0.17473952780090796 1.1752098559557511 0.1462870706520831 1.6387267274018584 1.6497421268793488 -1.0796509846570572
-5.463659147869675 1.5994850267499743 0.17201766217981374 1.1041832267635998 0.13925438425410305 1.908648389851443 -0.3459591154613548 -2.8138592789713712 0.19387711639182878 1.2510591801031072 0.1672225147984431 7.791935597523183 1.6836109597891629 0.1808903782532106 1.1041039117941558 0.14543899227952847 1.5060744989723698 1.5161930700113666 -1.1633434199161847
-5.36340852130326 1.5814048676171775 0.1778623827633558 1.0324026890099107 0.13863946894253912 2.2897317909602464 -0.07919910330913993 -3.0188140735490023 0.20176221711679224 1.1944618892812455 0.16782016833197005 7.77232299137628 1.6615375494237217 0.18670205701281828 1.0322331626304648 0.14451540069758045 1.367399680395237 1.376545549384895 -1.2560025382600593
-5.2631578947368425 1.5629472212952769 0.18338452185648854 0.9599196415769629 0.1379932925800648 2.665879238465859 0.2363809716568106 -3.22967513162369 0.20951286725926022 1.1384492210963697 0.1683742951541342 7.751081086074568 1.6387375717174042 0.19210702051973663 0.9596667323163125 0.143529962829452 1.2245441738873313 1.2326550058364893 -1.358598376058147
-5.162907268170427 1.5441652759699824 0.18852207203886742 0.886801802378048 0.13732810813391025 3.026984910352745 0.6049689802844966 -3.4447603480297886 0.21708436095986353 1.083156029641155 0.16888656990964226 7.728113145140805 1.6152943936037942 0.19703968895128152 0.886473025584775 0.1424981450860467 1.0795826627844578 1.0866146404455292 -1.4721991962002257
-5.062656641604011 1.5251167660073577 0.19321439912380334 0.8131162916245354 0.13665721006767564 3.3612406252019387 1.0304908012855165 -3.662001274160197 0.22443407385943492 1.0287138448929087 0.16935871610840933 7.703322998268287 1.591302751908827 0.2014381094246912 0.8127199388042752 0.14143715571094165 0.9347861387626619 0.9407190783268902 -1.5979790140807513
-4.962406015037594 1.505863299381034 0.1974036344941723 0.7389298674621575 0.13599489910313198 3.655143024022463 1.5164499148258272 -3.8789204418189946 0.23152246069890633 0.9752499432417089 0.16979250262227366 7.676616123967456 1.5668674642271294 0.20524561386039325 0.7384751020821133 0.14036584403719823 0.7925724413618627 0.7974145550612476 -1.7372251489623682
-4.862155388471178 1.4864695698816155 0.20103609609913675 0.6643091952632049 0.13535643469128614 3.893571110898108 2.065747590198418 -4.092618950024153 0.23831397264528364 0.9228863598090616 0.17018973915343336 7.647900821562181 1.5421017595646371 0.20841239532460507 0.6638061546898826 0.13930455890620086 0.6554441075679016 0.6592357717002021 -1.891345713309251
-4.761904761904763 1.4670024738561616 0.20406368392999366 0.5893211532811057 0.1347579771087334 4.059947495480435 2.6804881536583256 -4.299777493009607 0.2447778495694677 0.8717388625898168 0.17055227054133515 7.6170894505002416 1.517125277269107 0.21089692627212703 0.5887810564624468 0.13827497110126358 0.5259146875038571 0.5287304600615509 -2.0618769534851964
-4.661654135338347 1.4475301561030407 0.20644519229338285 0.5140331781106271 0.13421652167983647 4.136494549398001 3.3617760448694263 -4.4966739696480325 0.250888748693896 0.8219159132642131 0.17088196983032272 7.584099709040965 1.492061804590735 0.21266714757020758 0.5134684385766016 0.13729986708177205 0.40642563831944445 0.40837373022985657 -2.2504903605862694
-4.561403508771932 1.4281210133008533 0.2081474810569443 0.43851365421077765 0.13374982808294586 4.104592934159111 4.109513669152408 -4.679220493191018 0.25662718038141163 0.7735176436312484 0.1711807300868148 7.548855919080153 1.4670368411602541 0.21370136835429712 0.43793799794853916 0.13640292332554463 0.2992568971079869 0.30047537252196277 -2.4589994797106165
-4.461152882205514 1.4088426856822454 0.20914645157543046 0.3628323526447529 0.13337634798719944 3.9452444643568763 4.922211202379938 -4.843021959629418 0.2619797335674164 0.7266348796125408 0.17145045502886164 7.511290279649573 1.442175090895015 0.21398883282291994 0.36226094040340545 0.13560847198301162 0.20643516967316494 0.2070843636898374 -2.6893663584403518
-4.360902255639099 1.3897610683831183 0.20942778022332864 0.2870609251773036 0.13311515435333227 3.6396341148773628 5.796821223118604 -4.983457303463506 0.26693908637004926 0.6813482463007137 0.1716930486080352 7.471344048956137 1.4175979870423796 0.21352992960103923 0.28651047876552144 0.134941269158393 0.1296447545748445 0.12989576355320628 -2.9437075885966655
-4.260651629072683 1.3709393729416195 0.20898737303376655 0.2112734609484571 0.13298587559864145 3.169777494745269 6.728612017195752 -5.095783182348153 0.27150381051850014 0.6377273872860273 0.17191040375824865 7.4289686141121205 1.393421353680179 0.21233604045139381 0.21076239309143097 0.13442627688092515 0.07014624427353086 0.07016584929948921 -3.2242999063863347
-4.160401002506266 1.352437266861597 0.2078315182162477 0.13554711411429451 0.13300863746876287 2.5192309087587055 7.711093316353261 -5.175258150777196 0.27567799019702643 0.5958303293167775 0.17210439059226276 7.3841264092397 1.3697532972759343 0.21042904588845568 0.13509566141319876 0.13408846872396787 0.028708606775934384 0.02864158571798367 -3.533585321041182
-4.06015037593985 1.3343101151917443 0.20597672836648317 0.05996281210609325 0.13320401488740038 1.6738321003644807 8.736006850050062 -5.217283530172271 0.27947068566041494 0.5557030192141313 0.1722768443784906 7.336791646528786 1.3466924059040561 0.20784052375938009 0.059593170564052486 0.13395266716903267 0.005559872401084252 0.005510256896648086 -3.8741757365403857
-3.9598997493734345 1.3166083430099043 0.2034492798737675 -0.015393944503013032 0.1335929952918132 0.6224320087592997 9.793391283558803 -5.217555335753868 0.28289527878286 0.5173790540265236 0.1724295536633047 7.286950831000343 1.3243263131048724 0.2046106915726557 -0.01565748209668252 0.13404341836377437 0.00036088788476972233 0.00037421972577877255 -4.248857010319463
-3.859649122807017 1.299376931919948 0.20028447218767348 -0.09043217814213243 0.13419695403726153 -0.6424274532759984 10.871726934975944 -5.172219995704701 0.2859687411802342 0.4808796180017245 0.17256424891394193 7.234603037876832 1.3027306601968438 0.2007871532909807 -0.09056308398674387 0.13438490710071635 0.012205360307832704 0.012254280968120673 -4.660592352438082
-3.7593984962406033 1.2826550575774764 0.1965256430926879 -0.16505441260640558 0.1350376414020971 -2.123936427500505 11.95816036173451 -5.078025422902623 0.28871086571145127 0.4462136315551227 0.17268259204292474 7.1797599410865365 1.281968467281205 0.1964235160921829 -0.16502378633697073 0.13500091187345897 0.03964776047168756 0.039623229852100386 -5.112524904387553
-3.659147869674186 1.266475869264593 0.19222298699438678 -0.23915551848237496 0.1361371795800888 -3.820585361006227 13.038802939090122 -4.932458476223093 0.291143499383068 0.41337810860453167 0.17278616713756112 7.122445591873878 1.26208990119458 0.19157794246603232 -0.2389319525387865 0.13591479695894693 0.08075871237917112 0.08046874503540542 -5.607979245179945
-3.558897243107772 1.2508664069945081 0.18743223074698184 -0.3126214092402477 0.13751806683573353 -5.725915983820109 14.099091533774068 -4.733860115702239 0.29328981057829806 0.38235871005278466 0.1728764726607041 7.062695957009805 1.2431324098713934 0.1863116986612735 -0.3121708604432184 0.13714953579604852 0.1332054359920101 0.13238247805203018 -6.1504614510517825
-3.4586466165413547 1.235847646834442 0.1822132253775226 -0.385327570619965 0.13920318474056687 -7.828481447586942 15.124193998548648 -4.481510656535757 0.2951736168808573 0.3531304734344092 0.1729549153165406 7.000558235942641 1.2251211780542413 0.18068775294499262 -0.3846132426300049 0.1387277575927123 0.19435284086587237 0.19266987577031308 -6.743657182383498
-3.3583959899749374 1.2214346612931393 0.17662851215739525 -0.457137405396575 0.14121580311155746 -10.112027792715748 16.099438141323255 -4.175679390728789 0.2968187923711513 0.3256586923197905 0.17302280569398956 6.93608998472174 1.2080698495518087 0.17476946753446232 -0.45611964854011533 0.14067180714373628 0.2613792024170581 0.2584735206925739 -7.391427086356641
-3.2581453634085236 1.2076368788363552 0.1707419181273725 -0.5279003757536986 0.14357957593266094 -12.555892913915258 17.010740577885503 -3.8176352921471874 0.2982487658749945 0.29989991436880375 0.17308135571704117 6.8693580811278006 1.1919814562774844 0.1686194175237376 -0.5265366129825712 0.14300380626696027 0.33139918189540585 0.3269016695527665 -8.097798586074084
-3.157894736842106 1.1944584248895957 0.16461722995088854 -0.5974499266558494 0.14631852014323693 -15.135603224651508 17.845011748924325 -3.4096182855874666 0.29948611484149407 0.2758030241562665 0.17313167785247993 6.800437569811489 1.176849493665646 0.16229835960955077 -0.5956946172176815 0.14574570400799006 0.40158641570328646 0.3951533967346497 -8.86695287638334
-3.057644110275689 1.1818985260045716 0.1583169865849095 -0.6656011762363018 0.1494569677009108 -17.823634053442035 18.590515375025507 -2.9547733346750675 0.30055225373719263 0.2533103760854652 0.17317478595633085 6.729410428247015 1.1626590850171723 0.15586436365123776 -0.6634058320217675 0.14891930173156967 0.46928806541927065 0.46063232326005477 -9.703205663905747
-2.957393483709275 1.169951959086994 0.15190142154148467 -0.7321483638889591 0.1530194797480241 -20.59028894690931 19.237164462142797 -2.4570520846212816 0.3014672113033092 0.23235894373141944 0.17321159758500002 6.656364294028572 1.1493881829733898 0.14937211155659183 -0.7294616374215436 0.15254623830783692 0.5321245666338159 0.5210422396833051 -10.610979874954092
-2.8571428571428577 1.1586095285515887 0.1454275752883722 -0.7968620542176122 0.15703071001145316 -23.40464652356926 19.776741152745622 -1.9210887350249664 0.30224948780000915 0.21288145454764038 0.17324293755769696 6.581391191732583 1.1370087637279467 0.14287236091935038 -0.7936299218722787 0.15664791971656356 0.588069238212328 0.5744598182265052 -11.594768212731944
-2.7568922305764403 1.1478585558083485 0.1389485883500846 -0.8594861061953791 0.16151520274131742 -26.235521721607107 20.2030336078281 -1.352058053419718 0.3029159813908355 0.19480748267419717 0.1732695425338756 6.504586293625207 1.1254879778940547 0.13641156530803358 -0.8556521754427516 0.16124537645953488 0.6355042411358792 0.6193817996481581 -12.659083079817547
-2.6566416040100265 1.137683367412263 0.13251317653473751 -0.919734432978902 0.1664971085676014 -29.052390996584677 20.51188903818897 -0.7555239138651331 0.3034819719440019 0.17806447720303273 0.17329206636217515 6.426046743375359 1.1147892304165028 0.1300316390508103 -0.9152404081530023 0.1663590311600965 0.6732513930758334 0.6547462604174058 -13.808391003508484
-2.556390977443609 1.128065770358316 0.12616528187539935 -0.9772876001896527 0.17199979969047682 -31.82623751504221 20.701187387757486 -0.13728649761569756 0.30396115053539385 0.16257870829107715 0.1733110859636229 6.345870566121742 1.1048731699853167 0.12376985162621158 -0.9720739472700521 0.17200835766945907 0.7005783273956309 0.6799295691716238 -15.047028327620481
-2.4561403508771953 1.1189855052265665 0.11994388661034192 -1.0317893407121188 0.17804536394809395 -34.53028157507997 20.770744560463946 0.49676455482680737 0.30436568360391236 0.14827611860105622 0.17332710752890348 6.264155682193357 1.095698575674509 0.11765883516482485 -1.0257961975464573 0.17821141200009366 0.7171822320463879 0.6947222415703409 -16.37909459325009
-2.355889724310778 1.1104206700574106 0.11388297294243649 -1.0828431039063318 0.18465395574007495 -37.140572137956525 20.722157211406138 1.1407850291000265 0.30470630181552144 0.1350830723933977 0.17334057283422902 6.18099903588892 1.0872231347581394 0.11172668789357357 -1.0760114876180862 0.18498421467570966 0.7231547619912271 0.6992879910277893 -17.808319766660063
-2.2556390977443606 1.1023481098724077 0.1080116083803316 -1.1300088083428705 0.19184298085752574 -39.63642629028165 20.55860291382429 1.7890945692872045 0.3049924050471377 0.12292699896370696 0.17335186550973536 6.096495845290211 1.0794041107449803 0.10599715642272006 -1.122282175532067 0.19233996395563263 0.7189325994838939 0.6941108210713367 -19.337901349114837
-2.1553884711779467 1.09474376858718 0.10235413503023966 -1.1728000312634264 0.1996260924615341 -42.00071367420199 20.284610044702255 2.4362757521407996 0.3052321763503298 0.11173693086995547 0.17336131712567 6.010738974331913 1.072198904624968 0.10048988041608795 -1.1641262478134276 0.20028806033724786 0.7052385184814508 0.6799350538310353 -20.970307511468068
-2.0551378446115294 1.0875830016515118 0.0969304410608404 -1.210681945837522 0.20801197742331431 -44.21999169192193 19.9058111967847 3.07725240112687 0.3054326991812604 0.10144394044501429 0.17336921299269228 5.923818424401736 1.0655655152119807 0.09522068424920652 -1.2010157200507732 0.208832925411592 0.6830177317997448 0.6577028283537758 -22.70704285686987
-1.9548872180451156 1.0808408490810806 0.09175629344866887 -1.2430704085773425 0.21700291685781084 -46.28450417535389 19.42869258107553 3.707347052039532 0.305600073507424 0.09198148042785821 0.17337579760168595 5.835820939645006 1.0594629064210892 0.09020190162150624 -1.2323762318488511 0.21797260337617422 0.6533738466452663 0.6284929487362246 -24.548374383736697
-1.8546365914786982 1.0744922696159118 0.08684371276044345 -1.2693327015416669 0.22659311302758808 -48.188061051164624 18.860350008016596 4.322318543538296 0.30573952757502687 0.08328563620345834 0.173381279654454 5.746829717878839 1.0538512904802932 0.08544272063991071 -1.257588322227186 0.22769714230489957 0.6175080363036093 0.5934641378867236 -26.49301688735013
-1.7543859649122808 1.0685123375661105 0.08220137288720075 -1.2887905415293155 0.23676678812302868 -49.92781938969915 18.20825988732286 4.918381491245251 0.3058555231201402 0.07529529818297445 0.17338583665887705 5.656924217517984 1.0486923365987204 0.08094953854190057 -1.2759909670872334 0.23798676577948208 0.5766641704637379 0.5538048697443106 -28.53777961676597
-1.654135338345867 1.062876404507889 0.07783501108580144 -1.3007260710494783 0.24749608007744292 -51.503987326399994 17.48007148549049 5.492209920028339 0.30595185262765645 0.06795226336875614 0.17338961908033634 5.566180050081307 1.0439493146404555 0.07672631690099954 -1.2868880478523 0.24880986486839243 0.5320817423535618 0.5106911014236053 -30.677179714173874
-1.5538847117794496 1.057560228399771 0.07374783621653065 -1.304391627098071 0.2587387877765104 -52.91947200368804 16.68342459422936 6.040927604405278 0.3060317278931793 0.06120127522816913 0.17339275405550336 5.4746689475743695 1.0395871830165462 0.07277492979516352 -1.289558483890417 0.260120866695731 0.4849575759519364 0.46525247140659315 -32.90303299428699
-1.4536340852130323 1.0525400729298178 0.06994092554215035 -1.2990241199707322 0.2704360535508711 -54.17949125459845 15.825794906790255 6.562087742718287 0.3060978596408438 0.054990010741870994 0.1733953486852759 5.3824587942143935 1.0355726294198035 0.06909549896996997 -1.2832707784811308 0.271858069484137 0.4364165537391744 0.4185469088837549 -35.20403906703747
-1.3533834586466185 1.0477927800095166 0.0664136027651384 -1.2838648139972662 0.282510114543456 -55.2911665854851 14.914367837767376 7.053644512714918 0.30615252831534845 0.04926902298515277 0.1733974929311165 5.289613712469101 1.0318740722806374 0.06568671145709469 -1.2673026699293422 0.2839415745532693 0.3874910110046744 0.3715431281236456 -37.5653855838888
-1.253132832080201 1.0432958183269687 0.06316379205393897 -1.2581851470123684 0.2948623046781179 -56.26311242721336 13.955940280498206 7.513918869372464 0.30619764642109537 0.04399164692456341 0.17339926214381468 5.1961941941213325 1.0284616299910423 0.06254611638879481 -1.2409664118949792 0.2962714913611166 0.33910800929366136 0.32511015792611514 -39.96840512289424
-1.1528822055137837 1.039027310786924 0.060188344605085556 -1.2213189145766843 0.3073715414486806 -57.10503387409945 12.956848869252058 7.941560690530075 0.30623481294650373 0.03911387533349812 0.17340071925624348 5.102257267960912 1.0253070640841864 0.05967039886554859 -1.203639894851291 0.3087266381897293 0.29208342321594943 0.28001286504715733 -42.39032713577914
-1.05263157894737 1.0349660435207928 0.057483335790485916 -1.1727006422465849 0.3198935795015041 -57.827342421226746 11.922922674854682 8.335509085807558 0.3062653605066243 0.034594210904078174 0.17340191667249097 5.0078566966734535 1.0223837017099704 0.05705562968014359 -1.1548033346765874 0.32116400170900167 0.2471216329019327 0.236912350046705 -44.80417516333699
-0.9523809523809526 1.031091458965427 0.05504433215145075 -1.111909255343322 0.33226134553661313 -58.44079669082647 10.859457873742512 8.694952385756135 0.306290395879003 0.03039349980116953 0.17340289788524207 4.913043196486864 1.019666341940899 0.05469749047825119 -1.0940805827416873 0.3334192437331813 0.20481958310827525 0.19637009947680903 -47.17886433516049
-0.8521303258145387 1.0273836353013293 0.052866628440041495 -1.0387152445791883 0.3442866729720928 -58.95617290354886 9.771211747555032 9.019289040498249 0.30631083461046377 0.02647475109897691 0.1734036988518268 4.817864674107954 1.0171311496960487 0.05259147454974428 -1.0212832737186146 0.34530854098176483 0.16567402118672644 0.1588548451691813 -49.47955370634894
-0.7518796992481214 1.0238232543221062 0.050945455599350535 -0.9531284820864713 0.35576371530691675 -59.383967954556404 8.66241334840113 9.308090393291849 0.3063274303475824 0.0228029457836192 0.17340434915724923 4.722366476403272 1.0147555403943829 0.05073306390787961 -0.9364550877188005 0.35663200075250606 0.130090832782044 0.12475118748736613 -51.66829979791563
-0.651629072681704 1.0203915595877535 0.04927616104731318 -0.8554427945647615 0.3664742211444013 -59.73413641779973 7.536788261599139 9.561066062293898 0.3063407995001626 0.0193448383106209 0.17340487298999482 4.626591649130349 1.0125180578469115 0.049117883639140845 -0.8399124832278207 0.36717880138464304 0.09839553253782561 0.09436916627106674 -53.705039749599734
-0.5513784461152902 1.0170703065026623 0.04785436291496287 -0.7462725427887552 0.3761946947175396 -60.01586162010092 6.397595075224348 9.778032466979221 0.3063514417918927 0.01606875308266377 0.17340528995367782 4.530581201794764 1.010398247370817 0.047741834710765915 -0.7322775324691165 0.37673405663265846 0.07084411812343062 0.067954096359999 -55.548903884187716
-0.4511278195488728 1.0138417057609985 0.04667608002042669 -0.6265760303184059 0.3847052484223389 -60.23736007803469 5.247671391893282 9.958884874792329 0.3063597571906484 0.012944377664217398 0.173405615734763 4.4343743763889005 1.008376525655465 0.04660120652212292 -0.6144981726430733 0.3850872035416551 0.04763364528320707 0.04569611356969819 -57.159819359752674
-0.350877192982459 1.0106883614215973 0.045737839363018035 -0.4976608101831916 0.3917996991815206 -60.40571804242678 4.089487466207877 10.103573217094171 0.3063660596462106 0.009942554075416356 0.17340586264377245 4.338008918358622 1.0064340485263223 0.04569277049628992 -0.48785148025431435 0.3920414840325947 0.028912019700522068 0.02773899492762508 -58.500322756886426
-0.25062656641604164 1.007593204714709 0.04503676282318358 -0.36116704894089546 0.3972962063101464 -60.52675860895777 2.9252057998455716 10.212081828285761 0.3063705879978897 0.007035069107060628 0.17340604004462556 4.2415213486440955 1.004552577433403 0.04501385594465529 -0.35392662050102164 0.3974238655127646 0.01478662263915508 0.014187920033372364 -59.53745647541298
-0.15037593984962427 1.0045394245458352 0.04457063457617 -0.2190270687352641 0.4010475455587393 -60.60493778783241 1.7567452589095711 10.28441319422732 0.306373514350149 0.004194444267881193 0.17340615468409926 4.144947236055358 1.0027143452309717 0.044562409314224456 -0.2145859273433143 0.40109457004179494 0.005331489234665359 0.005115927195160972 -60.244590225971486
-0.05012531328321046 1.0015103955487408 0.04433795048914182 -0.07340184098412142 0.4029500151243312 -60.64326803973585 0.5858484824073398 10.32057575132642 0.30637495015156613 0.001393725711389862 0.1734062109308308 4.048321469574095 1.000901921609996 0.04433703775725844 -0.07190496282028087 0.4029553005713135 0.0005928411523493464 0.0005688889954095775 -60.60299342319146
0.05012531328320691 0.9984896044512593 0.04433795048914183 0.07340184098411574 0.4029500151243314 -60.643268039735865 -0.5858484824073223 10.32057575132642 0.30637495015156613 -0.0013937257113878032 0.1734062109308308 3.951678530425906 0.9990980783900041 0.044337037757258425 0.07190496282028343 0.4029553005713135 0.0005928411523492547 0.0005688889954096178 -60.60299342319147
0.15037593984962427 0.9954605754541648 0.04457063457617 0.2190270687352641 0.4010475455587393 -60.60493778783238 -1.7567452589095531 10.284413194227321 0.306373514350149 -0.004194444267881193 0.17340615468409926 3.8550527639446424 0.9972856547690283 0.04456240931422447 0.21458592734331206 0.40109457004179505 0.005331489234665359 0.005115927195160865 -60.24459022597146
0.2506265664160381 0.9924067952852913 0.045036762823183564 0.36116704894089 0.39729620631014645 -60.526758608957785 -2.9252057998455077 10.212081828285768 0.3063705879978897 -0.007035069107062002 0.1734060400446256 3.75847865135591 0.9954474225665971 0.04501385594465525 0.35392662050101076 0.39742386551276504 0.014786622639154628 0.014187920033371465 -59.53745647541306
0.35087719298245545 0.989311638578403 0.04573783936301801 0.4976608101831873 0.3917996991815208 -60.40571804242683 -4.089487466207746 10.103573217094183 0.3063660596462106 -0.009942554075422189 0.17340586264377247 3.6619910816413888 0.9935659514736779 0.045692770496289725 0.4878514802542858 0.3920414840325954 0.028912019700521534 0.02773899492762167 -58.5003227568867
0.4511278195488728 0.9861582942390016 0.046676080020426676 0.6265760303184057 0.3847052484223388 -60.23736007803468 -5.247671391893211 9.958884874792341 0.30635975719064834 -0.012944377664221513 0.173405615734763 3.565625623611105 0.991623474344535 0.046601206522122816 0.6144981726430564 0.3850872035416557 0.047633645283207036 0.045696113569695496 -57.15981935975284
0.5513784461152866 0.9829296934973377 0.04785436291496282 0.7462725427887523 0.3761946947175398 -60.01586162010098 -6.397595075224237 9.778032466979239 0.3063514417918926 -0.01606875308266891 0.17340528995367777 3.4694187982052465 0.9896017526291832 0.04774183471076565 0.7322775324690933 0.37673405663265913 0.07084411812342996 0.06795409635999419 -55.548903884188064
0.651629072681704 0.9796084404122464 0.04927616104731318 0.8554427945647615 0.3664742211444013 -59.73413641779973 -7.53678826159914 9.561066062293898 0.3063407995001626 -0.019344838310621247 0.17340487298999482 3.3734083508696515 0.9874819421530885 0.04911788363914084 0.83991248322782 0.36717880138464304 0.09839553253782561 0.09436916627106653 -53.70503974959974
0.7518796992481178 0.9761767456778938 0.05094545559935046 0.9531284820864682 0.35576371530691714 -59.38396795455644 -8.662413348401016 9.30809039329187 0.30632743034758236 -0.022802945783624 0.17340434915724923 3.277633523596738 0.9852444596056174 0.05073306390787927 0.9364550877187799 0.35663200075250695 0.13009083278204284 0.12475118748735953 -51.66829979791603
0.8521303258145352 0.9726163646986711 0.05286662844004141 1.038715244579186 0.3442866729720931 -58.95617290354886 -9.77121174755503 9.019289040498249 0.30631083461046377 -0.02647475109897416 0.17340369885182683 3.1821353258920464 0.9828688503039513 0.052591474549744374 1.0212832737186206 0.34530854098176506 0.16567402118672533 0.1588548451691834 -49.47955370634883
0.9523809523809526 0.968908541034573 0.05504433215145075 1.111909255343322 0.33226134553661313 -58.44079669082647 -10.85945787374251 8.694952385756135 0.306290395879003 -0.03039349980116918 0.17340289788524205 3.0869568035131354 0.9803336580591011 0.0546974904782512 1.0940805827416877 0.33341924373318127 0.20481958310827525 0.19637009947680928 -47.178864335160476
1.0526315789473664 0.9650339564792072 0.05748333579048583 1.172700642246584 0.3198935795015043 -57.827342421226795 -11.922922674854597 8.33550908580759 0.3062653605066242 -0.03459421090408126 0.17340191667249097 2.992143303326554 0.9776162982900298 0.05705562968014323 1.154803334676577 0.3211640017090027 0.24712163290193181 0.23691235004669842 -44.80417516333733
1.1528822055137837 0.9609726892130761 0.060188344605085556 1.2213189145766843 0.3073715414486806 -57.105033874099426 -12.956848869252001 7.941560690530105 0.30623481294650373 -0.03911387533350018 0.1734007192562434 2.8977427320390907 0.9746929359158137 0.059670398865548376 1.203639894851284 0.30872663818972995 0.29208342321594943 0.2800128650471525 -42.39032713577932
1.2531328320801975 0.9567041816730315 0.06316379205393886 1.258185147012368 0.2948623046781183 -56.26311242721333 -13.955940280498153 7.513918869372482 0.30619764642109537 -0.04399164692456239 0.1733992621438147 2.8038058058786697 0.9715383700089578 0.06254611638879479 1.2409664118949784 0.2962714913611172 0.3391080092936601 0.325110157926114 -39.968405122894254
1.353383458646615 0.9522072199904836 0.06641360276513827 1.2838648139972662 0.28251011454345626 -55.29116658548512 -14.914367837767337 7.053644512714937 0.30615252831534845 -0.04926902298515243 0.1733974929311165 2.7103862875309024 0.9681259277193627 0.06568671145709461 1.2673026699293415 0.28394157455326985 0.38749101100467337 0.3715431281236441 -37.56538558388887
1.4536340852130323 0.9474599270701822 0.06994092554215035 1.2990241199707322 0.2704360535508711 -54.17949125459842 -15.8257949067902 6.562087742718317 0.3060978596408438 -0.054990010741872715 0.1733953486852759 2.6175412057856087 0.9644273705801966 0.06909549896996976 1.2832707784811264 0.27185806948413765 0.4364165537391744 0.4185469088837497 -35.20403906703761
1.553884711779446 0.9424397716002291 0.07374783621653053 1.3043916270980707 0.258738787776511 -52.9194720036881 -16.683424594229308 6.040927604405317 0.3060317278931793 -0.061201275228169816 0.17339275405550336 2.525331052425635 0.960412816983454 0.07277492979516326 1.2895584838904162 0.26012086669573176 0.4849575759519341 0.4652524714065893 -32.90303299428714
1.6541353383458635 0.9371235954921112 0.0778350110858013 1.3007260710494775 0.24749608007744392 -51.50398732640005 -17.480071485490452 5.492209920028367 0.30595185262765645 -0.06795226336875683 0.17338961908033634 2.433819949918697 0.9560506853595447 0.07672631690099925 1.2868880478522984 0.24880986486839293 0.532081742353558 0.5106911014236011 -30.677179714174027
1.7543859649122808 0.9314876624338894 0.08220137288720075 1.2887905415293155 0.23676678812302868 -49.927819389699124 -18.208259887322875 4.918381491245242 0.3058555231201402 -0.07529529818297273 0.17338583665887705 2.3430757824820136 0.9513076634012795 0.08094953854190083 1.275990967087236 0.23798676577948188 0.5766641704637379 0.5538048697443152 -28.537779616765835
1.8546365914786946 0.9255077303840884 0.08684371276044327 1.2693327015416673 0.2265931130275884 -48.18806105116462 -18.860350008016578 4.322318543538307 0.30573952757502687 -0.08328563620345628 0.173381279654454 2.253170282121162 0.9461487095197069 0.08544272063991089 1.2575883222271882 0.22769714230489974 0.6175080363036075 0.5934641378867266 -26.493016887350056
1.954887218045112 0.9191591509189195 0.09175629344866869 1.243070408577344 0.21700291685781078 -46.28450417535397 -19.428692581075527 3.7073470520395553 0.3056000735074241 -0.09198148042785786 0.1733757976016859 2.164179060354997 0.940537093578911 0.09020190162150615 1.2323762318488531 0.2179726033761745 0.6533738466452668 0.6284929487362252 -24.548374383736736
2.0551378446115294 0.9124169983484883 0.0969304410608404 1.210681945837522 0.20801197742331431 -44.21999169192193 -19.905811196784697 3.07725240112687 0.3054326991812604 -0.10144394044501395 0.17336921299269226 2.0761815755982638 0.9344344847880193 0.09522068424920652 1.2010157200507732 0.208832925411592 0.6830177317997448 0.6577028283537758 -22.70704285686987
2.155388471177943 0.9052562314128203 0.1023541350302395 1.1728000312634277 0.19962609246153476 -42.00071367420203 -20.284610044702234 2.436275752140828 0.3052321763503298 -0.11173693086995462 0.17336131712566996 1.9892610256680896 0.9278010953750322 0.10048988041608786 1.1641262478134289 0.20028806033724816 0.705238518481449 0.6799350538310353 -20.970307511468093
2.2556390977443606 0.8976518901275923 0.1080116083803316 1.1300088083428705 0.19184298085752574 -39.636426290281605 -20.5586029138243 1.7890945692871902 0.3049924050471377 -0.12292699896370611 0.1733518655097354 1.9035041547097877 0.9205958892550196 0.1059971564227204 1.1222821755320678 0.1923399639556325 0.7189325994838939 0.6941108210713403 -19.33790134911475
2.3558897243107744 0.8895793299425896 0.11388297294243628 1.0828431039063333 0.184653955740075 -37.14057213795664 -20.722157211406135 1.1407850291000479 0.30470630181552144 -0.1350830723933979 0.17334057283422905 1.8190009641110836 0.912776865241861 0.11172668789357322 1.0760114876180875 0.1849842146757099 0.7231547619912276 0.699287991027788 -17.808319766660155
2.4561403508771917 0.8810144947734339 0.11994388661034168 1.0317893407121208 0.17804536394809423 -34.530281575080004 -20.77074456046393 0.4967645548268358 0.3043656836039124 -0.14827611860105486 0.17332710752890346 1.7358443178066452 0.9043014243254912 0.1176588351648249 1.0257961975464593 0.1782114120000939 0.7171822320463882 0.6947222415703427 -16.379094593250077
2.556390977443609 0.8719342296416841 0.12616528187539935 0.9772876001896527 0.17199979969047682 -31.82623751504221 -20.701187387757518 -0.13728649761572598 0.3039611505353939 -0.16257870829107668 0.17331108596362296 1.6541294338782573 0.8951268300146832 0.12376985162621187 0.972073947270053 0.17200835766945885 0.7005783273956309 0.6799295691716276 -15.047028327620424
2.656641604010023 0.8623166325877374 0.13251317653473724 0.9197344329789044 0.16649710856760122 -29.052390996584823 -20.511889038189 -0.7555239138651295 0.3034819719440019 -0.1780644772030329 0.1732920663621752 1.5739532566246448 0.8852107695834976 0.13003163905080986 0.9152404081530043 0.1663590311600966 0.6732513930758364 0.6547462604174062 -13.80839100350857
2.7568922305764403 0.8521414441916515 0.1389485883500846 0.8594861061953791 0.16151520274131742 -26.235521721607082 -20.203033607828107 -1.3520580534197428 0.3029159813908356 -0.19480748267419648 0.17326954253387558 1.4954137063747925 0.8745120221059451 0.13641156530803386 0.8556521754427515 0.16124537645953466 0.6355042411358792 0.61938179964816 -12.659083079817504
2.857142857142854 0.8413904714484118 0.145427575288372 0.7968620542176142 0.15703071001145333 -23.404646523569355 -19.776741152745647 -1.9210887350249592 0.30224948780000915 -0.2128814545476397 0.17324293755769699 1.41860880826742 0.8629912362720538 0.14287236091935018 0.7936299218722808 0.15664791971656358 0.5880692382123297 0.5744598182265074 -11.594768212731971
2.9573934837092715 0.8300480409130062 0.15190142154148445 0.7321483638889612 0.15301947974802438 -20.5902889469094 -19.237164462142797 -2.457052084621253 0.3014672113033092 -0.23235894373141897 0.17321159758500002 1.3436357059714308 0.8506118170266106 0.1493721115565914 0.7294616374215449 0.15254623830783715 0.5321245666338172 0.5210422396833047 -10.610979874954154
3.057644110275689 0.8181014739954283 0.15831698658490953 0.6656011762363017 0.1494569677009108 -17.823634053442074 -18.590515375025525 -2.9547733346750817 0.30055225373719263 -0.2533103760854654 0.17317478595633085 1.270589571752985 0.8373409149828278 0.15586436365123757 0.6634058320217677 0.14891930173156956 0.46928806541927065 0.4606323232600548 -9.703205663905775
3.1578947368421026 0.8055415751104046 0.16461722995088837 0.5974499266558518 0.1463185201432368 -15.135603224651627 -17.845011748924374 -3.4096182855874844 0.29948611484149407 -0.275803024156266 0.17313167785247993 1.1995624301885137 0.8231505063343547 0.16229835960955033 0.5956946172176837 0.14574570400798995 0.4015864157032897 0.39515339673465183 -8.866952876383394
3.25814536340852 0.7923631211636454 0.1707419181273723 0.5279003757537009 0.14357957593266119 -12.555892913915349 -17.010740577885525 -3.8176352921471413 0.2982487658749946 -0.299899914368803 0.17308135571704117 1.130641918872202 0.8080185437225161 0.16861941752373735 0.5265366129825739 0.14300380626696058 0.3313991818954076 0.32690166955276867 -8.097798586074116
3.3583959899749374 0.7785653387068607 0.17662851215739525 0.457137405396575 0.14121580311155746 -10.11202779271574 -16.099438141323255 -4.175679390728785 0.2968187923711513 -0.3256586923197904 0.17302280569398956 1.0639100152782601 0.7919301504481912 0.17476946753446246 0.45611964854011544 0.14067180714373628 0.2613792024170581 0.25847352069257423 -7.391427086356629
3.458646616541351 0.7641523531655586 0.1822132253775224 0.3853275706199675 0.1392031847405669 -7.828481447587036 -15.124193998548703 -4.481510656535754 0.29517361688085736 -0.3531304734344087 0.17295491531654056 0.9994417640573616 0.7748788219457594 0.18068775294499223 0.3846132426300076 0.13872775759271233 0.19435284086587462 0.19266987577031536 -6.743657182383539
3.5588972431077686 0.7491335930054925 0.1874322307469816 0.31262140924025 0.13751806683573384 -5.725915983820181 -14.099091533774097 -4.733860115702182 0.29328981057829817 -0.38235871005278366 0.17287647266070405 0.937304042990197 0.7568675901286073 0.18631169866127323 0.312170860443221 0.13714953579604883 0.1332054359920116 0.13238247805203188 -6.150461451051809
3.659147869674186 0.7335241307354072 0.19222298699438675 0.23915551848237496 0.1361371795800888 -3.8205853610062492 -13.038802939090127 -4.932458476223093 0.291143499383068 -0.41337810860453167 0.17278616713756112 0.8775544081261222 0.73791009880542 0.1915779424660321 0.23893195253878677 0.13591479695894693 0.08075871237917111 0.08046874503540552 -5.607979245179965
3.7593984962405997 0.7173449424225242 0.19652564309268775 0.16505441260640827 0.1350376414020971 -2.123936427500563 -11.958160361734548 -5.078025422902627 0.2887108657114514 -0.4462136315551215 0.1726825920429248 0.8202400589134654 0.7180315327187957 0.19642351609218273 0.16502378633697337 0.13500091187345895 0.03964776047168882 0.03962322985210162 -5.11252490438757
3.859649122807017 0.7006230680800521 0.20028447218767348 0.09043217814213243 0.13419695403726153 -0.6424274532759772 -10.871726934975944 -5.1722199957046975 0.2859687411802342 -0.48087961800172413 0.17256424891394193 0.7653969621231674 0.697269339803156 0.2007871532909811 0.09056308398674419 0.13438490710071638 0.012205360307832704 0.012254280968120784 -4.6605923524380515
3.959899749373431 0.6833916569900963 0.20344927987376737 0.015393944503015775 0.13359299529181312 0.6224320087592543 -9.793391283558842 -5.2175553357538895 0.28289527878286014 -0.5173790540265224 0.17242955366330467 0.7130491689996586 0.6756736868951285 0.2046106915726555 0.015657482096685094 0.13404341836377423 0.00036088788476985087 0.00037421972577889555 -4.248857010319484
4.060150375939848 0.665689884808256 0.20597672836648317 -0.0599628121060918 0.13320401488740025 1.67383210036447 -8.736006850050083 -5.217283530172299 0.27947068566041505 -0.5557030192141303 0.1722768443784906 0.6632083534712145 0.6533075940959443 0.20784052375938022 -0.05959317056405073 0.13395266716903254 0.0055598724010839885 0.005510256896647771 -3.8741757365403813
4.160401002506266 0.647562733138403 0.2078315182162477 -0.13554711411429451 0.13300863746876287 2.5192309087587073 -7.711093316353263 -5.175258150777193 0.27567799019702643 -0.5958303293167775 0.1721043905922627 0.6158735907603001 0.6302467027240656 0.21042904588845568 -0.1350956614131988 0.13408846872396785 0.028708606775934384 0.028641585717983684 -3.533585321041182
4.2606516290726795 0.6290606270583812 0.2089873730337665 -0.21127346094845428 0.1329858755986414 3.169777494745249 -6.72861201719579 -5.0957831823481605 0.2715038105185003 -0.6377273872860255 0.17191040375824868 0.5710313858878808 0.606578646319822 0.21233604045139381 -0.21076239309142783 0.13442627688092515 0.07014624427352902 0.07016584929948712 -3.2242999063863422
4.360902255639097 0.610238931616882 0.20942778022332864 -0.28706092517730225 0.13311515435333238 3.6396341148773517 -5.796821223118625 -4.983457303463489 0.26693908637004926 -0.681348246300713 0.17169304860803522 0.5286559510438639 0.582402012957621 0.21352992960103914 -0.28651047876552016 0.13494126915839313 0.12964475457484315 0.12989576355320492 -2.9437075885966775
4.461152882205511 0.5911573143177554 0.20914645157543052 -0.3628323526447502 0.13337634798719952 3.945244464356858 -4.922211202379959 -4.8430219596294215 0.2619797335674165 -0.7266348796125395 0.1714504550288617 0.4887097203504291 0.5578249091049858 0.21398883282291978 -0.36226094040340334 0.13560847198301165 0.2064351696731618 0.20708436368983482 -2.689366358440368
4.561403508771928 0.5718789866991473 0.20814748105694433 -0.43851365421077493 0.13374982808294592 4.1045929341590925 -4.109513669152433 -4.679220493191018 0.25662718038141186 -0.7735176436312465 0.17118073008681478 0.45114408091984837 0.532963158839747 0.2137013683542971 -0.4379379979485366 0.1364029233255446 0.2992568971079831 0.30047537252195927 -2.4589994797106325
4.661654135338345 0.5524698438969596 0.20644519229338285 -0.5140331781106255 0.1342165216798364 4.136494549398004 -3.361776044869437 -4.496673969648036 0.2508887486938961 -0.821915913264212 0.17088196983032272 0.41590029095903547 0.5079381954092653 0.21266714757020774 -0.5134684385766002 0.13729986708177205 0.4064256383194423 0.4083737302298546 -2.250490360586264
4.761904761904759 0.5329975261438393 0.20406368392999366 -0.5893211532811033 0.13475797710873333 4.059947495480443 -2.6804881536583487 -4.299777493009621 0.244777849569468 -0.8717388625898147 0.17055227054133518 0.38291054949975906 0.48287472273089377 0.21089692627212725 -0.5887810564624437 0.1382749711012635 0.5259146875038532 0.5287304600615462 -2.0618769534851973
4.862155388471177 0.5135304301183848 0.2010360960991369 -0.6643091952632035 0.135356434691286 3.893571110898135 -2.06574759019845 -4.092618950024146 0.23831397264528378 -0.922886359809061 0.17018973915343324 0.35209917843781985 0.45789824043536337 0.2084123953246051 -0.6638061546898809 0.13930455890620083 0.6554441075679001 0.6592357717001991 -1.8913457133092564
4.962406015037594 0.49413670061896614 0.1974036344941723 -0.7389298674621575 0.13599489910313198 3.6551430240224523 -1.5164499148258237 -3.8789204418189875 0.23152246069890633 -0.9752499432417088 0.16979250262227358 0.32338387603254387 0.43313253577287086 0.20524561386039325 -0.7384751020821139 0.14036584403719823 0.7925724413618627 0.7974145550612486 -1.7372251489623665
5.062656641604008 0.4748832339926431 0.19321439912380342 -0.8131162916245327 0.13665721006767564 3.3612406252019547 -1.0304908012855307 -3.662001274160204 0.22443407385943515 -1.0287138448929067 0.16935871610840944 0.2966770017317143 0.40869724809117386 0.20143810942469148 -0.8127199388042725 0.1414371557109417 0.9347861387626565 0.940719078326885 -1.597979014080746
5.162907268170425 0.45583472403001796 0.18852207203886742 -0.886801802378047 0.13732810813391028 3.026984910352713 -0.6049689802844931 -3.444760348029785 0.21708436095986364 -1.083156029641154 0.1688865699096422 0.2718868548591955 0.3847056063962063 0.19703968895128138 -0.8864730255847745 0.14249814508604666 1.0795826627844554 1.0866146404455272 -1.4721991962002399
5.2631578947368425 0.4370527787047234 0.1833845218564885 -0.9599196415769629 0.13799329258006476 2.6658792384658163 -0.23638097165677152 -3.229675131623722 0.20951286725926022 -1.1384492210963701 0.1683742951541341 0.24891891392543244 0.3612624282825959 0.1921070205197366 -0.9596667323163134 0.14352996282945168 1.2245441738873315 1.2326550058364938 -1.3585983760581506
5.363408521303256 0.41859513238282314 0.17786238276335595 -1.0324026890099083 0.13863946894253892 2.2897317909602677 0.07919910330912927 -3.0188140735490094 0.20176221711679257 -1.1944618892812433 0.16782016833197005 0.2276770086237206 0.3384624505762791 0.1867020570128186 -1.0322331626304622 0.14451540069758043 1.3673996803952337 1.3765455493848904 -1.2560025382600557
5.463659147869674 0.4005149732500262 0.17201766217981382 -1.1041832267635987 0.13925438425410305 1.9086483898515247 0.3459591154613051 -2.813859278971343 0.1938771163918289 -1.251059180103106 0.1672225147984431 0.20806440247681635 0.31638904021083747 0.18089037825321086 -1.1041039117941538 0.14543899227952867 1.5060744989723678 1.5161930700113613 -1.1633434199161705
5.5639097744360875 0.38286040007393085 0.16591242497765232 -1.1751927352018214 0.13982684873777718 1.5310815827004127 0.5682104254751117 -2.616136447229234 0.18590332197046314 -1.3081037717220634 0.16657971142507227 0.18998477015384438 0.2951133102904899 0.17473952780090826 -1.175209855955748 0.14628707065208293 1.638726727401853 1.6497421268793449 -1.0796509846570501
5.664160401002505 0.36567401643966413 0.1596075938021411 -1.2453617191199708 0.14034674339255543 1.163922231428252 0.7502721230466918 -2.4266493912533136 0.1778866248798524 -1.365456648041383 0.16589018860362678 0.173343059309718 0.2746936430997562 0.16831741483341792 -1.2454809713775983 0.14704778323157314 1.7637711495642032 1.7755984770070645 -1.0040460059052094
5.764411027568922 0.3489926646703456 0.1531618954645552 -1.314619563176258 0.14080501357622346 0.8126209347154045 0.8963775481098182 -2.246116862954672 0.16987188932060235 -1.422977784369033 0.16515243182464084 0.15804623211886482 0.25517560086784496 0.1616908414266886 -1.3148461828356546 0.14771106637097295 1.8798915476900424 1.8924407336907605 -0.9357328360845756
5.864661654135336 0.33284729612785113 0.14663097334689376 -1.3828944161861587 0.14119364929767758 0.48132818050639514 1.0106016958536053 -2.0750098427367547 0.1619021832853896 -1.4805267446198447 0.16436498305631148 0.14400388628519548 0.236592187802479 0.15492420245463662 -1.383233240849832 0.14826858409024687 1.9860427858605758 1.9992217270086865 -0.8739924285218876
5.964912280701753 0.31726296977553514 0.14006667601521544 -1.4501131042991195 0.14150565344442387 0.173043923154232 1.096807492395488 -1.9135878765327377 0.15401802807590942 -1.5379631931143636 0.16352644214400092 0.1311287591030455 0.2189644141428265 0.14807839070293224 -1.4505686278352279 0.14871363665396412 2.081444261481918 2.095161248675554 -0.8181756671488642
6.065162907268167 0.3022589669785146 0.13351652335744532 -1.5162010734583549 0.14173499956931726 -0.11023087901044448 1.1586085864808702 -1.7619334339238968 0.14625678487116994 -1.5951473270193335 0.1626354684368434 0.11933712108760143 0.20230210505402416 0.1412099250527862 -1.5167774936371277 0.1490410454955218 2.1655664177206315 2.1797319290250767 -0.7676970467158455
6.165413533834585 0.28784900763311383 0.12702334396810802 -1.5810823618761765 0.14187658113423074 -0.3673464787813572 1.1993461780834664 -1.6199836005405324 0.13865218737445456 -1.651940237757695 0.16169078282813654 0.10854906781720035 0.18660489390954293 0.1343703059177657 -1.5817836212339655 0.14924702125922024 2.238111994684995 2.252639952468807 -0.722028733912623
6.265664160401002 0.27404155088189175 0.12062507144874396 -1.6446796035379043 0.14192615425755764 -0.5978644448006492 1.2220774418707094 -1.4875587003766633 0.13123402117239716 -1.708204211327048 0.16069117037214617 0.09868872000643066 0.1718633403130126 0.1276055903842989 -1.6455094236621888 0.14932902155838723 2.298993597359245 2.3138021979230916 -0.6806950282126678
6.365914786967416 0.26084016283506806 0.11435468287246565 -1.7069140639755518 0.1418802760462 -0.8019284368889217 1.229573252333303 -1.3643876685130465 0.12402794328799333 -1.7638029784681106 0.1596354836132047 0.08968434255761171 0.15806011728357172 0.12095617024262874 -1.7078759734349107 0.14928560452375333 2.3483090000012026 2.3633212186673225 -0.643267230875594
6.466165413533833 0.24824393377508147 0.10824025983363822 -1.7677057097248425 0.14173624052617018 -0.9801473123584543 1.2243231360128846 -1.2501301659259454 0.11705542980586198 -1.8186019260976578 0.15852264673481178 0.08146839353165089 0.14517121844510605 0.11445672950051555 -1.768803065889554 0.14911628344569802 2.3863154132737625 2.4014592745641807 -0.609358921631312
6.5664160401002505 0.23624792812044354 0.10230515112575778 -1.8269733129919605 0.1414920140382786 -1.1334913326113707 1.2085456313785627 -1.1443955519028783 0.1103338355050545 -1.872468281449598 0.15735166060772626 0.07397751375180325 0.13316714390400852 0.10813635397373209 -1.828209318005293 0.14882138689875538 2.4134037314256482 2.428612417001813 -0.5786216352519631
6.666666666666664 0.22484365179915755 0.0965682159505651 -1.8846345931048691 0.1411461717574996 -1.2632015585823382 1.1842025034754826 -1.0467589135384614 0.10387654710242068 -1.925271280036804 0.1561216087874358 0.06715246721365468 0.12201403195058194 0.10201876387062454 -1.8860123042742127 0.14840192776722508 2.430073567815614 2.445285417477484 -0.5507409244803938
6.766917293233082 0.21401952345805045 0.09104412741133833 -1.9406063963025035 0.14069783674704453 -1.3707120267146848 1.1530155208323194 -0.9567744034509609 0.09769321081808897 -1.9768823279316967 0.1548316644832106 0.06093804171850956 0.11167471210156665 0.09612264053309223 -1.9421287311853166 0.14785948363984958 2.4369096893110633 2.452068134577242 -0.5254327915370851
6.867167919799499 0.203761337949061 0.08574371762654301 -1.9948049153177556 0.14014662268991676 -1.4575839548004694 1.1164847446883783 -0.8739861633723542 0.09179001527856984 -2.027175168031902 0.153481098493409 0.055282918257715245 0.10210966281165479 0.09046202020873106 -1.996474651781887 0.14719609016303384 2.434560281156143 2.449613737822688 -0.5024404675052239
6.967418546365913 0.19405271264278043 0.08067434787262667 -2.0471459500310503 0.13949258116794958 -1.525451010081298 1.0759074986470765 -0.7979371189516797 0.08617001199254513 -2.0760260589834254 0.15206928807478878 0.050139516719697026 0.09327786408572225 0.08504673045537105 -2.0489657215741763 0.14641414817060086 2.423717318174437 2.438619054123285 -0.4815315171122023
7.06766917293233 0.1848755092042002 0.07584028951017918 -2.097545210204421 0.13873615409412074 -1.575974553494916 1.032397377231625 -0.7281759253228195 0.0808334574889268 -2.123313974320677 0.1505957266872824 0.045463824522179244 0.08513754103774851 0.07988284810791253 -2.099517496824661 0.1455163447616825 2.405099187466878 2.4198071747404426 -0.4624952455857141
7.167919799498744 0.17621022543377182 0.07124310388519177 -2.1459186609465504 0.13787813165792684 -1.6108077300625752 0.9869028139469975 -0.6642623280926188 0.07577816343908611 -2.1689208281832024 0.14906003452993047 0.04121521382842001 0.07764679910770833 0.07497316132153109 -2.148045775867167 0.14450558798154675 2.3794356019826806 2.393912357367283 -0.4451403841591315
7.268170426065161 0.1680363535636014 0.06688201178516484 -2.192182911103254 0.13691961592241328 -1.631567285940406 0.9402248644831488 -0.6057711838412771 0.07099984347672897 -2.2127317327066103 0.14746196975839354 0.03735625211569663 0.07076415519785972 0.07031762177373499 -2.194466983669574 0.1433849543676191 2.347454762024457 2.3616671775835165 -0.42929303126663854
7.368421052631579 0.16033270296356045 0.06275424526514418 -2.236255644213064 0.1358619900187447 -1.63981204101637 0.8930339708287249 -0.5522953606123444 0.06649244780684657 -2.254635290876325 0.14580144024970756 0.033852510044557395 0.0644489715217379 0.0659137764646932 -2.2386985993000756 0.14215764834275976 2.3098726605892024 2.3237918242371336 -0.41479482732597717
7.468671679197993 0.153077686535916 0.05885537667306207 -2.2780560910142467 0.1347068927215481 -1.637027018920449 0.8458855600673374 -0.5034477141339408 0.06224847893298039 -2.2945239272894886 0.14407851575580233 0.030672369838405954 0.058661800606613634 0.061757171573246984 -2.280659625308999 0.1408269722544136 2.2673843856708165 2.2809853915112432 -0.4015013421327609
7.56892230576441 0.14624957115741705 0.05517962145849687 -2.3175055417405224 0.13345619805532044 -1.624612323668046 0.7992344004485048 -0.45886231100652 0.058259283846043286 -2.332294257900912 0.14229344026399152 0.027786836728805633 0.05336465080322128 0.05784172343526267 -2.3202710972942127 0.1393963057546962 2.22065724532876 2.2339189937072876 -0.3892806551656207
7.669172932330824 0.13982669337488773 0.0517201128295012 -2.354527895604326 0.13211199947749774 -1.6038759462358314 0.7534476899173157 -0.41819504673458496 0.05451531976098698 -2.367847498441664 0.14044664436049412 0.025169355452008785 0.048521181985649475 0.054160053886735844 -2.357456631084574 0.1378690931761527 2.170325526587631 2.1832305143346193 -0.3780121104310723
7.769423558897241 0.13378764219336448 0.0484691475320081 -2.389050243949288 0.13067659810505644 -1.5760297795523002 0.7088168913805788 -0.3811237848253164 0.05100639194181993 -2.401089909802214 0.13853875737250596 0.022795633293099922 0.044096841009964916 0.050703788964648305 -2.3921430040624156 0.13624883756571352 2.1169866944039017 2.1295207963552114 -0.36758522880333544
7.8696741854636585 0.12811141123919687 0.045418402981818505 -2.421003482571849 0.12915249439610965 -1.542188212823845 0.6655683570906703 -0.3473481235437639 0.04772186332479876 -2.4319332772767708 0.1365706190460002 0.02064347076022187 0.04005894606678706 0.04746382131460049 -2.4242607661670426 0.13453910008211284 2.0611988396336707 2.073351083082295 -0.35789876207795146
7.969924812030072 0.1227775228613567 0.042559126704768635 -2.4503229476857227 0.1275423826631318 -1.5033687632073338 0.6238728038022572 -0.3165888794129934 0.044650836552977184 -2.4602954191860844 0.13454329050092548 0.01869260062584494 0.03637672841575024 0.04443053765949257 -2.4537448750959983 0.1327435035289716 2.0034791931026246 2.015241527274224 -0.3488598741274984
8.07017543859649 0.11776612688006326 0.03988229956532033 -2.4769490689558515 0.12584914777758172 -1.4604942830796972 0.5838537126999839 -0.28858736118329276 0.04178230970094649 -2.486100719050441 0.13245806419359613 0.016924535787691514 0.03302133921417583 0.04159401338810931 -2.4805353491730697 0.13086573887837002 1.9443035347937538 1.9556705977216877 -0.340383435604906
8.170426065162907 0.11305807672915011 0.03737877461797626 -2.500828031989924 0.12407586342448074 -1.4143963536938315 0.5455947350561274 -0.2631044946636827 0.039105307429426396 -2.509280674195824 0.13031647260858162 0.015322426171290425 0.02996582831507144 0.03894417677758689 -2.5045779303104134 0.128909573731741 1.88410634142834 1.8950752267258992 -0.3323914195769362
8.27067669172932 0.10863498569163435 0.03503939362953357 -2.521912441678737 0.1222257912778724 -1.365819540641894 0.5091461874808161 -0.23991984737456917 0.03660898959949396 -2.5297744524714876 0.12812029540015263 0.013870924712099091 0.02718510106100691 0.03647094561829761 -2.5258247484902285 0.12687886176181262 1.8232815312141117 1.8338515572192777 -0.32481238628281517
8.370927318295738 0.10447926581830064 0.03285508342123882 -2.5401619768584873 0.12030238049242055 -1.3154262433755548 0.47453072052218204 -0.2188305922659346 0.03428273952863039 -2.5475294476673813 0.12587156470710406 0.012556062310939588 0.024655858276367737 0.034164339108082496 -2.5442349782653912 0.12477755227819343 1.7621836804207598 1.7723561640480296 -0.317581045920889
8.471177944862156 0.10057415196521148 0.030816934193549344 -2.555544025968332 0.11830926694128278 -1.2638019204398745 0.44174824211405905 -0.19965044156621303 0.03211623411563608 -2.562501823279713 0.12357256837524526 0.01136513154604545 0.022356523885183055 0.03201456786378489 -2.559775476968607 0.12260969915827694 1.7011296020889142 1.7109076394935943 -0.31063788897611744
8.57142857142857 0.09690371320340006 0.028916261944364977 -2.5680342927362627 0.11625027167473133 -1.2114605145816597 0.4107801736199832 -0.18220857499625964 0.03009949802546777 -2.574657033518386 0.12122585083963473 0.010286578842718844 0.020267163870069667 0.030012104794508578 -2.5724213936666516 0.12037946848361933 1.6404001921381144 1.6497884480100764 -0.3039288741324526
8.671679197994987 0.0934528536551122 0.02714465699283912 -2.5776173604859647 0.11412939812680259 -1.1588499381626036 0.38159311152608666 -0.1663485809326275 0.028222944030907263 -2.583970309917886 0.11883421144408864 0.009309904742661291 0.018369399647643836 0.0281477394198968 -2.5821567374411223 0.11809114431943649 1.5802424621155169 1.5892469690988549 -0.29740516430504726
8.7719298245614 0.09020730460574232 0.02549402049052984 -2.584287203455568 0.11195082765769478 -1.1063575099154832 0.35414196256351715 -0.15192742445643148 0.026477401474471605 -2.5904271016382254 0.11640070000880184 0.008425571875121197 0.016646318369515356 0.026412618019555308 -2.5889748933586767 0.11574913217151797 1.5208716906400204 1.529499660044226 -0.29102290177829104
8.872180451127818 0.08715360953658617 0.023956590652039023 -2.588047633589935 0.10971891308678047 -1.0543152597446124 0.3283726145224364 -0.1388144524442474 0.024854134656236905 -2.5940234575561383 0.11392860949794684 0.007624920207518441 0.015082382164538333 0.024798271783263662 -2.5928790745463517 0.11335795975070502 1.4624736371570757 1.4707332818017622 -0.28474301389491075
8.972431077694235 0.08427910352628919 0.022524960278081187 -2.58891267163879 0.10743816994401836 -1.0030050395805574 0.304224199459199 -0.12689044280310213 0.02334485278309653 -2.5947663385739417 0.11142146568741886 0.006900089140966422 0.013663337913586315 0.023296634908487695 -2.5938826991394044 0.1109222747702583 1.405206771905603 1.413107141637589 -0.27853104122579
9.07268170426065 0.08157188828225313 0.02119208698247277 -2.5869068320827626 0.1051132652451038 -0.9526633958141133 0.2816310005532898 -0.11604670250671134 0.02194171294134856 -2.592673849231457 0.10888301378770747 0.0062439460135517095 0.012376128787550345 0.02190005437112503 -2.592009681539812 0.10844683959583759 1.3492044850371139 1.3567553151840985 -0.27235698066544956
9.172932330827066 0.07902080388983218 0.019951297376266202 -2.582065312425738 0.1027490036765728 -0.9034861731546187 0.2605240486681595 -0.10618421716011284 0.02063731738396828 -2.587775378701767 0.10631720203705573 0.005650020579092707 0.011208808476375398 0.020601292883825967 -2.587294628421715 0.10593652266100592 1.29457724567852 1.3017888184631101 -0.2661951364968047
9.27318295739348 0.07661539820830099 0.018796286310988744 -2.5744340787314917 0.10035031115978157 -0.8556328312606922 0.24083244975028606 -0.09721285330439855 0.01942470626103848 -2.5801116425793977 0.10372816234418725 0.00511244503960287 0.010150458785389005 0.019393526357866255 -2.5797829312428244 0.10339628665254473 1.2414146884764703 1.2482977072099712 -0.26002397312211656
9.373433583959898 0.07434589469900828 0.01772111214121982 -2.564069840927043 0.09792221584543462 -0.809230464716336 0.22248447964217632 -0.0890506135115885 0.0182973467695808 -2.5697346185111725 0.10112018812616276 0.004625899224316809 0.009191111068566104 0.018270337001920017 -2.5695307486510264 0.10083117355833877 1.189787610896428 1.1963530866036827 -0.25382596390488743
9.473684210526315 0.07220315934269321 0.016720188836089247 -2.5510399133138324 0.0954698266713005 -0.7643775241347157 0.20540847867053458 -0.08162294343463827 0.017249119559238583 -2.5567073706437995 0.09849770955340238 0.004185560525686118 0.008321671800644248 0.017225703025441193 -2.5566048740828693 0.09824628675495438 1.1397498693744086 1.146009019367431 -0.24758743139312855
9.573934837092729 0.07017866718936054 0.01578827565044469 -2.5354219578753923 0.09299830969284481 -0.7211472417950802 0.18953357454329023 -0.07486208932921556 0.01627430310373473 -2.5411037600226654 0.095865266478399 0.0037870582222480987 0.00753385245555227 0.016253985765991588 -2.5410824859910544 0.09564677039071906 1.0913401664333795 1.0973043242502218 -0.24129837509408958
9.674185463659146 0.0682644689844324 0.014920464959606071 -2.517303610289421 0.09051286246769515 -0.6795907694339292 0.17479025860083652 -0.06870650409202739 0.015367556634931672 -2.52300804041523 0.09322747938492894 0.0034264318389190355 0.006820103752315565 0.015349914928389925 -2.5230507804545463 0.09303778639153185 1.0445837241776577 1.0502642602300962 -0.23495228392607714
9.774436090225564 0.06645315822829592 0.014112168766547376 -2.4967819909751645 0.08801868683809218 -0.6397400389754182 0.1611108373507193 -0.06310029954585161 0.014523902136316498 -2.502514341481775 0.09058901874843064 0.003100093216477344 0.006173554246954649 0.014508572508170286 -2.5026064883503047 0.0904244894790524 0.9994938422589201 1.0049020944851101 -0.2285459314762761
9.874686716791977 0.06473783895164817 0.013359104306492692 -2.4739631059579654 0.08552096050889338 -0.6016103591641979 0.14842977839808214 -0.057992742496033145 0.013738705805161193 -2.479726043699036 0.08795457324359661 0.0028047919832750643 0.005587953185838268 0.01372537587142673 -2.4798552817236654 0.08781200064277161 0.9560733405520992 0.9612205543439641 -0.22207915321558858
9.974937343358395 0.06311209442518216 0.01265727910056581 -2.448961144731186 0.08302480786065071 -0.565202762597437 0.1366839674001028 -0.05333779197075472 0.01300765931659653 -2.4547550518775054 0.08532881727029407 0.002537584143216801 0.005057617489105604 0.012996060376423868 -2.4549110764057325 0.0852053795473087 0.9143158884660545 0.9192131651331998 -0.21555460579688202
10.075187969924812 0.06156995696794047 0.012002975746457771 -2.421897684560109 0.08053527046646446 -0.5305061185063096 0.12581289044869948 -0.049093675023975436 0.012326761157401193 -2.4277209764182492 0.08271637829221613 0.0022958035144811906 0.004577382699081478 0.012316661848035475 -2.4278952402069436 0.08260959638295487 0.8742072241122731 0.8788654771501182 -0.20897750955617767
10.175438596491226 0.060105878973051384 0.011392736679196453 -2.392900812724829 0.07805727779687084 -0.4974990270962394 0.11575875432764349 -0.04522249848302806 0.011692298241413487 -2.3987502335509605 0.08012180449313851 0.002077035773149603 0.004142557705599348 0.01168349915281776 -2.39893571809051 0.08002950368031135 0.8357262675269848 0.8401561859747299 -0.2023553761757455
10.275689223057643 0.058714705231504016 0.01082334908812513 -2.3621041799674503 0.07559561859850981 -0.4661515113152177 0.10646655537193794 -0.04168989408876911 0.011100827971092355 -2.367975077608384 0.07754953325275968 0.0018790948747063412 0.003748883045655571 0.011093157069040386 -2.3681660875219794 0.07746980860843021 0.7988461328422912 0.8030581510427686 -0.19569772426407894
10.375939849624057 0.05739164660315158 0.010291830136257318 -2.3296459998331125 0.07315491341989495 -0.436426521692141 0.09788410613018073 -0.03846469455007906 0.01054916086989243 -2.3355325798615643 0.07500386092783046 0.0017000016442154937 0.0033924925670701933 0.010542469601085666 -2.335724558642731 0.07493504626045934 0.7635350447779927 0.7675393178843151 -0.18901578624414128
10.476190476190474 0.05613225505837176 0.00979541259444464 -2.2956680096262563 0.07073958873185296 -0.40828126949492116 0.08996202772021888 -0.03551863814536915 0.010034343876839675 -2.3015635695167362 0.07248891439516726 0.0015379643427651543 0.0030698782433353777 0.010028503850168227 -2.301752934975938 0.07242955440202092 0.7297571651184008 0.7335635497298899 -0.18232221041537855
10.576441102756892 0.054932400092987554 0.009331530974509054 -2.260314409312692 0.06835385305229616 -0.38166840282980274 0.08265371459145854 -0.03282609961744498 0.009553644367136313 -2.266211553125482 0.07000862477221538 0.0013913610335533697 0.0027778579283773697 0.009548544522309212 -2.2663955510109366 0.06995745011662798 0.6974733349832405 0.7010913743330988 -0.1756307624022213
10.676691729323306 0.053788246502407926 0.008897808221936079 -2.223730794869085 0.06600167543642728 -0.3565370396660512 0.07591527741682569 -0.030363845235264364 0.009104534939998207 -2.229621628869755 0.06756670367961334 0.0012587235856961502 0.002513545844543774 0.009100079129011476 -2.229798203211658 0.06752260873096032 0.6666417387281297 0.6700806518871854 -0.16895603031690598
10.776942355889723 0.052696233487886726 0.008492043009268195 -2.186063102319389 0.06368676663627183 -0.33283367097305927 0.06970546894969232 -0.02811081002937499 0.008684678996530117 -2.1919394119548774 0.06516662235055629 0.0011387231675339656 0.002274325603927818 0.008680783915312162 -2.1921070907575024 0.06512864534271268 0.6372184952440387 0.6404871698466573 -0.1623131379886047
10.877192982456137 0.051653055057752514 0.008112197655396457 -2.147456578021851 0.0614125631697011 -0.3105029463692688 0.06398559692756578 -0.02604789533340579 0.008291917115645189 -2.1533099866971703 0.06281159382588737 0.0010301570939190252 0.002057825571518568 0.008288510533127142 -2.1534677816729264 0.0627788992072928 0.6091581822874034 0.6122651703272698 -0.15571747038259787
10.977443609022554 0.05065564167892919 0.007756386683013682 -2.108054789717249 0.05918221447126068 -0.2894883538567967 0.058719427445879546 -0.02415778489717013 0.007924254224280086 -2.1138768998629107 0.06050455840403102 0.0009319369037113302 0.0018618963881046335 0.007921273464416807 -2.114024218967554 0.060476421169165795 0.5824142992809574 0.5853678155647114 -0.14918441504593716
11.077694235588972 0.049701143128646805 0.0074228660161145725 -2.0679986914687047 0.056998573227551044 -0.26973280439503355 0.05387308166365301 -0.022424777961703057 0.0075798475489646765 -2.0737812084522576 0.05824817244359285 0.0008430775545404941 0.0016845904809065226 0.00757723818815919 -2.0739177800431294 0.05822396425164372 0.5569396737949106 0.5597475966802784 -0.14272912294160278
11.177944862155385 0.048786912492554 0.00711002281120773 -2.027425753974333 0.0548641889309275 -0.25117913123892777 0.04941492821221516 -0.020834637809059586 0.0072569953287515265 -2.033160593484084 0.056044800545955606 0.0007626876318830354 0.001524143400311373 0.007254710076939273 -2.033286400984486 0.056023977447680305 0.5326868166602542 0.5353566907419931 -0.13636629149800683
11.278195488721803 0.04791049125317647 0.006816365909499811 -1.986469169883529 0.05278130461909877 -0.23377051320889564 0.04531547326496366 -0.019374454412457 0.006954126264235911 -1.9921485494926883 0.05389651107771576 0.0006899604786596816 0.0013789568315151213 0.006952124002754559 -1.9922637755065304 0.05387860268599289 0.5096082303909608 0.5121472708324741 -0.130109972086899
11.37844611528822 0.04706959541155655 0.00654051689242462 -1.9452571417657984 0.05075185670671977 -0.21745083026348766 0.04154724986717895 -0.01803251992370747 0.006669789673588929 -1.9508736574657202 0.051805074930252215 0.0006241661599757796 0.0012475831402140036 0.0066680346270512805 -1.9509786363477335 0.05178967488351408 0.48765667530748524 0.4900717735481112 -0.12397340346913666
11.478696741854634 0.046262102584717406 0.0062812017192602765 -1.9039122583367127 0.04877747775986263 -0.20216495905091847 0.038084707820985386 -0.01679821583783081 0.006402646323918284 -1.9094589469038397 0.049771967357645414 0.000564644185332545 0.0011287113215423528 0.006401107346748208 -1.9095541248523213 0.04975872493834071 0.46678539746614894 0.46908312806395747 -0.11796887210869045
11.578947368421051 0.045486040022155345 0.006037242922989476 -1.8625509625072385 0.04685950201659451 -0.18785901542227634 0.03490410516560871 -0.015661910774241505 0.006151459904640562 -1.8680213506359378 0.04779837268589434 0.0005107969176847925 0.0010211542311620025 0.006150109865832859 -1.8681072524372557 0.047786985468317764 0.44694832221326364 0.44913495061057707 -0.1121075995950207
11.679197994987469 0.044739573485671695 0.005807552338820318 -1.8212831128502467 0.04499897341760696 -0.1744805502381439 0.03198340206706973 -0.01461486789374078 0.005915089108702507 -1.8266712540395804 0.04588519164666412 0.0004620836051646204 0.0009238369866665406 0.005913904360815732 -1.826748455656505 0.04587539905993967 0.42810021690241445 0.43018170792646415 -0.10639965678302588
11.779448621553883 0.04402099693842747 0.005591124338739254 -1.780211638224685 0.04319665588037826 -0.16197870421078164 0.029302157752042035 -0.013649161065600879 0.005692480287268126 -1.7855121384498749 0.044033051058168106 0.0004180149771679458 0.0008357864362625866 0.005691440207727636 -1.7855812447084287 0.04402462876087458 0.4101968260413467 0.4121788529753641 -0.10085390374612757
11.8796992481203 0.0433287229909774 0.0053870295449807495 -1.73943228360866 0.04145304552887007 -0.1503043269617308 0.026841430964026358 -0.012757598970353001 0.005482660643759327 -1.7446403168346754 0.042242315554263755 0.00037814835186653127 0.0007561215999719595 0.005481747238298265 -1.7447019435265954 0.04223507052717407 0.3931949818735241 0.39508293595429106 -0.09547795413627114
11.979949874686714 0.042661274054167066 0.005194408995253786 -1.6990334436992958 0.03976838457794617 -0.13941006495119268 0.024583684288671748 -0.011933656399278902 0.005284731933789463 -1.7041447583058025 0.04051310105024354 0.000342083207096631 0.0006840449963724238 0.005283929493338464 -1.7041995180850653 0.040506867322921754 0.377052693149918 0.37885169336660496 -0.09027816216078577
12.080200501253131 0.04201727415104245 0.005012468732870204 -1.659096079563843 0.0381426765670998 -0.12925042246183693 0.022512692584029992 -0.011171412061315777 0.005097864638468196 -1.66410699674676 0.03884528962952855 0.00030945717102358745 0.0006188347751449053 0.005097159442063304 -1.664155488258826 0.0388399245651196 0.3617292146100092 0.36344411769611595 -0.08525963004873915
12.180451127819545 0.04139544134229463 0.004840474795495363 -1.6196937125860988 0.03657570264094086 -0.11978179938699896 0.02061345566906425 -0.010465492300184565 0.00492129257970825 -1.6246011177818245 0.037238545538801196 0.00027994239302904793 0.0005598375824572566 0.004920672637055119 -1.624643917521788 0.0372339266092517 0.34718509946806275 0.3488205099932669 -0.08042623373498259
12.280701754385966 0.04079458072217781 0.004677748577019623 -1.5808924891464857 0.03506703858326684 -0.11096250915935002 0.018872115346454166 -0.009811020149342653 0.004754307947466634 -1.585693817492877 0.035692331989100524 0.0002532422589616097 0.0005064620924645213 0.004753762775709052 -1.5857314739444337 0.0356883539803263 0.33338223699129527 0.3349425174737516 -0.07578066426796681
12.38095238095238 0.04021357794425739 0.004523662537978884 -1.5427513089003126 0.033616072326479764 -0.10275277979297925 0.01727587676185749 -0.009203569204046858 0.004596256710255742 -1.5474445257043512 0.0342059284760109 0.0002290884182255742 0.00045817314399798637 0.004595777140270866 -1.5474775553639746 0.034202501069179825 0.320283877061077 0.3217731580327548 -0.07132448245587852
12.481203007518793 0.0396513932387381 0.004377636240986527 -1.5053220091632495 0.032222021677491185 -0.0951147406881887 0.015812934090348563 -0.008639121879653544 0.004446534381720481 -1.509905586290433 0.032778448352169774 0.00020723809323561787 0.00041448642685826265 0.004446112389923637 -1.5099344712300193 0.03277549403331428 0.3078546434262181 0.3092768333944685 -0.06705818428494581
12.581453634085214 0.03910705588547274 0.004239132688743193 -1.468649597757938 0.030883952023997772 -0.08801239752452261 0.014472400449079714 -0.008114031589087745 0.004304582117568101 -1.4731224867974957 0.031408856408901516 0.00018747164452387796 0.0003749636670403733 0.00430421067977417 -1.473147673464894 0.031406308664592215 0.2960605371883661 0.2974193324466894 -0.06298127467351833
12.681704260651628 0.038579659109023653 0.0041076549433357095 -1.4327725267019529 0.02960079381015693 -0.08141159731144398 0.013244241960450154 -0.007624988505284591 0.00416988311862659 -1.4371341296927564 0.030095986249648977 0.00016959036729024388 0.00033920826473265997 0.00416955608299666 -1.4371560286910023 0.030093788011412548 0.2848689319034723 0.28616782615258524 -0.05909234733445601
12.781954887218042 0.03806835536434895 0.00398274300669726 -1.3977229992965352 0.028371359597148826 -0.07527998540334124 0.0121192158144936 -0.007168988511821794 0.00404195931728054 -1.4019731377274012 0.028838557265186856 0.00015341449747422408 0.00030686134308255397 0.004041671293795189 -1.4019921243521787 0.028836659569843645 0.2742485615390167 0.2754908552868985 -0.055389168603994676
12.882205513784456 0.037572351983788124 0.0038639709432618254 -1.3635273034867177 0.027194360551160673 -0.06958695608059884 0.01108881222052105 -0.006743305088008356 0.003920368325972313 -1.3676661862103852 0.02763519104838081 0.00013878140747465296 0.0002775981695063434 0.0039201145902258575 -1.3676826015590682 0.027633551885472073 0.2641695023943412 0.26535831211028726 -0.05186876338137836
12.982456140350877 0.037090907158028694 0.0037509442269892607 -1.3302061647765056 0.026068422228077984 -0.06430359806088859 0.010145200047702474 -0.006345463771225468 0.003804700627850013 -1.3342343554026637 0.02648442711376622 0.0001255439735344647 0.00025112491479928334 0.0038044770372631853 -1.3342485078995763 0.02648301043484862 0.25460314996971695 0.25574141697319336 -0.048527501449939336
13.08270676691729 0.036623326225643245 0.003643297296055639 -1.2977751124769865 0.02499209955011534 -0.05940263617350183 0.009281176030583538 -0.005973218993830187 0.0036945769909850074 -1.301693496736262 0.025384737813840246 0.00011356909848865267 0.00022717571846830875 0.003694379911793273 -1.3017056639455218 0.025383512681601213 0.24552219165875008 0.24661269072864955 -0.04536118274930345
13.182957393483704 0.036168958247590415 0.0035406912995847328 -1.2662448536127906 0.02396389089413141 -0.05485837022663986 0.008490117355790971 -0.005624533050649916 0.0035896460888635707 -1.2700546071132364 0.024334542369121352 0.00010273637513251919 0.0002055100316108449 0.003589472332461685 -1.270065037734371 0.024333482227106285 0.23690057603703263 0.237945923731249 -0.0423651203634563
13.283208020050125 0.03572719284476643 0.0034428120218385314 -1.23562164939668 0.02298225123419547 -0.05064661197974374 0.007765937454564664 -0.005297556975108364 0.0034895823110774812 -1.239324206126882 0.023332219952421105 9.293687683721927e-05 0.00018591021129210628 0.0034894290784928555 -1.239333122089099 0.023331301998670586 0.228713479427794 0.22971614210662492 -0.039534220218399696
13.383458646616539 0.03529745727830628 0.0033493679702795223 -1.2059076897796293 0.02204560430170311 -0.04674462097551668 0.007103044836128447 -0.004990613143462497 0.0033940837492930803 -1.2095047116494415 0.022376121789014186 8.407206333439536e-05 0.00016817934279278468 0.003393948582725915 -1.2095123102380798 0.02237532643911464 0.22093727034127816 0.22189957189129772 -0.03686305666568046
13.483709273182953 0.034879213753816085 0.0032600886148655716 -1.1771014621824027 0.02115235374491275 -0.04313103991302114 0.006496304790374552 -0.004702179427198416 0.003302870344669225 -1.1805948098348813 0.021464582253446968 7.605279070664844e-05 0.00015213926827739588 0.0033027510851796342 -1.1806012657986693 0.02146389268043958 0.21354947230881613 0.21447360156653533 -0.0343459433633484
13.583959899749374 0.034471956932139364 0.0031747227668364225 -1.1491981110984097 0.02030089328604999 -0.039785830104847264 0.005941003800302269 -0.004430874773049709 0.0032156821839192445 -1.1525898161723467 0.020595928960327067 6.879841568333607e-05 0.00013762880243128883 0.0032155769344642832 -1.1525952837725073 0.02059533070061399 0.20652872556403795 0.20741674344073194 -0.03197699904217188
13.684210526315788 0.03407521163055379 0.003093037086098874 -1.1221897858166354 0.019489615888112214 -0.03669020748779417 0.0054328164879393626 -0.004175446004524019 0.0031322779321745725 -1.1254820247927888 0.01976849186082643 6.223598526569458e-05 0.00012450211742953687 0.0031321850253041906 -1.125486639766027 0.019767972476708733 0.1998547479621086 0.20070859427322094 -0.029750207824434938
13.784461152882201 0.03368853069953089 0.0030148147071163223 -1.096065974039806 0.018716921955275568 -0.033826579585849004 0.004967774970879191 -0.003934755848320037 0.0030524333917066908 -1.0992610437606387 0.018980611368603257 5.62995035628012e-05 0.00011262728124050714 0.003052351361318711 -1.0992649251759168 0.018980160159361197 0.19350829547274054 0.194329795476506 -0.027659474070787837
13.884711779448622 0.033311493061320196 0.0029398539739578784 -1.070813819659484 0.017981226600429733 -0.03117848373423726 0.00454224043463114 -0.0037077719159412936 0.002975940176404617 -1.0739141145761095 0.01823064554874305 5.092926849162398e-05 0.00010188493477214511 0.002975867733038278 -1.0739173665730846 0.018230253303316717 0.187471122533471 0.18826199318481407 -0.02569867161179218
13.984962406015036 0.03294370189767742 0.002867967275864279 -1.0464184233944323 0.017280966021035946 -0.028730526832390524 0.004152876824832674 -0.00349355670854834 0.0029026044926872673 -1.049426414562189 0.017516976411126078 4.607127168359307e-05 9.216709472037454e-05 0.0029025405019028356 -1.0494291279638743 0.017516635196408642 0.1817259425059881 0.1824877984324984 -0.02386168756783036
14.08521303258145 0.0325847829750429 0.002798979975343511 -1.022863125396856 0.016614603030315287 -0.026468326823305688 0.003796626479271481 -0.003291258412161824 0.0028322460182578536 -1.0257813412143204 0.01683801535559826 4.1676655591147584e-05 8.337607022057547e-05 0.0028321894817092273 -1.0257835950117062 0.016837718335217175 0.17625638843959715 0.17699074764717473 -0.02214246082161253
14.18546365914787 0.03223438309638137 0.0027327294214211212 -1.000129769285245 0.01598063179500251 -0.024378456070763832 0.0034706875954384486 -0.0031001024904639962 0.0027646968707834606 -1.0029607779485694 0.016192207820616127 3.770122233419241e-05 7.542348251365905e-05 0.0027646469096417187 -1.0029626406578747 0.016191949099796484 0.17104697431191968 0.1717552636281163 -0.020535015432898263
14.285714285714285 0.03189216866973764 0.0026690640412393254 -0.9781989473697716 0.015377581833621668 -0.02244838674985772 0.0031724934355565892 -0.0029193840913990243 0.0026998006592095455 -0.9809453409968432 0.015578037189866474 3.4104989367643886e-05 6.822937786266081e-05 0.002699756499639745 -0.9809468718923748 0.015577811682595063 0.16608305688714134 0.16676661715054542 -0.019033489292098693
14.385964912280699 0.03155782438434934 0.002607842503728691 -0.9570502271017666 0.014804021330764206 -0.020666438333137194 0.0028996930757898554 -0.0027484609456394082 0.0026374116109992266 -0.959714607464784 0.014994028012853388 3.08517875051825e-05 6.172142487026466e-05 0.0026373725714314987 -0.9597158576932167 0.014993831328126804 0.1613507983062896 0.16201088931053212 -0.017632158203724657
14.48621553884712 0.031231051985868858 0.0025489329495674605 -0.9366623590011957 0.014258559823238946 -0.019021727230636998 0.002650133668169019 -0.002586747000094647 0.00257739376912472 -0.9392473247964945 0.014438748595931661 2.7908897264576167e-05 5.583418818722041e-05 0.002577359249093743 -0.9392483383784561 0.014438576940311375 0.1568371295016616 0.15747493470258375 -0.016325455882480355
14.586466165413533 0.030911569142924086 0.002492212282099287 -0.9170134665016623 0.01373985031350496 -0.017504118627016396 0.0024218440896390803 -0.002433706587623874 0.0025196202531339008 -0.9195216020760638 0.013910813019721392 2.5246719885969445e-05 5.050847135590342e-05 0.0025195897234900604 -0.9195224168024702 0.013910663113833462 0.1525297145083665 0.15314634550291834 -0.01510799009977859
14.686716791979947 0.030599108397855606 0.0024375655143019834 -0.8980812183015494 0.013246590864557923 -0.016104180499439735 0.0022130198429692882 -0.0022888490645129878 0.0024639725790735847 -0.9005150837496727 0.013408882637646316 2.2838479714278287e-05 4.569072222138093e-05 0.0024639455733942513 -0.9005157319805727 0.013408751644607133 0.148416915729663 0.14901341651494954 -0.01397455536013581
14.78696741854636 0.030293416195041955 0.002384885167290467 -0.8798429839278932 0.012777525728644237 -0.014813139837997369 0.002022009193183294 -0.0021517240382138425 0.002410340033473715 -0.8822051064710439 0.012931667108475663 2.0659954958867557e-05 4.133249496218738e-05 0.0024103161405248747 -0.8822056158445881 0.012931552572509133 0.1444877601989573 0.14506511121966953 -0.012920142475678631
14.887218045112782 0.029994251980740128 0.0023340707161976335 -0.8622759733080944 0.01233144605988802 -0.013622841014267806 0.0018473003515566688 -0.0020219168787605213 0.0023586190969862144 -0.8645688398637167 0.012477925013436373 1.8689234128873583e-05 3.738996335911349e-05 0.0023585979541038914 -0.8645692339234544 0.012477824807216318 0.14073190686979245 0.14129102886206615 -0.011939945302003707
14.987468671679196 0.029701387368865403 0.0022850280796104204 -0.8453573612092425 0.011907190258332761 -0.012525706293217809 0.0016875097662421013 -0.0018990448932640902 0.0023087129136315217 -0.8475834120597385 0.012046464105832627 1.690649569015892e-05 3.382348042590966e-05 0.002308694200908753 -0.8475837108072584 0.012046376385276121 0.1371396149555367 0.1376813725949596 -0.011029365069163077
15.08771929824561 0.02941460536756282 0.0022376691490455522 -0.8290643974459215 0.011503643990030158 -0.011514698404994306 0.0015413712557972303 -0.0017827535668857308 0.0022605308019363053 -0.8312260209174006 0.01163614123821214 1.529380873655388e-05 3.0597179997315926e-05 0.0022605142371161474 -0.8312262412983018 0.011636064403663974 0.13370171333249128 0.1342269186938585 -0.01018401246304279
15.18796992481203 0.02913369966184838 0.002191911355233384 -0.8133745037812746 0.011119739924834152 -0.010583285169786905 0.0014077261546106001 -0.0016727135541714233 0.002213987804550022 -0.8154740318442293 0.011245862009066823 1.3834952668869207e-05 2.7678616272730494e-05 0.002213973138537296 -0.8154741881734849 0.011245794671936638 0.13040957101366482 0.1309189868496275 -0.009399707912081112
15.288220551378444 0.028858473947964668 0.0021476772682394382 -0.7982653584529806 0.010754457230486788 -0.009725406061988906 0.001285514147326694 -0.0015686176345752756 0.0021690042732079675 -0.8003050631605686 0.010874580167968153 1.2515254068991236e-05 2.5038437712066042e-05 0.00216899128612372 -0.800305167494436 0.010874521122052635 0.12725506869503836 0.12774941154071034 -0.008672480173061103
15.388471177944858 0.028588741315447645 0.002104894228694007 -0.7837149692494649 0.010406820858497512 -0.008935440677419138 0.0011737649483052337 -0.001470178308920822 0.0021255054861655403 -0.7856970599327789 0.010521296814895968 1.1321439132962041e-05 2.2650092006526457e-05 0.002125493983877442 -0.7856971223925138 0.010521245011701083 0.12423057137177083 0.12471051448198119 -0.007998563620901677
15.488721804511279 0.02832432367321988 0.002063494007622109 -0.7697017360454838 0.010075900654295537 -0.008208179041616859 0.0010715906054201696 -0.0013771253624668134 0.0020834212954649687 -0.7716283571886507 0.010185059426437555 1.024150017496364e-05 2.0489559171110727e-05 0.00208341110653549 -0.7716283862421529 0.010185013953940898 0.12132890201827262 0.12179507814400607 -0.007374394299432652
15.588972431077693 0.028065051216324365 0.002023412492569921 -0.7562045036802973 0.00976081032117266 -0.0075387936695392455 0.0009781785630025297 -0.0012892041997929482 0.00204268580161305 -0.7580777334032011 0.009864960738554392 9.264574865306221e-06 1.8535110073436556e-05 0.00204267677461417 -0.758077736108604 0.009864920802900199 0.11854331632303931 0.11899632033328525 -0.006796605148110757
15.689223057644107 0.027810761930172147 0.0019845893979113633 -0.7432026060283101 0.009460706264662937 -0.006922813263713579 0.0008927850875295462 -0.0012061736296686831 0.002003237053447729 -0.745024455109638 0.009560137512703825 8.380836983218977e-06 1.676708798514781e-05 0.0020032290545977274 -0.7450244373266262 0.009560102422439392 0.11586747846664942 0.11630786982187179 -0.006262020287124415
15.789473684210527 0.027561301129441905 0.0019469679973914914 -0.7306759020764182 0.009174786341333835 -0.006356098108426522 0.0008147295595790638 -0.001127804891325468 0.0019650167711546384 -0.7324483134531999 0.009269769209358443 7.581397592303962e-06 1.5167710953889468e-05 0.001965009682237532 -0.7324482800246117 0.00926973836182107 0.11329543792934355 0.11372374301236551 -0.0057676488923164015
15.889724310776941 0.027316521028981435 0.001910494877121547 -0.7186048047790365 0.008902288533358553 -0.005834816895998074 0.0007433889635990454 -0.0010538799857613412 0.001927970090562932 -0.7203296534651072 0.008993076590389148 6.858215638301135e-06 1.372089301920898e-05 0.0019279638070964552 -0.7203296083736831 0.00899304945996657 0.11082160731259062 0.11123832162280968 -0.005310678443208872
15.989974937343355 0.027076280344286597 0.001875119707386535 -0.7069703034191743 0.008642489567851115 -0.005355425070831643 0.0006781930136412484 -0.000984190700819454 0.001892045327003679 -0.7086493967881895 0.008729320269303495 6.204017075502561e-06 1.2412082472046393e-05 0.0018920397566255965 -0.7086493432910237 0.008729296397289959 0.10844074115759443 0.10884633137407121 -0.0048884677208036464
16.09022556390977 0.026840443919314984 0.0018407950317601818 -0.6957539801590075 0.008394703497722372 -0.004914644546602176 0.0006186196902149277 -0.0009185377879248335 0.0018571937571561679 -0.6973890585430368 0.008477799226118053 5.6122217059985e-06 1.1228115534667182e-05 0.0018571888182025524 -0.6973889992866585 0.008477778211943622 0.10614791574208872 0.10654282166112833 -0.004498539568629667
16.19047619047619 0.02660888237957801 0.0018074760721448978 -0.6849380214164152 0.008158280258707956 -0.004509444695401044 0.0005641910225335778 -0.0008567298617094821 0.0018233694174367406 -0.6865307589748367 0.008237849301497539 5.076876998240561e-06 1.0157083995321337e-05 0.001823365037689111 -0.6865306960938932 0.008237830795148782 0.1039385098354399 0.10432314618804725 -0.004138573471294649
16.290726817042604 0.026381471808610498 0.001775120548467624 -0.6745052246600922 0.007932604215359483 -0.004137024644876419 0.0005144694778778103 -0.0007985832095300793 0.0017905289176044627 -0.6760572304782312 0.008008841682924579 4.592598216403976e-06 9.188215460254057e-06 0.0017905250331853655 -0.6760571656792103 0.008008825378373888 0.10180818639077252 0.1021829445453669 -0.0038063981767209043
16.390977443609017 0.02615809344607403 0.0017436885118659283 -0.664439001169752 0.007717092707017148 -0.003794796675180123 0.0004690544006393793 -0.0007439208595201308 0.0017586312683666346 -0.6659518205499155 0.007790181393858785 4.1545142612579535e-06 8.311765029134222e-06 0.0017586278227659483 -0.6659517551827576 0.007790167023381145 0.09975287515160378 0.10011812470724192 -0.0034999842307001927
16.49122807017544 0.025938633405882903 0.0017131421902940576 -0.6547233752648897 0.007511194603216005 -0.0034803707645210125 0.0004275789082157644 -0.0006925721918946692 0.0017276377218677903 -0.6561984911770927 0.007581305795290849 3.7582186749478765e-06 7.518917293447558e-06 0.0017276346650840363 -0.6561984262959778 0.007581293124536239 0.09776875614928598 0.0981248464246189 -0.003217436627949155
16.591478696741852 0.025722982412875555 0.0016834458455661056 -0.6453429804642964 0.007314388876559751 -0.0031915401884816674 0.0003897071257483731 -0.0006443730067644537 0.0016975116240372987 -0.6467818151260386 0.007381683107623368 3.399725324009316e-06 6.8016976890739045e-06 0.0016975089118201332 -0.646781751540462 0.007381671931334882 0.09585224406652368 0.09619950548950533 -0.0029569876665220818
16.691729323308266 0.025511035556657694 0.0016545656409333775 -0.6362830529965019 0.007126183199772641 -0.0029262680406532127 0.0003551314139258466 -0.0005991646649476934 0.0016682182778550918 -0.63768696955544 0.007190810959529017 3.075428302661667e-06 6.152892296218404e-06 0.0016682158710370392 -0.637686907873884 0.007190801097836246 0.09399997344111188 0.09433871884458514 -0.0027169898068279963
16.791979949874687 0.025302692061367902 0.0016264695183669977 -0.6275294230452093 0.006946112572528484 -0.002682674741890878 0.0003235701088328824 -0.0005567943389337415 0.0016397248166722864 -0.6288997273411314 0.007008214969286825 2.7820656663518386e-06 5.565975289667513e-06 0.0016397226805789473 -0.6288996680074807 0.007008206264478179 0.09220878468322184 0.0925393105112475 -0.0024959088727882772
16.8922305764411 0.025097855070198852 0.0015991270847840583 -0.6190685040761261 0.006773737982596788 -0.002459026355182914 0.0002947652300235859 -0.0005171144890141477 0.0016120000867940083 -0.6204064464610535 0.006833447363029903 2.516686620820952e-06 5.0350433097312575e-06 0.0016119981907234964 -0.6204063897854553 0.006833439676752539 0.09047571087864135 0.09079829830844069 -0.0022923173732749547
16.992481203007515 0.02489643144360874 0.0015725095065177508 -0.6108872805592871 0.006608645104963482 -0.0022537237759934214 0.0002684805795070133 -0.00047998302466112364 0.0015850145385968885 -0.612194057757271 0.006666085633466836 2.276621844132109e-06 4.554756089847345e-06 0.00158501285536021 -0.6121940039418073 0.0066660788442865744 0.08879796534975408 0.08911288133398702 -0.0021048881327203617
17.092731829573935 0.024698331570235613 0.0015465894113885798 -0.602973294367236 0.006450443041739374 -0.002065292614901182 0.00024449982640817325 -0.00044526291503643733 0.001558740125512931 -0.604250051357804 0.006505731241786051 2.0594566359602112e-06 4.120282748654169e-06 0.0015587386310281465 -0.6042500005181161 0.006505725243067468 0.08717292994536005 0.0874804281793723 -0.0019323881087700556
17.19298245614035 0.024503469189603087 0.0015213407977861745 -0.595314630102542 0.006298763105012153 -0.0018923738662124379 0.00022262495485847467 -0.0004128225284603104 0.0015331502102662474 -0.5965624620138948 0.006352008364795832 1.8630066306230045e-06 3.7272532033005845e-06 0.0015331488831999732 -0.5965624141969063 0.006352003062850114 0.08559814403010023 0.08589846584861767 -0.0017736725594090785
17.293233082706763 0.024311761225781714 0.0014967389502188037 -0.5878998995789912 0.006153257644144892 -0.0017337151668073147 0.00020267461559342337 -0.0003825351203090577 0.0015082194777988178 -0.5891198535782574 0.006204562688681393 1.685295826533425e-06 3.3717142166045377e-06 0.0015082182992495656 -0.5891198087771626 0.006204558001157799 0.08407129414385418 0.08436466935150459 -0.0016276793671750056
17.393483709273184 0.024123127631228033 0.0014727603608316953 -0.5807182256557822 0.006013598918489861 -0.0015881627130340803 0.0001844827134505067 -0.00035427870182047627 0.0014839238543675822 -0.581911302826888 0.006063060250273168 1.5245367098374956e-06 3.050089637857134e-06 0.001483922807585963 -0.5819112609935799 0.006063056104756717 0.08259020430136224 0.08287685194126143 -0.001493423684649997
17.493734335839598 0.023937491240085578 0.0014493826564357232 -0.5737592256031171 0.005879478016067513 -0.0014546538338038317 0.00016789738953093547 -0.00032793697084798623 0.0014602404323369777 -0.5749263828022315 0.005927186326229436 1.3791122750874403e-06 2.759144433928107e-06 0.0014602395024783537 -0.5749263438569375 0.005927182659005765 0.08115282690235831 0.0814329559667806 -0.0013699929550057277
17.59398496240601 0.02375477763029141 0.0014265845306245426 -0.5670129941527637 0.005750603818293452 -0.0013322099208892269 0.0001527794381104286 -0.0003033977051245529 0.0014371474002295849 -0.5681551458347118 0.005796644370154574 1.2475597615602676e-06 2.495952152292702e-06 0.0014371465741355404 -0.5681551096747582 0.005796641125148685 0.07975723422253447 0.08003104430963909 -0.0012565419334009675
17.694235588972433 0.023574914993872174 0.0014043456805926267 -0.5604700863715066 0.005626702010571404 -0.0012199300789461631 0.0001390015793845123 -0.0002805540185590871 0.0014146239776330193 -0.5615881063807151 0.005671154997346195 1.128555939149393e-06 2.2578654866878267e-06 0.0014146232436380649 -0.5615880728869369 0.005671152125180867 0.07840161045603486 0.0786692923763686 -0.0011522882741701324
17.794486215538846 0.023397834014869532 0.0013826467482974648 -0.5541215004755209 0.005507514138238622 -0.001116985099656631 0.00012644731702948775 -0.00025930367212367855 0.001392650354593307 -0.5552162237957503 0.005550455016558843 1.0209037992921118e-06 2.0424896508552948e-06 0.0013926497023540024 -0.5552161928380034 0.005550452473737956 0.07708424428056217 0.07734598061688638 -0.0010565081562106116
17.89473684210526 0.02322346775437258 0.0013614692656377673 -0.547958660688399 0.005392796707131684 -0.0010226119330525307 0.00011501003120883979 -0.0002395489850641752 0.0013712076351550552 -0.5490308851482341 0.005434296507983558 9.23520515052966e-07 1.8476582918092177e-06 0.0013712070554988732 -0.5490308565898231 0.005434294256177702 0.07580352191665701 0.07605948754055843 -0.0009685322415009523
17.994987468671674 0.02305175154217253 0.0013407956033458972 -0.5419734002321775 0.005282320327859288 -0.0009361085677426217 0.0001045921943614303 -0.00022119689799637854 0.0013502777847356254 -0.5430238881617617 0.005322445946399442 8.354265489138841e-07 1.6714117000438122e-06 0.001350277269527255 -0.5430238618628954 0.005322443951819185 0.07455792065345929 0.07480828320191756 -0.0008877418698887141
18.095238095238095 0.0228826228745978 0.001320608923316487 -0.5361579445256429 0.005175868902674832 -0.0008568292869597371 9.510463888773302e-05 -0.000204159067720866 0.0013298435810457426 -0.5371874243630367 0.005214683368340943 7.557358003650065e-07 1.5119770990779102e-06 0.0013298431230687865 -0.5371874001834217 0.005214681601186362 0.07334600281391014 0.0735909231288789 -0.0008135655039041012
18.19548872180451 0.02271602131811188 0.0013008931341155427 -0.5305048946546729 0.0050732388537559105 -0.0007841802773782547 8.646578817206318e-05 -0.00018835131390915194 0.0013098885682917857 -0.5315140624995079 0.005110801581977243 6.836466933823389e-07 1.3677508141629602e-06 0.0013098881611441071 -0.5315140403006242 0.00511080001595946 0.07216641013323795 0.07240604266714988 -0.0007454753144031656
18.295739348370923 0.022551888418295616 0.0012816328494344065 -0.5250072111676672 0.004974238391574953 -0.0007176155719150756 7.860112890512028e-05 -0.0001736941346734966 0.001290397014416086 -0.5259967322810686 0.005010605418323463 6.184341136472083e-07 1.2372821418527025e-06 0.001290396652417147 -0.5259967119275659 0.00501060403024004 0.07101785852547128 0.07125235171529488 -0.0006829840990576486
18.395989974937343 0.022390167613855753 0.0012628133492716364 -0.5196581982401011 0.004878686821980629 -0.0006566332664021957 7.144243727452704e-05 -0.0001601117442078248 0.0012713538711508123 -0.5206287084898753 0.004913911022316122 5.594421146874455e-07 1.1192587596742243e-06 0.0012713535492596905 -0.5206286898509893 0.004913909791685312 0.06989913321366069 0.0701286298260838 -0.000625642267607418
18.496240601503757 0.022230804155334134 0.0012444205436429356 -0.5144514882445418 0.004786413890567516 -0.0006007721026151103 6.492747053243875e-05 -0.00014753283164736786 0.0012527447366788506 -0.5154035954954193 0.004820545182264981 5.060773196689793e-07 1.0124935246880185e-06 0.0012527444504216217 -0.5154035784456641 0.00482054409099798 0.06880908420052788 0.06903372165059804 -0.0005730351480792706
18.59649122807017 0.022073745028214294 0.0012264409386347958 -0.5093810267535339 0.004697259162850217 -0.0005496082256684076 5.8999335010412324e-05 -0.0001358899565957472 0.0012345558207111779 -0.5103153122029637 0.004730344696133105 4.578029544476925e-07 9.159125343716212e-07 0.0012345555661166286 -0.5103152966227407 0.0047303437282498525 0.06774662205726818 0.06796653270270264 -0.0005247803932775241
18.696741854636592 0.021918938880138246 0.0012088616046321895 -0.5044410579986743 0.004611071438784957 -0.0005027521986562533 5.360595542924784e-05 -0.0001251190706170746 0.0012167739118052576 -0.5053580774575566 0.004643155773099848 4.1413344638066367e-07 8.285443241495827e-07 0.001216773685347965 -0.5053580632336825 0.004643154914481698 0.06671071400932731 0.06692602542249439 -0.0004805255506425965
18.796992481203006 0.021766335951976426 0.001191670146563597 -0.49962611080116826 0.004527708200133645 -0.00045984633590023805 4.8699915055294696e-05 -0.00011516041990944359 0.0011993863467627582 -0.5005263959209726 0.004558833468869156 3.7462954182520013e-07 7.495100953214262e-07 0.0011993861453126352 -0.5005263829466187 0.004558832707034456 0.06570038029903331 0.06591121551851072 -0.00043994590663487543
18.89724310776942 0.021615888012506964 0.0011748546760189135 -0.4949309849849902 0.004447035089192307 -0.0004205621292783235 4.423783815354909e-05 -0.00010595734261187317 0.00118238098195731 -0.4958150444323935 0.004477241153178393 3.3889388703808615e-07 6.780148782414841e-07 0.0011823808027349454 -0.49581503260734555 0.004477240477092159 0.06471469080599336 0.06492116856945933 -0.0004027423224215454
18.99749373433584 0.021467548296475028 0.00115840378510708 -0.4903507382808717 0.004368925417443433 -0.0003845979128129784 4.0180101507303334e-05 -9.745657098392257e-05 0.0011657461664547084 -0.4912190588598302 0.004398250007986496 3.0656703117599725e-07 6.133395328289382e-07 0.0011657460069917757 -0.4912190480903889 0.004398249407890099 0.06375276190730973 0.06395499686732727 -0.0003686393461634907
19.097744360902254 0.021321271445827 0.0011423065219302684 -0.4858806737225684 0.004293259702667196 -0.00035167679513392613 3.649078433909381e-05 -8.96091006552524e-05 0.0011494707167985774 -0.4867337214459826 0.004321738554863116 2.7732381143007384e-07 5.548335182403719e-07 0.0011494705749027256 -0.48673371164448087 0.004321738022118372 0.06281375356062546 0.06301185648482241 -0.00033738347104872446
19.197994987468668 0.021177013453920715 0.0011265523675611142 -0.48151632753625284 0.0042199252331222735 -0.00032154451972132847 3.313670703164462e-05 -8.236718042553548e-05 0.0011335438933442448 -0.4823545486484485 0.0042475922101203245 2.508700823258646e-07 5.01908347327884e-07 0.0011335437670680602 -0.4823545397337349 0.00424759173708899 0.06189686659409691 0.06209094455110968 -0.00030874127196511836
19.298245614035082 0.021034731612533417 0.001111131214418052 -0.47725345751955117 0.004148815657418456 -0.00029396780155366287 3.0087933851064008e-05 -7.568760440790356e-05 0.0011179553780325457 -0.4780772794709725 0.004175702866265097 2.2693975588263338e-07 4.540316680401446e-07 0.0011179552656459463 -0.4780772713675838 0.00417570244618315 0.061001340188331865 0.06119149672070629 -0.00028249808516989106
19.398496240601503 0.02089438446149613 0.0010960333459418712 -0.4730880319056678 0.004079830598763264 -0.0002687325607553248 2.7317061267240206e-05 -6.952944806926098e-05 0.0011026952535035774 -0.4738978642811023 0.004105968498410032 2.052921268754141e-07 4.1072190926083607e-07 0.0011026951534693907 -0.473897856919206 0.004105968125288686 0.06012644953634197 0.06031278482156805 -0.0002584564335563755
19.498746867167917 0.020755931740798268 0.001081249417483799 -0.4690162187039517 0.004012875292274999 -0.0002456423390810869 2.4798941865356028e-05 -6.385372751083196e-05 0.0010877539834578834 -0.46981245410563927 0.004038292794293857 1.8570945033767292e-07 3.715434362394632e-07 0.0010877538944102023 -0.4698124474209815 0.0040382924628332255 0.059271503668420704 0.05945411466910572 -0.00023643466923317646
19.59899749373433 0.02061933434501687 0.0010667704383222996 -0.46503437550854143 0.003947860244132308 -0.00022451700229453309 2.25110294991282e-05 -5.862577779680578e-05 0.0010731223941797764 -0.465817390397051 0.0039725848066682265 1.6799475176502582e-07 3.361021687631194e-07 0.0010731223149046992 -0.4658173843300731 0.003972584512168384 0.05843584342978494 0.05861482403392026 -0.00021626590796586243
19.69924812030075 0.02048455427993319 0.0010525877547320334 -0.46113903976551707 0.00388470091137971 -0.00020519123225426483 2.0432341329978954e-05 -5.3811308021067816e-05 0.0010587916571436209 -0.4619091952583226 0.003908758626787498 1.519698462615469e-07 3.040416177713112e-07 0.0010587915865622576 -0.4619091897544994 0.003908758365088926 0.05761883959965916 0.0577942807518336 -0.00019779664586394574
19.799498746867165 0.02035155462120847 0.001038693034033913 -0.4573269194850706 0.0038233174012113594 -0.00018751349057311018 1.8544059059877327e-05 -4.9379679808225774e-05 0.0010447532726299976 -0.45808456211532 0.0038467330778314346 1.3747354531263594e-07 2.750392996686557e-07 0.0010447532097833238 -0.458084557124437 0.003846732845246021 0.056819891141231045 0.05699188096555746 -0.00018088590059051057
19.89974937343358 0.020220299475003152 0.0010250782495606653 -0.4535948843873884 0.003763634188655093 -0.00017134479577407546 1.6828918205646914e-05 -4.5301847762857506e-05 0.0010309990542841114 -0.45434034682482294 0.003786431427142793 1.2436003697379657e-07 2.488034916980908e-07 0.0010309989983195674 -0.45434034230083814 0.0037864312204019834 0.05603842357269995 0.056207047488194335 -0.0001654041234360193
20.0 0.02009075394042544 0.0010117356664771633 -0.4499399574695246 0.003705579851611779 -0.00015655773108846915 1.5271210315859207e-05 -4.155087196977547e-05 0.0010175211145537204 -0.45067355920429286 0.0037277811161900336 1.1249741704898812e-07 2.250702985095998e-07 0.0010175210647133108 -0.4506735551050187 0.003727780932396149 0.05527388745038682 0.055439228279388394 -0.0001512323284202921
