-20.0 1.9019290512902056 0.01220083346528681 2.931138753838288 0.04503675168201201 73.58316552956512 3.963129560613055 0.19637436380150178 0.01232798311850443 2.943242122837356 0.04425263338639315 7.8412136708791875 1.9240240483565407 0.012306209087529676 2.9279123451340516 0.044873261839295624 11.63764752940284 11.755004401090511 -0.4508918531639665
-19.899749373433583 1.9004119629292306 0.012404874344480522 2.914962303131356 0.045107692835985785 75.74575081674175 4.118367537872331 0.20664984361352767 0.012535253931136813 2.927345152662927 0.0442827296327519 7.83807572124038 1.9225916510274348 0.012512479516099814 2.911701050703334 0.04493720858952024 11.683625955930243 11.803229696839265 -0.45616355865911373
-19.79949874686717 1.8988704510185042 0.01261191421285799 2.898748252776993 0.045179949485214824 77.95418071829545 4.278437637589178 0.21735046021073856 0.012745610098830245 2.911416178605898 0.04431247449439384 7.834877316465167 1.9211342712187283 0.012721787811979003 2.8954520496032656 0.04500230348567053 11.72806248269734 11.849940294802469 -0.4615561541589841
-19.69924812030075 1.8973041898665624 0.01282197936003202 2.8824973449454383 0.0452535865280491 80.2087734005313 4.443450291048009 0.22849106016555823 0.012959080425634359 2.8954560254554584 0.04434187135680564 7.8316173534717155 1.9196515492737647 0.01293416052434737 2.8791660838119646 0.045068608762033245 11.7709063700235 11.895084583180815 -0.46707191994119057
-19.598997493734338 1.8957128521774238 0.013035095608983534 2.866210317385896 0.045328670884383804 82.50981310545376 4.61351639140949 0.24008688099128792 0.013175693331972877 2.87946551408076 0.04437092357636405 7.82829471148015 1.9181431232094384 0.013149623715457739 2.8628438909703444 0.04513618868785132 11.812106399188991 11.938610380759894 -0.47271318084392533
-19.49874686716792 1.8940961091520674 0.013251288282960324 2.8498879035604747 0.045405271553816115 84.8575478298435 4.7887471490723215 0.2521535532085807 0.013395476824611556 2.8634454615313056 0.04439963448037598 7.82490825182532 1.9166086288169502 0.013368202926263215 2.846486204519168 0.04520510962896851 11.85161090937988 11.980464970078415 -0.4784823071016717
-19.398496240601503 1.8924536305945088 0.013470582171466955 2.8335308327802333 0.04548345967491039 87.25218692954786 4.969253936336969 0.26470710173980766 0.013618458465830595 2.847396681137289 0.04442800736712581 7.8214568177717245 1.9150476997678867 0.01358992314109962 2.8300937538382875 0.04527544011074939 11.889367837518831 12.020595133493384 -0.4843817151715939
-19.29824561403509 1.8907850850225825 0.013693001495345797 2.8171398303433084 0.04556330858555577 89.69389865015728 5.155148120973678 0.2777639465730829 0.013844665341803895 2.831319982609802 0.04445604550593218 7.817939234330782 1.913459967725743 0.013814808751421163 2.8136672643880516 0.04534725088226836 11.925324761089104 12.058947192262886 -0.4904138685748194
-19.19799498746867 1.8890901397834823 0.013918569870949965 2.8007156176751398 0.045644893884402356 92.18280758559831 5.34654088830365 0.29134090263534634 0.01407412403018947 2.8152161721407984 0.04448375213721439 7.81435430808073 1.9118450624630046 0.014042883518591497 2.797207457852853 0.0454206149817557 11.959428944055956 12.09546704876977 -0.4965812787413597
-19.097744360902254 1.8873684611741537 0.014147310273410811 2.784258912470806 0.04572829349335546 94.71899206692387 5.54354305143525 0.30545517881305956 0.01430686056693639 2.7990860525027834 0.04451113047256644 7.81070082698935 1.9102026119838955 0.014274170535732801 2.7807150522868866 0.045495607803289886 11.991627385988838 12.13010023200753 -0.5028865058654901
-18.99749373433584 1.8856197145665983 0.014379244999004455 2.76777042883945 0.04581358772110963 97.30248148319606 5.7462648492511335 0.32012437605266375 0.014542900412315587 2.782930423148087 0.0445381836948392 7.806977560239811 1.9085322426529074 0.014508692188638326 2.7641907622620656 0.04557230716471062 12.021866874483395 12.162791946451469 -0.5093321597622662
-18.897243107769423 1.8838435645381735 0.014614395626623346 2.751250877450815 0.04590085932769664 99.93325353780847 5.954815731824681 0.3353664844751336 0.014782268416183271 2.7667500803076646 0.04456491495823205 7.803183258059864 1.9068335793292075 0.014746470115754797 2.7476352990181225 0.04565079337674015 12.050094040980083 12.193487124431723 -0.5159209007319987
-18.796992481203006 1.8820396750069337 0.014852782978360644 2.7347009656839187 0.045990193590016985 102.61123144361864 6.169304132930392 0.35119987943474773 0.015024988782487696 2.7505458170893458 0.04459132738838921 7.799316651554684 1.9051062455070382 0.014987525167243667 2.7310493706149237 0.04573114931328308 12.076255420072052 12.22213048212624 -0.5226554404300714
-18.696741854636592 1.880207709372092 0.015094427079217569 2.7181213977778254 0.0460816783683304 105.33628106058086 6.389837229318118 0.3676433164487691 0.015271085033031675 2.7343184235754148 0.04461742408250749 7.795376452543639 1.903349863462199 0.015231877363132399 2.7144336820869794 0.045813460482879265 12.10029751238708 12.248666579285697 -0.5295385427372707
-18.596491228070175 1.8783473306596439 0.015339347115945588 2.7015128749845845 0.04617540417365879 108.10820798081204 6.6165206864934305 0.38471592492599316 0.015520579970505294 2.7180686869194566 0.04464320810944888 7.791361353401253 1.9015640544047039 0.015479545850568295 2.697788935600164 0.045897815101276315 12.122166851127602 12.273039882798455 -0.5365730246399494
-18.49624060150376 1.8764582016732172 0.015587561395037485 2.6848760957242956 0.0462714642360785 110.92675456596271 6.849458390731996 0.40243720061756677 0.01577349564080505 2.701797391442377 0.04466868250986062 7.787270026902708 1.8997484386377101 0.015730548860191186 2.6811158306107 0.045984304165084686 12.141810072337407 12.295194834199567 -0.5437617571054147
-18.395989974937343 1.8745399851501796 0.015839087299883883 2.6682117557423677 0.04636995457383817 113.79159694287046 7.088752167118088 0.4208269967134555 0.016029853294658187 2.6855053187274907 0.04469385029630241 7.783101126074169 1.8979026357227986 0.01598490366164229 2.6644150640263464 0.04607302152647508 12.15917398896636 12.315075921218671 -0.551107665965219
-18.295739348370926 1.8725923439230603 0.01609394124711381 2.6515205482689237 0.0464709740632757 116.70234196406773 7.334501483436611 0.4399055135072672 0.016289673348572415 2.669193247714609 0.044718714453380305 7.778853284048269 1.8960262646516814 0.016242626518229986 2.647687330369894 0.046164063968875145 12.17420566878261 12.332627753455494 -0.5586137327952088
-18.195488721804512 1.8706149410863036 0.016352138642140652 2.6348031641804317 0.046574624509464896 119.65852414002438 7.586803139758075 0.4596932865481989 0.016552975345134183 2.6528619547930163 0.044743277937887314 7.774525113925077 1.8941189440244144 0.016503732640775624 2.6309333219449127 0.04625753128360762 12.186852516182789 12.347795142263683 -0.5662829957968825
-18.095238095238095 1.8686074401683974 0.01661369383393734 2.6180602921635243 0.046681010717545525 122.65960255172513 7.845750943679917 0.4802111732041908 0.01681977791268061 2.636512213893237 0.04476754367894943 7.770115208638923 1.8921802922341762 0.016768236140664992 2.6141537290037977 0.046353526347425116 12.197062357930392 12.36052318490918 -0.5741185506811348
-17.99498746867168 1.8665695053093845 0.016878620069067058 2.601292618881068 0.04679024056466749 125.70495775161726 8.11143537114225 0.5014803375523854 0.017090098724372192 2.620144796577532 0.044791514578178926 7.76562214083139 1.890209927658672 0.01703614998213454 2.5973492399181506 0.04645215520086852 12.204783532844843 12.370757353063926 -0.5821235515455783
-17.894736842105264 1.8645008014437787 0.017146929444998987 2.584500829140465 0.04690242507248696 128.7938886630841 8.383943212896071 0.5235222335209982 0.017363954456696938 2.603760472128976 0.0448151935098319 7.761044462730903 1.888207468858217 0.017307485933824616 2.5805205413514773 0.04655352712739076 12.20996498544572 12.378443585676774 -0.5903012117462367
-17.794486215538846 1.8624009944888895 0.01741863286274101 2.567685606064236 0.047017678480136604 131.9256094885286 8.66335720669997 0.5463585862018704 0.017641360747437596 2.5873600076390684 0.04483858332097296 7.756380706039238 1.886172534780538 0.017582254519632867 2.5636683184342512 0.04665775473316936 12.212556363543582 12.383528386250786 -0.5986548047736733
-17.694235588972433 1.8602697515385525 0.01769373997882478 2.5508476312628834 0.047136118317597134 135.09924663744778 8.949755655428731 0.5700113712573028 0.01792233215313773 2.5709441680937406 0.044861686831645625 7.751629381825371 1.8841047449723245 0.017860464968907922 2.5467932549413512 0.04676495402753071 12.212508119748662 12.385958924540644 -0.6071876651163279
-17.593984962406015 1.8581067410622543 0.017972259156681047 2.5339875850100686 0.04725786547937533 138.31383568650017 9.243212031336583 0.5945027923446446 0.018206882106103845 2.554513716457682 0.04488450683504562 7.746788980427072 1.8820037197975616 0.018142125166023825 2.529896033471895 0.04687524450389359 12.209771616854063 12.385683142666073 -0.6159031891157838
-17.493734335839598 1.8559116331096355 0.018254197417446844 2.5171061464201125 0.04738304429841077 141.56831838480184 9.543794566830513 0.6198552564870283 0.018495022870984028 2.5380694137568782 0.044907046097702255 7.7418579713606475 1.8798690806626523 0.01842724159937981 2.512977335631498 0.046988749221150455 12.204299237023822 12.382649865613212 -0.6248048358155529
-17.393483709273184 1.8536840995203379 0.018539560390249257 2.500203993627862 0.0475117826200996 144.8615397181793 9.851565832170223 0.6460913473192648 0.018786765500966484 2.521612019159247 0.04492930735966262 7.73683480323926 1.8777004502483363 0.018715819309873635 2.4960378422169667 0.047105594885377 12.196044494701802 12.376808916079625 -0.6338961278042348
-17.293233082706767 1.8514238141391632 0.01882835226201363 2.483281803970908 0.04764421187634288 148.19224504720455 10.166582300621826 0.6732337961427106 0.01908211979364357 2.505142290053278 0.044951293334681924 7.731717903700262 1.8754974527483954 0.019007861838901983 2.479078233403449 0.04722591193176595 12.184962153126685 12.368111233593245 -0.6431806520346299
-17.19298245614035 1.849130453036491 0.01912057572684787 2.466340254174221 0.04778046715949586 151.5590773348706 10.488893901713595 0.7013054507290122 0.019381094246590215 2.4886609821245727 0.04497300671041717 7.726505679342011 1.873259714115133 0.01930337117594116 2.4620991889340833 0.04734983460667151 12.17100834432088 12.356508997807932 -0.6526620606407505
-17.092731829573935 1.8468036947338933 0.019416231935057746 2.4493800205371823 0.0479206872961127 154.96057448046417 10.81854356333099 0.7303292418162443 0.019683696012708404 2.4721688494301657 0.04499445014862642 7.7211965156705915 1.8709868623115895 0.019602347705769917 2.4451013883121337 0.04747750104964184 12.154140692387136 12.341955755854581 -0.6623440717289668
-16.992481203007518 1.8444432204348826 0.01971532044185212 2.4324017791230577 0.048065014920348 158.39516677680876 11.155566743490851 0.7603281472463238 0.019989930855392253 2.455666644470519 0.04501562628537204 7.7157887770569555 1.8686785275704545 0.019904790155395573 2.4280855109956567 0.04760905337530053 12.134318439926869 12.32440655359708 -0.672230470160855
-16.892230576441104 1.8420487142607056 0.02001783915580001 2.415406205950939 0.04821359654688568 161.86117450971005 11.49999095281811 0.7913251537045967 0.020299803103571063 2.4391551182590985 0.045036537731226844 7.71028080670494 1.8663343426596182 0.020210695540753183 2.411052236594726 0.04774463775494734 12.111502577359829 12.303818070610092 -0.6823251083037576
-16.791979949874687 1.8396198634910892 0.020323784287106197 2.398393977190139 0.04836658264325424 165.3568057183611 11.85183526880823 0.8233432160252789 0.02061331560669106 2.4226350203893805 0.04505718707148603 7.704670926630678 1.8639539431542895 0.02052005911324681 2.3940022450711838 0.047884404497723757 12.085655974895802 12.280148758663437 -0.692631906768213
-16.69172932330827 1.8371563588098336 0.020633150295774758 2.3813657693571013 0.04852412770137385 168.88015413664857 12.211109843124916 0.856405214038486 0.020930469689698663 2.4061070990992217 0.04507757686638207 7.698957437653883 1.8615369677155966 0.020832874306208973 2.376936216941015 0.04802850813118422 12.056743516879008 12.253358983465825 -0.7031548551198625
-16.591478696741856 1.8346578945551344 0.020945929839734766 2.364322259514807 0.048686390308176716 172.42919733593112 12.577815403312258 0.8905339069438925 0.021251265108092405 2.3895721013324347 0.04509770965130232 7.693138619401576 1.8590830583755693 0.021149132681359508 2.3598548334792837 0.048177107481103126 12.024732238191767 12.2234111693841 -0.7138980125560579
-16.49122807017544 1.8321241689744963 0.021262113723005828 2.347264125474718 0.048853533215132264 176.001795090639 12.951942750456709 0.9257518852089334 0.021575700003112097 2.3730307727974775 0.04511758793701165 7.687212730324728 1.8565918608283838 0.021468823875345256 2.3427587769277003 0.048330365750346875 11.989591462371411 12.190269946813475 -0.7248655085581959
-16.390977443609025 1.8295548844840985 0.021581690843984973 2.3301920460012604 0.049025723406498016 179.5956879883363 13.333472254452573 0.9620815199993814 0.021903770857137798 2.356483858023128 0.04513721420987793 7.68117800772841 1.8540630247277414 0.02179193554645025 2.3256487307048017 0.04848845059661616 11.951292941060077 12.153902301840919 -0.7360615435069917
-16.290726817042607 1.8269497479324506 0.021904648143941077 2.313106701018854 0.049203132166108964 183.2084963063719 13.722373348676115 0.9995449101641669 0.022235472449373763 2.33993210041103 0.045156590932099915 7.675032667815971 1.851496203990227 0.02211845332156778 2.308525379618776 0.04865153420885723 11.90981099437248 12.114277727802047 -0.7474903892630778
-16.19047619047619 1.8243084708681594 0.022230970555806 2.2960087718215187 0.04938593514250884 186.83771917807212 14.118604026057625 1.0381638268137152 0.022570797811895107 2.323376242284978 0.04517572054193799 7.668774905747839 1.8488910571044839 0.022448360743530696 2.2913894100829135 0.048819793382142256 11.86512265173148 12.071368378288087 -0.7591563897104834
-16.090225563909776 1.8216307698116245 0.02256064095335683 2.278898941285043 0.04957431241221445 190.4807340707157 14.52211033861036 1.0779596555402038 0.02290973818613824 2.306817024936826 0.045194605453951237 7.662402895715484 1.8462472474460139 0.022781639218903343 2.2742415103337215 0.04899340959078751 11.817207792686913 12.02514922112559 -0.7710639612440673
-15.989974937343359 1.8189163665304606 0.022893640100886556 2.2617778940817344 0.049768448540895294 194.13479659879022 14.932825902716957 1.1189533363526323 0.023252282979918503 2.290255188668894 0.04521324805923109 7.655914791031175 1.8435644435974072 0.02311826796633503 2.257082370651677 0.04917256905948135 11.766049287197967 11.97559819280116 -0.7832175932295513
-15.889724310776943 1.8161649883184163 0.023229946603465137 2.2446463168977444 0.0499685326422412 197.79704069490504 15.350671412527447 1.1611653014095296 0.02359841972506107 2.273691472832745 0.045231650725643266 7.649308724234083 1.8408423196737709 0.023458223965590504 2.2399126835846386 0.04935746283217848 11.711633134824845 11.922696352769414 -0.7956218483930684
-15.789473684210527 1.8133763682775705 0.023569536857896874 2.227504898652977 0.050174758434277086 201.46447916129546 15.775554164026602 1.2046154106560722 0.023948134035734193 2.2571266158642005 0.04524981579806998 7.6425828072133655 1.8380805556531181 0.023801481907365616 2.2227331441738887 0.04954828683850367 11.653948602243041 11.86642803703469 -0.8082813631708063
-15.68922305764411 1.8105502456035423 0.023912385004483647 2.21035433072356 0.050387324292878545 205.13400462399136 16.20736759242044 1.249322885488087 0.024301409567575805 2.240561355314479 0.045267745598652584 7.635735131348838 1.835278837711455 0.024148014144010237 2.2055444501828245 0.049745241957391266 11.592988358459547 11.806781010362826 -0.8212008479865744
-15.588972431077694 1.8076863658734608 0.02425846287970759 2.1931953071668846 0.050606433302219145 208.80239091153112 16.645990825652632 1.2953062405885007 0.024658227977707184 2.2239964278773114 0.045285442427040176 7.628763767669859 1.8324368585622843 0.024497790641276235 2.1883473023282565 0.049948534077692834 11.528748607082974 11.743746616430263 -0.8343850874762211
-15.488721804511279 1.804784481336405 0.024607739969950762 2.1760285249491917 0.050832293301886114 212.46629487874452 17.091288256924997 1.342583214097877 0.025018568885729616 2.207432569411912 0.04530290856063725 7.6216667670330605 1.8295543178002174 0.024850778931218814 2.171142404514324 0.050158374155440597 11.461229214966547 11.677319925191316 -0.8478389406395195
-15.388471177944862 1.8018443512060163 0.024960183366372755 2.1588546841756795 0.051065116930373154 216.1222586959584 17.543109139273525 1.391170696308089 0.025382409835801804 2.190870514961672 0.045320146254854365 7.614442160319556 1.8266309222483756 0.025206944066380393 2.1539304640689685 0.05037497826747745 11.39043383652073 11.607499876696993 -0.8615673409159399
-15.288220551378446 1.7988657419549745 0.025315757721071024 2.1416744883231247 0.05130512166465556 219.76671262185232 18.001287205265356 1.441084657083161 0.02574972625989807 2.174310998768436 0.045337157743361646 7.607087958652301 1.823666386309235 0.02556624857538874 2.136712191982977 0.05059856766112185 11.316370032966978 11.534289420572676 -0.8755752961887993
-15.18796992481203 1.7958484276110005 0.025674425204652043 2.1244886444749675 0.0515525298555413 223.3959782775621 18.465640315027912 1.4923400722389006 0.026120491442348782 2.157754754282244 0.045353945238340736 7.59960215363423 1.8206604323185447 0.025928652420109367 2.119488303151522 0.05082936879953904 11.239049385783712 11.457695650328487 -0.8898678886951643
-15.087719298245615 1.792792190054042 0.026036145465345023 2.1072978635588275 0.05180756875847577 227.0062724373413 18.935970135830843 1.544950849130639 0.02649467648576642 2.141202514166381 0.045370510930741785 7.59198271760785 1.817612790901929 0.02629411295448754 2.1022595166181763 0.051067613402474676 11.158487603580381 11.377729931646492 -0.9044502748612899
-14.9874686716792 1.7896968193142782 0.026400875589792528 2.0901028605864247 0.05207047055946818 230.59371134930325 19.412061856491235 1.5989297517208714 0.026872250278461463 2.124655010297614 0.04538685699054057 7.584227603936955 1.8145232013337722 0.026662584885229403 2.085026555821335 0.05131353848198098 11.074704621622608 11.294408023773492 -0.919327685027497
-14.887218045112782 1.7865621138705627 0.02676857006565585 2.072904354895819 0.052341472395794515 234.15431559803505 19.89368393993516 1.6542883254238547 0.02725317946345399 2.1081129737614908 0.04540298556699494 7.576334747311126 1.8113914118979397 0.027034020234464256 2.0677901488430126 0.05156738637277433 10.98772469322376 11.20775019312007 -0.9345054230790879
-14.786967418546366 1.78338788094891 0.027139180746175783 2.0557030703959427 0.052620816371119476 237.68401551760212 20.380587917166693 1.711036822038122 0.027637428409187453 2.091577134842533 0.04541889878890561 7.568302064073697 1.8082171802498914 0.027408368304537904 2.0505510286599127 0.05182940475682733 10.897576472216238 11.117781318160707 -0.9499888659726139
-14.68671679197995 1.7801739368206144 0.027512656816831352 2.038499735813328 0.05290874956467012 241.17865716144956 20.872508225925273 1.7691841251030127 0.02802495918205183 2.0750482230092206 0.04543459876487576 7.560127452573868 1.8050002737797075 0.02778557564509109 2.0333099333967226 0.052099846681793884 10.804293085717454 11.02453098472159 -0.9657834631412356
-14.586466165413533 1.7769201070995682 0.027888944764242106 2.0212950849409728 0.05320552403407402 244.63400883271333 21.369162097250708 1.8287376760339258 0.028415731520823554 2.058526966893616 0.045450087583571996 7.551808793543637 1.80174046997553 0.028165586022575316 2.016067606581522 0.05237897057286064 10.707912196416387 10.928033570737707 -0.9818947357798891
-14.486215538847118 1.7736262270383487 0.02826798834746136 2.004089856889243 0.053511396811470456 248.04576817478346 21.87024949304258 1.8897034014040572 0.02880970281312997 2.0420140942654945 0.04546536731398499 7.543343950500245 1.7984375567868964 0.028548340392361142 1.9988247974032365 0.05266704023758094 10.608476053619375 10.828328319573272 -0.9983282760059637
-14.385964912280702 1.7702921418225985 0.02864972857180925 1.986884796338712 0.05382662989248943 251.40956981929912 22.37545309764873 1.9520856417620196 0.029206828074045885 2.025510332000839 0.04548044000569364 7.534730770174791 1.7950913329874325 0.02893377687359867 1.981582260970981 0.05296432486326487 10.506031532315703 10.72545940100638 -1.0150897458800614
-14.285714285714286 1.7669177068632427 0.029034103665396212 1.9696806537948341 0.05415149021767466 254.7209935846763 22.884438366328453 2.015887082385008 0.029607059926928466 2.0090164060445876 0.04549530768912584 7.525967082967734 1.791701608536333 0.02932183072698745 1.9643407585752422 0.05327109900645631 10.400630159553058 10.619475959006223 -1.0321848762826846
-14.18546365914787 1.7635027880860474 0.029421049058488535 1.9524781858443205 0.05448624964592181 257.97557321462955 23.39685363326403 2.081108686379058 0.030010348586597402 1.9925330413674716 0.04550997237582228 7.517050703431922 1.7882682049380585 0.029712434335615264 1.947101057950672 0.053587642574032 10.292328127446613 10.510432145455662 -1.0496194656416264
-14.085213032581454 1.7600472622180185 0.02981049736586828 1.93527815541308 0.05483118491948577 261.16880564229837 23.912330281596155 2.147749630549201 0.03041664184496437 1.9760609619168275 0.0455244360586989 7.50797943078385 1.784790955599635 0.030105517189026952 1.9298639335404342 0.05391424079543908 10.181186292188823 10.398387139013346 -1.0673993784956224
-13.984962406015038 1.756551017070134 0.03020237837234017 1.9180813320255803 0.05518657762010706 264.29616076147727 24.4304829777047 2.2158072444673027 0.03082588505921545 1.9596008905612585 0.04553870071230979 7.498751049443798 1.7812697061849465 0.03050100587068267 1.9126301667618875 0.054251184185575604 10.067270158475193 10.28340514835392 -1.085530543887785
-13.884711779448622 1.7530139518158736 0.030596619021538107 1.9008884920654556 0.05555271411578103 267.3530916821926 24.95090997167246 2.2852769531686974 0.031238021142647728 1.943153549028995 0.045552768293110654 7.489363329605526 1.7777043149653706 0.030898824048962586 1.895400546273421 0.05459876849780316 9.950649848820637 10.16555539908074 -1.1040189535891614
-13.784461152882205 1.7494359772650208 0.030993143408183446 1.8837004190371844 0.05592988549770016 270.3350454437908 25.47319346557606 2.3561522239107133 0.03165299055825927 1.9267196578398444 0.04556664073972021 7.479814027836176 1.774094653166105 0.03129889247188233 1.878175868242295 0.054957294666570976 9.831400057301748 10.044912103672859 -1.1228706601223166
-13.68421052631579 1.7458170161321789 0.03139187277394609 1.866517903828628 0.05631838750687697 273.2374741543207 25.996900050893828 2.4284245174214547 0.03207073131518852 1.9102999362306035 0.04558031997318294 7.4701008877070185 1.7704406053075086 0.03170112896567018 1.8609569366132201 0.055327068739121375 9.709599987333158 9.92155441389569 -1.1420917745963948
-13.583959899749374 1.7421570032994458 0.03179272550705811 1.849341744974235 0.05671852044994236 276.05584652070206 26.52158121594715 2.5020832440605947 0.03249117896809659 1.8938951020738 0.04559380789722982 7.460221640455699 1.766742069540766 0.03210544843736471 1.8437445633774703 0.055708401795724775 9.585333273164377 9.795566355192939 -1.161688464331121
-13.483709273182958 1.738455886072683 0.03219561714582785 1.832172748918639 0.057130589103619504 278.785659730136 27.046773923910735 2.5771157253051302 0.03291426661958257 1.87750587178965 0.045607106398539946 7.450174005680591 1.7629989579771699 0.0325117628815839 1.8265395688422694 0.05610160985789994 9.458687884864045 9.66703674266221 -1.1816669502655373
-13.383458646616543 1.7347136244308008 0.032600460386199626 1.8150117302804316 0.05755490260734434 281.42245163886514 27.572001261474853 2.6535071609557295 0.033339924925716885 1.8611329602511213 0.045620217346999156 7.439955692067868 1.7592111970102997 0.032919981391615845 1.8093427819001906 0.05650701378404033 9.329756016652478 9.536059078320497 -1.2020335041363523
-13.283208020050125 1.7309301912674824 0.033007165093501406 1.7978595121158087 0.05799177434350835 283.96181322072414 28.096773157826505 2.731240602444264 0.03376808210477527 1.8447770806819763 0.04563314259595958 7.4295643981519035 1.7553787276303727 0.033330010174977755 1.7921550402982467 0.05692493915188692 9.198633958535309 9.402731429466176 -1.2227944454144222
-13.18295739348371 1.7271055726247524 0.03341563831851956 1.780716926181796 0.0584415218047872 286.39940122378607 28.620587173111772 2.810296932596822 0.03419866394924959 1.828438944547691 0.045645883982495694 7.418997813109551 1.7515015057300127 0.0337417525735791 1.7749771909063865 0.05735571612724731 9.06542195129185 9.267156288060914 -1.2439561380027158
-13.082706766917294 1.7232397679178033 0.033825784318034964 1.7635848131987317 0.05890446644800556 288.730950980256 29.14292935508955 2.890654852183016 0.03463159384120749 1.812119261439143 0.04565844332766278 7.408253617588878 1.747579502400694 0.03415510908863622 1.7578100899850222 0.057799679318384006 8.93022402497616 9.129440411172405 -1.265524986653304
-12.982456140350877 1.7193327901504878 0.03423750457995059 1.7464640231116562 0.05938093353399463 290.9522893113667 29.663275162181534 2.9722908735511595 0.035066792771066974 1.7958187389489766 0.04567082243674921 7.397329484572886 1.7436127042190959 0.03456997741045537 1.740654603451244 0.05825716761546191 8.793147821193347 8.989694642640366 -1.2875074331304859
-12.882205513784461 1.7153846661208694 0.03465069785313531 1.7293554153502388 0.059871251952875744 293.0593474661281 30.181090450611705 3.0551793216134784 0.03550417935984605 1.7795380825405323 0.0456830230995307 7.386223080278728 1.7396011135226028 0.03498625245322082 1.7235116071433174 0.05872852401445933 8.654304399525476 8.848033716259636 -1.309909952073781
-12.781954887218046 1.7113954366162492 0.0350652601821026 1.7122598590868243 0.06037575403421421 295.0481740303825 30.695832522835147 3.1392923424085115 0.03594366988494152 1.7632779954092621 0.04569504709052035 7.3749320650929056 1.7355447486731768 0.03540382639489779 1.7063819870830244 0.05921409542492494 8.51380802858869 8.704576040902081 -1.3327390465707367
-12.68170426065163 1.7073651565970611 0.035481084946636016 1.695178233492192 0.060894775341473716 296.91494774050614 31.20695123394853 3.224599919426153 0.0363851783094834 1.7470391783365433 0.04570689616921897 7.36345409454292 1.7314436443088326 0.0358225887223644 1.6892666397354272 0.05971423246097445 8.371775962315237 8.559443468132642 -1.3560012434140845
-12.581453634085214 1.70329389536905 0.03589806290646662 1.6781114279885427 0.06142865445020149 298.65599013460746 31.713890152289054 3.311069897836619 0.03682861631530533 1.7308223295358094 0.04571857208036057 7.351786820305788 1.727297851581938 0.03624242628186971 1.67216647226554 0.06022928921490626 8.228328202162627 8.41276104300659 -1.3797030880426178
-12.481203007518797 1.6991817367431399 0.03631608225109931 1.6610603424992278 0.06197773270937536 300.2677779729348 32.21608776994 3.3986680167163685 0.03727389333956301 1.7146281444909282 0.04573007655415786 7.339927891253828 1.723107438383567 0.03666322333491768 1.6550824027913904 0.060759623012825184 8.083587246059212 8.264656738868368 -1.403851139134872
-12.380952380952381 1.695028779182417 0.036735028654876434 1.6440258876947091 0.06254235398533624 301.7469553586518 32.71297875840136 3.4873579493143056 0.0377209166150246 1.698457315786758 0.04574141130654432 7.327874954538094 1.71887248955314 0.037084861619650716 1.6380153606329593 0.06130559415165208 7.937677825000368 8.115261177099569 -1.4284519628631642
-12.280701754385966 1.6908351359356422 0.03715478533735806 1.6270089852341585 0.06312286438774388 303.09034549040894 33.203995264265686 3.5771013513509473 0.03816959121404985 1.6823105329318317 0.045752578039412295 7.315625656709764 1.7145931070725846 0.03750722041781247 1.6209662865563483 0.06186756561690977 7.790726628307149 7.964707332890369 -1.4535121267792874
-12.180451127819548 1.6866009351567381 0.03757523312908843 1.6100105680021284 0.06371961197697676 304.29496197848584 33.68856823931104 3.6678579172879524 0.03861982009626454 1.6661884821731032 0.04576357844085134 7.303177644879774 1.7102694102442597 0.037930176627347545 1.6039361330126072 0.062445902780678485 7.6428620186562 7.813130228227414 -1.4790381933243566
-12.080200501253133 1.6823263200096947 0.03799625054280729 1.5930315803396433 0.06433294645242241 305.3580196578022 34.166128799077555 3.7595854444527506 0.03907150415992903 1.6500918463027388 0.04577441418538049 7.290528567916976 1.7059015358519054 0.03835360484068811 1.5869258643705266 0.06304097307910946 7.4942137380741976 7.660666613405577 -1.505036712949277
-11.979949874686717 1.6780114487583482 0.03841771385015429 1.5760729782690381 0.06496321882109309 306.2769448327433 34.63610960365055 3.8522399048469227 0.03952454229698991 1.6340213044568903 0.04578508693417915 7.277676077684976 1.7014896383038798 0.038777377428764845 1.5699364571426986 0.06365314566890638 7.344912606172175 7.507454638474258 -1.5315142168302032
-11.879699248120302 1.673656494840512 0.03883949716390202 1.5591357297118356 0.06561078104602125 307.04938489137703 35.097946254106944 3.945775524413593 0.039978831451794476 1.6179775319064527 0.04579559833531347 7.264617830317856 1.6970338897579689 0.039201364630767 1.5529689002041085 0.06428279106218701 7.195090211964724 7.353633516125204 -1.558477209163982
-11.779448621553886 1.6692616469259556 0.03926147252574144 1.5422208146989005 0.0662759856738886 307.6732172295507 35.551078697836914 4.040144869483778 0.04043426668343739 1.6019611998397765 0.045805950023960096 7.251351487534843 1.692534480227071 0.039625434649656816 1.5360241950024593 0.06493028073915066 7.044878600681821 7.1993431776113646 -1.5859321590379523
-11.679197994987469 1.6648271089577287 0.03968350999963022 1.5253292255720696 0.06695918544136828 308.1465574290577 35.99495263578123 4.13529894006962 0.0408907412317 1.5859729751373342 0.045816143622626274 7.237874717994059 1.6879916176650787 0.04004945375344184 1.5191033557594127 0.06559598673798911 6.894409957030413 7.044723923361661 -1.613885491845906
-11.578947368421053 1.6603531001763798 0.04010547777070087 1.5084619671764088 0.06766073285965596 308.46776663833725 36.429020924516365 4.231187269623073 0.04134814658653129 1.5700135201383498 0.04582618074136525 7.224185198685256 1.6834055280322981 0.04047328638217719 1.5022074096618294 0.06628028122150552 6.743816286405086 6.889916070010687 -1.6423435802518611
-11.478696741854638 1.6558398551266011 0.040527242249711104 1.491620057042215 0.06838097977669727 308.6354581086141 36.852744966026876 4.327758030827049 0.04180637256101002 1.5540834923994087 0.045836062977987584 7.210280616361582 1.6787764553397828 0.04089679526066897 1.4853373970421413 0.06698353601990549 6.593229095573511 6.7350595956134685 -1.6713127346766896
-11.37844611528822 1.6512876236459015 0.04094866818300453 1.4748045255558002 0.06912027691663085 308.6485028438131 37.26559607803513 4.424958146944269 0.0422653073677171 1.5381835444450689 0.045845791918269506 7.196158669010223 1.674104661671974 0.04131984151682563 1.4684943715468264 0.06770612214927084 6.442779074379326 6.580293784840544 -1.70079919329811
-11.278195488721805 1.646696670834891 0.04136961876793405 1.4580164161180913 0.06987897339598591 308.50603432804024 37.6670568378014 4.522733408205562 0.042724837698435866 1.5223143235105343 0.04585536913615512 7.181817067361745 1.6693904271870814 0.04174228480558583 1.451679400291989 0.0684484093052311 6.29259578000915 6.425756875966795 -1.7308091115567095
-11.177944862155389 1.6420672770088207 0.041789955773684884 1.441256785289979 0.07065741621620493 308.2074523003891 38.05662239243182 4.621028592682264 0.04318484880708864 1.5064764712764158 0.045864796193955754 7.167253536437949 1.6646340500946657 0.04216398343834761 1.434893564004956 0.06921076533139088 6.1428073253604225 6.271585711467303 -1.7613485511387807
-11.077694235588973 1.6373997376300427 0.04220953966741775 1.4245267029233348 0.07145594973207824 307.7524255531269 38.433801728917345 4.719787591054406 0.043645224595806206 1.4906706235956724 0.045874074642542506 7.152465817137895 1.6598358466099188 0.04258479451778247 1.4181379571507624 0.06999355566208942 5.993540073026682 6.117915394015311 -1.7924234684475664
-10.977443609022558 1.6326943632210744 0.04262822974563587 1.4078272522765451 0.07227491509571987 307.1408937357682 38.79811889736055 4.818953534657462 0.044105847704017015 1.4748974102127974 0.04588320602153593 7.137451667861769 1.6549961508841833 0.04300457407792936 1.401413688042346 0.07079714273911326 5.844918336381535 5.964878949649409 -1.8240397025241464
-10.87719298245614 1.627951479258004 0.043045884270663005 1.391159530113349 0.07311464967573553 306.37306815432237 39.14911418116111 4.918468926169279 0.04456659960043234 1.4591574544753503 0.04589219185948874 7.122208866172126 1.650115314911286 0.04342317722941643 1.384721878933192 0.07162188540201742 5.697064089197746 5.812606999825856 -1.8562029624310412
-10.776942355889725 1.6231714260439962 0.04346236061210179 1.3745246467837324 0.0739754864512795 305.44943156165266 39.486345208264495 5.018275772279047 0.045027360677792845 1.4434513730379344 0.04590103367406483 7.106735210492044 1.6451937084093091 0.04384045830966473 1.3680636660911505 0.07246813825175168 5.550096685179317 5.661227444014439 -1.8889188140674378
-10.67669172932331 1.6183545585627017 0.04387751539312444 1.3579237262855481 0.07485775338073147 304.37073694178054 39.80938799799315 5.11831571766977 0.045488010350232866 1.4277797755587511 0.04590973297221116 7.091028521839574 1.6402317186774642 0.044256271037891044 1.351440199852073 0.07333625098732861 5.404132588716191 5.510865154417713 -1.9221926664198463
-10.576441102756892 1.6135012463114036 0.044291204641429806 1.3413579063054932 0.07576177274477222 303.1380052977662 40.11783793843105 5.218530179640069 0.045948427153107395 1.4121432643888667 0.045918291250325094 7.07508664559784 1.6352297504277844 0.04467046867471856 1.3348526446518187 0.07422656771533749 5.259285118091887 5.361641684304135 -1.9560297572322156
-10.476190476190476 1.608611873113784 0.044703283944682856 1.3248283382380137 0.07668786046367909 301.7525224592674 40.41131068979935 5.318860482688264 0.04640848884511855 1.3965424342543369 0.04592670999441567 7.058907453320074 1.6301882255914044 0.04508290418618307 1.3183021790352243 0.07513942623213023 5.11566420228636 5.213674991346866 -1.9904351380870935
-10.37593984962406 1.60368683691223 0.045113608610234834 1.308336187180631 0.07763632538872368 300.2158349326157 40.689443009819264 5.419247992391314 0.04686807251256785 1.380977871931368 0.04593499068025876 7.042488844568738 1.6251075830992379 0.045493430411902236 1.3017899956404415 0.07607515727860117 4.97337615241866 5.067079177243235 -2.0254136588909546
-10.275689223057645 1.5987265495396357 0.0455220338289036 1.2918826319041492 0.07860746856759823 298.5297448221754 40.95189349757567 5.519634247917911 0.04732705467555216 1.3654501559146928 0.045943134773545745 7.025828748787864 1.619988278636932 0.045901900237154 1.2853173011571055 0.07703408376750524 4.8325234487705675 4.921964244770912 -2.0609699517618765
-10.17543859649123 1.5937314364707167 0.04592841484257628 1.2754688647961305 0.07960158248386477 296.6963038578752 41.198343252999834 5.619961092535291 0.047785311395912716 1.3499598560793622 0.045951143730026345 7.008925127207633 1.6148307843740228 0.046308166768603914 1.2688853162566458 0.0780165199833608 4.693204544221338 4.778435873304041 -2.0971084143018857
-10.075187969924812 1.5887019365528747 0.04633260711537782 1.2590960917759606 0.08061895027048661 294.71780656915297 41.428496449663044 5.7201708014885515 0.0482427183867378 1.3345075333361747 0.045959018995644314 6.991775974780088 1.6096355886672762 0.04671208351338161 1.252495275493065 0.07902277075502598 4.5555136848079 4.636595213674993 -2.1338331922674456
-9.974937343358397 1.58363850171672 0.04673446650813164 1.2427655321797841 0.081659844897564 292.5967826507386 41.64208081918486 5.820206206659306 0.04869915112321288 1.3190937392809752 0.04596676200666755 6.974379322144888 1.6044031957382598 0.0471135045612124 1.2361484271724197 0.08005313060113291 4.41954074800608 4.496538703125351 -2.1711481616192714
-9.874686716791981 1.5785415966663878 0.04713384945582064 1.2264784186135194 0.0827245283344746 290.33598857029415 41.838848046164244 5.920010817441079 0.04915448495460447 1.3037190158380687 0.04597437418980984 6.956733237623819 1.5991341253252551 0.0475122847692741 1.2198460331891443 0.08110788284862733 4.2853710992060075 4.3583579009417805 -2.209056909960566
-9.774436090225564 1.5734116985498428 0.04753061314773986 1.2102359967721055 0.08381325068670127 287.9383984720355 42.01857407314611 6.019528937304904 0.04960859521715718 1.28838389489803 0.04598185696234689 6.938835829242751 1.5938289123096654 0.04790827994943996 1.2035893688274046 0.08218729872476958 4.153085466731577 4.222139345223904 -2.2475627173624275
-9.674185463659148 1.5682492966094037 0.047924615710015085 1.194039525223092 0.08492624930770304 285.40719443401633 42.18105931572459 6.1187057755658545 0.05006135734767814 1.2730888979501882 0.04598921173222469 6.920685246779618 1.5884881063171619 0.04830134705755256 1.187379722525491 0.08329163642301443 4.022759835631174 4.087964431082805 -2.286668536577281
-9.573934837092732 1.5630548918127836 0.04831571639014549 1.1778902751526092 0.08606374788628757 282.74575613978124 42.32612878847226 6.217487553905421 0.050512646997577224 1.257834535710086 0.04599643989816047 6.902279683836917 1.583112271293849 0.04869134438435486 1.1712183956013158 0.08442114014331079 3.894465360344076 3.9559093104195293 -2.32637697264596
-9.473684210526317 1.5578289964649692 0.04870377574321242 1.1617895300717247 0.08722595551002321 279.9576500274835 42.45363214293377 6.315821607247064 0.050962340147127104 1.2426213077422466 0.04600354284973688 6.8836173799371165 1.5777019850578125 0.049078131747688915 1.1551067019369599 0.08557603910744346 3.768268296227977 3.826044813287997 -2.3666902619077064
-9.373433583959901 1.5525721338013314 0.049088655819381294 1.1457385854811277 0.08841306570534282 277.04661798142394 42.563443619462035 6.413656478630526 0.05141031321970345 1.2274497020785726 0.04601052196748756 6.864696622639304 1.5722578388264674 0.049461570685562194 1.139045967620189 0.086756546550153 3.644229949816148 3.698436390705329 -2.4076102504189976
-9.273182957393484 1.547284837562391 0.04947022035230936 1.1297387484920518 0.08962525545508528 274.0165656321925 42.65546191517448 6.51094200777808 0.051856443195762034 1.2123201948327518 0.046017378622976196 6.845515749675249 1.5667804367201903 0.04984152464966259 1.1230375305408509 0.08796285868688936 3.5224066475615246 3.573144078635887 -2.4491383717965505
-9.172932330827068 1.5419676515507268 0.04984833494805806 1.1137913374012964 0.09086268419433398 270.8715503322668 42.72960997077412 6.607629413094706 0.0523006077263078 1.1972332498110234 0.04602411417886719 6.826073151103059 1.5612703952427893 0.0502178591988965 1.1070827399399354 0.08919515365915562 3.4028497227184524 3.450222482746549 -2.4912756244953584
-9.072681704260653 1.5366211291705443 0.05022286727409631 1.0978976812181658 0.09212549278553406 267.6157688739827 42.78583467940893 6.70367136689412 0.052742685245608906 1.1821893181197176 0.046030729988988064 6.80636727147642 1.5557283427394155 0.05059044219250772 1.0911829559092063 0.0904535904585318 3.2856055199124214 3.32972078340899 -2.5340225485417136
-8.972431077694235 1.531245832950485 0.05059368724796893 1.0820591191411373 0.09341380247398179 264.253545016405 42.824106521136116 6.799022063691922 0.05318255508290839 1.1671888377699564 0.0460372273983853 6.786396612027394 1.550154918832605 0.05095914398232548 1.0753395488390458 0.09173830783060023 3.1707154168554745 3.2116827603100586 -2.577379201742872
-8.87218045112782 1.5258423340503016 0.05096066722519376 1.0662769999820063 0.09472771382491263 260.78931688660316 42.84441912690087 6.893637281456441 0.05362009757288562 1.1522322332799682 0.04604360774336998 6.766159732860599 1.5445507738371786 0.051323837603684176 1.059553898812409 0.0930494231601165 3.058215862578928 3.0961468359300777 -2.621345135393767
-8.771929824561404 1.5204112117520507 0.051323682185941445 1.050552681535273 0.09606730564354919 257.22762431937076 42.84678877623535 6.987474435754257 0.054055194164621886 1.1373199152754299 0.04604987235155712 6.745655255156581 1.5389165681548072 0.0516843989645481 1.0438273949425325 0.0943870313389161 2.9481384314776626 2.9831461370532892 -2.6659193695068666
-8.671679197994989 1.5149530529365343 0.05168260992004298 1.034887529890496 0.09743263387960141 253.57309619757382 42.83125383315031 7.080492626775801 0.054487727528824595 1.1224522800883214 0.04605602254189565 6.724881863382009 1.5332529716490992 0.05204070703235987 1.0281614346521672 0.09575120361819442 2.8405098923912444 2.872708573391844 -2.7111003676037626
-8.571428571428573 1.5094684515457235 0.05203733120986339 1.0192829186853476 0.09882373051786315 249.83043785293106 42.7978741248889 7.172652679268895 0.0549175816630688 1.1076297093547602 0.046062059624690906 6.703838307504313 1.5275606630021337 0.05239264401814246 1.012557422892064 0.09714198644693933 2.7353522918866253 2.7648569323336387 -2.756886011091126
-8.471177944862156 1.5039580080319805 0.05238773001057343 1.0037402282971046 0.10024060245669109 246.00441858436204 42.746730268382706 7.26391717545163 0.055344641994817166 1.0928525696123006 0.046067984901617565 6.6825234052082765 1.521840329053411 0.05274009555736324 0.9970167712964454 0.0985594002984509 2.632683050855864 2.6596089887619407 -2.80327357326928
-8.37092731829574 1.4984223287948977 0.05273369362734675 0.9882608449703231 0.10168323037631298 242.0998593480318 42.67792294936662 7.354250481015217 0.05576879548198458 1.0781212118972217 0.04607379966572573 6.660936044112004 1.5160926641222583 0.05308295088707997 0.981540897273224 0.10000343848705744 2.5325150734995012 2.5569776288453157 -2.8502596930084962
-8.270676691729324 1.4928620256066436 0.05307511288900719 0.9728461598784588 0.10315156759906587 238.12162066990055 42.591572159180636 7.443618764364093 0.056189930710818264 1.063435971342314 0.04607950520143651 6.6390751839796085 1.510318369314768 0.053421103018878445 0.966131223026747 0.10147406597726952 2.43485686773275 2.456970986657718 -2.897840348144314
-8.170426065162907 1.4872777150267198 0.05341188231764841 0.9574975681172486 0.10464553894382983 234.07459082807725 42.48781639432163 7.531990009275091 0.056607937990870695 1.0487971667757088 0.04608510278453135 6.616939858927896 1.5045181518164108 0.053754448907119445 0.9507891745108986 0.10297121818782298 2.339712676026552 2.359592592459827 -2.9460108286388618
-8.070175438596491 1.4816700178070747 0.05374390029374837 0.9422164676277014 0.10616503957709442 229.9636743485543 42.36681182379665 7.619334021187578 0.05702270944684908 1.0342051003212984 0.04609059368213122 6.5945291796242635 1.4986927241715033 0.054082889612009334 0.9355161803104387 0.10449479979319042 2.2470826156790005 2.2648415314560015 -2.9947657095662237
-7.969924812030076 1.4760395582885621 0.054071069216303023 0.9270042580465951 0.10770993386326147 225.79378085406918 42.22873142928822 7.705622427364979 0.05743413910713326 1.0196600570013155 0.046095979152667645 6.571842335472906 1.4928428035507573 0.05440633045701731 0.9203136704485025 0.10604468352535543 2.156962827504279 2.1727126118328033 -3.044098823980079
-7.86967418546366 1.4703869637897438 0.05439329565750502 0.9118623394824864 0.10928005421696575 221.5698143018477 42.073764123051234 7.790828671190744 0.0578421229887617 1.005162304341645 0.046101260445845685 6.548878596786433 1.4869691110081837 0.05472468118016661 0.9051830751183173 0.10762070897878999 2.0693456319257284 2.0831965408880975 -3.094003235727712
-7.769423558897245 1.464712863989085 0.05471049051149983 0.8967921112152815 0.11087519996037656 217.29666264204383 41.902113848359825 7.874928000884598 0.0582465591786946 0.9907120919804596 0.046106438802597766 6.525637316939866 1.4810723707286608 0.055037856078730955 0.8901258233372079 0.10922268142178242 1.9842196914661387 1.9962801080695816 -3.144471212283406
-7.669172932330827 1.4590178903015967 0.05502256913675621 0.8817949703175565 0.11249513618861719 212.97918792462684 41.713998667168056 7.957897452940532 0.05864734791117318 0.9763096512807761 0.04611151545502975 6.502117934503989 1.4751533092675089 0.05534577414688394 0.8751433415211498 0.11085037061742516 1.90157017864211 1.9119463737620517 -3.1954941976715077
-7.568922305764412 1.453302675251019 0.055329451491597056 0.8668723101959209 0.11413959264662743 208.62221687851613 41.50964983948745 8.039715830603528 0.059044391641004196 0.961955194947546 0.046116491626357656 6.4783199753549106 1.4692126547834536 0.05564835920585592 0.8602370519782256 0.11250350965776378 1.8213789482889737 1.8301748626890455 -3.2470627855590806
-7.468671679197996 1.4475678518386474 0.05563106226244558 0.8520255190508504 0.11580826262097715 204.23053198283253 41.289310898791754 8.120363677712763 0.05943759511260984 0.9476489166498937 0.046121368530836725 6.454243054756708 1.4632511362663783 0.05594554002616053 0.8454083713194543 0.11418179381480463 1.7436247133682625 1.7509417608277669 -3.2991666926076277
-7.368421052631579 1.441814052909931 0.05592733098435326 0.837255978253589 0.11750080185031857 199.80886304628484 41.05323672754386 8.19982324824604 0.05982686542469562 0.9333909906491318 0.04612614737368196 6.429886879413934 1.4572694827613006 0.05623725044147924 0.8306587087856931 0.11588487941223159 1.6682832233404536 1.6742201147772813 -3.3517947321673205
-7.268170426065163 1.4360419105199738 0.056218192153388906 0.8225650606388849 0.11921682745835263 195.36187930704233 40.801692636722976 8.278078471907099 0.060212112090399214 0.9191815714331896 0.04613082935098015 6.4052512494907505 1.4512684225900243 0.05652342945379716 0.8159894644894292 0.11761238272190434 1.5953274442207828 1.5999800325637203 -3.404934788412163
-7.167919799498748 1.4302520552991012 0.056503585330482935 0.8079541287125207 0.12095591691336474 190.89418206181045 40.53495345297705 8.355114916097117 0.06059324709279822 0.905020793358087 0.04613541564959407 6.380336060593406 1.4452486825719326 0.05680402132940555 0.8014020275705477 0.11936387888934474 1.5247277394750143 1.5281888849170964 -3.458573791016505
-7.067669172932332 1.424445115819641 0.056783455236336905 0.7934245327728243 0.12271760701856095 186.41029782951054 40.253302616791586 8.430919744614128 0.06097018493566554 0.8909087702971054 0.04613990744705854 6.355141305712775 1.4392109872454093 0.05707897568540685 0.7868977742653057 0.1211389008926445 1.4564520509545487 1.458811506106692 -3.5126976904755054
-6.967418546365916 1.4186217179650888 0.057057751837026084 0.7789776089455823 0.12450139293761453 181.91467205166413 39.95703129479514 8.505481673418801 0.06134284268937612 0.8768455952982989 0.04614430591146835 6.329667077123616 1.4331560580913751 0.05734824756637491 0.7724780658880955 0.12293693853934828 1.3904660791153367 1.3918103934794968 -3.5672914341824935
-6.867167919799499 1.4127824843028256 0.057326430419942974 0.7646146771320389 0.12630672725999942 177.41166332862713 39.64643750907146 8.578790923801703 0.06171114003188165 0.8628313402509993 0.046148612201358304 6.303913568237217 1.4270846127604355 0.05761179751084726 0.7581442467257543 0.12475743750606837 1.3267334618124749 1.3271459049041194 -3.6223389433774003
-6.766917293233083 1.4069280334615555 0.057589451659749435 0.7503370388699542 0.12813301911084898 172.90553818797986 39.321825286081705 8.650839173279454 0.06207499928468419 0.8488660555619614 0.04615282746557602 6.277881075404094 1.4209973643051401 0.05786959160735225 0.7438976418445075 0.12659979842573263 1.2652159510113383 1.2647764533833876 -3.6778230910842353
-6.666666666666668 1.4010589795146235 0.05784678167402861 0.7361459751080028 0.12997963331023693 168.40046637878888 38.98350382753938 8.721619504538559 0.0624343454437537 0.8349497698418036 0.04615695284314698 6.25156999966338 1.4148950204188413 0.058121601539692716 0.7297395548099745 0.12846337602751087 1.2058735868062087 1.2046586981602752 -3.7337256811648274
-6.5664160401002505 1.3951759313703782 0.0580983920683508 0.7220427438941237 0.13184588958691823 163.90051668309098 38.631786705322455 8.791126352735233 0.0627891062053485 0.8210824896023965 0.046160989463131734 6.224980848435538 1.408778282682642 0.058367804621238716 0.7156712653209854 0.13034747833460172 1.1486648681881062 1.14674773170358 -3.790027428616156
-6.466165413533835 1.389279492170724 0.058344259970493 0.7080285779788023 0.13373106185170297 159.40965323380112 38.26699108225445 8.859355451448158 0.06313921198671288 0.8072641989658372 0.046164938444476764 6.198114237155151 1.4026478458219058 0.0586081838180085 0.7016940267582992 0.13225136592520684 1.0935469200545158 1.0909972620211612 -3.846707941243608
-6.365914786967419 1.3833702586989967 0.05858436805357823 0.6941046823346295 0.13563437753575952 154.93173232633217 37.88943696034043 8.926303777568297 0.06348459594163926 0.7934948593856608 0.04616880089585761 6.1709708908403496 1.3965043969737854 0.05884272776034293 0.6878090636497269 0.1341742512621135 1.0404756560043231 1.0373597898097375 -3.903745702847459
-6.265664160401004 1.3774488207982878 0.05881870454792823 0.6802722315939124 0.13755501699924408 150.47049970949064 37.4994464578016 8.99196949539555 0.06382519397089793 0.779774409380923 0.0461725779155153 6.143551645595708 1.3903486149672128 0.05907143074301008 0.6740175690536069 0.13611529809640235 0.989405936511493 0.9857867800102326 -3.961118058062169
-6.165413533834588 1.3715157608013169 0.059047263241451965 0.6665323674065173 0.13949211301575026 146.02958833975106 37.09734311602685 9.056351900198118 0.06416094472755064 0.7661027642837832 0.04617627059108683 6.115857450045274 1.3841811696167614 0.059294292713607345 0.6603207018629456 0.13807362095089226 0.9402917221200683 0.9362288273956575 -4.018801198989792
-6.065162907268171 1.3655716529729347 0.05927004346842203 0.6528861957206064 0.1414447503381345 141.61251658173148 36.68345123734106 9.11945136147544 0.06449178961717908 0.7524798160012128 0.04617987999942843 6.087889366692559 1.378002721031772 0.05951131924915502 0.646719584033048 0.14004828468898048 0.8930862213511123 0.888635815875215 -4.076770153776124
-5.964912280701755 1.3596170629663167 0.05948705008652199 0.6393347839893765 0.1434119653513332 137.2226868366116 36.258095254279475 9.181269266149435 0.06481767279307275 0.7389054327914367 0.046183407206432825 6.059648573204318 1.3718139189420984 0.05972252152081521 0.6332152977359372 0.14203830417457453 0.8477420330585054 0.8429570712527878 -4.134998777271619
-5.86466165413534 1.3536525472938703 0.059698293442078644 0.6258791583074417 0.1453927458178067 132.86338457936904 35.82159913086532 9.241807961893597 0.06513854114643486 0.7253794590557133 0.046186853266841355 6.031136363614987 1.3656154020417919 0.059927916246692796 0.6198088824453519 0.14404264402884184 0.8042112830153134 0.7991415072295893 -4.193459743929708
-5.764411027568922 1.3476786528138707 0.059903789323426125 0.6125203004809858 0.14738603072125345 128.5377777850163 35.37428579620571 9.301070700793792 0.0654543442916775 0.7119017151460395 0.046190219224049145 6.002354149448757 1.3594077973520156 0.06012752563271534 0.6065013319566288 0.14606021848947162 0.7624457545551281 0.75713776449039 -4.252124543088968
-5.664160401002507 1.3416959162337847 0.060103558902380984 0.5992591450363828 0.14939071021421182 124.24891672348394 34.916476610546866 9.359061583517983 0.06576503454689107 0.6984719971893534 0.04619350610990624 5.973303460756295 1.3531917196044254 0.06032137730161729 0.593293591346359 0.14808989137812154 0.7223970131335438 0.7168943427592258 -4.310963476789198
-5.563909774436091 1.3357048636312285 0.06029762866384094 0.5860965761725065 0.15140562567511492 119.99973410246696 34.44849086378025 9.415785504157892 0.06607056690958515 0.6850900769287944 0.046196714944512586 5.943985947063217 1.3469677706462202 0.06050950421009117 0.5801865538771834 0.15013047618165307 0.6840165247133849 0.6783597257540791 -4.369945660267689
-5.463659147869675 1.3297060099934515 0.06048603032355383 0.5730334246625562 0.1534295698802829 115.79304553730545 33.97064530623969 9.47124809588873 0.06637089902780982 0.671755701582565 0.04619984673600879 5.914403378227487 1.3407365388680101 0.06069194455419624 0.567181057853778 0.1521807362526478 0.6472557679135894 0.6414824990110664 -4.429039025284808
-5.36340852130326 1.3236998587762208 0.06066880073413691 0.5600704647117781 0.15546128729621417 111.6315503269327 33.48325371150586 9.525455677579455 0.06666599116677867 0.6584685937209137 0.046202902480361956 5.884557645203033 1.3344985986556073 0.06086874166315497 0.5542778834365462 0.154239385134584 0.612066339895497 0.6062114605861224 -4.488210326419974
-5.2631578947368425 1.3176869014829187 0.06084598177946083 0.5472084107780788 0.15749947449739593 107.51783251495547 32.98662647081197 9.578415201470506 0.06695580617112545 0.6452284511617443 0.04620588316114762 5.854450760706964 1.3282545098667855 0.06103994388169718 0.5414777494202054 0.1563050870168691 0.578400055991809 0.5724957246771459 -4.547425150479114
-5.162907268170427 1.3116676172646429 0.061017620257547124 0.5344479143631168 0.15954278071465813 103.4543622151082 32.48107021854197 9.630134202022678 0.06724030942293681 0.6320349468853389 0.04620878974932734 5.8240848597878365 1.3220048173340038 0.06120560444114225 0.5287813099850502 0.15837645732472982 0.5462090431126131 0.5402848182412614 -4.606647929151919
-5.062656641604011 1.3056424725420412 0.06118376775216114 0.5217895607820692 0.16158980851887345 99.44349718059382 31.96688748821787 9.680620746026651 0.06751946879571388 0.6188877289686445 0.04621162320302324 5.793462200292616 1.3157500503940307 0.061365781319451806 0.5161891514291957 0.16045206344871352 0.5154458269895978 0.5095287707106179 -4.665841955044343
-4.962406015037594 1.29961192064958 0.06134448049331717 0.5092338659208705 0.16363911464454012 95.48748459717675 31.444376398292185 9.729883384050655 0.06779325460442426 0.6057864205395742 0.04621438446728827 5.762585163230012 1.309490722445346 0.061520537090504195 0.5037017888908537 0.16253042561827297 0.48606341334395964 0.4801781969362513 -4.724969401215915
-4.862155388471178 1.293576401502887 0.06149981920694471 0.49678127299033464 0.16568921095747535 91.58846308033941 30.91383036698972 9.777931103290431 0.06806163955181518 0.5927306197517235 0.046217074473874735 5.731456253028053 1.303227330534141 0.061669938762886026 0.49131966307010577 0.16461001792358337 0.45801536308561125 0.4521843735124209 -4.783991344333941
-4.761904761904763 1.2875363412897727 0.06164984895399909 0.4844321492871417 0.1677385655705 87.74846485731486 30.375537855384408 9.82477328187547 0.06832459867116639 0.579719899779896 0.04621969414099908 5.700078097683854 1.2969603549696649 0.061814057608518956 0.4790431369604166 0.166689269489371 0.4312558616710868 0.42549930865456953 -4.8428677915539
-4.661654135338347 1.2814921521854805 0.061794638959330614 0.4721867829722767 0.1697856041106006 83.9694181153793 29.829782137846287 9.870419644673584 0.06858210926566849 0.5667538088367912 0.04622224437310507 5.668453448803735 1.290690258969617 0.06195296898147273 0.46687249260050645 0.16876656580413213 0.4057397827652444 0.4000758058215353 -4.901557711223873
-4.561403508771932 1.275444232092661 0.061934262430658936 0.4600453798780564 0.1718287111406202 80.25314949839651 29.276841098952637 9.914880220626303 0.06883415084461983 0.5538318702111934 0.046224726060624395 5.636585181531892 1.284417488336206 0.06208675212734514 0.45480792785793905 0.17084025020764818 0.38142274636740015 0.37586752128840595 -4.960019067498479
-4.461152882205514 1.2693929644065303 0.062068796368029755 0.44800806035541546 0.17386623173804527 76.60138673426025 28.7169870559254 9.958165301637905 0.06908070505663999 0.540953582327957 0.046227140079736155 5.604476294366077 1.278142471163439 0.06221548998361604 0.4428495532561806 0.17290862553922626 0.3582611715760903 0.3528290158891294 -5.018208858937328
-4.360902255639099 1.263338717805607 0.06219832136416072 0.4360748561736516 0.17589647323293445 73.0157613765732 28.150486605634924 10.000285403032622 0.06932175562010412 0.5281184188300607 0.046229487292124706 5.572129908858848 1.2718656175761385 0.06233926897141093 0.4309973888574067 0.17496995594854686 0.33621232417832847 0.33091580115890307 -5.076083161148404
-4.260651629072683 1.2572818460683752 0.062322921396112285 0.4242457074852847 0.17791770710646324 69.49781164459435 27.577600495189934 10.041251225585803 0.06955728825100668 0.5153258286829774 0.04623176854473655 5.539549269203068 1.2655873195011091 0.06245817877913414 0.4192513612138908 0.17702246887039588 0.3152343592590445 0.3100843801153003 -5.133597173522531
-4.160401002506266 1.2512226879161767 0.06244268360874698 0.41252045986914104 0.17992817105094658 66.04898534622764 26.99858351512859 10.08107361912853 0.06978729058846683 0.5025752363015602 0.04623398466953696 5.506737741700608 1.2593079504708256 0.06257231213845701 0.40761130040107957 0.17906435716398098 0.2952863590345653 0.29029228292358356 -5.190705270089595
-4.06015037593985 1.2451615668825717 0.06255769809046645 0.40089886146515524 0.18192607119154652 62.67064286954658 26.41368441421765 10.119763547717241 0.07001175211809096 0.4898660416996301 0.04623613648326578 5.47369881411327 1.2530278654599298 0.06268176459316992 0.396076937145972 0.1810937814167849 0.27632836612053485 0.27149809769707733 -5.247361054508673
-3.9598997493734345 1.239098791209365 0.0626680576417413 0.38938056021472245 0.18390958446918082 59.3640602290938 25.823145834872076 10.15733205635531 0.0702306640934111 0.47719762066239446 0.0462382247871937 5.44043609489518 1.2467474007547692 0.06278663426142717 0.38464790006465016 0.18310887241229382 0.2583214124497313 0.2536614966865453 -5.30351741918853
-3.859649122807017 1.23303465376944 0.06277385753697173 0.37796510122071636 0.18587686118340824 56.130432153931075 25.22720426821299 10.193790239246926 0.07044401945561843 0.46456932494182407 0.04624025036687895 5.406953312306031 1.2404668738561373 0.06288702159193371 0.37332371302314377 0.18510773376011477 0.24122754405893113 0.23674325811466448 -5.3591266085152895
-3.7593984962406033 1.2269694320164881 0.06287519528023937 0.3666519242415182 0.18782602769330736 52.97087520514556 24.626090027793374 10.229149209559557 0.07065181275181384 0.45198048247504485 0.04624221399192436 5.373254313404823 1.2341865834153154 0.0629830291146454 0.36210379263596165 0.18708844468625532 0.22500984196638243 0.22070528391207597 -5.414140286141105
-3.659147869674186 1.2209033879616762 0.06297217035553107 0.3554403613335215 0.18975518927355498 49.88643091123974 24.020027241037283 10.263420070666928 0.07085404005199687 0.43943039762579494 0.046244116415736246 5.339343062923776 1.2279068092034437 0.063074761186564 0.35098744591678116 0.1890490629805398 0.20963243936265602 0.20551061361077363 -5.468509606272562
-3.558897243107772 1.2148367681772387 0.06306488397203396 0.3443296346566964 0.19166243312208808 46.87806891054326 23.409233857456613 10.29661388884049 0.07105069886501533 0.4269183514489471 0.04624595837528382 5.305223642022478 1.2216278121141955 0.06316232373323165 0.33997386809582136 0.19098762809724745 0.19506053533785703 0.19112343464881845 -5.522185288869487
-3.4586466165413547 1.2087698038269348 0.06315343880511871 0.3333188544577385 0.19354583151487403 43.946690090467776 22.79392167273044 10.328741667354516 0.07124178805369609 0.4144436019780613 0.04624774059086133 5.270900246922308 1.2153498341996496 0.06324582398653535 0.3290621406184447 0.19290216440426056 0.1812604053673081 0.1775090893374655 -5.575117698648178
-3.3583959899749374 1.202702710723261 0.06323793873364256 0.322407017245288 0.1954034451024405 41.09312971411025 22.17429636775831 10.35981432196711 0.07142730774937764 0.40200538453591017 0.04624946376585149 5.236377187421523 1.2090730987392144 0.06332537021944984 0.31825122933937544 0.1947906845750732 0.16819940877618392 0.1646340787380966 -5.627256927756136
-3.2581453634085236 1.196635689411258 0.06331848857421721 0.3115930041714817 0.1972333263419271 38.31816052534789 21.550557561822707 10.389842657737208 0.07160725926606233 0.3896029120678578 0.04625112858649198 5.201658885291505 1.202797810341376 0.06340107147835404 0.30753998292673995 0.19665119311716203 0.15584599340104463 0.15246606369179866 -5.678552881964009
-3.157894736842106 1.1905689252787057 0.06339519381309904 0.3008755796338503 0.1990335230575226 35.622495824203796 20.922898879025844 10.418837347135828 0.07178164501440418 0.3772353754979642 0.04625273572164439 5.166749872554848 1.1965241550779968 0.06347303731356459 0.2969271314898593 0.19848169002928792 0.14416969766305196 0.1409738632392976 -5.728955370197141
-3.057644110275689 1.1845025886924596 0.06346816033636725 0.29025339011119083 0.20080208212124398 33.00679250486085 20.291508027194112 10.44680890940834 0.0719504684157457 0.3649019441076338 0.046254285822566264 5.131654789646237 1.190252300650833 0.06354137750873799 0.286411285444314 0.20028017457940478 0.13314115026382586 0.13012745066314518 -5.7784141972041
-2.957393483709275 1.1784368351606218 0.06353749415906475 0.27972496324657425 0.2025370532451238 30.471654049277834 19.656566888474217 10.473767691143616 0.07211373381641353 0.3526017659365961 0.04625577952268673 5.09637838345712 1.1839823965898686 0.06360620180979527 0.2759909346273406 0.20204464919396348 0.1227320677105241 0.11989794737779977 -5.826879259137765
-2.8571428571428577 1.1723718055202088 0.0636033011539811 0.2692887071900709 0.20423649287497345 28.017633469914387 19.018251620876356 10.49972384800507 0.07227144640247907 0.3403339682059618 0.04625721743738561 5.060925505265538 1.177714574483031 0.06366761965402834 0.2656644476759521 0.20377312344849532 0.1129152498718776 0.11025761488649892 -5.874300641799103
-2.7568922305764403 1.1663076261499317 0.06366568678076147 0.25894291021310395 0.20589846817502314 25.64523619559138 18.376732770050715 10.524687327578043 0.07242361211518666 0.3280976577630907 0.04625860016377676 5.025301108552466 1.1714489482367831 0.06372573990004467 0.25543007167963383 0.2054636181484944 0.10366457376164703 0.10117984501691095 -5.920628721273808
-2.6566416040100265 1.1602444092076583 0.06372475581602674 0.24868574060554838 0.20752106109189175 23.354922895009405 17.73217539061523 10.548667853288187 0.0725702375672471 0.31589192154792417 0.04625992828049554 4.98951024670641 1.1651856143670414 0.06378067055921018 0.24528593211849745 0.20711416948878827 0.09495498574032932 0.09263914864007944 -5.965814266666566
-2.556390977443609 1.1541822528920915 0.06378061208518969 0.2385152468658158 0.2091023724855227 21.14711223291763 17.084739176384637 10.571674909345226 0.07271132996018911 0.3037158270804431 0.04626120234749103 4.953558070618014 1.1589246523198227 0.0638325185292439 0.23523003309700186 0.20872283327876065 0.08676249232002264 0.08461114306976475 -6.009808544618426
-2.4561403508771953 1.1481212417281563 0.06383335819665048 0.22842935819318338 0.21064052631394722 19.022183554366492 16.434578598882425 10.593717726667089 0.07284689700295705 0.29156842296886665 0.0462624229058229 4.917449826166711 1.152666124820974 0.06388138933061538 0.22526025788231718 0.21028768922003155 0.07906414975118665 0.07707253833155468 -6.052563425272027
-2.355889724310778 1.1420614468755486 0.06388309527904962 0.21842588529051543 0.2121336738580123 16.980479492886275 15.781843053546563 10.61480526973974 0.07297694683193749 0.2794487394381441 0.04626359047746379 4.881190851601631 1.1464100782542892 0.0639273868463893 0.21537436975528618 0.21180684522248583 0.07183805256363143 0.0700011224832993 -6.094031489329453
-2.2556390977443606 1.1360029264598703 0.06392992272225108 0.20850252148437926 0.21357999797153132 15.02230849883013 15.126677013073326 10.63494622436895 0.07310148793259114 0.2673557888783106 0.04626470556510657 4.84478657481909 1.1401565430672824 0.0639706130661533 0.20557001318080337 0.2132784417438592 0.0650633212275576 0.06337574616060283 -6.134166135831011
-2.1553884711779467 1.129945725925729 0.0639739379227201 0.19865684416824875 0.214977717341717 13.147947284472158 14.469220187370171 10.654148986281001 0.07322052906286139 0.2552885664121979 0.04626576865197789 4.808242510539204 1.1339055342038373 0.06401116783465582 0.1958447153031385 0.2147006561375318 0.05872008909377297 0.0571763065131821 -6.172921690266351
-2.0551378446115294 1.1238898784111553 0.06401523603394964 0.1888863165731591 0.21632509074420977 11.357643182794764 13.809607689620108 10.672421650530417 0.07333407917852418 0.2432460504819777 0.046266780201657025 4.771564257384369 1.1276570515629187 0.06404914860576952 0.18619588777030183 0.21607170699259787 0.05278948876547831 0.05138373068999157 -6.210253512615164
-1.9548872180451156 1.1178354051426576 0.06405390972257831 0.17918828986873114 0.21762042127655956 9.651616417207368 13.147970207986772 10.689772001673973 0.0734421473606381 0.23122720345399828 0.04626774065790134 4.734757494862438 1.1214110804824937 0.06408465020238238 0.1766208288902683 0.21738985844989095 0.04725363804718945 0.04597995902323965 -6.2461181049032675
-1.8546365914786982 1.1117823158502007 0.06409004893082855 0.16956000559596995 0.2188620605536425 8.030062279727261 12.484434182516644 10.706207504671633 0.07354474274524653 0.2192309722413108 0.0462686504444778 4.697827980257634 1.1151675922477688 0.0641177645828047 0.16711672612021916 0.21865342447724107 0.04209562560950972 0.04094792805354624 -6.280473217849256
-1.7543859649122808 1.1057306092013708 0.06412374064587836 0.15999859843169667 0.2200484128482081 6.4931532154221365 11.819121986822022 10.721735296476226 0.07364187445547749 0.20725628894328946 0.04626950996500127 4.660781545432396 1.108926544622828 0.06414858061426408 0.15768065888848737 0.21986077308698093 0.037299496501618505 0.0362715535308365 -6.313277956169088
-1.654135338345867 1.0996802732539552 0.06415506867676275 0.1505010992828357 0.22117793915956685 5.041040811153119 11.152152114151761 10.736362178275375 0.07373355153618055 0.195302071501688 0.046270319602779476 4.623624093543491 1.1026878824047117 0.06417718385404299 0.14830960174725552 0.22101033047854998 0.03285023763647878 0.03193571351793927 -6.344492882101775
-1.5538847117794496 1.0936312859261443 0.06418411343938232 0.14106443870713822 0.2222491611933374 3.6738576868839883 10.48363936748178 10.7500946083507 0.07381978289123223 0.18336722437247174 0.046271079720665055 4.586361595675852 1.0964515379989528 0.06420365633879432 0.13900042785243544 0.2221005850889647 0.028733763366950608 0.02792623171638046 -6.374080116716275
-1.4536340852130323 1.0875836154835412 0.06421095175017584 0.1316854506552297 0.2232606652351943 2.391719288026706 9.81369505328036 10.762938695520797 0.0739005772236358 0.17145063921273007 0.046271790660914754 4.549000087397799 1.090217432015566 0.06422807638255151 0.12974991276542014 0.22313009153395025 0.024936901264207306 0.024229861126464046 -6.402003438559417
-1.3533834586466185 1.081537221042132 0.06423565662899157 0.12236087652717105 0.22421110590168064 1.1947255774745178 9.142427178623247 10.774900193136368 0.07397594297853337 0.15955119558194006 0.04627245274505594 4.5115456652413615 1.083985473884443 0.0642505183839262 0.12055473856978652 0.22409747442268285 0.021447378203118355 0.020834268146530256 -6.4282283792093375
-1.253132832080201 1.0754920530863548 0.06425829711166867 0.11308736953502085 0.22509920975138983 0.08296262614611649 8.469940651355222 10.785984493597523 0.07404588828924201 0.14766776165684234 0.046273066273760655 4.474004483111587 1.0777555624890975 0.06427105264296588 0.11141149829429488 0.22500143202932707 0.018253806852589625 0.01772801720916441 -6.452722315303175
-1.1528822055137837 1.0694480540013935 0.06427893807281548 0.10386149936119114 0.22592377874017003 -0.9434958989860314 7.796337483013579 10.796196623364953 0.0741104209264182 0.13579919495916165 0.04627363152672747 4.436382748628863 1.071527586817677 0.0642897451881191 0.10231670063184588 0.22584073980492808 0.015345672662242675 0.014900556045168909 -6.475454556617768
-1.05263157894737 1.0634051586187812 0.06429764005924446 0.09467975710072245 0.22668369350446574 -1.884587350274491 7.121716994246054 10.805541238438623 0.07416954825044778 0.12394434309537679 0.046274148762570924 4.39868671940833 1.0653014266301326 0.06430665761373068 0.09326677494242692 0.22661425371367624 0.012713321430280197 0.01234220165930599 -6.496396429793418
-0.9523809523809526 1.0573632947744012 0.06431445913449675 0.08553856047397106 0.227377916457486 -2.740258818951183 6.446176022472921 10.814022620279346 0.07422327716715206 0.1121020445077326 0.04627461821871921 4.360922699280625 1.0590769531404258 0.06432184692846434 0.0842580765264448 0.22732091337816723 0.010347947530921546 0.010044127095132133 -6.515521357305799
-0.8521303258145387 1.051322383877958 0.06432944673486059 0.07643425929462781 0.22800549468357229 -3.510465959516851 5.769809131558129 10.821644672150526 0.0742716140868934 0.10027112923567388 0.04627504011131972 4.323097034458266 1.052854029712631 0.06433536541502244 0.07528689215332952 0.22795974501895785 0.008241582873407557 0.007998349059718744 -6.532804931308412
-0.7518796992481214 1.0452823414929533 0.06434264953725763 0.06736314117646594 0.22856556261692876 -4.195171919528993 5.0927088232682465 10.82841091585908 0.07431456488715638 0.0884504196868342 0.04627541463515299 4.285216109652109 1.0466325125697762 0.06434726050150572 0.0663494458286494 0.22852986417452106 0.006387086658259833 0.006197716472607249 -6.548224981988167
-0.651629072681704 1.0392430779262205 0.06435410933934087 0.05832143746079607 0.22905734449177 -4.794346375265644 4.414965750310645 10.83432448887665 0.07435213487867377 0.07663873141674346 0.04627574196355473 4.247286344142344 1.0404122515142507 0.06435757464472602 0.05744190478180789 0.22903047818861258 0.004778135990245284 0.004635899997124227 -6.561761640100261
-0.5513784461152902 1.0332044988260332 0.0643638629521161 0.04930532934525227 0.22948015655193238 -5.3079646736669455 3.7366689307540035 10.839388141823854 0.07438432877516034 0.06483487391635617 0.046276022248346586 4.20931418780863 1.0341930906585954 0.06436634522575743 0.04856038565481592 0.22946088845305312 0.0034092174013253727 0.0033073826059529946 -6.573397393373694
-0.4511278195488728 1.0271665057878088 0.06437194210536622 0.04031095419330098 0.22983340900907556 -5.736007080888413 3.0579059636445005 10.843604236302383 0.07441115066670852 0.053037651406521426 0.046276255619775046 4.1713061171239865 1.0279748691654802 0.06437360445797978 0.039700960871572426 0.22982049239501193 0.002275619330769703 0.0022074512268401435 -6.5831171365059955
-0.350877192982459 1.0211289969664084 0.06437837336612431 0.03133441200275661 0.23011660773976464 -6.078458137742509 2.378763245640374 10.846974743061615 0.07443260399689572 0.0412458636384926 0.046276442186459155 4.133268631117185 1.021757421995666 0.06437937930783884 0.03085966516590545 0.23010878519906613 0.0013734256035746516 0.0013321895083396459 -6.590908214497325
-0.25062656641604164 1.0150918676940377 0.06438317807040794 0.02237177201056694 0.23032935571296492 -6.335306122251925 1.6993261884942736 10.849501240488275 0.07444869154364346 0.02945830669955702 0.04627658203534678 4.095208247308358 1.015540580662732 0.06438369142851622 0.022032502245679493 0.2303253612555379 0.0006995099423388852 0.0006784717396337429 -6.596760459104486
-0.15037593984962427 1.0090550111027343 0.06438637226839204 0.013419079410305571 0.23047135414078596 -6.506542619491924 1.0196794372210662 10.851184913409625 0.0744594154038637 0.017673773822879563 0.04627667523167951 4.057131497622652 1.0093241739933525 0.0643865571066705 0.013215451569424387 0.23046991532793396 0.0002515315418158087 0.0002439579526735378 -6.600666218230247
-0.05012531328321046 1.00301831875043 0.06438796668316334 0.0044723621580693195 0.23054240334667606 -6.59216219885804 0.33990708879286124 10.852026552202478 0.07446477698191918 0.005891056200617098 0.04627672181896643 4.019044924286768 1.0031080288918954 0.06438798722237923 0.004404475211177386 0.23054224343366522 2.7931729464897e-05 2.7090229151626033e-05 -6.602620378097888
0.05012531328320691 0.9969816812495699 0.06438796668316334 -0.004472362158068846 0.23054240334667606 -6.592162198858028 -0.3399070887928355 10.852026552202474 0.07446477698191918 -0.005891056200616762 0.04627672181896642 3.9809550757132337 0.9968919711081049 0.06438798722237926 -0.004404475211177597 0.2305422434336647 2.7931729464891084e-05 2.70902291516287e-05 -6.602620378097875
0.15037593984962427 0.9909449888972658 0.06438637226839204 -0.013419079410305637 0.23047135414078596 -6.506542619491922 -1.0196794372210733 10.85118491340962 0.0744594154038637 -0.017673773822879484 0.04627667523167951 3.942868502377348 0.9906758260066474 0.0643865571066705 -0.013215451569423444 0.23046991532793348 0.00025153154181581117 0.00024395795267350342 -6.600666218230246
0.2506265664160381 0.9849081323059626 0.06438317807040794 -0.02237177201056667 0.2303293557129649 -6.335306122251945 -1.6993261884942346 10.849501240488276 0.07444869154364346 -0.029458306699556687 0.04627658203534678 3.9047917526916436 0.9844594193372683 0.0643836914285162 -0.022032502245680725 0.23032536125553812 0.0006995099423388682 0.0006784717396338179 -6.5967604591044955
0.35087719298245545 0.978871003033592 0.06437837336612433 -0.031334412002756336 0.23011660773976467 -6.078458137742509 -2.3787632456403585 10.846974743061615 0.07443260399689572 -0.041245863638492274 0.04627644218645917 3.8667313688828164 0.9782425780043342 0.06437937930783884 -0.030859665165904947 0.23010878519906633 0.001373425603574627 0.0013321895083396012 -6.5909082144973175
0.4511278195488728 0.9728334942121913 0.06437194210536622 -0.04031095419330105 0.22983340900907556 -5.736007080888422 -3.0579059636444827 10.843604236302383 0.07441115066670852 -0.053037651406521426 0.046276255619775046 3.8286938828760135 0.9720251308345199 0.06437360445797978 -0.03970096087157374 0.22982049239501193 0.0022756193307697102 0.002207451226840289 -6.583117136505997
0.5513784461152866 0.966795501173967 0.0643638629521161 -0.04930532934525207 0.22948015655193243 -5.307964673666974 -3.736668930753961 10.839388141823854 0.07438432877516034 -0.06483487391635567 0.04627602224834659 3.790685812191371 0.9658069093414049 0.06436634522575743 -0.04856038565481656 0.22946088845305343 0.0034092174013253445 0.003307382605953077 -6.573397393373696
0.651629072681704 0.9607569220737797 0.06435410933934087 -0.05832143746079621 0.22905734449177007 -4.79434637526564 -4.4149657503106505 10.834324488876655 0.07435213487867377 -0.0766387314167433 0.046275741963554745 3.7527136558576553 0.9595877484857493 0.06435757464472602 -0.057441904781806774 0.2290304781886134 0.004778135990245306 0.00463589999712403 -6.561761640100258
0.7518796992481178 0.9547176585070469 0.06434264953725763 -0.06736314117646552 0.2285655626169288 -4.195171919529009 -5.09270882326823 10.82841091585908 0.07431456488715638 -0.0884504196868337 0.04627541463515298 3.714783890347892 0.953367487430224 0.06434726050150572 -0.06634944582864817 0.22852986417452106 0.006387086658259753 0.0061977164726070184 -6.548224981988163
0.8521303258145352 0.9486776161220423 0.0643294467348606 -0.07643425929462752 0.22800549468357229 -3.5104659595168863 -5.769809131558108 10.821644672150525 0.07427161408689342 -0.10027112923567345 0.046275040111319735 3.676902965541735 0.9471459702873692 0.06433536541502245 -0.07528689215332889 0.22795974501895808 0.008241582873407498 0.007998349059718603 -6.532804931308425
0.9523809523809526 0.9426367052255988 0.06431445913449675 -0.08553856047397106 0.227377916457486 -2.7402588189511974 -6.446176022472908 10.814022620279342 0.07422327716715206 -0.11210204450773296 0.04627461821871922 3.639077300719377 0.9409230468595743 0.06432184692846434 -0.0842580765264474 0.22732091337816726 0.010347947530921546 0.010044127095132749 -6.51552135730581
1.0526315789473664 0.9365948413812192 0.06429764005924445 -0.09467975710072218 0.22668369350446574 -1.8845873502745143 -7.12171699424604 10.805541238438622 0.07416954825044778 -0.12394434309537589 0.046274148762570924 3.6013132805916688 0.9346985733698675 0.0643066576137307 -0.09326677494242346 0.22661425371367624 0.012713321430280127 0.012342201659305076 -6.496396429793409
1.1528822055137837 0.9305519459986065 0.06427893807281548 -0.10386149936119114 0.22592377874017003 -0.9434958989860192 -7.796337483013587 10.796196623364953 0.0741104209264182 -0.13579919495916146 0.04627363152672748 3.563617251371136 0.9284724131823229 0.0642897451881191 -0.10231670063184431 0.22584073980492822 0.015345672662242675 0.014900556045168446 -6.475454556617758
1.2531328320801975 0.9245079469136456 0.06425829711166867 -0.11308736953502069 0.22509920975138986 0.08296262614605276 -8.469940651355184 10.78598449359752 0.07404588828924201 -0.14766776165684214 0.046273066273760655 3.5259955168884156 0.9222444375109027 0.06427105264296587 -0.11141149829429639 0.2250014320293267 0.01825380685258957 0.017728017209164913 -6.452722315303195
1.353383458646615 0.9184627789578685 0.06423565662899157 -0.12236087652717093 0.22421110590168064 1.1947255774744936 -9.142427178623224 10.774900193136364 0.07397594297853337 -0.15955119558193945 0.04627245274505594 3.488454334758639 0.9160145261155572 0.06425051838392623 -0.12055473856978512 0.22409747442268246 0.021447378203118313 0.02083426814652982 -6.428228379209317
1.4536340852130323 0.9124163845164586 0.06421095175017584 -0.1316854506552295 0.22326066523519436 2.3917192880267226 -9.813695053280366 10.762938695520795 0.0739005772236358 -0.17145063921273007 0.046271790660914754 3.4509999126022013 0.909782567984434 0.06422807638255153 -0.12974991276541967 0.2231300915339501 0.024936901264207216 0.024229861126463883 -6.40200343855941
1.553884711779446 0.9063687140738558 0.06418411343938234 -0.14106443870713767 0.2222491611933374 3.6738576868839266 -10.483639367481741 10.7500946083507 0.07381978289123223 -0.18336722437247133 0.04627107972066506 3.41363840432415 0.9035484620010474 0.06420365633879434 -0.1390004278524362 0.22210058508896485 0.0287337633669504 0.02792623171638075 -6.374080116716269
1.6541353383458635 0.9003197267460451 0.06415506867676274 -0.15050109928283545 0.22117793915956685 5.041040811153046 -11.152152114151734 10.736362178275378 0.07373355153618055 -0.19530207150168746 0.04627031960277946 3.37637590645651 0.8973121175952885 0.06417718385404297 -0.14830960174725527 0.22101033047855015 0.03285023763647867 0.03193571351793913 -6.344492882101791
1.7543859649122808 0.8942693907986291 0.06412374064587836 -0.15999859843169653 0.2200484128482082 6.493153215422158 -11.819121986822033 10.721735296476226 0.07364187445547749 -0.20725628894328946 0.04626950996500127 3.339218454567604 0.8910734553771719 0.06414858061426408 -0.1576806588884866 0.21986077308698093 0.03729949650161843 0.036271553530836144 -6.313277956169085
1.8546365914786946 0.8882176841497996 0.06409004893082855 -0.1695600055959697 0.2188620605536426 8.030062279727174 -12.484434182516612 10.706207504671637 0.07354474274524654 -0.21923097224131044 0.04626865044447781 3.3021720197423674 0.8848324077522315 0.06411776458280469 -0.16711672612021977 0.2186534244772416 0.042095625609509565 0.04094792805354644 -6.280473217849275
1.954887218045112 0.8821645948573426 0.0640539097225783 -0.1791882898687306 0.21762042127655964 9.651616417207258 -13.147970207986733 10.689772001673973 0.0734421473606381 -0.23122720345399778 0.046267740657901346 3.2652425051375626 0.8785889195175066 0.06408465020238237 -0.17662082889026864 0.2173898584498912 0.04725363804718912 0.045979959023239744 -6.246118104903292
2.0551378446115294 0.8761101215888447 0.06401523603394964 -0.1888863165731591 0.21632509074420977 11.357643182794764 -13.809607689620108 10.672421650530417 0.07333407917852418 -0.2432460504819777 0.046266780201657025 3.2284357426156314 0.8723429484370813 0.06404914860576952 -0.18619588777030183 0.21607170699259787 0.05278948876547831 0.05138373068999157 -6.210253512615164
2.155388471177943 0.870054274074271 0.06397393792272012 -0.19865684416824822 0.214977717341717 13.147947284472092 -14.469220187370148 10.654148986281001 0.07322052906286139 -0.2552885664121977 0.04626576865197789 3.191757489460799 0.866094465796163 0.06401116783465581 -0.19584471530313927 0.2147006561375318 0.05872008909377267 0.05717630651318254 -6.172921690266367
2.2556390977443606 0.8639970735401297 0.06392992272225108 -0.20850252148437926 0.21357999797153132 15.022308498830084 -15.126677013073309 10.63494622436895 0.07310148793259114 -0.26735578887831096 0.046264705565106576 3.155213425180912 0.8598434569327177 0.06397061306615326 -0.20557001318080628 0.21327844174385935 0.0650633212275576 0.06337574616060455 -6.134166135831032
2.3558897243107744 0.8579385531244517 0.06388309527904962 -0.21842588529051504 0.2121336738580123 16.98047949288623 -15.781843053546547 10.61480526973974 0.07297694683193749 -0.2794487394381435 0.04626359047746377 3.1188091483983698 0.853589921745711 0.06392738684638931 -0.21537436975528484 0.21180684522248544 0.07183805256363118 0.0700011224832986 -6.0940314893294385
2.4561403508771917 0.8518787582718439 0.0638333581966505 -0.2284293581931828 0.2106405263139473 19.022183554366404 -16.434578598882396 10.593717726667094 0.07284689700295705 -0.29156842296886637 0.04626242290582292 3.0825501738332917 0.8473338751790263 0.06388138933061538 -0.2252602578823181 0.21028768922003238 0.07906414975118622 0.07707253833155502 -6.052563425272027
2.556390977443609 0.8458177471079085 0.06378061208518969 -0.2385152468658158 0.2091023724855227 21.147112232917596 -17.084739176384627 10.571674909345226 0.07271132996018911 -0.30371582708044326 0.04626120234749102 3.046441929381987 0.8410753476801774 0.06383251852924388 -0.23523003309700338 0.20872283327876037 0.08676249232002264 0.08461114306976592 -6.009808544618441
2.656641604010023 0.8397555907923419 0.06372475581602674 -0.24868574060554802 0.2075210610918918 23.35492289500925 -17.73217539061518 10.548667853288187 0.07257023756724713 -0.3158919215479235 0.046259928280495556 3.0104897532935904 0.8348143856329588 0.06378067055921019 -0.2452859321184978 0.2071141694887886 0.09495498574032904 0.09263914864007959 -5.965814266666552
2.7568922305764403 0.8336923738500686 0.06366568678076147 -0.25894291021310417 0.20589846817502314 25.645236195591437 -18.376732770050733 10.524687327578047 0.07242361211518666 -0.3280976577630907 0.04625860016377676 2.9746988914475336 0.8285510517632169 0.06372573990004468 -0.255430071679633 0.2054636181484947 0.10366457376164721 0.10117984501691016 -5.920628721273793
2.857142857142854 0.8276281944797914 0.0636033011539811 -0.26928870719007064 0.2042364928749735 28.017633469914387 -19.018251620876363 10.499723848005074 0.07227144640247907 -0.34033396820596123 0.046257217437385624 2.939074494734463 0.822285425516969 0.06366761965402837 -0.2656644476759497 0.203773123448496 0.11291524987187733 0.11025761488649666 -5.874300641799074
2.9573934837092715 0.8215631648393783 0.06353749415906475 -0.27972496324657387 0.2025370532451238 30.471654049277713 -19.65656688847418 10.473767691143614 0.07211373381641355 -0.3526017659365954 0.04625577952268672 2.9036216165428796 0.8160176034101316 0.06360620180979532 -0.27599093462734003 0.20204464919396325 0.12273206771052375 0.11989794737779948 -5.826879259137751
3.057644110275689 0.8154974113075402 0.06346816033636726 -0.2902533901111906 0.20080208212124392 33.0067925048608 -20.29150802719409 10.446808909408336 0.0719504684157457 -0.364901944107634 0.046254285822566264 2.868345210353764 0.809747699349167 0.06354137750873799 -0.2864112854443157 0.20028017457940453 0.13314115026382572 0.1301274506631469 -5.7784141972041
3.1578947368421026 0.8094310747212944 0.06339519381309904 -0.3008755796338499 0.1990335230575226 35.622495824203796 -20.922898879025844 10.418837347135831 0.07178164501440419 -0.3772353754979638 0.04625273572164439 2.8332501274451527 0.8034758449220033 0.06347303731356463 -0.2969271314898579 0.1984816900292881 0.14416969766305157 0.14097386323929623 -5.728955370197113
3.25814536340852 0.8033643105887422 0.06331848857421721 -0.3115930041714814 0.1972333263419272 38.31816052534784 -21.550557561822696 10.389842657737212 0.07160725926606232 -0.3896029120678575 0.04625112858649198 2.7983411147084967 0.7972021896586244 0.06340107147835403 -0.30753998292673995 0.1966511931171623 0.15584599340104424 0.15246606369179838 -5.678552881964002
3.3583959899749374 0.7972972892767388 0.06323793873364256 -0.32240701724528786 0.19540344510244045 41.09312971411015 -22.17429636775828 10.35981432196711 0.07142730774937764 -0.4020053845359101 0.04624946376585148 2.7636228125784763 0.7909269012607857 0.06332537021944984 -0.31825122933937716 0.19479068457507306 0.16819940877618386 0.1646340787380985 -5.627256927756136
3.458646616541351 0.7912301961730653 0.06315343880511873 -0.333318854457738 0.1935458315148741 43.94669009046761 -22.7939216727304 10.328741667354514 0.0712417880536961 -0.41444360197806107 0.046247740590861314 2.7290997530776946 0.7846501658003506 0.06324582398653535 -0.32906214061844624 0.19290216440426033 0.1812604053673075 0.17750908933746737 -5.575117698648199
3.5588972431077686 0.7851632318227616 0.06306488397203394 -0.34432963465669614 0.19166243312208814 46.87806891054311 -23.409233857456584 10.296613888840493 0.07105069886501533 -0.42691835144894674 0.04624595837528384 2.6947763579775246 0.7783721878858048 0.06316232373323162 -0.3399738680958218 0.19098762809724806 0.19506053533785664 0.1911234346488182 -5.522185288869515
3.659147869674186 0.7790966120383238 0.06297217035553107 -0.3554403613335215 0.18975518927355498 49.886430911239756 -24.020027241037287 10.263420070666928 0.07085404005199687 -0.439430397625795 0.04624411641573622 2.6606569370762245 0.7720931907965564 0.06307476118656397 -0.35098744591678116 0.18904906298053936 0.20963243936265602 0.20551061361077408 -5.46850960627259
3.7593984962405997 0.773030567983512 0.06287519528023938 -0.3666519242415177 0.18782602769330745 52.970875205145404 -24.626090027793346 10.229149209559555 0.07065181275181384 -0.45198048247504474 0.04624221399192438 2.6267456865951795 0.7658134165846848 0.0629830291146453 -0.3621037926359623 0.1870884446862554 0.22500984196638174 0.22070528391207636 -5.414140286141176
3.859649122807017 0.7669653462305599 0.06277385753697173 -0.37796510122071636 0.18587686118340824 56.13043215393108 -25.22720426821298 10.193790239246916 0.07044401945561843 -0.4645693249418237 0.04624025036687891 2.593046687693967 0.7595331261438626 0.06288702159193374 -0.37332371302314193 0.18510773376011372 0.24122754405893113 0.23674325811466365 -5.359126608515261
3.959899749373431 0.7609012087906353 0.0626680576417413 -0.389380560214722 0.18390958446918088 59.36406022909375 -25.82314583487208 10.15733205635532 0.07023066409341111 -0.477197620662394 0.0462382247871937 2.559563905104821 0.7532525992452309 0.06278663426142718 -0.38464790006464933 0.1831088724122944 0.2583214124497306 0.2536614966865435 -5.3035174191885375
4.060150375939848 0.7548384331174284 0.06255769809046643 -0.40089886146515535 0.18192607119154658 62.6706428695465 -26.413684414217617 10.11976354771724 0.07001175211809098 -0.4898660416996298 0.04623613648326578 2.5263011858867297 0.7469721345400702 0.06268176459317006 -0.39607693714597264 0.1810937814167849 0.27632836612053485 0.2714980976970788 -5.247361054508573
4.160401002506266 0.7487773120838231 0.06244268360874698 -0.412520459869141 0.17992817105094652 66.04898534622754 -26.998583515128566 10.081073619128524 0.06978729058846683 -0.5025752363015602 0.04623398466953696 2.493262258299392 0.7406920495291746 0.062572312138457 -0.40761130040108035 0.17906435716398067 0.29528635903456524 0.2902922829235851 -5.190705270089609
4.2606516290726795 0.7427181539316248 0.06232292139611229 -0.4242457074852841 0.1779177071064633 69.49781164459415 -27.577600495189913 10.041251225585818 0.0695572882510067 -0.5153258286829766 0.04623176854473655 2.4604507307969326 0.7344126804988912 0.06245817877913415 -0.41925136121389067 0.17702246887039655 0.3152343592590437 0.310084380115299 -5.133597173522531
4.360902255639097 0.7366612821943931 0.06219832136416072 -0.4360748561736514 0.17589647323293445 73.01576137657318 -28.150486605634917 10.00028540303262 0.06932175562010412 -0.5281184188300603 0.046229487292124685 2.427870091141151 0.7281343824238616 0.06233926897141096 -0.43099738885740513 0.1749699559485465 0.33621232417832814 0.33091580115890157 -5.076083161148375
4.461152882205511 0.73060703559347 0.06206879636802977 -0.4480080603554149 0.17386623173804533 76.60138673426013 -28.716987055925387 9.958165301637914 0.06908070505663999 -0.5409535823279564 0.04622714007973614 2.3955237056339227 0.7218575288365611 0.06221548998361608 -0.4428495532561807 0.17290862553922648 0.3582611715760892 0.3528290158891294 -5.0182088589372995
4.561403508771928 0.7245557679073393 0.061934262430658936 -0.4600453798780558 0.17182871114062026 80.25314949839627 -29.27684109895259 9.914880220626307 0.06883415084461987 -0.5538318702111932 0.046224726060624395 2.36341481846811 0.7155825116637943 0.06208675212734519 -0.4548079278579413 0.17084025020764831 0.3814227463673991 0.37586752128840967 -4.96001906749845
4.661654135338345 0.7185078478145197 0.06179463895933062 -0.4721867829722765 0.16978560411060067 83.96941811537924 -29.82978213784628 9.870419644673584 0.06858210926566849 -0.566753808836791 0.046222244373105056 2.331546551196266 0.7093097410303831 0.06195296898147269 -0.46687249260050667 0.16876656580413193 0.4057397827652441 0.4000758058215359 -4.9015577112239015
4.761904761904759 0.7124636587102274 0.061649848953999095 -0.48443214928714123 0.16773856557050004 87.74846485731456 -30.37553785538435 9.82477328187546 0.06832459867116639 -0.5797198997798955 0.04621969414099908 2.2999219023161466 0.7030396450303353 0.061814057608518914 -0.47904313696041645 0.16668926948937057 0.43125586167108604 0.42549930865457003 -4.842867791553942
4.862155388471177 0.7064235984971133 0.06149981920694471 -0.49678127299033464 0.16568921095747538 91.5884630803393 -30.913830366989707 9.777931103290431 0.06806163955181518 -0.5927306197517235 0.046217074473874735 2.2685437469719485 0.6967726694658591 0.06166993876288599 -0.4913196630701066 0.16461001792358337 0.45801536308561114 0.4521843735124222 -4.78399134433397
4.962406015037594 0.70038807935042 0.06134448049331717 -0.5092338659208705 0.16363911464454012 95.48748459717686 -31.444376398292214 9.72988338405066 0.06779325460442426 -0.6057864205395742 0.04621438446728827 2.2374148367699878 0.690509277554654 0.06152053709050423 -0.5037017888908529 0.16253042561827322 0.48606341334395964 0.4801781969362494 -4.724969401215901
5.062656641604008 0.6943575274579588 0.06118376775216116 -0.5217895607820685 0.16158980851887356 99.44349718059367 -31.96688748821788 9.680620746026669 0.06751946879571391 -0.6188877289686441 0.04621162320302321 2.2065377997073847 0.6842499496059697 0.06136578131945178 -0.5161891514291965 0.16045206344871382 0.5154458269895963 0.5095287707106182 -4.665841955044371
5.162907268170425 0.6883323827353571 0.061017620257547124 -0.5344479143631166 0.1595427807146582 103.45436221510789 -32.48107021854188 9.630134202022655 0.06724030942293684 -0.6320349468853386 0.046208789749327434 2.175915140212164 0.6779951826659963 0.06120560444114232 -0.52878130998505 0.15837645732472996 0.5462090431126124 0.5402848182412612 -4.606647929151876
5.2631578947368425 0.6823130985170813 0.06084598177946083 -0.5472084107780788 0.15749947449739593 107.51783251495539 -32.986626470811956 9.578415201470504 0.06695580617112545 -0.6452284511617443 0.046205883161147605 2.1455492392930364 0.6717454901332145 0.061039943881697145 -0.5414777494202059 0.1563050870168688 0.578400055991809 0.5724957246771476 -4.5474251504791425
5.363408521303256 0.6763001412237795 0.0606688007341369 -0.5600704647117778 0.15546128729621417 111.63155032693254 -33.483253711505824 9.525455677579448 0.06666599116677868 -0.6584685937209129 0.04620290248036194 2.1154423547969667 0.6655014013443928 0.06086874166315503 -0.5542778834365443 0.15423938513458346 0.6120663398954962 0.6062114605861207 -4.488210326419932
5.463659147869674 0.6702939900065487 0.06048603032355385 -0.5730334246625558 0.1534295698802829 115.79304553730546 -33.97064530623972 9.47124809588874 0.06637089902780982 -0.6717557015825647 0.04619984673600874 2.0855966217725133 0.65926346113199 0.06069194455419616 -0.567181057853777 0.15218073625264758 0.6472557679135885 0.6414824990110641 -4.4290390252848795
5.5639097744360875 0.6642951363687718 0.06029762866384094 -0.5860965761725061 0.15140562567511504 119.99973410246687 -34.44849086378024 9.415785504157897 0.06607056690958515 -0.6850900769287938 0.046196714944512586 2.0560140529367827 0.6530322293537799 0.06050950421009124 -0.5801865538771822 0.15013047618165323 0.6840165247133835 0.6783597257540761 -4.369945660267632
5.664160401002505 0.6583040837662152 0.060103558902380984 -0.5992591450363826 0.14939071021421174 124.24891672348394 -34.916476610546866 9.359061583517983 0.06576503454689107 -0.698471997189353 0.04619350610990624 2.026696539243705 0.6468082803955746 0.060321377301617365 -0.593293591346358 0.14808989137812154 0.7223970131335438 0.7168943427592243 -4.310963476789141
5.764411027568922 0.6523213471861293 0.059903789323426125 -0.6125203004809858 0.14738603072125345 128.53777778501626 -35.374285796205704 9.301070700793792 0.0654543442916775 -0.7119017151460395 0.046190219224049145 1.997645850551243 0.6405922026479844 0.06012752563271539 -0.6065013319566291 0.14606021848947162 0.7624457545551281 0.7571377644903914 -4.252124543088939
5.864661654135336 0.6463474527061298 0.059698293442078644 -0.6258791583074412 0.1453927458178067 132.86338457936904 -35.82159913086532 9.241807961893599 0.06513854114643489 -0.7253794590557128 0.04618685326684132 1.968863636385014 0.6343845979582083 0.05992791624669295 -0.6198088824453509 0.1440426440288416 0.8042112830153121 0.79914150722959 -4.193459743929594
5.964912280701753 0.6403829370336833 0.05948705008652199 -0.6393347839893762 0.14341196535133308 137.22268683661142 -36.25809525427942 9.181269266149425 0.06481767279307277 -0.7389054327914363 0.04618340720643286 1.9403514267956823 0.6281860810579016 0.05972252152081542 -0.6332152977359372 0.14203830417457453 0.847742033058505 0.8429570712527907 -4.1349987772714485
6.065162907268167 0.6344283470270654 0.05927004346842203 -0.6528861957206057 0.14144475033813447 141.61251658173128 -36.68345123734106 9.119451361475454 0.06449178961717908 -0.7524798160012123 0.04617987999942843 1.9121106333074425 0.6219972789682282 0.05951131924915507 -0.6467195840330483 0.1400482846889809 0.8930862213511107 0.8886358158752139 -4.076770153776096
6.165413533834585 0.6284842391986836 0.05904726324145198 -0.6665323674065171 0.13949211301575035 146.02958833975111 -37.09734311602688 9.056351900198129 0.06416094472755064 -0.7661027642837827 0.046176270591086865 1.884142549954727 0.6158188303832388 0.059294292713607366 -0.6603207018629441 0.13807362095089287 0.9402917221200673 0.9362288273956495 -4.018801198989763
6.265664160401002 0.6225511792017123 0.05881870454792823 -0.6802722315939119 0.1375550169992442 150.47049970949044 -37.49944645780158 8.991969495395551 0.06382519397089793 -0.7797744093809227 0.0461725779155153 1.8564483544042925 0.6096513850327874 0.05907143074301008 -0.6740175690536068 0.1361152980964024 0.989405936511491 0.9857867800102321 -3.961118058062169
6.365914786967416 0.6166297413010033 0.058584368053578244 -0.6941046823346292 0.13563437753575952 154.93173232633217 -37.88943696034046 8.926303777568307 0.06348459594163926 -0.7934948593856602 0.04616880089585758 1.8290291091596502 0.6034956030262147 0.058842727760342876 -0.6878090636497259 0.13417425126211355 1.0404756560043222 1.037359789809733 -3.903745702847516
6.466165413533833 0.6107205078292759 0.058344259970493 -0.708028577978802 0.13373106185170305 159.4096532338011 -38.26699108225445 8.859355451448158 0.06313921198671289 -0.8072641989658367 0.04616493844447687 1.8018857628448495 0.5973521541780943 0.05860818381800849 -0.7016940267582966 0.1322513659252077 1.0935469200545145 1.0909972620211459 -3.8467079412436362
6.5664160401002505 0.6048240686296218 0.0580983920683508 -0.7220427438941237 0.13184588958691823 163.90051668309076 -38.6317867053224 8.79112635273522 0.06278910620534853 -0.8210824896023964 0.046160989463131734 1.77501915156446 0.5912217173173578 0.05836780462123876 -0.7156712653209855 0.1303474783346014 1.1486648681881062 1.1467477317035837 -3.7900274286161277
6.666666666666664 0.5989410204853769 0.05784678167402862 -0.7361459751080024 0.12997963331023707 168.4004663787889 -38.983503827539394 8.72161950453856 0.0624343454437537 -0.8349497698418031 0.04615695284314694 1.7484300003366213 0.5851049795811587 0.05812160153969265 -0.7297395548099731 0.12846337602751062 1.205873586806206 1.2046586981602714 -3.7337256811648842
6.766917293233082 0.5930719665384445 0.057589451659749435 -0.7503370388699541 0.12813301911084893 172.90553818797983 -39.321825286081705 8.650839173279454 0.06207499928468419 -0.8488660555619609 0.04615282746557602 1.7221189245959048 0.5790026356948599 0.05786959160735223 -0.7438976418445062 0.12659979842573263 1.2652159510113383 1.264776453383383 -3.6778230910842638
6.867167919799499 0.5872175156971743 0.057326430419942974 -0.7646146771320389 0.12630672725999942 177.4116633286269 -39.64643750907142 8.578790923801694 0.06171114003188165 -0.8628313402509993 0.046148612201358304 1.6960864317627826 0.5729153872395645 0.05761179751084724 -0.7581442467257545 0.1247574375060681 1.3267334618124749 1.3271459049041223 -3.6223389433774287
6.967418546365913 0.5813782820349116 0.0570577518370261 -0.7789776089455821 0.12450139293761457 181.91467205166364 -39.957031294795065 8.505481673418792 0.06134284268937613 -0.8768455952982986 0.04614430591146831 1.6703329228763864 0.5668439419086252 0.05734824756637489 -0.7724780658880969 0.12293693853934783 1.3904660791153358 1.3918103934795063 -3.567291434182522
7.06766917293233 0.5755548841803594 0.0567834552363369 -0.7934245327728242 0.12271760701856103 186.41029782951034 -40.25330261679154 8.430919744614119 0.060970184935665556 -0.890908770297105 0.046139907447058606 1.6448586942872254 0.5607890127545907 0.05707897568540695 -0.7868977742653047 0.12113890089264476 1.4564520509545469 1.4588115061066873 -3.51269769047542
7.167919799498744 0.5697479447008992 0.05650358533048295 -0.8079541287125201 0.12095591691336485 190.89418206181085 -40.53495345297715 8.355114916097145 0.06059324709279824 -0.9050207933580867 0.0461354156495941 1.6196639394065957 0.5547513174280676 0.05680402132940559 -0.8014020275705472 0.1193638788893456 1.524727739475011 1.528188884917085 -3.4585737910164767
7.268170426065161 0.5639580894800265 0.056218192153388906 -0.8225650606388843 0.1192168274583527 195.3618793070422 -40.80169263672299 8.278078471907106 0.060212112090399214 -0.9191815714331893 0.04613082935098008 1.5947487505092497 0.5487315774099758 0.05652342945379708 -0.8159894644894297 0.11761238272190407 1.5953274442207799 1.5999800325637237 -3.4049347884122483
7.368421052631579 0.5581859470900691 0.05592733098435326 -0.837255978253589 0.11750080185031861 199.80886304628484 -41.05323672754386 8.19982324824604 0.05982686542469562 -0.9333909906491317 0.04612614737368189 1.5701131205860652 0.5427305172386994 0.05623725044147929 -0.8306587087856933 0.11588487941223112 1.668283223340453 1.6742201147772902 -3.3517947321672636
7.468671679197993 0.5524321481613527 0.05563106226244558 -0.8520255190508499 0.11580826262097722 204.2305319828321 -41.28931089879167 8.120363677712746 0.059437595112609855 -0.9476489166498934 0.04612136853083662 1.5457569452432933 0.5367488637336217 0.055945540026160485 -0.8454083713194545 0.11418179381480364 1.7436247133682592 1.7509417608277809 -3.2991666926076846
7.56892230576441 0.5466973247489813 0.055329451491597056 -0.8668723101959209 0.11413959264662743 208.62221687851618 -41.50964983948746 8.03971583060353 0.0590443916410042 -0.9619551949475458 0.046116491626357614 1.52168002464509 0.5307873452165464 0.05564835920585596 -0.8602370519782253 0.11250350965776355 1.8213789482889737 1.8301748626890495 -3.247062785559052
7.669172932330824 0.5409821096984035 0.05502256913675621 -0.8817949703175558 0.11249513618861728 212.97918792462718 -41.71399866716814 7.957897452940549 0.058647347911173195 -0.9763096512807755 0.04611151545502978 1.4978820654960123 0.5248466907324913 0.055345774146883985 -0.875143341521148 0.11085037061742568 1.901570178642105 1.9119463737620364 -3.1954941976714792
7.769423558897241 0.5352871360109153 0.054710490511499836 -0.8967921112152807 0.11087519996037674 217.29666264204474 -41.90211384836005 7.8749280008846485 0.05824655917869461 -0.9907120919804591 0.046106438802597696 1.4743626830601335 0.5189276292713395 0.05503785607873088 -0.8901258233372069 0.10922268142178299 1.9842196914661325 1.996280108069564 -3.1444712122834915
7.8696741854636585 0.5296130362102562 0.05439329565750504 -0.9118623394824859 0.10928005421696577 221.56981430184837 -42.073764123051376 7.79082867119078 0.0578421229887617 -1.005162304341645 0.046101260445845685 1.4511214032135689 0.5130308889918164 0.05472468118016675 -0.9051830751183181 0.10762070897879067 2.0693456319257266 2.083196540888093 -3.0940032357275697
7.969924812030072 0.5239604417114383 0.05407106921630303 -0.9270042580465946 0.10770993386326154 225.7937808540691 -42.2287314292882 7.705622427364976 0.0574341391071333 -1.0196600570013148 0.04609597915266771 1.4281576645270946 0.5071571964492428 0.05440633045701742 -0.9203136704485007 0.1060446835253557 2.1569628275042754 2.172712611832792 -3.0440988239799935
8.07017543859649 0.5183299821929251 0.05374390029374839 -0.9422164676277007 0.10616503957709453 229.9636743485543 -42.36681182379665 7.619334021187578 0.05702270944684908 -1.034205100321298 0.046090593682131246 1.4054708203757362 0.5013072758284967 0.054082889612009334 -0.9355161803104376 0.10449479979319058 2.247082615678996 2.264841531455992 -2.9947657095662237
8.170426065162907 0.5127222849732803 0.05341188231764841 -0.9574975681172488 0.1046455389438298 234.07459082807688 -42.48781639432154 7.531990009275072 0.05660793799087069 -1.048797166775709 0.04608510278453135 1.3830601410721046 0.4954818481835891 0.053754448907119355 -0.9507891745108988 0.10297121818782265 2.3397126760265534 2.3595925924598316 -2.946010828638947
8.27067669172932 0.5071379743933565 0.05307511288900722 -0.9728461598784579 0.10315156759906591 238.12162066990024 -42.59157215918061 7.443618764364093 0.05618993071081828 -1.0634359713423138 0.046079505201436444 1.3609248160203922 0.4896816306852324 0.0534211030188784 -0.9661312230267479 0.10147406597726917 2.434856867732746 2.4569709866577285 -2.8978403481443706
8.370927318295738 0.5015776712051027 0.05273369362734675 -0.9882608449703227 0.1016832303763131 242.09985934803194 -42.677922949366646 7.354250481015223 0.05576879548198458 -1.0781212118972217 0.04607379966572566 1.3390639558879962 0.4839073358777419 0.05308295088707997 -0.9815408972732242 0.1000034384870572 2.5325150734994963 2.556977628845323 -2.8502596930084962
8.471177944862156 0.4960419919680196 0.05238773001057342 -1.0037402282971046 0.10024060245669109 246.00441858436224 -42.74673026838275 7.263917175451637 0.055344641994817166 -1.0928525696123006 0.046067984901617565 1.3174765947917233 0.47815967094658895 0.05274009555736324 -0.9970167712964452 0.09855940029845098 2.6326830508558636 2.6596089887619367 -2.80327357326928
8.57142857142857 0.4905315484542765 0.0520373312098634 -1.0192829186853467 0.09882373051786318 249.83043785293077 -42.79787412488887 7.17265267926889 0.054917581663068815 -1.1076297093547598 0.04606205962469083 1.2961616924956878 0.47243933699786655 0.052392644018142406 -1.0125574228920633 0.09714198644693897 2.7353522918866213 2.764856932333643 -2.7568860110912112
8.671679197994987 0.4850469470634659 0.05168260992004298 -1.0348875298904958 0.09743263387960151 253.57309619757405 -42.831253833150356 7.080492626775808 0.05448772752882461 -1.1224522800883212 0.04605602254189558 1.2751181366179902 0.46674702835090087 0.052040707032359884 -1.0281614346521668 0.0957512036181942 2.8405098923912404 2.8727085733918485 -2.7111003676037626
8.7719298245614 0.47958878824794937 0.05132368218594146 -1.0505526815352728 0.09606730564354923 257.2276243193717 -42.84678877623556 6.9874744357543 0.05405519416462189 -1.1373199152754292 0.046049872351556984 1.2543447448434184 0.46108343184519307 0.05168439896454802 -1.0438273949425318 0.09438703133891611 2.9481384314776613 2.98314613705328 -2.6659193695069803
8.872180451127818 0.4741576659496987 0.05096066722519376 -1.0662769999820065 0.09472771382491253 260.7893168866034 -42.84441912690091 6.893637281456449 0.05362009757288563 -1.1522322332799677 0.04604360774336998 1.2338402671394006 0.45544922616282146 0.05132383760368414 -1.0595538988124082 0.09304942316011663 3.0582158625789324 3.0961468359300675 -2.621345135393824
8.972431077694235 0.46875416704951495 0.05059368724796893 -1.0820591191411373 0.09341380247398179 264.2535450164064 -42.82410652113637 6.7990220636919645 0.05318255508290839 -1.1671888377699564 0.0460372273983853 1.2136033879726065 0.44984508116739513 0.050959143982325344 -1.075339548839045 0.09173830783060082 3.1707154168554745 3.211682760310024 -2.5773792017430424
9.07268170426065 0.463378870829456 0.05022286727409632 -1.0978976812181656 0.09212549278553417 267.6157688739828 -42.78583467940899 6.703671366894136 0.05274268524560891 -1.182189318119717 0.046030729988988134 1.1936327285235806 0.4442716572605848 0.05059044219250773 -1.0911829559092057 0.0904535904585323 3.2856055199124174 3.3297207834089684 -2.5340225485417136
9.172932330827066 0.4580323484492732 0.04984833494805806 -1.113791337401296 0.09086268419433395 270.87155033226645 -42.72960997077408 6.607629413094706 0.0523006077263078 -1.1972332498110234 0.04602411417886712 1.1739268488969414 0.4387296047572109 0.05021785919889659 -1.107082739939937 0.08919515365915535 3.402849722718452 3.4502224827465744 -2.4912756244952448
9.27318295739348 0.452715162437609 0.04947022035230937 -1.1297387484920516 0.08962525545508522 274.0165656321924 -42.65546191517445 6.510942007778073 0.05185644319576205 -1.2123201948327509 0.046017378622976265 1.1544842503247514 0.4332195632798097 0.049841524649662475 -1.1230375305408482 0.08796285868688947 3.5224066475615268 3.573144078635856 -2.449138371796721
9.373433583959898 0.44742786619866903 0.0490886558193813 -1.145738585481127 0.0884130657053429 277.0466179814225 -42.5634436194619 6.4136564786305135 0.05141031321970347 -1.2274497020785722 0.04601052196748756 1.1353033773606964 0.4277421611735329 0.049461570685562 -1.1390459676201896 0.08675654655015283 3.644229949816142 3.6984363907053255 -2.407610250419282
9.473684210526315 0.4421710035350309 0.04870377574321242 -1.1617895300717245 0.08722595551002306 279.95765002748215 -42.453632142933586 6.315821607247038 0.050962340147127125 -1.2426213077422459 0.04600354284973694 1.1163826200628832 0.42229801494218755 0.04907813174768894 -1.1551067019369594 0.08557603910744338 3.7682682962279817 3.8260448132879996 -2.3666902619077064
9.573934837092729 0.43694510818721666 0.048315716390145494 -1.1778902751526088 0.08606374788628757 282.7457561397812 -42.32612878847229 6.217487553905435 0.05051264699757724 -1.2578345357100855 0.04599643989816054 1.097720316163084 0.4168877287061512 0.04869134438435491 -1.171218395601316 0.08442114014331117 3.8944653603440735 3.9559093104195164 -2.326376972645903
9.674185463659146 0.4317507033905965 0.04792461571001508 -1.1940395252230918 0.08492624930770318 285.40719443401736 -42.18105931572473 6.118705775565875 0.050061357347678144 -1.2730888979501878 0.04598921173222462 1.079314753220382 0.41151189368283814 0.048301347057552575 -1.1873797225254898 0.08329163642301445 4.022759835631166 4.087964431082798 -2.286668536577281
9.774436090225564 0.42658830145015736 0.047530613147739854 -1.2102359967721055 0.0838132506867014 287.93839847203503 -42.01857407314601 6.019528937304881 0.04960859521715718 -1.2883838948980297 0.04598185696234689 1.0611641707572481 0.4061710876903345 0.04790827994943992 -1.2035893688274033 0.08218729872476935 4.15308546673157 4.222139345223903 -2.2475627173624844
9.874686716791977 0.42145840333361234 0.047133849455820644 -1.226478418613519 0.08272452833447481 290.335988570294 -41.83884804616429 5.920010817441095 0.049154484954604484 -1.3037190158380678 0.04597437418980984 1.0432667623761807 0.4008658746747451 0.047512284769274146 -1.2198460331891445 0.0811078828486275 4.285371099205993 4.358357900941777 -2.209056909960509
9.974937343358395 0.4163614982832801 0.04673446650813164 -1.242765532179784 0.08165984489756407 292.5967826507386 -41.64208081918486 5.820206206659306 0.04869915112321288 -1.319093739280975 0.04596676200666761 1.025620677855112 0.3955968042617401 0.04711350456121245 -1.236148427172419 0.08005313060113309 4.419540748006074 4.49653870312534 -2.1711481616192145
10.075187969924812 0.4112980634471254 0.04633260711537782 -1.2590960917759606 0.08061895027048661 294.7178065691533 -41.42849644966312 5.720170801488566 0.0482427183867378 -1.3345075333361747 0.045959018995644314 1.0082240252199117 0.3903644113327239 0.04671208351338145 -1.2524952754930647 0.0790227707550261 4.5555136848079 4.636595213674968 -2.133833192267673
10.175438596491226 0.40626856352928353 0.04592841484257629 -1.2754688647961299 0.07960158248386477 296.6963038578752 -41.198343252999834 5.619961092535291 0.047785311395912744 -1.3499598560793613 0.045951143730026275 0.9910748727923662 0.3851692156259772 0.04630816676860394 -1.2688853162566445 0.07801651998336062 4.6932045442213335 4.778435873304046 -2.0971084143018857
10.275689223057643 0.40127345046036433 0.04552203382890361 -1.2918826319041488 0.07860746856759823 298.52974482217417 -40.95189349757548 5.5196342479178915 0.04732705467555219 -1.3654501559146923 0.045943134773545745 0.974171251212135 0.38001172136306804 0.04590190023715425 -1.2853173011571062 0.07703408376750503 4.832523448770566 4.921964244770957 -2.0609699517615354
10.375939849624057 0.3963131630877706 0.04511360861023484 -1.3083361871806305 0.07763632538872382 300.2158349326118 -40.68944300981876 5.419247992391252 0.04686807251256785 -1.3809778719313677 0.04593499068025891 0.9575111554312634 0.37489241690076247 0.04549343041190234 -1.3017899956404435 0.07607515727860101 4.973376152418648 5.067079177243273 -2.025413658890784
10.476190476190474 0.39138812688621616 0.044703283944682856 -1.3248283382380137 0.07668786046367902 301.7525224592674 -40.41131068979935 5.318860482688264 0.046408488845118584 -1.3965424342543364 0.0459267099944158 0.9410925466799257 0.3698117744085957 0.04508290418618329 -1.3183021790352234 0.0751394262321306 5.115664202286365 5.213674991346858 -1.9904351380868093
10.576441102756892 0.3864987536885966 0.0442912046414298 -1.3413579063054932 0.07576177274477229 303.1380052977655 -40.11783793843096 5.218530179640059 0.045948427153107395 -1.4121432643888667 0.045918291250325094 0.9249133544021598 0.3647702495722155 0.04467046867471863 -1.3348526446518192 0.0742265677153374 5.2592851180918805 5.361641684304154 -1.956029757232102
10.676691729323306 0.38164544143729845 0.043877515393124455 -1.3579237262855477 0.07485775338073154 304.370736941783 -39.80938799799351 5.118315717669818 0.04548801035023289 -1.4277797755587507 0.04590973297221109 0.9089714781604263 0.359768281322536 0.044256271037890996 -1.3514401998520715 0.07333625098732882 5.404132588716185 5.510865154417679 -1.92219266641996
10.776942355889723 0.3768285739560037 0.0434623606121018 -1.3745246467837324 0.07397548645127937 305.4494315616509 -39.48634520826431 5.018275772279027 0.04502736067779286 -1.4434513730379341 0.04590103367406476 0.8932647895079561 0.354806291590691 0.043840458309664675 -1.3680636660911516 0.07246813825175133 5.550096685179329 5.661227444014466 -1.8889188140675515
10.877192982456137 0.3720485207419962 0.043045884270663026 -1.3911595301133486 0.07311464967573546 306.37306815432316 -39.149114181161195 4.918468926169287 0.04456659960043234 -1.4591574544753498 0.04589219185948881 0.877791133827876 0.3498846850887142 0.04342317722941636 -1.3847218789331903 0.07162188540201767 5.697064089197752 5.812606999825812 -1.856202962431155
10.977443609022554 0.3673056367789256 0.0426282297456359 -1.4078272522765443 0.07227491509571987 307.1408937357692 -38.79811889736071 4.818953534657481 0.044105847704017036 -1.474897410212797 0.04588320602153585 0.8625483321382322 0.345003849115817 0.04300457407792921 -1.4014136880423451 0.07079714273911325 5.844918336381531 5.964878949649379 -1.8240397025244306
11.077694235588972 0.3626002623699573 0.04220953966741776 -1.4245267029233348 0.07145594973207803 307.7524255531269 -38.433801728917345 4.719787591054406 0.04364522459580621 -1.4906706235956717 0.04587407464254243 0.8475341828621041 0.3401641533900812 0.04258479451778247 -1.4181379571507617 0.06999355566208927 5.9935400730267 6.117915394015319 -1.7924234684475664
11.177944862155385 0.35793272299117956 0.0417899557736849 -1.4412567852899782 0.07065741621620493 308.20745230038875 -38.056622392431805 4.621028592682262 0.04318484880708865 -1.5064764712764152 0.045864796193955754 0.832746463562052 0.33536594990533436 0.04216398343834741 -1.4348935640049547 0.06921076533139085 6.142807325360418 6.271585711467263 -1.7613485511391787
11.278195488721803 0.3533033291651093 0.04136961876793404 -1.4580164161180913 0.06987897339598584 308.5060343280359 -37.66705683780084 4.522733408205492 0.042724837698435866 -1.5223143235105339 0.04585536913615527 0.8181829326382549 0.33060957281291864 0.04174228480558593 -1.451679400291989 0.0684484093052309 6.292595780009156 6.4257568759668295 -1.730809111556539
11.37844611528822 0.3487123763540983 0.04094866818300453 -1.4748045255558002 0.06912027691663071 308.64850284381174 -37.26559607803496 4.424958146944246 0.04226530736771709 -1.5381835444450696 0.045845791918269506 0.803841330989778 0.3258953383280262 0.04131984151682546 -1.4684943715468273 0.06770612214927066 6.44277907437934 6.580293784840541 -1.7007991932983941
11.478696741854634 0.3441601448733989 0.04052724224971112 -1.491620057042214 0.06838097977669741 308.63545810861706 -36.852744966027245 4.327758030827098 0.04180637256101004 -1.5540834923994078 0.045836062977987514 0.7897193836384171 0.3212235446602174 0.04089679526066924 -1.4853373970421406 0.0669835360199057 6.5932290955734905 6.735059595613487 -1.6713127346762349
11.578947368421051 0.3396468998236205 0.04010547777070088 -1.5084619671764081 0.06766073285965604 308.4677666383393 -36.42902092451662 4.231187269623105 0.04134814658653129 -1.5700135201383498 0.04582618074136525 0.7758148013147448 0.316594471967702 0.040473286382177134 -1.502207409661829 0.06628028122150575 6.743816286405076 6.88991607001065 -1.6423435802519748
11.679197994987469 0.3351728910422711 0.039683509999630225 -1.5253292255720696 0.06695918544136814 308.1465574290577 -35.99495263578123 4.13529894006962 0.0408907412317 -1.5859729751373342 0.045816143622626274 0.762125282005941 0.31200838233492134 0.04004945375344184 -1.5191033557594127 0.06559598673798911 6.894409957030428 7.044723923361661 -1.613885491845906
11.779448621553883 0.33073835307404487 0.03926147252574144 -1.5422208146989005 0.06627598567388852 307.6732172295467 -35.5510786978365 4.040144869483735 0.04043426668343741 -1.6019611998397758 0.045805950023960096 0.7486485124651554 0.30746551977292913 0.039625434649656836 -1.5360241950024602 0.06493028073915037 7.044878600681827 7.199343177611408 -1.5859321590379523
11.8796992481203 0.3263435051594879 0.03883949716390203 -1.5591357297118353 0.06561078104602118 307.0493848913793 -35.097946254107214 3.945775524413624 0.039978831451794476 -1.6179775319064527 0.04579559833531347 0.7353821696821463 0.30296611024203124 0.03920136463076686 -1.5529689002041076 0.0642827910621872 7.1950902119647315 7.3536335161251465 -1.5584772091642662
11.979949874686714 0.321988551241652 0.038417713850154314 -1.5760729782690373 0.06496321882109322 306.27694483274104 -34.63610960365027 3.85223990484689 0.03952454229698994 -1.6340213044568896 0.04578508693417922 0.7223239223150237 0.29851036169612033 0.03877737742876496 -1.5699364571426981 0.0636531456689063 7.344912606172152 7.507454638474285 -1.5315142168300326
12.080200501253131 0.31767367999030505 0.037996250542807294 -1.5930315803396433 0.06433294645242235 305.3580196577951 -34.166128799076745 3.7595854444526555 0.03907150415992903 -1.6500918463027388 0.04577441418538049 0.7094714320830251 0.2940984641480947 0.038353604840687734 -1.586925864370527 0.06304097307910886 7.494213738074206 7.660666613405578 -1.5050367129500728
12.180451127819545 0.31339906484326185 0.03757523312908844 -1.6100105680021277 0.0637196119769769 304.29496197848846 -33.68856823931134 3.6678579172879866 0.03861982009626455 -1.666188482173103 0.0457635784408514 0.6968223551202268 0.2897305897557404 0.03793017662734746 -1.6039361330126063 0.062445902780678825 7.642862018656181 7.8131302282273465 -1.479038193324584
12.280701754385966 0.30916486406435795 0.03715478533735806 -1.627008985234159 0.06312286438774373 303.09034549040894 -33.203995264265686 3.5771013513509473 0.03816959121404985 -1.6823105329318317 0.045752578039412295 0.6843743432902363 0.2854068929274154 0.03750722041781247 -1.6209662865563483 0.06186756561690977 7.790726628307169 7.964707332890369 -1.4535121267792874
12.38095238095238 0.304971220817583 0.036735028654876434 -1.6440258876947091 0.06254235398533624 301.74695535865646 -32.712978758401846 3.4873579493143554 0.0377209166150246 -1.698457315786758 0.04574141130654432 0.672125045461905 0.2811275104468598 0.037084861619650765 -1.6380153606329577 0.06130559415165237 7.937677825000368 8.115261177099525 -1.4284519628630505
12.481203007518793 0.3008182632568599 0.03631608225109933 -1.6610603424992272 0.06197773270937528 300.26777797293516 -32.216087769940074 3.39866801671638 0.037273893339563026 -1.7146281444909282 0.04573007655415793 0.6600721087461718 0.2768925616164333 0.03666322333491759 -1.6550824027913906 0.06075962301282538 8.083587246059219 8.264656738868322 -1.4038511391350994
12.581453634085214 0.29670610463095015 0.03589806290646662 -1.6781114279885427 0.061428654450201556 298.6559901346119 -31.71389015228951 3.3110698978366657 0.03682861631530533 -1.7308223295358094 0.04571857208036057 0.6482131796942124 0.2727021484180622 0.03624242628186966 -1.672166472265539 0.06022928921490654 8.228328202162619 8.412761043006528 -1.3797030880427315
12.681704260651628 0.2926348434029389 0.035481084946636016 -1.695178233492192 0.060894775341473716 296.9149477405065 -31.2069512339486 3.2245999194261645 0.0363851783094834 -1.7470391783365433 0.04570689616921897 0.6365459054570799 0.2685563556911673 0.0358225887223643 -1.6892666397354275 0.059714232460974515 8.371775962315237 8.559443468132612 -1.3560012434143118
12.781954887218042 0.28860456338375085 0.035065260182102626 -1.7122598590868237 0.06037575403421415 295.04817403037646 -30.695832522834465 3.1392923424084374 0.03594366988494153 -1.7632779954092612 0.04569504709052056 0.6250679349070951 0.2644552513268234 0.03540382639489785 -1.7063819870830237 0.059214095424924874 8.513808028588699 8.7045760409021 -1.332739046570623
12.882205513784456 0.2846153338791308 0.034650697853135334 -1.729355415350237 0.05987125195287568 293.0593474661266 -30.181090450611578 3.0551793216134655 0.03550417935984608 -1.7795380825405311 0.04568302309953077 0.6137769197212738 0.2603988864773976 0.0349862524532207 -1.723511607143316 0.05872852401445938 8.654304399525474 8.848033716259584 -1.309909952074122
12.982456140350877 0.28066720984951243 0.03423750457995058 -1.7464640231116562 0.05938093353399456 290.95228931136455 -29.66327516218128 2.972290873551133 0.035066792771066974 -1.7958187389489766 0.04567082243674921 0.6026705154271138 0.2563872957809042 0.0345699774104555 -1.7406546034512447 0.058257167615461763 8.793147821193354 8.989694642640426 -1.2875074331301448
13.08270676691729 0.2767602320821968 0.03382578431803497 -1.7635848131987313 0.05890446644800541 288.7309509802508 -29.14292935508898 2.890654852182955 0.034631593841207516 -1.8121192614391424 0.04565844332766271 0.5917463824111218 0.25242049759930635 0.03415510908863625 -1.757810089985022 0.05779967931838358 8.93022402497618 9.129440411172478 -1.265524986653304
13.182957393483704 0.27289442737524805 0.03341563831851958 -1.7807169261817952 0.05844152180478712 286.3994012237871 -28.62058717311193 2.8102969325968448 0.03419866394924962 -1.8284389445476898 0.045645883982495694 0.5810021868904496 0.2484984942699877 0.03374175257357923 -1.774977190906386 0.05735571612724743 9.065421951291862 9.267156288060926 -1.2439561380024315
13.283208020050125 0.26906980873251773 0.0330071650935014 -1.7978595121158087 0.05799177434350835 283.9618132207255 -28.09677315782666 2.7312406024442795 0.03376808210477526 -1.8447770806819765 0.045633142595959436 0.5704356018480975 0.24462127236962722 0.033330010174977685 -1.792155040298247 0.05692493915188678 9.198633958535305 9.40273142946618 -1.2227944454145927
13.383458646616539 0.2652863755691993 0.032600460386199626 -1.8150117302804316 0.05755490260734414 281.42245163886196 -27.57200126147447 2.653507160955688 0.0333399249257169 -1.8611329602511208 0.04562021734699923 0.560044307932133 0.2407888029897005 0.03291998139161606 -1.8093427819001904 0.05650701378404023 9.329756016652514 9.536059078320571 -1.202033504135784
13.483709273182953 0.26154411392731736 0.03219561714582788 -1.8321727489186377 0.057130589103619504 278.78565973012803 -27.04677392390998 2.5771157253050534 0.03291426661958259 -1.8775058717896487 0.045607106398540015 0.5498259943194098 0.23700104202283048 0.032511762881583646 -1.8265395688422683 0.05610160985789966 9.45868788486404 9.667036742662168 -1.18166695026639
13.583959899749374 0.25784299670055405 0.031792725507058105 -1.8493417449742353 0.05671852044994236 276.0558465207022 -26.521581215947165 2.502083244060596 0.03249117896809659 -1.8938951020738 0.04559380789722982 0.5397783595443009 0.23325793045923393 0.032105448437364695 -1.8437445633774703 0.05570840179572479 9.585333273164377 9.795566355192932 -1.1616884643311778
13.684210526315788 0.2541829838678209 0.031391872773946096 -1.8665179038286277 0.056318387506877114 273.2374741543207 -25.996900050893828 2.4284245174214547 0.0320707313151885 -1.9102999362306037 0.045580319973182876 0.5298991122929816 0.22955939469249145 0.031701128965670254 -1.8609569366132208 0.055327068739121285 9.709599987333132 9.921554413895738 -1.1420917745961106
13.784461152882201 0.25056402273497924 0.030993143408183463 -1.8837004190371829 0.055929885497700504 270.33504544379593 -25.473193465576585 2.356152223910766 0.0316529905582593 -1.9267196578398438 0.04556664073972034 0.5201859721638245 0.22590534683389518 0.03129889247188235 -1.8781758682422935 0.05495729466657143 9.831400057301677 10.044912103672768 -1.1228706601223166
13.884711779448622 0.24698604818412656 0.030596619021538103 -1.9008884920654556 0.05555271411578103 267.35309168218805 -24.95090997167199 2.2852769531686463 0.031238021142647728 -1.943153549028995 0.045552768293110654 0.5106366703944734 0.2222956850346294 0.03089882404896241 -1.8954005462734205 0.05459876849780292 9.950649848820634 10.165555399080722 -1.1040189535897298
13.984962406015036 0.24344898292986614 0.030202378372340175 -1.9180813320255798 0.05518657762010713 264.2961607614775 -24.4304829777047 2.2158072444673027 0.03082588505921545 -1.9596008905612585 0.04553870071230979 0.5012489505562026 0.2187302938150535 0.030501005870682735 -1.9126301667618875 0.054251184185575604 10.067270158475177 10.283405148353943 -1.0855305438875575
14.08521303258145 0.23995273778198128 0.029810497365868292 -1.9352781554130793 0.05483118491948598 261.1688056423088 -23.91233028159725 2.1477496305493147 0.030416641844964388 -1.9760609619168272 0.045524436058698624 0.4920205692161506 0.21520904440036503 0.030105517189027084 -1.9298639335404346 0.05391424079543921 10.18118629218878 10.398387139013371 -1.0673993784952245
14.18546365914787 0.23649721191395248 0.029421049058488535 -1.9524781858443205 0.05448624964592181 257.9755732146273 -23.396853633263817 2.0811086863790353 0.030010348586597402 -1.9925330413674716 0.04550997237582228 0.48294929656807756 0.2117317950619414 0.029712434335615105 -1.9471010579506718 0.0535876425740319 10.292328127446613 10.510432145455622 -1.0496194656421949
14.285714285714285 0.2330822931367574 0.029034103665396212 -1.9696806537948341 0.054151490217674736 254.7209935846779 -22.884438366328595 2.015887082385022 0.029607059926928466 -2.0090164060445876 0.04549530768912584 0.4740329170322656 0.2082983914636668 0.02932183072698749 -1.9643407585752424 0.053271099006456386 10.400630159553044 10.619475959006225 -1.032184876282514
14.385964912280699 0.22970785817740177 0.028649728571809273 -1.9868847963387113 0.053826629892489576 251.40956981929207 -22.375453097648148 1.9520856417619712 0.029206828074045905 -2.0255103320008376 0.045480440005693706 0.4652692298252088 0.20490866701256763 0.02893377687359871 -1.9815822609709814 0.05296432486326475 10.506031532315674 10.725459401006423 -1.0150897458800046
14.48621553884712 0.22637377296165148 0.028267988347461356 -2.0040898568892436 0.053511396811470324 248.0457681747846 -21.870249493042635 1.8897034014040572 0.02880970281312997 -2.0420140942654945 0.04546536731398499 0.45665604949975547 0.20156244321310357 0.028548340392361104 -1.9988247974032354 0.05266704023758094 10.608476053619407 10.828328319573247 -0.9983282760061059
14.586466165413533 0.22307989290043187 0.027888944764242106 -2.0212950849409728 0.05320552403407402 244.63400883270992 -21.36916209725038 1.8287376760338945 0.028415731520823554 -2.058526966893616 0.045450087583571996 0.44819120645636235 0.19825953002447005 0.028165586022575427 -2.0160676065815224 0.0523789705728605 10.707912196416387 10.928033570737782 -0.9818947357794627
14.686716791979947 0.21982606317938594 0.02751265681683137 -2.0384997358133266 0.052908749564670614 241.1786571614557 -20.8725082259259 1.7691841251030738 0.028024959182051855 -2.07504822300922 0.045434598764875905 0.43987254742613285 0.1949997262202927 0.027785575645091192 -2.033309933396722 0.05209984668179433 10.804293085717347 11.024530984721531 -0.965783463140923
14.78696741854636 0.2166121190510901 0.02713918074617582 -2.055703070395941 0.052620816371119684 237.68401551760167 -20.380587917166793 1.7110368220381376 0.027637428409187474 -2.0915771348425314 0.045418898788905815 0.4316979359263034 0.19178281975010902 0.02740836830453768 -2.0505510286599113 0.05182940475682767 10.897576472216192 11.11778131816053 -0.9499888659736371
14.887218045112782 0.21343788612943737 0.02676857006565585 -2.0729043548958193 0.0523414723957943 234.15431559802983 -19.893683939934675 1.654288325423812 0.02725317946345399 -2.1081129737614908 0.04540298556699494 0.4236652526888749 0.18860858810206038 0.027034020234464228 -2.067790148843013 0.05156738637277415 10.987724693223809 11.207750193120106 -0.9345054230792016
14.987468671679196 0.21030318068572187 0.02640087558979253 -2.090102860586424 0.05207047055946804 230.59371134930052 -19.41206185649095 1.5989297517208443 0.02687225027846147 -2.124655010297614 0.04538685699054043 0.4157723960630453 0.1854767986662278 0.02666258488522943 -2.085026555821335 0.0513135384819807 11.07470462162263 11.294408023773567 -0.9193276850273833
15.08771929824561 0.20720780994595814 0.02603614546534505 -2.1072978635588266 0.05180756875847583 227.00627243733402 -18.935970135830217 1.5449508491305821 0.02649467648576644 -2.14120251416638 0.045370510930741785 0.40801728239215085 0.18238720909807116 0.026294112954487397 -2.102259516618176 0.051067613402474434 11.158487603580367 11.377729931646478 -0.9044502748620289
15.18796992481203 0.20415157238899959 0.025674425204652043 -2.1244886444749675 0.0515525298555413 223.39597827757507 -18.465640315029162 1.4923400722390143 0.026120491442348782 -2.157754754282244 0.045353945238340736 0.4003978463657706 0.17933956768145543 0.02592865242010928 -2.1194883031515217 0.050829368799539504 11.239049385783712 11.457695650328338 -0.8898678886955622
15.288220551378444 0.20113425804502538 0.025315757721071024 -2.1416744883231242 0.05130512166465576 219.76671262185528 -18.001287205265584 1.4410846570831795 0.02574972625989807 -2.174310998768436 0.045337157743361646 0.39291204134769947 0.17633361369076483 0.02556624857538871 -2.136712191982976 0.050598567661121925 11.316370032966926 11.534289420572637 -0.8755752961889698
15.388471177944858 0.19815564879398379 0.024960183366372762 -2.158854684175679 0.051065116930373154 216.1222586959559 -17.543109139273326 1.3911706963080648 0.025382409835801818 -2.190870514961671 0.04532014625485464 0.38555783968044444 0.17336907775162447 0.025206944066380244 -2.1539304640689667 0.0503749782674777 11.390433836520728 11.607499876696847 -0.8615673409167357
15.488721804511279 0.19521551866359504 0.024607739969950762 -2.1760285249491917 0.050832293301886114 212.46629487873656 -17.091288256924315 1.3425832140978173 0.025018568885729616 -2.207432569411912 0.04530290856063725 0.37833323296693894 0.17044568219978262 0.024850778931218922 -2.171142404514325 0.05015837415544036 11.461229214966547 11.677319925191432 -0.847838940638951
15.588972431077693 0.19231363412653915 0.02425846287970759 -2.1931953071668846 0.050606433302219145 208.80239091152316 -16.645990825651978 1.2953062405884426 0.024658227977707184 -2.2239964278773114 0.045285442427040176 0.37123623233013997 0.16756314143771567 0.024497790641276128 -2.188347302328257 0.04994853407769262 11.528748607082974 11.743746616430268 -0.8343850874767895
15.689223057644107 0.18944975439645775 0.023912385004483668 -2.2103543307235594 0.050387324292878406 205.13400462399227 -16.207367592420496 1.249322885488094 0.024301409567575816 -2.2405613553144783 0.04526774559865279 0.36426486865116214 0.164721162288545 0.02414801414401031 -2.2055444501828236 0.04974524195739155 11.592988358459584 11.806781010362785 -0.8212008479862334
15.789473684210527 0.1866236317224294 0.023569536857896874 -2.227504898652977 0.050174758434277086 201.46447916129205 -15.775554164026346 1.2046154106560494 0.02394813403573418 -2.2571266158642014 0.04524981579806991 0.35741719278663564 0.1619194443468822 0.0238014819073655 -2.2227331441738896 0.0495482868385035 11.653948602243041 11.866428037034686 -0.8082813631713748
15.889724310776941 0.18383501168158337 0.02322994660346514 -2.2446463168977444 0.049968532642241124 197.79704069491936 -15.350671412528726 1.161165301409642 0.02359841972506107 -2.273691472832745 0.045231650725643266 0.35069127576591774 0.15915768032622912 0.023458223965590518 -2.2399126835846386 0.04935746283217891 11.711633134824863 11.922696352769314 -0.7956218483929547
15.989974937343355 0.18108363346953937 0.022893640100886577 -2.261777894081734 0.049768448540895155 194.13479659879022 -14.932825902716957 1.1189533363526323 0.02325228297991851 -2.2902551886688935 0.04521324805923109 0.34408520896882505 0.15643555640259277 0.023118267966334892 -2.257082370651676 0.04917256905948135 11.766049287198003 11.975598192801078 -0.783217593230404
16.09022556390977 0.17836923018837555 0.022560640953356866 -2.2788989412850422 0.04957431241221459 190.48073407071274 -14.522110338610105 1.077959655540181 0.022909738186138263 -2.306817024936825 0.04519460545395117 0.3375971042845164 0.15375275255398613 0.022781639218903256 -2.27424151033372 0.048993409590787344 11.817207792686888 12.02514922112557 -0.7710639612447494
16.19047619047619 0.17569152913184088 0.022230970555805998 -2.2960087718215187 0.0493859351425089 186.8377191780703 -14.118604026057426 1.0381638268136955 0.022570797811895107 -2.323376242284978 0.04517572054193799 0.33122509425216196 0.15110894289551624 0.022448360743530817 -2.2913894100829135 0.04881979338214218 11.865122651731463 12.071368378288168 -0.7591563897097444
16.290726817042604 0.17305025206754943 0.02190464814394108 -2.313106701018853 0.049203132166108825 183.20849630635598 -13.722373348674779 0.9995449101640532 0.022235472449373773 -2.3399321004110294 0.04515659093209977 0.3249673321840286 0.14850379600977304 0.02211845332156762 -2.3085253796187755 0.04865153420885664 11.909810994372506 12.1142777278021 -0.7474903892642146
16.390977443609017 0.17044511551590147 0.021581690843985 -2.3301920460012586 0.049025723406498294 179.59568798832743 -13.333472254451834 0.9620815199993189 0.021903770857137825 -2.356483858023127 0.045137214209878 0.31882199227159 0.1459369752722588 0.02179193554645031 -2.325648730704801 0.04848845059661601 11.951292941060004 12.153902301840985 -0.7360615435067643
16.49122807017544 0.16787583102550382 0.021262113723005828 -2.347264125474718 0.048853533215132264 176.00179509063219 -12.951942750456197 0.9257518852088907 0.021575700003112097 -2.3730307727974775 0.04511758793701165 0.3127872696752718 0.1434081391716162 0.021468823875345176 -2.3427587769277007 0.04833036575034672 11.989591462371411 12.190269946813471 -0.7248655085587643
16.591478696741852 0.1653421054448656 0.02094592983973477 -2.3643222595148057 0.048686390308176994 172.42919733592566 -12.577815403311831 0.8905339069438583 0.02125126510809243 -2.3895721013324347 0.045097709651302186 0.3068613805984244 0.14091694162443102 0.02114913268135952 -2.359854833479284 0.04817710748110284 12.024732238191687 12.22341116938418 -0.7138980125561147
16.691729323308266 0.1628436411901663 0.02063315029577476 -2.3813657693570995 0.048524127701374126 168.88015413665153 -12.211109843125143 0.856405214038503 0.020930469689698673 -2.4061070990992217 0.045077576866382 0.30104256234611704 0.1384630322844035 0.020832874306209 -2.3769362169410146 0.04802850813118419 12.056743516878926 12.25335898346584 -0.7031548551197488
16.791979949874687 0.16038013650891084 0.020323784287106197 -2.398393977190139 0.04836658264325424 165.35680571836906 -11.851835268808912 0.8233432160253358 0.02061331560669106 -2.4226350203893805 0.04505718707148603 0.29532907336932196 0.13604605684571058 0.02052005911324681 -2.3940022450711838 0.04788440449772396 12.085655974895802 12.280148758663385 -0.692631906768213
16.8922305764411 0.15795128573929443 0.020017839155800025 -2.4154062059509385 0.04821359654688568 161.861174509693 -11.499990952816745 0.791325153704483 0.020299803103571084 -2.439155118259098 0.04503653773122678 0.289719193295059 0.13366565734038172 0.0202106955407532 -2.4110522365947253 0.047744637754946855 12.11150257735983 12.303818070610223 -0.6823251083037576
16.992481203007515 0.15555677956511746 0.01971532044185213 -2.432401779123057 0.04806501492034815 158.39516677680058 -11.15556674349017 0.760328147246267 0.019989930855392257 -2.4556666444705186 0.04501562628537204 0.28421122294304413 0.1313214724295454 0.01990479015539555 -2.4280855109956563 0.04760905337530033 12.134318439926837 12.324406553597113 -0.6722304701610824
17.092731829573935 0.15319630526610692 0.01941623193505775 -2.449380020537182 0.04792068729611277 154.96057448045804 -10.818543563330508 0.7303292418162045 0.019683696012708404 -2.4721688494301657 0.04499445014862642 0.2788034843294081 0.12901313768841038 0.019602347705769935 -2.4451013883121337 0.04747750104964169 12.154140692387115 12.34195575585463 -0.6623440717288531
17.19298245614035 0.15086954696350904 0.01912057572684787 -2.466340254174221 0.04778046715949586 151.5590773348788 -10.488893901714306 0.7013054507290719 0.019381094246590215 -2.4886609821245727 0.04497300671041717 0.27349432065798823 0.12674028588486708 0.019303371175941154 -2.4620991889340837 0.047349834606671734 12.17100834432088 12.356508997807875 -0.6526620606408073
17.293233082706763 0.1485761858608367 0.018828352262013646 -2.483281803970908 0.047644211876342525 148.1922450471959 -10.166582300621116 0.673233796142651 0.019082119793643576 -2.505142290053278 0.044951293334681924 0.26828209629973815 0.12450254725160462 0.019007861838902008 -2.479078233403449 0.04722591193176574 12.184962153126788 12.368111233593313 -0.6431806520344594
17.393483709273184 0.14631590047966228 0.018539560390249257 -2.5002039936278617 0.04751178262009973 144.86153971818248 -9.85156583217045 0.6460913473192846 0.018786765500966484 -2.521612019159247 0.04492930735966262 0.26316519676074035 0.1222995497516639 0.018715819309873764 -2.496037842216967 0.047105594885377064 12.19604449470176 12.3768089160797 -0.633896127803041
17.493734335839598 0.14408836689036453 0.018254197417446844 -2.5171061464201125 0.04738304429841077 141.56831838481867 -9.54379456683185 0.6198552564871336 0.018495022870984028 -2.5380694137568782 0.044907046097702255 0.25814202863935254 0.12013091933734765 0.01842724159937985 -2.512977335631498 0.04698874922115082 12.204299237023822 12.38264986561314 -0.6248048358152118
17.59398496240601 0.14189325893774576 0.017972259156681058 -2.5339875850100686 0.04725786547937512 138.31383568651563 -9.243212031337691 0.594502792344727 0.018206882106103852 -2.5545137164576817 0.04488450683504562 0.25321101957292796 0.11799628020243855 0.018142125166023936 -2.5298960334718936 0.04687524450389388 12.209771616854123 12.385683142666062 -0.6159031891148175
17.694235588972433 0.1397302484614476 0.01769373997882478 -2.5508476312628834 0.047136118317597134 135.0992466374596 -8.949755655429584 0.5700113712573653 0.01792233215313773 -2.5709441680937406 0.044861686831645625 0.24837061817462927 0.11589525502767556 0.01786046496890788 -2.54679325494135 0.046764954027530926 12.212508119748662 12.385958924540546 -0.6071876651167258
17.794486215538846 0.13759900551111062 0.01741863286274101 -2.567685606064236 0.04701767848013681 131.92560948854634 -8.663357206701335 0.5463585862019755 0.017641360747437596 -2.5873600076390684 0.04483858332097296 0.2436192939607619 0.11382746521946197 0.017582254519632794 -2.563668318434251 0.046657754733169736 12.212556363543527 12.383528386250632 -0.5986548047744122
17.89473684210526 0.13549919855622153 0.01714692944499899 -2.5845008291404645 0.04690242507248696 128.79388866309364 -8.383943212896753 0.5235222335210438 0.01736395445669694 -2.6037604721289758 0.04481519350983176 0.23895553726909716 0.11179253114178289 0.017307485933824637 -2.580520541351476 0.046553527127390776 12.20996498544572 12.378443585676775 -0.5903012117460662
17.994987468671674 0.13343049469061571 0.01687862006906708 -2.6012926188810668 0.04679024056466749 125.70495775161771 -8.11143537114225 0.5014803375523883 0.017090098724372213 -2.6201447965775313 0.044791514578178995 0.2343778591686124 0.10979007234132843 0.01703614998213463 -2.59734923991815 0.04645215520086861 12.204783532844845 12.370757353063963 -0.5821235515448393
18.095238095238095 0.1313925598316025 0.01661369383393734 -2.6180602921635243 0.046681010717545525 122.65960255171376 -7.845750943679121 0.48021117320413115 0.01681977791268061 -2.6365122138932375 0.0447675436789495 0.22988479136107903 0.10781970776582395 0.01676823614066497 -2.6141537290037986 0.046353526347424984 12.197062357930392 12.360523184909209 -0.574118550681419
18.19548872180451 0.1293850589136963 0.016352138642140662 -2.634803164180431 0.046574624509464826 119.65852414002347 -7.586803139758047 0.4596932865481989 0.016552975345134207 -2.6528619547930155 0.04474327793788725 0.22547488607492278 0.1058810559755856 0.01650373264077564 -2.630933321944912 0.046257531283607545 12.186852516182809 12.347795142263708 -0.5662829957969393
18.295739348370923 0.12740765607693996 0.016093941247113813 -2.651520548268923 0.046470974063275834 116.70234196406045 -7.334501483436071 0.43990551350722457 0.016289673348572425 -2.6691932477146083 0.044718714453380375 0.22114671595173152 0.10397373534831861 0.01624262651823003 -2.647687330369893 0.046164063968875076 12.174205668782568 12.332627753455535 -0.5586137327948109
18.395989974937343 0.12546001484982042 0.015839087299883883 -2.6682117557423677 0.04636995457383817 113.79159694288182 -7.088752167118969 0.4208269967135181 0.016029853294658194 -2.68550531872749 0.04469385029630241 0.2168988739258308 0.1020973642772014 0.01598490366164211 -2.6644150640263446 0.046073021526475286 12.15917398896636 12.315075921218458 -0.5511076659674927
18.496240601503757 0.12354179832678283 0.015587561395037499 -2.6848760957242956 0.046271464236078426 110.92675456595634 -6.849458390731456 0.4024372006175213 0.01577349564080506 -2.7017973914423763 0.04466868250986055 0.21272997309729227 0.10025156136228985 0.015730548860191075 -2.6811158306106972 0.04598430416508446 12.141810072337432 12.295194834199515 -0.5437617571069495
18.59649122807017 0.12165266934035594 0.015339347115945602 -2.7015128749845836 0.04617540417365886 108.10820798080658 -6.616520686493061 0.3847159249259704 0.015520579970505302 -2.7180686869194566 0.04464320810944888 0.20863864659874734 0.09843594559529623 0.015479545850568323 -2.697788935600165 0.04589781510127624 12.122166851127586 12.273039882798503 -0.536573024639722
18.696741854636592 0.11979229062790808 0.015094427079217569 -2.7181213977778254 0.0460816783683304 105.33628106057995 -6.38983722931809 0.3676433164487691 0.015271085033031675 -2.7343184235754148 0.04461742408250749 0.20462354745636002 0.09665013653780086 0.015231877363132397 -2.71443368208698 0.045813460482879265 12.10029751238708 12.2486665792857 -0.5295385427373276
18.796992481203006 0.11796032499306613 0.014852782978360644 -2.7347009656839187 0.045990193590017055 102.61123144361 -6.169304132929824 0.3511998794347051 0.015024988782487696 -2.7505458170893458 0.04459132738838907 0.2006833484453147 0.09489375449296167 0.014987525167243618 -2.7310493706149237 0.045731149313282794 12.076255420072034 12.222130482126277 -0.5226554404307535
18.89724310776942 0.11615643546182662 0.01461439562662336 -2.7512508774508135 0.04590085932769686 99.93325353781393 -5.954815731825022 0.3353664844751535 0.014782268416183282 -2.7667500803076637 0.044564914958231984 0.19681674194013682 0.09316642067079273 0.014746470115754832 -2.7476352990181208 0.045650793376740134 12.050094040980028 12.193487124431739 -0.5159209007316576
18.99749373433584 0.1143802854334017 0.014379244999004455 -2.76777042883945 0.04581358772110963 97.3024814831956 -5.7462648492511335 0.32012437605266375 0.014542900412315587 -2.782930423148087 0.0445381836948392 0.19302243976018907 0.09146775734709256 0.014508692188638293 -2.7641907622620656 0.04557230716471062 12.021866874483395 12.162791946451442 -0.509332159762721
19.097744360902254 0.11263153882584646 0.01414731027341081 -2.784258912470806 0.04572829349335559 94.71899206692387 -5.54354305143525 0.30545517881305956 0.01430686056693639 -2.7990860525027834 0.04451113047256644 0.18929917301064925 0.08979738801610437 0.014274170535732801 -2.7807150522868866 0.045495607803289886 11.991627385988801 12.13010023200753 -0.5028865058654901
19.197994987468668 0.11090986021651764 0.01391856987094997 -2.8007156176751398 0.04564489388440229 92.18280758559877 -5.346540888303679 0.29134090263534346 0.014074124030189481 -2.8152161721407984 0.04448375213721432 0.18564569191927027 0.08815493753699555 0.014042883518591535 -2.7972074578528527 0.045420614981755626 11.959428944055976 12.095467048769821 -0.49658127874090496
19.298245614035082 0.10921491497741768 0.013693001495345813 -2.8171398303433075 0.04556330858555584 89.69389865013773 -5.15514812097237 0.27776394657299763 0.013844665341803909 -2.8313199826098003 0.0444560455059321 0.18206076566921703 0.08654003227425722 0.013814808751421194 -2.813667264388051 0.04534725088226801 11.925324761089088 12.058947192263004 -0.49041386857447833
19.398496240601503 0.10754636940549124 0.013470582171466955 -2.8335308327802333 0.04548345967491039 87.25218692955605 -4.969253936337537 0.2647071017398503 0.013618458465830595 -2.847396681137289 0.04442800736712581 0.17854318222827503 0.08495230023211345 0.013589923141099667 -2.8300937538382884 0.04527544011074954 11.889367837518831 12.020595133493394 -0.4843817151707981
19.498746867167917 0.10590389084793292 0.013251288282960324 -2.8498879035604747 0.04540527155381598 84.85754782984259 -4.788747149072265 0.25215355320857785 0.013395476824611561 -2.8634454615313047 0.04439963448037598 0.1750917481746796 0.08339137118304984 0.0133682029262632 -2.846486204519167 0.045205109628968496 11.851610909379916 11.9804649700784 -0.4784823071020128
19.59899749373433 0.104287147822576 0.013035095608983548 -2.866210317385895 0.045328670884383596 82.50981310546013 -4.613516391409888 0.24008688099131065 0.013175693331972882 -2.879465514080759 0.04437092357636412 0.1717052885198504 0.08185687679056164 0.01314962371545772 -2.8628438909703426 0.04513618868785147 11.812106399189052 11.938610380759817 -0.4727131808443801
19.69924812030075 0.10269581013343804 0.01282197936003202 -2.8824973449454383 0.04525358652804917 80.20877340053221 -4.443450291048038 0.22849106016555823 0.012959080425634359 -2.8954560254554584 0.04434187135680564 0.1683826465282852 0.08034845072623542 0.012934160524347359 -2.879166083811964 0.045068608762033245 11.77090637002348 11.895084583180799 -0.46707191994141795
19.799498746867165 0.10112954898149569 0.012611914212858002 -2.8987482527769926 0.045179949485214754 77.95418071829135 -4.278437637588894 0.21735046021071583 0.01274561009883025 -2.911416178605897 0.04431247449439398 0.1651226835348329 0.07886572878127163 0.012721787811978915 -2.895452049603264 0.04500230348567061 11.728062482697363 11.849940294802353 -0.4615561541608031
19.89974937343358 0.09958803707076945 0.012404874344480522 -2.9149623031313556 0.04510769283598565 75.74575081671946 -4.118367537870938 0.20664984361343955 0.012535253931136829 -2.9273451526629266 0.0442827296327519 0.1619242787596193 0.07740834897256521 0.012512479516099824 -2.911701050703335 0.04493720858951995 11.683625955930273 11.803229696839361 -0.4561635586592274
20.0 0.09807094870979444 0.01220083346528681 -2.931138753838288 0.04503675168201201 73.5831655295624 -3.9631295606127708 0.19637436380147905 0.012327983118504424 -2.9432421228373573 0.04425263338639315 0.15878632912081372 0.07597595164345938 0.012306209087529649 -2.927912345134052 0.04487326183929555 11.63764752940284 11.75500440109051 -0.45089185316442126
