-20.0 1.967806209019461 0.0037797863462189405 3.7773190950611255 0.05485313145170825 -2.5207574143000784 -0.27567206130365207 -0.03181817656296696 0.0038167852094089017 3.780971738018178 0.05526236954209824 7.986557220659651 1.9904332518761185 0.0038151151666234798 3.779474853020975 0.0551697341246024 2.949540944024471 2.9634045024320037 -0.36030650022485133
-19.899749373433583 1.9673218208010268 0.003878166486228046 3.7726773828606923 0.05515117243805405 -2.5414183187012895 -0.2816752873605992 -0.03273679596949345 0.003916525617192042 3.776341528330198 0.055566773123742585 7.986101629539033 1.9901112615582797 0.0039147664840591965 3.7747665314062133 0.05547041592781752 3.0025641252510673 3.0167955961293265 -0.3604472763439617
-19.79949874686717 1.9668249062460113 0.003979419783183114 3.767583902196636 0.05544582268303055 -2.5604416799174032 -0.2877158050569619 -0.03367864169766932 0.004019192746214365 3.771262637163156 0.055867882601845144 7.98563064041195 1.9897785417840894 0.004017339448199326 3.769606125725529 0.05576768190220452 3.05631450707085 3.0709245091254243 -0.3605933971338118
-19.69924812030075 1.9663151047952951 0.0040836299227641655 3.762042189230308 0.055737069035080924 -2.577688927712188 -0.29378648355086057 -0.034643954245725674 0.004124872464999147 3.7657387455787346 0.05616568456588224 7.985143735783171 1.9894347423966465 0.004122919615710808 3.7639971913027126 0.056061516467459986 3.1107909586736873 3.125790466653271 -0.3607473983058753
-19.598997493734338 1.9657920457111977 0.004190882824473178 3.7560559122180686 0.05602490047429432 -2.5930140850073258 -0.2998795275031796 -0.035632943672302034 0.004233652965984156 3.759773670127367 0.056460167492795574 7.984640380966597 1.989079502315331 0.004231594846400895 3.7579434148684174 0.05635190603876905 3.165991731575658 3.1813920903514674 -0.3609118505191873
-19.49874686716792 1.9652553478263093 0.004301266685812604 3.7496288651556817 0.0563093080951379 -2.606263453871179 -0.30598643396723446 -0.036645785921542995 0.004345624813394313 3.7533713566059808 0.05675132170645983 7.984120023527998 1.9887124492295785 0.004343455349596906 3.7514486081932152 0.056638839003168386 3.2219144285148307 3.237727367739279 -0.3610893591983313
-19.398496240601503 1.964704619288771 0.004414872026224176 3.7427649614634397 0.056590285089685576 -2.617275291900569 -0.3120979469046006 -0.03768261884842872 0.004460880991023062 3.74653587386173 0.05703913933597185 7.983582092710673 1.9883331992865032 0.004458593730320701 3.7445167017631205 0.056922305696190556 3.2785559712962016 3.2947936206582367 -0.36128256445476836
-19.29824561403509 1.9641394573041533 0.004531791730686179 3.7354682277224898 0.05686782673157171 -2.625879478955085 -0.31820400921600367 -0.03874353792361518 0.004579516949826376 3.739271407652102 0.05732361427288121 7.983025998843515 1.9879413567724087 0.004577105035152667 3.737151738507805 0.05720229837901373 3.33591256756606 3.3525874726595117 -0.3614941411290147
-19.19799498746867 1.9635594478740983 0.0046521210928589405 3.7277427974721355 0.05714193036090595 -2.6318971744299233 -0.32429371218330516 -0.03982859159564356 0.004701630655225499 3.731582254571283 0.05760474212748162 7.982451132731058 1.9875365137882766 0.004699086797671494 3.7293578675914376 0.05747881121634748 3.3939796764960417 3.4111048153170924 -0.36172679895787496
-19.097744360902254 1.9629641655319157 0.004775957857660016 3.719592905077498 0.05741259537038609 -2.6351404647716663 -0.33035524217993384 -0.040937776284998506 0.004827322634006348 3.723472816052128 0.057882520184277635 7.9818568650250095 1.9871182499193225 0.004824639083347149 3.721139338275298 0.05775184025529382 3.4527519733586725 3.4703407734470013 -0.3619832828600238
-18.99749373433584 1.9623531730753416 0.004903402263141362 3.7110228796762117 0.05767982319285379 -2.6354120018145295 -0.3363758245642714 -0.04207103098691789 0.004956696020694659 3.7149475924524546 0.058156947356739104 7.981242545576789 1.986686131898739 0.004953864533754619 3.7125004938609822 0.05802138340541565 3.512223312976567 3.53028966921437 -0.36226637335300893
-18.897243107769423 1.9617260212966885 0.005034557081531428 3.702037139212399 0.057943617290538554 -2.6325046315896543 -0.3423416645946986 -0.04322823145332677 0.005089856603276968 3.706011177233883 0.05842802414145294 7.980607502770603 1.9862397132657637 0.005086868409966232 3.7034457657222255 0.05828744042026568 3.572386692029141 3.590944985109994 -0.3625788870915585
-18.796992481203006 1.9610822487106485 0.0051695276592949495 3.692640184565514 0.05820398314624412 -2.626201014187245 -0.3482378852674515 -0.04440918392720287 0.005226912868127677 3.6966682512408493 0.05869575257177846 7.979951042836538 1.9857785340182392 0.005223758634969413 3.6939796674330325 0.05855001288061991 3.633234210201509 3.6522993257800276 -0.3629236775401523
-18.696741854636592 1.96042138128003 0.005308421956052943 3.6828365937811895 0.058460928256734004 -2.616273234637447 -0.35404846192648165 -0.04561361839731385 0.005367976043992626 3.686923577086889 0.05896013617110761 7.979272449143197 1.9853021202598538 0.005364645834945887 3.6841067889990797 0.058809104179674554 3.694757030162184 3.7143443786930304 -0.36330363577746994
-18.596491228070175 1.959742932139731 0.005451350582194114 3.6726310164105964 0.058714462128576714 -2.6024824053033626 -0.3597561535244438 -0.04684118134187305 0.005513160144868648 3.6767819936547124 0.05922117990583147 7.978570981469356 1.9848099838422781 0.005509643379236283 3.6738317911989498 0.05906471951046761 3.756945336357712 3.777070873630253 -0.36372169143055544
-18.49624060150376 1.9590464013192999 0.005598426834997472 3.6620281679643574 0.05896459627672298 -2.584578260037688 -0.36534243039267267 -0.04809142792636104 0.005662582011607626 3.6662484107160997 0.05947889013810522 7.9778458752541415 1.984301622002454 0.005658867418801829 3.6631594000411125 0.059316865855791115 3.8197882926141684 3.8404685409865547 -0.3641808137476801
-18.395989974937343 1.9583312754644422 0.0057497667330738324 3.6510328244864816 0.059211344226083526 -2.56229874056271 -0.3707873983795764 -0.049363813618808663 0.005816361352062044 3.655327803677075 0.05973327457850489 7.977096340825222 1.9837765169953103 0.005812436922981924 3.652094401342124 0.059565551980871705 3.883273998538143 3.904526068871025 -0.36468401281297247
-18.295739348370926 1.9575970275578771 0.005905489048920999 3.63964981725331 0.05945472151639285 -2.535369575646655 -0.3760697192251996 -0.05065768518466266 0.005974620779576398 3.6440252084532894 0.05998434223866293 7.976321562604473 1.9832341357222212 0.00597047371433262 3.6406416354309434 0.05981078842909865 3.947389444711652 3.9692310589985813 -0.3652343408867864
-18.195488721804512 1.9568431166399827 0.006065715339374409 3.627884027601965 0.059694745710642545 -2.5035038536489083 -0.38116652702512965 -0.05197227101983041 0.006137485849616808 3.632345716480119 0.06023210338396612 7.975520698290638 1.9826739293555646 0.006133102501316992 3.628805991983856 0.0600525875210908 4.012120466678877 4.034569981366062 -0.365834893896249
-18.095238095238095 1.956068987529699 0.006230569973720861 3.6157403818922416 0.05993143640737966 -2.466401589067573 -0.3860533406382274 -0.05330667077869814 0.006305085094317187 3.6202944698613795 0.060476569486394904 7.974692878018418 1.9820953329597675 0.006300450908603076 3.6165924049938454 0.06029096335740032 4.0774516977251345 4.1005281277084284 -0.3664888130692816
-17.99498746867168 1.9552740705461957 0.006400180159228752 3.6032238466055384 0.060164815257171586 -2.4237492840418327 -0.3907039719060492 -0.05465984425197945 0.006477550054707017 3.6078766566601534 0.06071775317758012 7.973837203493507 1.9814977651092711 0.006472649504709985 3.604005847877993 0.06052593182515861 4.143366520452483 4.16708956373438 -0.36719928670447644
-17.894736842105264 1.9544577812318595 0.006574675963833033 3.590339423583805 0.060394905983548144 -2.3752194855103426 -0.3950904295268174 -0.0560305994452861 0.006655015310371453 3.595097506334766 0.0609556682021486 7.972952747103034 1.9808806275038995 0.006649831826726269 3.591051328725827 0.060757510608984516 4.209847017159735 4.234237080142935 -0.3679695520969517
-17.794486215538846 1.9536195200771862 0.006754190335697401 3.5770921454112057 0.06062173440873845 -2.3204703393553245 -0.3991828184657038 -0.057417579809073985 0.0068376185062791455 3.581962285322451 0.06119032937142469 7.97203855100089 1.9802433045821508 0.006832134401807664 3.5777338856913024 0.0609857192064752 4.276873919039342 4.3019521424270994 -0.3688028975996076
-17.694235588972433 1.952758672248216 0.006938859119360227 3.5634870709406656 0.06084532848453033 -2.259145142355237 -0.40294923473558697 -0.05881925056420319 0.007025500376498422 3.5684762927728455 0.06142175251755173 7.971093626167436 1.9795851631329904 0.007019696765143932 3.5640585825304556 0.06121057894862604 4.344426554208254 4.3702148394733475 -0.36970266484115655
-17.593984962406015 1.951874607317193 0.007128821068153581 3.5495292809670875 0.06106571832859111 -2.1908718935837896 -0.406355655440251 -0.060233884068975854 0.007218804764506082 3.5546448564330717 0.06164995444809213 7.970116951443068 1.9789055519067724 0.007212661474066 3.550030504286589 0.06143211302551949 4.412482794594878 4.439003830971556 -0.37067225110229174
-17.493734335839598 1.9509666789971754 0.007324217852567381 3.5352238740486817 0.06128293626659686 -2.1152628465092675 -0.4093658239322906 -0.061659544166488445 0.007417678639776788 3.5404733286856853 0.06187495290116325 7.969107472535142 1.9782038012259775 0.007411174117946177 3.5356547531242986 0.06165034651765237 4.481019001710376 4.5082962936536735 -0.37171511182430095
-17.393483709273184 1.9500342248813785 0.007525194064212884 3.5205759624774418 0.06149701688052878 -2.0319140635028816 -0.41194112996666377 -0.06309406945052132 0.0076222721103241615 3.5259670827404954 0.06209676650115813 7.9680641009977355 1.9774792225965077 0.00761538332352379 3.520936444313386 0.061865306433271795 4.550009971338954 4.578067866385323 -0.37283476329071163
-17.293233082706767 1.9490765661880807 0.007731897215020782 3.5055906683994498 0.061707997063507845 -1.9404049746399323 -0.4140404847387913 -0.06453505538485396 0.007832738430847508 3.5111315089807915 0.06231541471510262 7.966985713183796 1.9767311083203483 0.007825440755269164 3.5058807023632683 0.06207702175211055 4.6194288771885565 4.648292594140354 -0.3740347854687798
-17.19298245614035 1.9480930075119804 0.00794447773129041 3.490273120085402 0.061915916081549886 -1.8402979427421542 -0.41562019069536404 -0.06597983520691504 0.008049234006119805 3.4959720114642843 0.06253091780968975 7.965871149169143 1.9759587311104703 0.008041501110377694 3.4904926573082804 0.0622855234759237 4.6892472135514796 4.718942870895225 -0.3753188249960431
-17.092731829573935 1.9470828365829442 0.008163088942186779 3.4746284483513916 0.06212081564263732 -1.7311378368917758 -0.41663380601877975 -0.06742545954349784 0.008271918389235052 3.4804940045786386 0.06274329680903439 7.964719211647897 1.9751613437089142 0.008263722107964316 3.4747774411438583 0.06249084468624996 4.759434737032759 4.789989381486695 -0.3766905983354718
-16.992481203007518 1.9460453240331546 0.00838788706226215 3.4586617831297293 0.06232273997351657 -1.612451616971839 -0.4170320037131887 -0.0688686746645999 0.00850095427431418 3.4647029098512467 0.06295257345318422 7.963528664798861 1.9743381785090741 0.008492264472006326 3.4587401844133185 0.06269302060982777 4.829959407413614 4.861401042484798 -0.37815389510944897
-16.892230576441104 1.9449797231737143 0.00861903116755822 3.4423782501892832 0.06252173590464237 -1.483747931841208 -0.4167624252152393 -0.0703058992957466 0.00873650748324983 3.448604152912555 0.06315877015742095 7.962298233122416 1.9734884471832754 0.008727291907560905 3.44238601294475 0.06289208869212459 4.900787327727575 4.933144942141789 -0.3797125815808613
-16.791979949874687 1.9438852697818396 0.008856683164824316 3.425782968004583 0.06271785296370978 -1.3445167342408695 -0.41576952849226245 -0.07173319990839151 0.008978746946051837 3.4322031606120142 0.06336190997238243 7.96102660024752 1.9726113403168155 0.00896897106975972 3.4257200447371865 0.06308808867944661 4.971882683637968 5.005186279487265 -0.38137060432575254
-16.69172932330827 1.9427611818998334 0.009101007753365482 3.4088810447726954 0.06291114347822573 -1.194228915567237 -0.41399443059083296 -0.07314626440235608 0.009227844674335142 3.4155053582854547 0.06356201654503302 7.959712407708409 1.971706027049736 0.009217471525060193 3.4087473869950737 0.06328106271012375 5.043207682217789 5.077488302650133 -0.38313199406411513
-16.591478696741856 1.9416066596470973 0.009352172379013129 3.391677575576651 0.06310166268758743 -1.0323359642604828 -0.41137474464900947 -0.07454037409370073 0.009483975727473533 3.3985161671724478 0.06375911408050493 7.958354253690634 1.9707716547276588 0.009472965704208981 3.391473133309778 0.06347105541527416 5.114722490246671 5.1500122465002995 -0.385000869682699
-16.49122807017544 1.9404208850465177 0.009610347179689014 3.37417763969402 0.06328946886515491 -0.8582696515231873 -0.40784441138464445 -0.07591037391561883 0.009747318170922645 3.3812410019820094 0.06395322730483477 7.956950691746074 1.9698073485631393 0.009735628846349431 3.3739023609867074 0.06365811402968742 5.186385172153872 5.222717269714652 -0.38698144243596744
-16.390977443609025 1.9392030218666187 0.009875704922011602 3.3563862980490375 0.06347462345082104 -0.6714417488240088 -0.4033335251384358 -0.07725064074003996 0.010018053026196691 3.3636852686047867 0.06414438142860952 7.955500229476637 1.9688122113090574 0.010005638933680486 3.356040128516456 0.06384228851336918 5.258151627752187 5.295560391387319 -0.3890780203334998
-16.290726817042607 1.9379522154809674 0.010148420928372311 3.338308590806536 0.06365719119459486 -0.47124378158264335 -0.3977681545479186 -0.07855504972120049 0.010296364211964535 3.3458543619696663 0.06433260211154158 7.954001327186351 1.9677853229456908 0.01028317661605052 3.3378914731881766 0.06402363168433425 5.32997552992571 5.3684964273177185 -0.3912950127169097
-16.19047619047619 1.9366675927463715 0.010428672993886869 3.3199495351057484 0.06383724031174133 -0.2570468243909545 -0.39107015802346723 -0.07981693856508087 0.01058243847571186 3.327753664042598 0.0645179154279825 7.952452396501602 1.9667257403832 0.010568425124844953 3.3194614088433116 0.06420219936323142 5.4018082624518104 5.441477926128591 -0.39363693503537434
-16.090225563909776 1.9353482619015008 0.010716641292606391 3.3013141229320153 0.06401484265002687 -0.028201342846614352 -0.38315699418038207 -0.08102906962026424 0.010876465315398258 3.309388541965232 0.06470034783338838 7.950851798959353 1.9656324971813743 0.01086157017550286 3.3007549237675655 0.06437805053043678 5.473598858160145 5.51445510538193 -0.3961084138283013
-15.989974937343359 1.9339933124876338 0.011012508272350943 3.2824073191241565 0.06419007386965193 0.2159629117447821 -0.3739415275009321 -0.08218358969008695 0.011178636890520418 3.290764346330854 0.06487992613174391 7.949197844563133 1.964504603288587 0.011162799857974647 3.2817769787190745 0.06455124749624952 5.545293937651371 5.587375787883585 -0.398714191903764
-15.889724310776943 1.9326018152933155 0.011316458537508203 3.2632340595153586 0.0643630136364575 0.4761369486620879 -0.36333182950855303 -0.08327198746015085 0.01148914792197573 3.2718864095949414 0.06505667744395016 7.9474887903067675 1.963341044802034 0.01147230451440895 3.262532505090429 0.0647218560848669 5.616837648824467 5.6601853383863325 -0.4014591337273714
-15.789473684210527 1.9311728223247768 0.011628678719119925 3.2437992492051713 0.06453374582902276 0.7530325180462114 -0.35123097583246476 -0.08428504843697482 0.0118081955801053 3.252760044617539 0.06523062917718309 7.945722838665737 1.962140783751438 0.011790276603334078 3.243026403202243 0.06488994583283517 5.688171607485663 5.732826600925499 -0.40434823105050555
-15.68922305764411 1.9297053668040718 0.011949357331559751 3.224107760960248 0.06470235876028023 1.0473820177742255 -0.3375368396090721 -0.08521280729291665 0.012135979360280373 3.2333905433345924 0.06540180899521993 7.943898136056222 1.9609027579085194 0.012116910549580402 3.223263540725936 0.06505559020269372 5.759234839341362 5.805239837048543 -0.40738660873512345
-15.588972431077694 1.9281984631969442 0.012278684615088034 3.2041644337413766 0.0648689454143028 1.3599383189248329 -0.3221418817508379 -0.08604449751352186 0.012472700945383055 3.213783175555198 0.06557024478973736 7.942012771261899 1.9596258806246702 0.01245240257916616 3.203248751233177 0.06521886681256281 5.82996372370653 5.8773626652249495 -0.410579530824009
-15.488721804511279 1.9266511072725219 0.01261685236355283 3.1839740713542772 0.06503360369892633 1.6914745013755237 -0.30493293869352556 -0.08676849824373296 0.01281856405452116 3.193943187881708 0.06573596465257786 7.940064773828635 1.9583090406993753 0.012796950538352456 3.182986832869578 0.06537985768245155 5.9002919392933615 5.949130001754476 -0.4139324068557926
-15.388471177944862 1.9250622761970255 0.012964053736490948 3.163541441221663 0.06519643671490007 2.0427834902022823 -0.2857910083643844 -0.08737227823524307 0.01317377427730658 3.1738758027494933 0.06589899684898112 7.938052112427327 1.9569511022820667 0.013150753696056408 3.162482547150079 0.0655386494980793 5.97015041247899 6.020474003525201 -0.4174507984018305
-15.288220551378446 1.9234309286637514 0.013320483054869636 3.142871273274011 0.06535755304226419 2.4146775831675313 -0.2645910351981797 -0.08784233679844296 0.013538538893019725 3.1535862175831717 0.06605936979177562 7.935972693185163 1.9555509048102138 0.013514012528792837 3.1417406178735106 0.06569533389303979 6.039467268489202 6.091324013005665 -0.4211404258816174
-15.18796992481203 1.921756005061649 0.013686335579698313 3.121968258956475 0.0655170670446799 2.807987858928982 -0.24120169515396128 -0.08816414166801204 0.01391306667397746 3.1330796040659434 0.06621711201652267 7.933824357985759 1.9541072629865954 0.01388692848730632 3.1207657301537863 0.06585000775016187 6.10816778597423 6.161606505895552 -0.42500717561796364
-15.087719298245615 1.9200364276849147 0.014061807272731045 3.1008370503494076 0.06567509919245118 3.2235634545240828 -0.21548518186179422 -0.08832206370247064 0.014297567672419177 3.1123611075187076 0.06637225215760868 7.931604882738616 1.9526189667988132 0.014269703744040123 3.099562529565196 0.06600277352293364 6.176174355495528 6.2312450418991725 -0.429057107179176
-14.9874686716792 1.9182711009860756 0.014447094538473955 3.0794822593999696 0.06583177640498694 3.6622707005999473 -0.18729699511632703 -0.08829930834071338 0.014692252990227313 3.0914358463855383 0.06652481892527261 7.92931197561855 1.951084781584254 0.01466254092058579 3.0781356213993187 0.06615373957789869 6.2434064424882205 6.300160219130606 -0.43329646098050034
-14.887218045112782 1.9164589118751125 0.014842393946709019 3.057908457262294 0.06598723241347927 4.124992101687894 -0.1564857331449332 -0.08807784375475336 0.015097334530801846 3.0703089118220857 0.06667484108356107 7.926943275275765 1.9495034481438198 0.015065642794248334 3.0564895700310317 0.06630302055894259 6.309780555310652 6.368269632705308 -0.43773166618569803
-14.786967418546366 1.9145987300672271 0.015247901934745813 3.036120173743765 0.06614160814456799 4.612625148239886 -0.1228928902408768 -0.08763832564980825 0.01551302473241748 3.0489853673833878 0.06682234742919917 7.924496349017451 1.9478736829078906 0.015479211982865641 3.0346288983911878 0.06645073777441325 6.3752102190450834 6.435487838125159 -0.4423693488974436
-14.68671679197995 1.9126894084819346 0.015663814488617346 3.0141218968549617 0.06629505212579362 5.126080946418824 -0.08635266154416854 -0.08696001867898673 0.015939536282403473 3.0274702488075844 0.06696736677136582 7.921968690961823 1.9461941781580916 0.015903450607021665 3.0125580875436024 0.06659701960804033 6.439605955765215 6.501726320116314 -0.4472163406588834
-14.586466165413533 1.9107297836961916 0.016090326802443745 2.991918072460921 0.06644772091363095 5.666282651004849 -0.04669175695730132 -0.08602071445925219 0.01637708181150358 3.0057685638919898 0.06710992791235941 7.919357720165754 1.9444636023085755 0.016338559928804553 2.9902815763639587 0.06674200195463585 6.502875272044065 6.56689346763749 -0.4522796872575441
-14.486215538847118 1.9087186764543376 0.01652763291520166 2.969513104031402 0.0665997795449126 6.23416368585049 -0.003729226425264187 -0.08479664619924657 0.016825873567794962 2.983885292457926 0.06725005962914288 7.916660778727197 1.9426806002506292 0.016784739966270192 2.967803761318385 0.06688582868157192 6.564922654533849 6.630894555835605 -0.4575666578770665
-14.385964912280702 1.906654892237655 0.01697592532415472 2.9469113524879043 0.06675140201245285 6.830665735897128 0.04272370097007183 -0.08326239997416943 0.0172861230695728 2.9618253864007436 0.06738779065575021 7.913875129863836 1.9408437937645457 0.017242189082798325 2.945128996339513 0.06702865211704691 6.625649574510967 6.693631735792586 -0.46308475456146425
-14.285714285714286 1.904537221896385 0.017435394574224574 2.9241171361453118 0.06690277176568346 7.456736493858898 0.09286376136714125 -0.08139082271603826 0.017758040736639634 2.9395937698213794 0.06752314966654213 7.910997955969535 1.9389517820027875 0.01771110355054699 2.922261592797876 0.06717063356615706 6.684954502342771 6.755004032971847 -0.46884172203959906
-14.18546365914787 1.9023644423470552 0.0179062288226121 2.9011347307460564 0.06705408223710775 8.113327144261348 0.14689578094080957 -0.07915292702100392 0.018241835499478908 2.9171953392358465 0.0676561652602972 7.908026356650299 1.9370031420485727 0.018191677087249166 2.8992058195666366 0.06731194385580393 6.742732932898504 6.814907355345566 -0.4748455579070878
-14.085213032581454 1.9001353173379942 0.018388613378015044 2.8779683695848375 0.06720553739537799 8.801389566908483 0.20503277787884144 -0.07651779291686485 0.018737714385837913 2.8946349638589597 0.06778686594511675 7.90495734674172 1.9349964295541027 0.018684100365634566 2.875965903177675 0.06745276390945856 6.798877422993362 6.873234512258094 -0.4811045231728599
-13.984962406015038 1.8978485982858906 0.018882730213831876 2.8546222437220283 0.0673573523257839 9.521873241316598 0.26749603790287324 -0.07345246678034556 0.019245882084298768 2.871917485958662 0.0679152801241354 7.901787854310009 1.9329301794627143 0.01918856049480746 2.852546028067258 0.06759328535281224 6.853277642023258 6.929875245156649 -0.48762715318878236
-13.884711779448622 1.895503025186248 0.019388757454793907 2.831100502283956 0.06750975383893462 10.275721833496846 0.33451515940521404 -0.06992185764396197 0.01976654048447794 2.849047721277225 0.06804143608201328 7.898514718638963 1.930802906819311 0.019705240472969867 2.828950336909484 0.06773371115132718 6.905820437015408 6.984716271400263 -0.49442226897383534
-13.784461152882205 1.893097327600559 0.0199068688365272 2.807407252848432 0.06766298110838176 11.063869445927594 0.40632806389646703 -0.06588863119395445 0.02029988819356351 2.8260304595156325 0.06816536197219826 7.895134688205438 1.928613107673464 0.020234318610946662 2.805182931035957 0.06787425628068679 6.956389913389486 7.037641342439788 -0.5014989889390336
-13.68421052631579 1.8906302257229648 0.020437233137614374 2.7835465619139557 0.06781728633792192 11.88723651185478 0.48318096713833825 -0.061313101822112984 0.020846120028977972 2.8028704648774174 0.06828708580493932 7.891644418646105 1.9263592600796084 0.020775967926045833 2.7812478709401574 0.06801514843113442 7.004867532789037 7.088531317742554 -0.5088667410287258
-13.583959899749374 1.8881004315291148 0.020980013583805458 2.759522455451184 0.06797293545926802 12.74672531478086 0.5653283059211418 -0.05615312317202854 0.021405426487040753 2.779572476668184 0.06840663543603391 7.888040470718539 1.9240398251987616 0.021330355505874327 2.7571491768651324 0.06815662874664517 7.051132229409632 7.137264255919609 -0.5165352752937338
-13.483709273182958 1.885506650009848 0.021535367224114487 2.7353389195353395 0.06813020886075874 13.643215114657323 0.6530326150993062 -0.05036397769728514 0.021977993187601963 2.7561412099470664 0.06852403855629176 7.884319308259938 1.921653248506186 0.02189764184183208 2.7328908294732797 0.068298952599856 7.095060546308897 7.183715524595031 -0.5245146768986046
-13.383458646616543 1.8828475804922238 0.02210344427863761 2.7109999010584263 0.06828940214770929 14.577556862604524 0.7465643490815381 -0.04389826584167859 0.022564000294724086 2.7325813562263095 0.06863932268169973 7.880477296147033 1.9191979611093737 0.022477980132114727 2.7084767705971093 0.06844239040362465 7.13652679324207 7.227757930637002 -0.5328153795857702
-13.283208020050125 1.8801219180503006 0.02268438745803836 2.686509308520217 0.06845082693496651 15.550567487031003 0.8462016415977871 -0.03670579554820345 0.02316362191360521 2.708897584215157 0.0687525151442676 7.876510698261057 1.916672381180675 0.023071515554183332 2.683910904070007 0.0685872284600366 7.175403227614569 7.2692618724482445 -0.5414481795972392
-13.18295739348371 1.8773283550079176 0.02327833125476767 2.6618710128970884 0.06861481167216897 16.56302373520259 0.9522299971771275 -0.02873347291071345 0.02377702546406431 2.6850945406041853 0.06886364308354012 7.872415675461897 1.9140749155087942 0.023678384506794794 2.6591970966361616 0.06873376984762167 7.211560260183678 7.308095516084164 -0.5504242500737746
-13.082706766917294 1.8744655825355518 0.02388540120621939 2.6370888485880166 0.06878170250212841 17.615655555786475 1.0649419073758253 -0.019925194901001454 0.02440437103104583 2.6611768508861964 0.06897273343875654 7.868188283575924 1.9114039611732572 0.0242987138218395 2.634339178939008 0.06888233534745404 7.244866687173261 7.344124997033961 -0.5597551559379212
-12.982456140350877 1.871532292343143 0.024505713130168534 2.612166614437106 0.06895186415268781 18.70913901015149 1.1846363844571073 -0.010221745227677085 0.025045810692748874 2.6371491202097643 0.06907981294163942 7.863824471402247 1.908657907345801 0.02493261994639763 2.609340946587612 0.06903326440873456 7.2751899504796045 7.377214649553846 -0.5694528692761196
-12.882205513784461 1.8685271784705395 0.025139372332999097 2.58710807483223 0.06912568086230032 19.844088702536624 1.3116184048671613 0.0004393054791052009 0.025701487827145826 2.6130159342614365 0.06918490810979865 7.859320078742546 1.9058351372224367 0.025580208095610638 2.5842061613006706 0.06918691615434874 7.30239642764987 7.407227265487246 -0.5795297852156409
-12.781954887218046 1.8654489391769629 0.025786472791400374 2.5619169608795094 0.06930355733948078 21.021049722470707 1.4461982545694099 0.012123693819629484 0.02637153639782394 2.588781860172616 0.06928804524072997 7.854670834459922 1.9029340300897064 0.02624157137715284 2.5589385521278567 0.06934367042678115 7.326351753295268 7.434024384532689 -0.5899987383300527
-12.68170426065163 1.8622962789306217 0.026447096308397068 2.5365969716535095 0.06948591975617249 22.24048909635519 1.5886907680285702 0.024900550620778006 0.027056080220264286 2.5644514474470546 0.0693892504063946 7.8498723545726286 1.899952963528388 0.026916789888310737 2.533541816748523 0.06950392887463681 7.346921173560198 7.4574666179340845 -0.6008730195530347
-12.581453634085214 1.859067910499262 0.02712131164477858 2.5111517755232033 0.0696732167749306 23.502786749680922 1.7394144524637625 0.03884247912410643 0.027755232209863107 2.5400292289048454 0.06948854944836035 7.84492014038887 1.8968903157575712 0.027605929786895342 2.508019622847806 0.06966811607987956 7.363969935204206 7.477414007551841 -0.6121663936316963
-12.481203007518797 1.8557625571421237 0.02780917362720667 2.4855850115539426 0.0698659206096938 24.80822598634859 1.8986904888624565 0.0540256225440648 0.02846909361320118 2.515519721638762 0.06958596797348822 7.839809576689287 1.8937444681216757 0.028309042337464285 2.4823756095704796 0.06983668072573354 7.377363710756745 7.493726422237909 -0.6238931171100717
-12.380952380952381 1.8523789549033673 0.028510722234508044 2.4599002909858063 0.0700645281197679 26.156983497565193 2.0668416012337048 0.07052971900129515 0.029197753224276934 2.4909274279787286 0.06968153135014914 7.834535929964091 1.8905138077225563 0.029026162934585462 2.456613389052958 0.07001009680501893 7.386969061074652 7.50626399336547 -0.6360679568539354
-12.280701754385966 1.848915855006634 0.029225981663900454 2.4341011987889276 0.0702695619364571 27.549118919440616 2.244190785658162 0.08843814165767346 0.029941286587638997 2.466256836460113 0.06977526470495429 7.829094346712302 1.8871967301983845 0.029757310105152476 2.4307365480341354 0.07018886486849117 7.392653936467308 7.5148875912600515 -0.6487062091163125
-12.180451127819548 1.8453720263499418 0.029954959379155596 2.408191295296521 0.07048157162162268 28.98456396631036 2.4310598909393093 0.10783792170327425 0.030699755190580373 2.441512422791525 0.06986719291998038 7.823479851810879 1.883791642650468 0.03050248449204935 2.404748649545807 0.07037351331254349 7.394288217341824 7.519459344128842 -0.6618237191507319
-12.080200501253133 1.8417462580996524 0.030697645142969396 2.382174117916574 0.07070113485722515 30.46311117516666 2.6277680430089845 0.1288197516656216 0.031473205646790854 2.416698650817661 0.069957340630478 7.8176873469620185 1.8802969667185971 0.031261667821771894 2.3786532346837204 0.07056459970538943 7.391744295067152 7.519843200892776 -0.6754369013609107
-11.979949874686717 1.8380373623816946 0.03145401003609182 2.356053182923305 0.07092885866470713 31.984402306499874 2.8346299058335944 0.15147796634381194 0.03226166887410511 2.3918199734727366 0.07004573222304424 7.811711609227329 1.8767111418048783 0.032034821858927025 2.3524538244603836 0.07076271215059542 7.384897693447161 7.51590553907492 -0.6895627599949137
-11.879699248120302 1.8342441770677131 0.03222400546605949 2.3298319873296958 0.07116538065283885 33.547916457175916 3.051953772291867 0.17591049850349805 0.033065159269228074 2.3668808337199074 0.07013239183424345 7.805547289658009 1.8730326284453163 0.03282188735086837 2.326153921741014 0.0709684706865359 7.373627730830631 7.50751581859538 -0.7042189103690077
-11.779448621553886 1.8303655686531815 0.03300756216867715 2.3035140108426115 0.07141137029239403 35.15295795281315 3.2800394795153096 0.20221880632437933 0.03388367388256694 2.341885665472047 0.07021734334966437 7.799188912030635 1.8692599118276596 0.03362278296606816 2.2997570132641605 0.07118252872006309 7.357818222465501 7.494547281947862 -0.7194236006131973
-11.679197994987469 1.8264004352239311 0.03380458920570664 2.27710271790218 0.07166753021576476 36.79864409963693 3.519176144417429 0.23050776946234444 0.0347171915965485 2.3168388944891376 0.07030061040339364 7.7926308716986075 1.8653915054532189 0.03443740423017744 2.2732665717487164 0.07140557449234346 7.337358222220045 7.476877700791578 -0.7351957339321871
-11.578947368421053 1.8223477095068623 0.03461497296254212 2.2506015598073326 0.07193459753932697 38.483892889295134 3.7696397166645426 0.2608855504864849 0.03556567231104779 2.291744939247474 0.07038221637789348 7.785867434569774 1.8614259549394845 0.03526562246409449 2.246686058089268 0.07163833257447152 7.312142802246643 7.4543901684740534 -0.7515548913544592
-11.478696741854638 1.8182063619999473 0.03543857614997688 2.2240139769295597 0.0722133452060852 40.207410764476776 4.0316903481732 0.2934634183821956 0.03642905613979976 2.2666082117757678 0.07046218440426827 7.778892736221191 1.8573618419594546 0.03610728372872284 2.2200189236418453 0.07188156539009409 7.28207386854622 7.426973937399265 -0.7685213549609387
-11.37844611528822 1.8139754041758842 0.0362752368144983 2.1973434010171857 0.07250458334577242 41.96768056832286 4.30556958039125 0.3283555307859179 0.03730726262190458 2.24143311845319 0.07054053736290293 7.771700781162455 1.853197788312586 0.036962207781479586 2.1932686126024064 0.07213607476188696 7.2470610097125645 7.394525299472748 -0.7861161315576624
-11.278195488721805 1.8096538917530567 0.037124767361881375 2.1705932575926097 0.07280916064926599 43.76294981611011 4.591497353108579 0.3656786716362295 0.0382001899527684 2.216224060764281 0.07061729788446157 7.76428544225948 1.8489324601212442 0.037830187049983276 2.1664385644805093 0.0724027034782968 7.207022375384622 7.356948507083325 -0.8043609767670148
-11.177944862155389 1.8052409280266595 0.037986953599184414 2.1437669684451772 0.0731279657538051 45.59121944381991 4.889668841438223 0.40555194101038455 0.03910771423904294 2.1909854360055845 0.0706924883512267 7.7566404603310435 1.8445645721454254 0.038710985628724104 2.139532216670843 0.07268233687652426 7.161885580124585 7.314156731221648 -0.8232784195023726
-11.077694235588973 1.8007356672520871 0.03886155380058166 2.116867954222559 0.07346192863511046 47.4502332039732 5.200251130809093 0.44809639405832985 0.04002968878233202 2.165721637938782 0.07076613089877148 7.74875944393087 1.8400928922073847 0.03960433830488522 2.1125530071254532 0.07297590443723873 7.111588627570242 7.266073052391288 -0.8428917867820473
-10.977443609022558 1.796137318071862 0.039748297802791925 2.0898996371236542 0.07381202200212143 49.337467895132704 5.523379743460339 0.49343462617858336 0.04096594339662378 2.1404370573850473 0.07083824741794115 7.740635869328411 1.8355162457166017 0.040509949619842237 2.085504377129731 0.0732843813860353 7.0560808487866575 7.2126314789385235 -0.8632252288319648
-10.87719298245614 1.7914451469765895 0.040646886136179 2.062865443696284 0.07417926268962716 51.250124626340266 5.859155033855217 0.5416903018874468 0.04191628376457548 2.11513608275523 0.07090885955713928 7.732263080701937 1.830833520284291 0.041427492973209586 2.058389774185298 0.0736087902961164 6.995323847781763 7.15377798632179 -0.8843037444240451
-10.776942355889725 1.7866584817895883 0.04155698919790282 2.0357688077430764 0.07456471304364208 53.18512133186982 6.207638474758198 0.592987625245622 0.04288049083792263 2.0898231005104586 0.07097798872489414 7.723634290557876 1.8260436704153924 0.042356609776629285 2.031212655003216 0.07395020268613574 6.929292446157372 7.089471569672003 -0.9061532063859374
-10.67669172932331 1.781776715164041 0.042478246473787326 2.0086131733391466 0.07496948229390879 55.13908676397131 6.5688488603094015 0.6474507502175417 0.04385832028740186 2.0645024955476607 0.07104565609269689 7.714742580390759 1.8211457222646847 0.043296908664806004 2.003976488611024 0.07430974060658428 6.8579756178637785 7.019685300771411 -0.9288003872044897
-10.576441102756892 1.7767993080806876 0.043410265815838046 1.9814019979653419 0.07539472790744182 57.10835620152642 6.942758457298453 0.7052031299650304 0.04484950200766231 2.0391786515044714 0.07111188259809574 7.705580901598398 1.8161387784423484 0.044247964771563585 1.976684759577271 0.07468857820751149 6.781377404027546 6.944407379320505 -0.952272984644452
-10.476190476190476 1.7717257933332955 0.04435262278258472 1.9541387557609815 0.0758416569165215 59.08896911977257 7.3292891408594585 0.7663668048159309 0.04585373968269305 2.01385595097795 0.07117668894802943 7.696142076667296 1.811022022852991 0.045209319078945924 1.9493409713574223 0.0750879432797544 6.699517796854058 6.863642167096633 -0.9765996472897029
-10.37593984962406 1.7665557789883364 0.045304860049637546 1.9268269409001686 0.07631152721404066 61.07666907037583 7.728308555977563 0.8310616295139752 0.04687071041730608 1.988538775651509 0.07124009562238727 7.686418800643441 1.80579472555081 0.046180477847595554 1.9219486497650151 0.07550911876124779 6.612433580691626 6.777411192353097 -1.0018099998974606
-10.275689223057645 1.7612889518045778 0.04626648689802531 1.8994700710959043 0.07680564880857153 63.0669060206302 8.139626351292776 0.8994044413331134 0.0479000644401865 1.96323150632443 0.07130212287777808 7.676403642903977 1.8004562475922796 0.04716091213680047 1.894511346572208 0.0759534441993166 6.520179117514016 6.6857541106064815 -1.0279346684552024
-10.17543859649123 1.755925080597548 0.047236978788024984 1.8720716912363393 0.07732538503097622 65.05484139568591 8.562990536713002 0.9715081717418101 0.04894142488394774 1.93793852283836 0.07136279075149661 7.666089049245292 1.7950060458664368 0.0481500574227199 1.8670326432438262 0.07642231715922104 6.422827063362721 6.588729606839336 -1.0550053048085886
-10.075187969924812 1.7504640195331784 0.04821577702629057 1.8446353771576105 0.0778721536838228 67.03535605697925 8.998084021052577 1.0474809055083842 0.04999438764750808 1.912664203895191 0.0714221190656678 7.655467344303265 1.7894436778816174 0.04914731332335936 1.8395161548091745 0.07691719456853532 6.320469001724072 6.486416223155916 -1.083054610716573
-9.974937343358397 1.7449057113342947 0.04920228853413948 1.8171647395578074 0.07844742812428515 69.00306143329317 9.444521390195163 1.1274248924436563 0.051058521345931036 1.8874129267607613 0.07148012743155659 7.6445307343214015 1.7837688064862756 0.0501520434388652 1.8119655338759073 0.07743959398626683 6.213215979435201 6.378913095107696 -1.1121163611750546
-9.874686716791981 1.739250190383067 0.05019588572485123 1.7896634280566408 0.07905273827062131 70.95231399746399 9.901845989951042 1.2114355183633543 0.05213336735264727 1.8621890668488723 0.07153683525402738 7.633271310282621 1.7779812045004013 0.0511635753156403 1.7843844747902542 0.07799109478493726 6.101198930549836 6.266340579303755 -1.1422254268393033
-9.774436090225564 1.733497585702046 0.05119590649777396 1.7621351354054529 0.07968967152171777 72.87723325105475 10.369527380621577 1.2996002432927156 0.05321843993869203 1.836996997180207 0.07159226173613512 7.621681051420336 1.7720807592329924 0.05218120054265219 1.756776717947921 0.07857333923313554 5.984568973688759 6.148840754591299 -1.173417795347632
-9.674185463659148 1.7276481237959909 0.05220165435691051 1.7345836018521834 0.0803598735785702 74.77172334133246 10.846959232148947 1.3919975164090062 0.05431322651325402 1.8118410877108302 0.07164642588383259 7.6097518291243205 1.766067476860091 0.05320417498808354 1.729146054259938 0.07918803346537039 5.863497568780495 6.026577779074059 -1.2057305913430838
-9.573934837092732 1.7217021313363767 0.05321239866146783 1.7070126196658686 0.08106504915594492 76.62949838918837 11.333457729362806 1.4886956786803744 0.0554171879694344 1.7867257045250726 0.07169934651078086 7.597475411256603 1.759941486637044 0.05423171918418962 1.7014963297776309 0.07983694832533658 5.738176519796403 5.899738085588804 -1.2392020949589124
-9.473684210526317 1.7156600376702498 0.0542273750155926 1.679426037825178 0.08180696257183259 78.44411155369932 11.828260556109427 1.5897518655828975 0.05652975913865723 1.7616552088877757 0.07175104224324123 7.584843466892304 1.753703044917957 0.05526301886783748 1.6738314504807577 0.080521920068018 5.608817811124148 5.7685303990160675 -1.2738717585243933
-9.373433583959901 1.7095223771349712 0.05524578580418186 1.6518277668753538 0.08258743820165343 80.20898779884118 12.330526524720533 1.6952109236063486 0.05765034935665993 1.7366339561510578 0.07180153152503407 7.571847571499867 1.7473525389547233 0.05629722568374331 1.646155387232712 0.08124485090534815 5.4756532666233255 5.633185560005933 -1.3097802212153908
-9.273182957393484 1.7032897911603981 0.056266800881246186 1.6242217839577355 0.08340836078352698 81.91746026147365 12.839335913260712 1.8051043554553463 0.05877834314341958 1.711666294510975 0.07185083262254972 7.558479212574619 1.7408904904476312 0.05733345805685514 1.618472180906399 0.08200770937947549 5.338934022173612 5.493956141371669 -1.3469693213607172
-9.172932330827068 1.696963030140161 0.05728955841680923 1.596612138015797 0.08427167556025934 83.56281004784472 13.353691567124272 1.9194493098584218 0.05991310099874364 1.6867565636097066 0.07189896362979004 7.544729795738964 1.73431755881932 0.05837080223968144 1.5907859476841224 0.08281253054699159 5.198929804659389 5.351115845568345 -1.3854821060826197
-9.072681704260653 1.6905429550539597 0.05831316590775471 1.5690029551813205 0.0851793882430262 85.1383092099287 13.872520813785002 2.0382476326647514 0.06105396031457423 1.661909092979192 0.07194594247342577 7.530590651321701 1.72763454418383 0.05940831353961255 1.5631008845344272 0.0836614159568274 5.0559280128226325 5.20495867432394 -1.4253628379306065
-8.972431077694235 1.6840305388231656 0.05933670135737155 1.541398444343903 0.0861335647810844 86.63726657453907 14.394678229819284 2.161484996386595 0.06220023640432501 1.6371282003224572 0.0719917869178511 7.516053041428162 1.7208423899826712 0.06044501773043618 1.5354212748683675 0.08455653340387187 4.910232598228727 5.0557978646170545 -1.466656998140806
-8.87218045112782 1.6774268673825758 0.06035921462760757 1.5138029029065514 0.0871363309211398 88.05307601923545 14.918949287770069 2.289130125487273 0.06335122364879521 1.612418189629253 0.07203651457021806 7.5011081675117905 1.7139421852602368 0.06147991265131415 1.5077514943771595 0.08550011643974686 4.76216274769578 4.903964588763993 -1.5094112861220026
-8.771929824561404 1.6707331404518089 0.0613797289672147 1.4862207227294775 0.0881898715393566 89.37926671175134 15.444054897112274 2.4211341344768464 0.06450619675739216 1.5877833491230018 0.07208014288543035 7.48574717845669 1.7069351665515144 0.06251196999545547 1.480096017052445 0.08649446362155079 4.6120513718748 4.749806420336264 -1.5536736147425643
-8.671679197994989 1.6639506719906705 0.062397242718060894 1.4586563962635641 0.08929642972829671 90.60955475644153 15.968656838732606 2.5574299952327024 0.06566441214254523 1.5632279490365213 0.07212268917108194 7.4699611791794345 1.6998227193559277 0.06354013728959587 1.4524594213896929 0.08754193747882497 4.460243408178957 4.593685571903808 -1.5994931009672229
-8.571428571428573 1.65708089032379 0.06341073120089581 1.4311145228741176 0.09045830562041476 91.73789562450278 16.491364076191807 2.697932148880016 0.0668251094043205 1.5387562392144618 0.0721641705923192 7.453741239756982 1.6926063791722508 0.06456334006420088 1.4248463967743359 0.08864496317841823 4.307093949860502 4.435976915103431 -1.6469200513536322
-8.471177944862156 1.6501253379209477 0.06441914878079288 1.4035998153545792 0.09167785492905442 92.75853668711235 17.01073990997216 2.842536276045602 0.06798751292135352 1.5143724465409172 0.0722046041766077 7.437078405086095 1.685287832070924 0.06558048421302248 1.3972617500491777 0.089806026866411 4.152966216638976 4.27706579814996 -1.696005941893489
-8.37092731829574 1.643085670820785 0.06542143111135415 1.3761171066287767 0.09295748718722788 93.66606912451681 17.525309923314445 2.9911192373375215 0.06915083354331429 1.4900807721912532 0.07224400681838801 7.419963705077907 1.6778689147817096 0.06659045853929202 1.3697104122604844 0.09102767366576164 3.9982293857959386 4.117345680521644 -1.7468033916485837
-8.270676691729324 1.6359636576870076 0.0664164975555628 1.3486713566389927 0.09429966366379547 94.4554784519099 18.033570650610777 3.1435391935270993 0.07031427037921602 1.4658853887077758 0.072282395283599 7.402388165389596 1.6703516142765318 0.06759213748441835 1.3421974455787167 0.09231250530787098 3.8432563059691085 3.9572156090221178 -1.7993661296007986
-8.170426065162907 1.6287611784877547 0.0674032537799073 1.3212676594157104 0.09570689493600278 95.12219288655862 18.53399888214176 3.2996359121561056 0.07147701267498499 1.441790436899547 0.07231978621405051 7.384342818693079 1.6627380668294498 0.06858438403360963 1.314728050388419 0.09366317737583622 3.6884211188999774 3.7970775636098315 -1.8537489540958063
-8.070175438596491 1.6214802227904992 0.06838059451709075 1.2939112503232262 0.09718173809669105 95.66212878169449 19.025061502770214 3.4592312642137033 0.07263824177283361 1.4178000225673109 0.07235619613163 7.365818716478664 1.6550305565381158 0.06956605279132269 1.2873075725399532 0.09508239613677412 3.534096817012996 3.6373337051453545 -1.9100076842365041
-7.969924812030076 1.614122887666655 0.06934740649128618 1.2666075134734294 0.09872679357386382 96.07173237232215 19.505225747587076 3.6221299112003345 0.07379713314413545 1.3939182130552379 0.07239164144232013 7.34680694138939 1.6472315132936626 0.0705359932179361 1.2599415107538254 0.09657291494024477 3.380652766838802 3.4783835604039335 -1.9681991025391596
-7.86967418546366 1.606691375202014 0.07030257149851674 1.2393619892979757 0.10034470153967816 96.34801711661672 19.972969744936407 3.7881201793952948 0.07495285848669463 1.3701490336319524 0.07242613844001324 7.327298620079423 1.6393435101888 0.07149305301749637 1.2326355241661728 0.09813753015949687 3.2284522298565954 3.320621182204739 -2.028380888137491
-7.769423558897245 1.5991879896111683 0.07124496963333707 1.2121803822666664 0.10203813788533529 96.48859597401378 20.42679320724777 3.956975114576516 0.07610458787655125 1.346496463704105 0.07245970331010373 7.307284936587517 1.6313692603569367 0.07243608166486486 1.2053954400014568 0.0997790766520061 3.0778499132539037 3.1644323242118735 -2.0906115397843905
-7.669172932330827 1.591615133956199 0.0721734826515856 1.185068568737211 0.1038098097377883 96.49170803635306 20.865228123045938 4.128453706899469 0.07725149196377286 1.3229644328665706 0.07249235213284164 7.286757146213984 1.6233116132383498 0.07336393405908039 1.1782272613556908 0.10150042271556829 2.9291895833371155 3.0101916707802543 -2.1549502878693545
-7.568922305764412 1.583975306472118 0.0730869974575744 1.158032604918595 0.10566245049365187 96.35623902005823 21.286849299731692 4.302302272237605 0.07839274420106183 1.2995568167942346 0.07252410088642945 7.265706589886948 1.6151735502728084 0.07427547428827623 1.1511371750705026 0.10330446451605052 2.7828017738458555 2.8582601620946333 -2.2214569946420966
-7.468671679197996 1.5762710965038131 0.0739844097027059 1.131078734926945 0.10759881434522191 96.08173523309223 21.690284606451378 4.478255973126402 0.07952752309347492 1.276277432981159 0.07255496544984834 7.244124709001028 1.606958180021559 0.07516957949008624 1.1241315596748755 0.10519411996284063 2.6390016202231648 2.7089824537564904 -2.2901920417972548
-7.368421052631579 1.5685051800615402 0.07486462748115918 1.1042133989091854 0.10962167027308647 95.66841074742962 22.074224769671403 4.656040459631791 0.08065501445710081 1.253130036333877 0.0725849616053976 7.222003060708691 1.5986687327251925 0.0760451437901169 1.097216993367749 0.10717232200800884 2.498086848991672 2.5626845479229288 -2.361216204555319
-7.268170426065163 1.560680315004334 0.07572657510699805 1.0774432412057142 0.11173379547944938 95.11714763280345 22.437432580925833 4.83537360807534 0.08177441367419727 1.2301183146264285 0.0726141050409318 7.199333333641773 1.5903085543075886 0.0769010822998152 1.0704002620105801 0.10924201134526607 2.3603359488259352 2.4196716301378163 -2.434590511348361
-7.167919799498748 1.5527993358630245 0.07656919695582542 1.0507751185189007 0.1139379682360226 94.42948923692444 22.778751386452797 5.015967333667761 0.08288492793204623 1.2072458838256948 0.07264241135178474 7.17610736403768 1.5818810998398611 0.07773633515391797 1.0436883670943633 0.11140612848498731 2.2260065467581116 2.2802261421957426 -2.5103760881968356
-7.067669172932332 1.5448651483168527 0.07739146135296471 1.0242161080493701 0.11623696012016276 93.60762662728702 23.09711274176755 5.197529451784506 0.08398577843265498 1.1845162832965104 0.07266989604236455 7.152317152241954 1.573389926481938 0.07854987156664091 1.0170885336408324 0.11366760518182488 2.0953340092943535 2.144606116856425 -2.5886339868514483
-6.967418546365916 1.5368807233399293 0.07819236448910176 0.9977735155566904 0.11863352761288645 92.65437843637581 23.391543130265042 5.379765561903118 0.08507620256041817 1.1619329708969484 0.07269657452741118 7.127954879555891 1.5648386859230934 0.07934069388488739 0.9906082179921238 0.11602935519186075 1.9685302841531422 2.0130437951131377 -2.6694249957605933
-6.867167919799499 1.5288490910359913 0.07897093434338652 0.9714548832953095 0.12113040303249671 91.57316447175522 23.661169663188236 5.562380928124541 0.0861554559949589 1.139499317975086 0.07272246213290577 7.10301292539504 1.5562311163463634 0.08010784161602949 0.9642551154374015 0.1184942643367932 1.8457829939799661 1.885744541172624 -2.7528094329194914
-6.766917293233083 1.5207733341820022 0.07972623459318427 0.945267997770304 0.12373028477782666 90.36797356180568 23.90522469818277 5.745082330714581 0.08722281475659344 1.1172186042794616 0.07274757409662169 7.077483884721543 1.547571033945266 0.08085039540725422 0.9380371676187246 0.12106517985337749 1.727254788866605 1.7628860644940796 -2.8388469196595736
-6.666666666666668 1.512656581503161 0.08045736848899791 0.9192208972506857 0.12643582685559004 89.04332620381143 24.123049334574908 5.927579864198947 0.08827757717220813 1.095094012796284 0.07277192556831115 7.051360585710458 1.5388623240245933 0.08156748095309208 0.911962569651554 0.12374489900728673 1.613082959933049 1.6446179523358742 -2.927596134445281
-6.5664160401002505 1.504502000703768 0.08116348267256639 0.893321878970704 0.12924962766705916 87.60423266123118 24.31409576481204 6.109588659176169 0.08931906574980056 1.0731286245273206 0.07279553160952122 7.024636107607503 1.530108931720207 0.08225827280755434 0.8860397768881635 0.1265361569517162 1.5033793117388001 1.5310615104468899 -3.0191145457652198
-6.466165413533835 1.4963127912801093 0.08184377091578883 0.8675795059417141 0.13217421803030033 86.05614721958051 24.477928482582474 6.290830507113335 0.09034662895051446 1.0513254132231684 0.07281840719303605 6.997303798733032 1.52131485237569 0.08292199807731479 0.8602775112443856 0.12944161381249744 1.3982302869941443 1.4223099039771572 -3.113458123234679
-6.365914786967419 1.4880921771431195 0.082497477757945 0.8420026132887629 0.13521204841554976 84.40491935430751 24.614224368389003 6.471035369882083 0.09135964284768536 1.0296872400873665 0.07284056720193938 6.969357294584619 1.512484121616398 0.08355793997258738 0.8346847670018653 0.1324638409832498 1.2976973330461465 1.3184285855208457 -3.2106810260656005
-6.265664160401004 1.4798433990799482 0.08312390201867761 0.8166003140171416 0.13836547537304084 82.65674258892003 24.722771692244798 6.649942758584193 0.09235751266320211 1.0082168484675182 0.07286202642830147 6.940790535988264 1.5036208051638305 0.08416544119276298 0.8092708159892933 0.13560530661622713 1.201817496009783 1.2194559925715536 -3.310835268118012
-6.165413533834588 1.471569707084775 0.0837224001643892 0.7913820041046625 0.1416367471347693 80.8181018277698 24.803468090247552 6.827302969218088 0.09333967417237364 0.9869168585502086 0.07288279957148741 6.911597787246151 1.494728988435325 0.08474390712450057 0.7840452120368122 0.1388683602970521 1.1106042252752717 1.1254044926688571 -3.4139703588128043
-6.065162907268171 1.4632743525901881 0.08429238950607738 0.7663573668054858 0.14502798837436295 78.89571993614342 24.85631758668195 7.002878165849663 0.0943055949694572 0.9657897620770743 0.07290290123609072 6.881773654226948 1.4858127659757963 0.08529280883078996 0.75901779458821 0.1422552168945544 1.0240483685035449 1.0362615512217905 -3.5201329192752553
-5.964912280701755 1.4549605806312236 0.08483335120719779 0.741536376040902 0.14854118411247347 76.89650431215932 24.881426745743926 7.17644330508314 0.09525477558704508 0.9448379170998714 0.0729223459294976 6.851313102342954 1.476876230769625 0.08581168581053433 0.7341986913453867 0.1457679395805004 0.9421193351582973 0.9519910944557451 -3.6293662731812617
-5.86466165413534 1.446631621974708 0.08534483308089777 0.7169292987416525 0.15217816275900103 74.82749415225922 24.879000046791596 7.347786898691293 0.09618675046360964 0.9240635427927707 0.07294114805908816 6.820211474356977 1.4679234634817828 0.08630014850941893 0.709598319809253 0.14940842201817445 0.8647664051309728 0.8725350381630524 -3.741710011904189
-5.764411027568922 1.4382906852468533 0.08582645215690546 0.6925466959952202 0.15594057828808988 72.69580905707387 24.84933458414561 7.516711614182328 0.09710108875465534 0.903468714340447 0.07295932192908225 6.788464507960689 1.4589585216778893 0.08675788056423173 0.685227387570539 0.1531783697236239 0.7919201580918879 0.7978149519346657 -3.8571995337074156
-5.664160401002507 1.4299409490921462 0.08627789699948164 0.6683994228401098 0.15982989154725116 70.5085995595411 24.79281419690504 7.683034715786879 0.09799739498411285 0.8830553579207218 0.07297688173704066 6.756068353065299 1.4499854290731005 0.08718464076436988 0.6610968911932166 0.1570792806090227 0.7234939988268989 0.7277338282779741 -3.975865556899791
-5.563909774436091 1.4215855543963947 0.08669892975913833 0.644498626537594 0.16384735070829173 68.2730000849204 24.709903136124126 7.846588350787916 0.09887530953381574 0.8628252458006327 0.07299384157003398 6.723019588744918 1.4410081648595385 0.08758026471598777 0.6372181135223163 0.1611124247240632 0.659385753960362 0.6621779264300193 -4.097733607069458
-5.463659147869675 1.4132275966064367 0.08708938794228814 0.6208557431398611 0.16799397087501602 65.99608477530525 24.601139376189934 8.007219688250464 0.09973450897011223 0.8427799915648246 0.0730102154004928 6.6893152397727125 1.4320306531613882 0.08794466619610264 0.6136026192372226 0.16527882321868753 0.5994793160754106 0.6010186616859767 -4.22282347873751
-5.36340852130326 1.40487011817837 0.0874491858846008 0.5974824921621161 0.1722705128710284 63.684826531815105 24.467127674588376 8.164790919009295 0.10057470620787036 0.8229210454950402 0.07302601708175518 6.654952792690096 1.423056752665809 0.08827783818594513 0.5902622484609688 0.169579226558875 0.5436463122661963 0.5441145125966845 -4.351148672031897
-5.2631578947368425 1.3965161011853435 0.08777831591559108 0.5743908691551693 0.17667746124047704 61.346059548108954 24.308532479723524 8.319179127228445 0.10139565051331785 0.8032496901192798 0.07304126034332802 6.619930211349707 1.4140902464764742 0.08857985357492106 0.567209108226038 0.17401409203668447 0.4917477755317638 0.4913129203565606 -4.482715805269677
-5.162907268170427 1.3881684601148914 0.08807684920383253 0.5515931359646211 0.1812150015053167 58.9864455312063 24.126070780371563 8.470276044955725 0.10219712734830712 0.7837670359488779 0.0730559587858821 6.584245951873707 1.4051348322348334 0.08885086552869284 0.544455561587825 0.17858356062642802 0.44363579908231804 0.442452157010158 -4.61752400466176
-5.062656641604011 1.3798300348845498 0.08834493627416554 0.5291018084531587 0.1858829967347334 56.612443731558294 23.92050498302053 8.61798770186699 0.10297895805969727 0.7644740174213039 0.07307012587600015 6.547898976970164 1.3961941125521706 0.08909110751709434 0.5220142141684968 0.18328743325072644 0.3991551555091456 0.3973631416588731 -4.755564272712782
-4.962406015037594 1.3715035841030607 0.08858280719032335 0.506929641454092 0.1906809634957956 54.23028483528076 23.692635895088927 8.762233982847928 0.10374099941858778 0.7453713890659399 0.07308377494070085 6.510888769551823 1.387271585793175 0.08930089299982151 0.49989789790687056 0.18812514653338858 0.3581448648045497 0.35587118655902356 -4.896818837285828
-4.862155388471178 1.3631917786028682 0.08879077139852291 0.48508961071730916 0.19560804726926845 51.84594870855463 23.44329588313907 8.90294810622204 0.10448314301511098 0.7264597219094442 0.07309691916175969 6.473215345603455 1.3783706372491176 0.08948061477008058 0.47811965178437693 0.1930957481305872 0.3204396973457922 0.31779765778532565 -5.0412604837355985
-4.761904761904763 1.3548971952678521 0.08896921722972799 0.4635948916038243 0.2006629974308536 49.46514592815628 23.173342265980533 9.040076035330687 0.1052053145153843 0.707739400136524 0.0731095715698526 6.434879266246227 1.3694945307358486 0.0896307439585885 0.45669269929361206 0.19819787174768325 0.28587160012056906 0.2829615379148747 -5.188851872988657
-4.661654135338347 1.3466223111783782 0.0891186110604795 0.4424588342823612 0.205844141915924 47.093302983426916 22.883650993264297 9.17357583584185 0.10590747278803053 0.6892106180210937 0.0731217450385454 6.395881648950121 1.36064640064875 0.08975182870251272 0.43563042241474714 0.2034297119662954 0.2542710366199477 0.25118088090089197 -5.339544848955022
-4.561403508771932 1.3383694980937237 0.08923949613436702 0.42169493518148277 0.2111493617051014 44.735550993876515 22.575110651011244 9.303416990643404 0.10658960890838616 0.6708733771418229 0.07313345227815585 6.356224177848292 1.351829244503494 0.08984449248603939 0.4149463318667935 0.2087889990248374 0.22546823291397328 0.22227415189828975 -5.493279739208376
-4.461152882205514 1.3301410172898682 0.08933249104837805 0.4013168044541163 0.21657606528871065 42.39671775306572 22.248616826698807 9.429579683500087 0.10725174504913292 0.65272748389503 0.07314470582951253 6.315909113110463 1.3430459159880686 0.0899094321613103 0.3946540334055799 0.2142729737155813 0.19929432441848632 0.1960614472308841 -5.649984653447682
-4.360902255639099 1.3219390147684724 0.08939828791047529 0.38133812921848875 0.22212116329016 40.08132288314123 21.905066858192175 9.552054061857936 0.10789393326659867 0.6347725473167454 0.07315551805763838 6.274939299335915 1.3342991185480084 0.0899474156603909 0.3747671899491243 0.2198783625823939 0.17558239972950962 0.17236559191984843 -5.809574784870243
-4.260651629072683 1.3137655168506617 0.08943765017680115 0.3617726323510287 0.22778104345150865 37.793575865052226 21.545354983075235 9.670839488298864 0.10851625419238294 0.6170079772245598 0.07316590114538427 6.233318172930301 1.3255913995231996 0.08995927941075232 0.3552994793242272 0.22560135362538197 0.15416843962145457 0.15101311420195762 -5.971951720223807
-4.160401002506266 1.3056224261670033 0.08945141017887381 0.3426340266233235 0.2335515462086854 35.537376696517065 21.170367897892625 9.785943789211423 0.10911881564026168 0.5994329826886166 0.07317586708703892 6.191049768434466 1.3169251448510308 0.08994592546842606 0.3362645474460713 0.23143757274160456 0.13489215086168074 0.13183509824042136 -6.1370027649669865
-4.06015037593985 1.2975115180528185 0.08944046635299861 0.32393596399729685 0.23942794110879093 33.316318922627836 20.780980730510795 9.897382508280728 0.10970175113852838 0.5820465708397737 0.0731854276819414 6.148138723777554 1.3083025743470693 0.0899083183845199 0.31767595676618 0.23738206115454233 0.1175976958769884 0.11466791776537784 -6.304600290642583
-3.9598997493734345 1.2894344373557542 0.08940578018585855 0.30569197992100183 0.24540490434731044 31.133694781930146 20.378053423272586 10.005178171434013 0.11026521839802284 0.5648475460216074 0.07319459452812119 6.104590284430904 1.2997257375709002 0.08984748182215391 0.2995471298534579 0.24342925410878527 0.10213432051337804 0.09935385467654599 -6.474601112247626
-3.859649122807017 1.2813926956603436 0.08934837289185066 0.2879154325024128 0.251476497728511 28.992502213197376 19.962427519855652 10.109359568929136 0.11080939772609999 0.5478345092915353 0.07320337901599132 6.060410306443672 1.2911965102813117 0.08976449494207468 0.2818912880090225 0.24957296113004454 0.08835688315948728 0.08574160770459945 -6.646845904057294
-3.7593984962406033 1.2733876689321446 0.08926932183918976 0.2706194364807853 0.2576361493773241 26.895453474249344 19.534923344736065 10.209961059358841 0.11133449039669578 0.5310058582749352 0.07321179232211755 6.015605258345498 1.28271659148165 0.08966048857622796 0.2647213848584273 0.255806348173658 0.07612628936100764 0.07368669707215697 -6.821158663015403
-3.659147869674186 1.2654205955819817 0.0891697567430949 0.25381679196508167 0.2638766365550799 24.844985133376028 19.096337560870055 10.30702189947596 0.11184071698646725 0.5143597873746981 0.07321984540308744 5.970182221906056 1.2742875010529657 0.0895366412094171 0.2480500349150715 0.2621219220066893 0.06530983674589479 0.06305177173518653 -6.997346229423073
-3.558897243107772 1.25749257494883 0.08905085564549946 0.2375199079669787 0.2701900709539194 22.843269205586143 18.64744108859692 10.400585602934724 0.11232831568672048 0.4978942883372842 0.07322754898950011 5.9241488917458405 1.2659105779695272 0.08939417478982946 0.2318894371665648 0.2685115171888836 0.055781475618474984 0.05370682623883694 -7.175197875228928
-3.4586466165413547 1.2496045661979944 0.088913840701674 0.22174072082226515 0.2765678868648738 20.892225219416396 18.188977366779795 10.49069933029791 0.11279754060050673 0.4816071511749016 0.07323491358009762 5.877513573796944 1.257586979088423 0.08923435038970196 0.2162512938013282 0.2749662860355219 0.04742199097654738 0.045529334507184493 -7.354484970721213
-3.3583959899749374 1.2417573876294703 0.08875997379492238 0.20649060766924568 0.2830008326316613 18.993533014883532 17.721660935780964 10.577413311981996 0.11324866003386394 0.46549596544213384 0.07324194943605696 5.830285182617 1.2493176785023326 0.08905846373768805 0.2011467242664241 0.2814766919597352 0.04011911197251118 0.03840430802433697 -7.534960740833959
-3.2581453634085236 1.2339517163897094 0.08859055200109896 0.1917802952358109 0.2894789658153516 17.148646088854626 17.246176320951584 10.660780305206398 0.11368195478972652 0.4495581218639518 0.07324866657545877 5.7824732375637415 1.241103467442112 0.08886784064462258 0.186586174928657 0.2880325066023855 0.03376755499108445 0.03222428587427923 -7.71636012257364
-3.157894736842106 1.2261880885785124 0.08840690292510289 0.17761976427797582 0.2959916525032758 15.358805320252461 16.763177194843003 10.7408550854771 0.11409771647251765 0.4337908143108269 0.07325507476794993 5.7340878578417085 1.2329449547136697 0.08866383234433863 0.17257932469952872 0.2946228111632995 0.028269006566403774 0.02688926400848018 -7.89839973523209
-3.057644110275689 1.2184668997413715 0.08821037993173565 0.16401815011125723 0.30252757119793194 13.625052923732866 16.27328579625257 10.81769397266807 0.114496245810895 0.4181910421154343 0.07326118352961232 5.685139756436651 1.224842567651657 0.08844781077098995 0.15913498707983226 0.3012360023474345 0.02353205232394871 0.022306570921984983 -8.080777975050331
-2.957393483709275 1.2107884057363594 0.08800235729336396 0.15098363978139973 0.3090747217171924 11.948246496487574 15.77709258444624 10.891354391364299 0.1148778510055445 0.40275561272428606 0.07326700211805008 5.635640232956857 1.2167965535708096 0.08822116379399099 0.14626100918055066 0.307859803332753 0.019472058021163204 0.01839069665773403 -8.263175245807009
-2.8571428571428577 1.2031527239635564 0.08778422527672287 0.1385233665315631 0.3156204395248466 10.329073038392295 15.275156107395924 10.961894464792906 0.11524284610831802 0.38748114467658495 0.07327253952770567 5.585601165404201 1.208806981694345 0.08798529043119913 0.13396416838227757 0.3144812801520929 0.016011008587516244 0.0150630817411337 -8.445254336406805
-2.7568922305764403 1.195559834944077 0.08755738519092703 0.12664330233755222 0.32215141588947527 8.768062840648742 14.76800306358098 11.029372641390047 0.11559154943839947 0.3723640709016268 0.07327780448541196 5.535035000900911 1.2008737455376337 0.08774159606035745 0.12225006740402665 0.32108686385832996 0.013077310841797684 0.01225187228672085 -8.626660955909433
-2.6566416040100265 1.1880095842349423 0.08732324441834739 0.11534814939913453 0.32865372423897943 7.265603152210408 14.256128537783155 11.093847352826872 0.11592428204056568 0.3574006423251602 0.07328280544618694 5.483954745401067 1.1929965657244266 0.08749148764810039 0.11112302866204382 0.32766237880996224 0.010605565302505102 0.009891647128786877 -8.807024435548977
-2.556390977443609 1.1805016846654004 0.0870832114494626 0.10464123159178951 0.335112853036993 5.821951546538854 13.739996392312904 11.155376702141147 0.11624136618999242 0.34258693177435784 0.07328755058927461 5.432373952418486 1.1851749932122313 0.08723636901500816 0.10058598890817502 0.334193077372013 0.008536312216037931 0.007923122419261042 -8.98595860613061
-2.4561403508771953 1.1730357188797862 0.0868386909421285 0.09452438699662115 0.34151374545528745 4.4372489235325885 13.220039796204379 11.21401818048939 0.11654312394744742 0.3279188381703537 0.0732920478144348 5.380306710805087 1.1774084129029765 0.08697763615430192 0.09064039524272234 0.3406636812745864 0.006815756615761887 0.006292838718475851 -9.163062857738979
-2.355889724310778 1.165611142171629 0.08659107882493329 0.08499786273383497 0.3478408460527568 3.1115320927635874 12.696661876073629 11.269828410940256 0.11682987576811979 0.3133920909967009 0.07329630473848155 5.327767631615769 1.169696047614855 0.08671667262080698 0.08128610369594945 0.34705842980798735 0.005395476900545166 0.004952835185797599 -9.337923386946947
-2.2556390977443606 1.1582272855934825 0.08634175746343871 0.0760602134238364 0.35407815459643616 1.844745894440552 12.170236473526636 11.3228629176705 0.11710193916676337 0.2990022550316358 0.0733003286920691 5.274771834097763 1.1620369623912372 0.08645484500580161 0.07252128166217839 0.3533611349591425 0.004232121090736801 0.003860315064167271 -9.510114634666627
-2.1553884711779467 1.1508833593268222 0.08609209090716313 0.0677082046861675 0.3602092870734891 0.6367548237810443 11.641108995201373 11.373175918894049 0.11735962744128378 0.2847447353316489 0.07330412671672204 5.221334930843593 1.1544300691226854 0.08619349851230701 0.06434231554796159 0.35955524350921636 0.0032870945884431405 0.0029773062508879527 -9.679200915453704
-2.0551378446115294 1.14357845629636 0.08584342023415634 0.05993672315658968 0.3662175438456198 -0.5126458672424248 11.109597342719539 11.420820141849589 0.11760324845638338 0.270614782453556 0.07330770556210502 5.167473012148135 1.1468741314584847 0.08593395264431117 0.056743725056977036 0.3656239060174965 0.002526242942151035 0.0022703203607309244 -9.8447382364605
-1.9548872180451156 1.136311556013224 0.08559705900896242 0.05273869455291547 0.37208598478986277 -1.6037196094992745 10.575992910987411 11.465846658187289 0.117833103488395 0.2566074979021304 0.07331107168352549 5.113202629610846 1.1393677699845997 0.08567749702231962 0.049718085576770016 0.3715500525125779 0.0019195327971821166 0.0017100133200675302 -10.006276301378243
-1.8546365914786982 1.1290815286316496 0.0853542888686824 0.046105011347059334 0.3777975111534323 -2.6367785099495844 10.04056164441276 11.508304738128505 0.11804948613199007 0.24271783979018513 0.07331423123966228 5.058540779024881 1.1319094676456363 0.08542538733655758 0.04325596015164351 0.3773164746000672 0.001440733906326953 0.0012708501845445648 -10.163360691628634
-1.7543859649122808 1.1218871392041292 0.08511635525074752 0.040024471600847114 0.38333495372701476 -3.6121739053105126 9.50354514168655 11.548241721819505 0.11825268126903889 0.22894062869807724 0.07331719009051091 5.003504882594933 1.124497575389181 0.085178841448066 0.03734584252015807 0.38290591357803316 0.0010671047818043308 0.0009307765496194165 -10.315535213826852
-1.654135338345867 1.1147270521203136 0.08488446327490803 0.034483730493236074 0.3886811668127043 -4.5302874781736575 8.965161800805037 11.585702906358556 0.11844296409953664 0.21527055371961104 0.07331995379553585 4.948112770525626 1.1171303180117806 0.0849390356469032 0.03197411266084897 0.388301154029329 0.0007790842922997109 0.0006708986239448313 -10.462344399180243
-1.5538847117794496 1.1075998357154109 0.0846597737908479 0.029467266004223076 0.3938191273322804 -5.3915229336267965 8.425607996978055 11.620731447043385 0.1186205992341838 0.20170217868151197 0.07332252761201932 4.892382662021964 1.1098058001868212 0.08470710107564948 0.027125006224558733 0.39348512223628146 0.0005599912486143456 0.0004751737606856565 -10.603336137092054
-1.4536340852130323 1.1005039670343044 0.08444339960176227 0.02495736012393205 0.39873203829163767 -6.196298231148 7.885059286977971 11.653368271459733 0.11878583984792963 0.18822994852385705 0.07332491649359475 4.836333145742861 1.102522012655633 0.08448412032545304 0.02278059913408437 0.398440988640718 0.0003957337792816534 0.000330112991316837 -10.738064421873723
-1.3533834586466185 1.0934378367381459 0.08423640187319151 0.02093409682303027 0.403403435691179 -6.945038363894722 7.343671634328983 11.683652005110428 0.118938926893549 0.17484819582911343 0.07332712508895302 4.779983159747992 1.095276838564251 0.08427112421094206 0.018920808500970235 0.4031522734540246 0.00027453007385366867 0.00022449687993487488 -10.86609218822253
-1.253132832080201 1.086399754140755 0.08403978673540734 0.01737537785265098 0.4078172978533476 -7.638168675443062 6.801582650519722 11.711618907366466 0.1190800883741282 0.16155114748778462 0.07332915774070933 4.723351970977372 1.0880680599294295 0.08406908872947699 0.015523410845283041 0.407602954411275 0.00018664186655842428 0.00014910581293536306 -10.986994208079555
-1.1528822055137837 1.079387952362742 0.08385450208669405 0.01425695723923184 0.41195815603084107 -8.276108702494364 6.2589128481421845 11.73730281660498 0.11920953867317925 0.1483329314890362 0.07333101848441777 4.666459154302045 1.0808933642186753 0.08387893220942202 0.012564078408091027 0.4117775755635487 0.00012412184650664366 9.646565814999104e-05 -11.100360018742139
-1.05263157894737 1.0724005935918766 0.0836814346039737 0.01155249510428822 0.4158112050661007 -8.859266531001806 5.71576690251835 11.760735103483762 0.11932747794099204 0.13518758382507057 0.07333271104772111 4.609324571183042 1.0737503510302446 0.08370151265139386 0.010016434120221964 0.41566135591712117 8.057601217008977e-05 6.060956809786431e-05 -11.205796849753916
-0.9523809523809526 1.0654357744388365 0.08352140696638988 0.009233631174332154 0.4193624127978933 -9.38803365253015 5.172234918975355 11.78194463138615 0.11943409153575561 0.12210905549844714 0.07333423884962317 4.551968347974672 1.0666365388602101 0.08353762526578697 0.007852125537849598 0.4192402966601375 5.0941836837524534e-05 3.6856562650272796e-05 -11.302932514225665
-0.8521303258145387 1.0584915313780816 0.08337517529669426 0.0072700780564493705 0.4225986268575328 -9.862780307402122 4.628393703471925 11.800957723153903 0.11952954951794457 0.10909121962201218 0.07333560499987155 4.494410853906811 1.0595493719448539 0.08338800020928737 0.006040917780063808 0.42250128566999046 3.128297738400989e-05 2.1607405798964518e-05 -11.391418228934041
-0.7518796992481214 1.051565846264174 0.08324342682457747 0.005629734046054267 0.4255076774683806 -10.283851301261526 4.084308034764031 11.817798133308028 0.11961400619646263 0.09612787860151903 0.07333681229843886 4.436672678779584 1.0524862271677213 0.08325330052256878 0.0045508052108265765 0.425432197970307 1.8601140029384857e-05 1.2158187941925971e-05 -11.470931326871856
-0.651629072681704 1.0446566519144476 0.08312677777544744 0.004278814911705624 0.4280784748600565 -10.65156228205302 3.5400319367336044 11.832487025038398 0.11968759972506549 0.08321277139147853 0.07333786323509128 4.378774610402617 1.0454444210217435 0.08313412027091684 0.0033481413037969258 0.4280219908074488 1.0665612763887247e-05 6.531937709529474e-06 -11.54117782594075
-0.5513784461152902 1.037761837749463 0.08302577148758876 0.0031820037750650274 0.4303010999349463 -10.966196465050558 2.995609949885489 11.84504295132201 0.11975045174764472 0.07033958081521069 0.07333875998903353 4.320737611809621 1.0384212166177877 0.08303098288913881 0.002397785821056872 0.4302607920440702 5.860883643729266e-06 3.328514374233496e-06 -11.601894818228558
-0.4511278195488728 1.0308792554831783 0.08294087676012706 0.00230261788028871 0.4321668868799874 -11.228001794419255 2.4510784013552835 11.855481839606998 0.11980266709104243 0.057501940940466574 0.07333950442862121 4.262582798277981 1.0314138307319245 0.08294433973179653 0.0016632681322570576 0.4321399806225052 3.0526859961793313e-06 1.59297182410761e-06 -11.652852645812711
-0.350877192982459 1.0240067248552365 0.08287248643377607 0.0016027907347980078 0.43366849650133615 -11.437188530841963 1.9064666730605604 11.863816979574668 0.11984433350417642 0.044693444502387804 0.07334009811113093 4.204331414181852 1.02441944088451 0.08287456882953284 0.0011069652080308676 0.4336522579331593 1.4727444546028086e-06 7.025364583731386e-07 -11.693856831281153
-0.25062656641604164 1.0171420393981647 0.08282091620595083 0.0010436678110987327 0.434799979172457 -11.593927255951861 1.3617984678745745 11.87005901356547 0.11987552144239115 0.03190765036588356 0.07334054228258123 4.14600480970621 1.017435192444911 0.08282197385204997 0.0006902925478003237 0.43479170903216796 6.224383588000583e-07 2.7230269970037e-07 -11.724749734135584
-0.15037593984962427 1.0102829722326458 0.08278640368148764 0.0005856137353989396 0.435556826425558 -11.698347285656075 0.8170930739082267 11.874215929326436 0.11989628389610038 0.01913809101984595 0.0733408378775972 4.08762441744846 1.0104582057563358 0.08278678327813103 0.00037390605549540674 0.43555385278609715 1.9555006094291187e-07 7.971965317241762e-08 -11.745411907889288
-0.05012531328321046 1.0034272818843042 0.08276910765990932 0.0001884286609419555 0.43593601037936425 -11.750535485891055 0.2723666271509103 11.876293054808123 0.11990665626295567 0.0063782800958443265 0.07334098551931381 4.029211728933379 1.0034855832757472 0.08276914977296837 0.00011791266392848454 0.43593568017722323 2.022370427945712e-08 7.919326251002095e-09 -11.755763136922912
0.05012531328320691 0.996572718115696 0.08276910765990932 -0.00018842866094213106 0.4359360103793644 -11.75053548589104 -0.27236662715090265 11.876293054808123 0.11990665626295567 -0.006378280095843514 0.07334098551931383 3.9707882710666222 0.9965144167242529 0.08276914977296841 -0.00011791266392471083 0.43593568017722395 2.02237042794948e-08 7.91932625049518e-09 -11.755763136922898
0.15037593984962427 0.9897170277673543 0.08278640368148762 -0.000585613735399203 0.435556826425558 -11.698347285656082 -0.8170930739082329 11.874215929326436 0.11989628389610038 -0.01913809101984595 0.0733408378775972 3.9123755825515403 0.9895417942436641 0.08278678327813102 -0.00037390605549454133 0.43555385278609715 1.9555006094308781e-07 7.971965317204859e-08 -11.745411907889295
0.2506265664160381 0.9828579606018355 0.08282091620595085 -0.001043667811098645 0.4347999791724571 -11.593927255951867 -1.3617984678745472 11.87005901356547 0.11987552144239115 -0.03190765036588303 0.07334054228258123 3.8539951902937917 0.9825648075550892 0.08282197385204997 -0.0006902925478009407 0.43479170903216796 6.224383587999535e-07 2.7230269970085684e-07 -11.724749734135584
0.35087719298245545 0.9759932751447641 0.08287248643377605 -0.0016027907347983586 0.4336684965013361 -11.437188530841967 -1.906466673060543 11.863816979574668 0.11984433350417642 -0.04469344450238727 0.07334009811113093 3.7956685858181496 0.9755805591154902 0.08287456882953284 -0.0011069652080301293 0.4336522579331593 1.4727444546034532e-06 7.025364583722015e-07 -11.693856831281149
0.4511278195488728 0.969120744516822 0.08294087676012706 -0.0023026178802890607 0.4321668868799874 -11.228001794419255 -2.451078401355279 11.855481839606998 0.11980266709104243 -0.057501940940466574 0.07333950442862121 3.7374172017220193 0.9685861692680755 0.08294433973179653 -0.001663268132257671 0.4321399806225052 3.0526859961802614e-06 1.592971824108785e-06 -11.652852645812711
0.5513784461152866 0.9622381622505372 0.08302577148758876 -0.0031820037750649403 0.4303010999349465 -10.966196465050567 -2.995609949885469 11.84504295132201 0.11975045174764472 -0.07033958081521015 0.07333875998903353 3.6792623881903808 0.9615787833822125 0.08303098288913882 -0.002397785821056465 0.4302607920440702 5.860883643728942e-06 3.328514374232366e-06 -11.601894818228557
0.651629072681704 0.9553433480855524 0.08312677777544744 -0.004278814911705624 0.4280784748600565 -10.65156228205302 -3.540031936733602 11.832487025038397 0.11968759972506549 -0.08321277139147853 0.07333786323509128 3.6212253895973827 0.9545555789782565 0.08313412027091684 -0.0033481413037971665 0.4280219908074485 1.0665612763887247e-05 6.531937709530417e-06 -11.54117782594075
0.7518796992481178 0.9484341537358265 0.08324342682457744 -0.005629734046054793 0.4255076774683807 -10.283851301261535 -4.084308034764019 11.817798133308028 0.11961400619646263 -0.09612787860151852 0.07333681229843887 3.5633273212204175 0.9475137728322788 0.0832533005225688 -0.00455080521082505 0.4254321979703074 1.8601140029388323e-05 1.2158187941917806e-05 -11.470931326871852
0.8521303258145352 0.9415084686219185 0.08337517529669428 -0.0072700780564491085 0.4225986268575328 -9.862780307402137 -4.628393703471904 11.800957723153902 0.11952954951794457 -0.10909121962201176 0.07333560499987155 3.505589146093191 0.9404506280551463 0.08338800020928737 -0.0060409177800642795 0.42250128566998996 3.1282977384007654e-05 2.160740579896792e-05 -11.391418228934043
0.9523809523809526 0.9345642255611635 0.08352140696638988 -0.009233631174332154 0.4193624127978933 -9.388033652530144 -5.172234918975363 11.781944631386148 0.11943409153575561 -0.12210905549844686 0.07333423884962317 3.4480316520253274 0.9333634611397897 0.083537625265787 -0.00785212553784698 0.4192402966601375 5.0941836837524534e-05 3.685656265024823e-05 -11.302932514225649
1.0526315789473664 0.9275994064081236 0.08368143460397372 -0.011552495104287958 0.4158112050661009 -8.85926653100184 -5.715766902518324 11.76073510348376 0.11932747794099206 -0.1351875838250703 0.07333271104772113 3.3906754288169605 0.9262496489697557 0.08370151265139382 -0.010016434120223688 0.4156613559171209 8.057601217008609e-05 6.060956809788519e-05 -11.205796849753938
1.1528822055137837 0.9206120476372577 0.08385450208669405 -0.014256957239231493 0.41195815603084107 -8.276108702494367 -6.258912848142181 11.737302816604977 0.11920953867317925 -0.14833293148903676 0.07333101848441777 3.333540845697957 0.9191066357813248 0.08387893220942198 -0.012564078408094587 0.41177757556354794 0.00012412184650663764 9.646565815004585e-05 -11.100360018742162
1.2531328320801975 0.9136002458592453 0.08403978673540734 -0.01737537785265098 0.40781729785334775 -7.638168675443086 -6.8015826505197 11.711618907366468 0.1190800883741282 -0.16155114748778407 0.07332915774070932 3.2766480290226294 0.9119319400705708 0.08406908872947697 -0.015523410845282878 0.40760295441127464 0.0001866418665584242 0.00014910581293536002 -10.986994208079556
1.353383458646615 0.9065621632618543 0.08423640187319148 -0.020934096823030192 0.40340343569117926 -6.945038363894745 -7.343671634328961 11.683652005110426 0.118938926893549 -0.17484819582911298 0.07332712508895303 3.22001684025201 0.9047231614357492 0.08427112421094206 -0.018920808500970398 0.40315227345402493 0.00027453007385366634 0.00022449687993487857 -10.866092188222531
1.4536340852130323 0.8994960329656957 0.08444339960176227 -0.02495736012393213 0.39873203829163767 -6.196298231148019 -7.885059286977968 11.653368271459733 0.11878583984792963 -0.18822994852385705 0.07332491649359475 3.163666854257139 0.897477987344367 0.08448412032545298 -0.02278059913408482 0.398440988640718 0.00039573377928165597 0.00033011299131684987 -10.738064421873743
1.553884711779446 0.8924001642845892 0.0846597737908479 -0.029467266004223076 0.3938191273322806 -5.391522933626803 -8.425607996978036 11.620731447043385 0.11862059923418379 -0.2017021786815114 0.07332252761201934 3.107617337978038 0.890194199813179 0.08470710107564952 -0.027125006224558004 0.39348512223628174 0.0005599912486143454 0.00047517376068563087 -10.603336137092029
1.6541353383458635 0.8852729478796867 0.08488446327490802 -0.034483730493235824 0.38868116681270454 -4.530287478173685 -8.965161800805019 11.585702906358556 0.11844296409953665 -0.21527055371961024 0.07331995379553584 3.0518872294743753 0.8828696819882196 0.08493903564690324 -0.03197411266084702 0.3883011540293285 0.0007790842922996989 0.0006708986239447508 -10.462344399180228
1.7543859649122808 0.8781128607958709 0.08511635525074754 -0.04002447160084719 0.38333495372701476 -3.6121739053104958 -9.503545141686557 11.548241721819505 0.11825268126903889 -0.228940628698077 0.07331719009051091 2.9964951174050665 0.8755024246108188 0.08517884144806606 -0.037345842520155895 0.38290591357803316 0.0010671047818043352 0.0009307765496193089 -10.315535213826822
1.8546365914786946 0.8709184713683507 0.08535428886868239 -0.046105011347059084 0.3777975111534326 -2.636778509949616 -10.040561644412742 11.508304738128508 0.11804948613199007 -0.24271783979018427 0.07331423123966228 2.94145922097512 0.868090532354364 0.08542538733655763 -0.04325596015164125 0.3773164746000674 0.0014407339063269358 0.0012708501845444318 -10.163360691628617
1.954887218045112 0.8636884439867765 0.08559705900896239 -0.05273869455291548 0.37208598478986304 -1.6037196094993 -10.575992910987393 11.465846658187289 0.117833103488395 -0.2566074979021297 0.0733110716835255 2.886797370389155 0.8606322300154007 0.08567749702231965 -0.04971808557676864 0.3715500525125781 0.0019195327971821153 0.001710013320067435 -10.006276301378229
2.0551378446115294 0.85642154370364 0.08584342023415634 -0.05993672315658968 0.3662175438456198 -0.5126458672424233 -11.109597342719539 11.420820141849589 0.11760324845638338 -0.270614782453556 0.07330770556210502 2.832526987851865 0.8531258685415153 0.08593395264431117 -0.056743725056977036 0.3656239060174965 0.002526242942151035 0.0022703203607309244 -9.844738236460499
2.155388471177943 0.849116640673178 0.08609209090716309 -0.06770820468616703 0.3602092870734891 0.6367548237810043 -11.641108995201352 11.373175918894045 0.11735962744128378 -0.2847447353316481 0.07330412671672201 2.778665069156408 0.8455699308773148 0.08619349851230704 -0.06434231554796033 0.3595552435092153 0.0032870945884430933 0.002977306250887845 -9.679200915453695
2.2556390977443606 0.8417727144065176 0.0863417574634387 -0.0760602134238365 0.3540781545964362 1.8447458944405308 -12.170236473526623 11.322862917670495 0.11710193916676337 -0.29900225503163597 0.0733003286920691 2.7252281659022377 0.8379630376087629 0.08645484500580156 -0.07252128166218041 0.35336113495914195 0.004232121090736811 0.0038603150641674895 -9.510114634666653
2.3558897243107744 0.8343888578283712 0.08659107882493328 -0.08499786273383472 0.34784084605275706 3.111532092763548 -12.696661876073613 11.269828410940256 0.11682987576811979 -0.31339209099670035 0.07329630473848155 2.6722323683842326 0.8303039523851452 0.08671667262080698 -0.08128610369594866 0.34705842980798735 0.005395476900545129 0.004952835185797502 -9.337923386946944
2.4561403508771917 0.8269642811202141 0.08683869094212847 -0.0945243869966208 0.3415137454552877 4.437248923532517 -13.22003979620436 11.21401818048939 0.11654312394744742 -0.3279188381703533 0.07329204781443481 2.6196932891949154 0.822591587097024 0.08697763615430186 -0.09064039524272191 0.3406636812745868 0.006815756615761832 0.00629283871847578 -9.163062857739007
2.556390977443609 0.8194983153345997 0.0870832114494626 -0.10464123159178958 0.33511285303699306 5.821951546538881 -13.73999639231291 11.155376702141147 0.11624136618999245 -0.3425869317743575 0.07328755058927461 2.5676260475815122 0.8148250067877686 0.08723636901500828 -0.10058598890817275 0.334193077372013 0.008536312216037942 0.007923122419260693 -8.985958606130566
2.656641604010023 0.8119904157650578 0.0873232444183474 -0.11534814939913418 0.3286537242389798 7.2656031522103675 -14.256128537783145 11.093847352826877 0.1159242820405657 -0.3574006423251598 0.07328280544618691 2.5160452545989354 0.8070034342755736 0.08749148764810039 -0.11112302866204364 0.32766237880996235 0.010605565302505029 0.00989164712878684 -8.807024435548982
2.7568922305764403 0.804440165055923 0.08755738519092703 -0.12664330233755222 0.32215141588947527 8.768062840648728 -14.768003063580979 11.029372641390049 0.11559154943839947 -0.3723640709016268 0.07327780448541196 2.464964999099089 0.7991262544623663 0.0877415960603574 -0.12225006740402695 0.3210868638583302 0.013077310841797684 0.0122518722867209 -8.626660955909447
2.857142857142854 0.796847276036444 0.08778422527672283 -0.13852336653156289 0.3156204395248468 10.329073038392206 -15.275156107395897 10.961894464792909 0.11524284610831803 -0.38748114467658473 0.07327253952770567 2.4143988345958016 0.7911930183056554 0.08798529043119903 -0.13396416838227967 0.31448128015209337 0.016011008587516178 0.015063081741134137 -8.445254336406855
2.9573934837092715 0.789211594263641 0.08800235729336396 -0.15098363978139911 0.3090747217171926 11.948246496487496 -15.777092584446219 10.89135439136431 0.11487785100554454 -0.4027556127242853 0.07326700211805005 2.364359767043144 0.7832034464291907 0.08822116379399102 -0.1462610091805503 0.3078598033327536 0.019472058021163034 0.018390696657733904 -8.263175245807012
3.057644110275689 0.7815331002586283 0.08821037993173568 -0.16401815011125706 0.3025275711979319 13.625052923732861 -16.273285796252566 10.817693972668067 0.11449624581089501 -0.41819104211543445 0.0732611835296123 2.3148602435633503 0.7751574323483431 0.08844781077098991 -0.15913498707983334 0.30123600234743386 0.023532052323948675 0.022306570921985323 -8.080777975050347
3.1578947368421026 0.7738119114214879 0.0884069029251029 -0.17761976427797527 0.2959916525032761 15.358805320252422 -16.763177194842996 10.7408550854771 0.11409771647251765 -0.4337908143108262 0.07325507476794993 2.265912142158293 0.7670550452863305 0.08866383234433865 -0.1725793246995267 0.2946228111632995 0.028269006566403576 0.026889264008479557 -7.898399735232079
3.25814536340852 0.7660482836102908 0.08859055200109894 -0.1917802952358102 0.2894789658153517 17.14864608885457 -17.24617632095157 10.6607803052064 0.11368195478972656 -0.4495581218639513 0.07324866657545873 2.2175267624362602 0.7588965325578882 0.08886784064462261 -0.18658617492865706 0.2880325066023851 0.033767554991084185 0.03222428587427931 -7.71636012257364
3.3583959899749374 0.7582426123705298 0.08875997379492238 -0.2064906076692458 0.2830008326316613 18.993533014883532 -17.721660935780967 10.577413311981996 0.11324866003386397 -0.46549596544213406 0.07324194943605693 2.1697148173830008 0.7506823214976674 0.08905846373768801 -0.2011467242664249 0.2814766919597347 0.04011911197251124 0.03840430802433733 -7.534960740833984
3.458646616541351 0.7503954338020059 0.088913840701674 -0.22174072082226465 0.2765678868648741 20.892225219416368 -18.1889773667798 10.490699330297922 0.11279754060050674 -0.48160715117490116 0.07323491358009766 2.1224864262030585 0.7424130209115772 0.08923435038970201 -0.21625129380132663 0.27496628603552314 0.04742199097654711 0.04552933450718365 -7.354484970721199
3.5588972431077686 0.7425074250511705 0.08905085564549946 -0.23751990796697825 0.27019007095391967 22.843269205586054 -18.647441088596896 10.400585602934727 0.11232831568672048 -0.49789428833728333 0.07322754898950008 2.0758511082541604 0.7340894220304732 0.08939417478982946 -0.23188943716656427 0.2685115171888836 0.055781475618474706 0.05370682623883669 -7.175197875228921
3.659147869674186 0.7345794044180184 0.0891697567430949 -0.2538167919650818 0.26387663655508 24.844985133376028 -19.096337560870047 10.30702189947595 0.11184071698646725 -0.5143597873746981 0.07321984540308744 2.0298177780939444 0.7257124989470343 0.0895366412094171 -0.2480500349150716 0.26212192200668877 0.06530983674589484 0.06305177173518671 -6.997346229423066
3.7593984962405997 0.7266123310678556 0.08926932183918972 -0.27061943648078446 0.2576361493773241 26.895453474249315 -19.534923344736065 10.209961059358848 0.1113344903966958 -0.5310058582749343 0.07321179232211757 1.984394741654503 0.7172834085183502 0.08966048857622806 -0.2647213848584244 0.2558063481736586 0.07612628936100713 0.07368669707215526 -6.821158663015375
3.859649122807017 0.7186073043396562 0.08934837289185067 -0.2879154325024127 0.251476497728511 28.992502213197362 -19.96242751985565 10.109359568929136 0.11080939772609998 -0.5478345092915354 0.07320337901599132 1.9395896935563282 0.7088034897186885 0.08976449494207463 -0.2818912880090231 0.24957296113004454 0.08835688315948723 0.08574160770459974 -6.646845904057308
3.959899749373431 0.710565562644246 0.08940578018585857 -0.30569197992100117 0.24540490434731074 31.13369478193006 -20.37805342327257 10.005178171434018 0.11026521839802285 -0.5648475460216069 0.07319459452812116 1.8954097155690985 0.7002742624291002 0.08984748182215387 -0.29954712985345844 0.24342925410878513 0.10213432051337751 0.09935385467654637 -6.4746011122476474
4.060150375939848 0.7024884819471818 0.0894404663529986 -0.32393596399729657 0.2394279411087911 33.3163189226278 -20.78098073051079 9.897382508280728 0.1097017511385284 -0.5820465708397735 0.07318542768194139 1.8518612762224476 0.6916974256529309 0.08990831838451986 -0.3176759567661797 0.2373820611545422 0.11759769587698811 0.11466791776537763 -6.304600290642604
4.160401002506266 0.6943775738329967 0.08945141017887381 -0.3426340266233235 0.2335515462086854 35.537376696517065 -21.170367897892625 9.785943789211423 0.10911881564026168 -0.5994329826886167 0.07317586708703892 1.8089502315655344 0.6830748551489692 0.08994592546842602 -0.3362645474460717 0.23143757274160456 0.13489215086168074 0.1318350982404216 -6.137002764967001
4.2606516290726795 0.6862344831493385 0.08943765017680115 -0.36177263235102797 0.2277810434515089 37.793575865052134 -21.545354983075228 9.670839488298874 0.10851625419238295 -0.6170079772245591 0.07316590114538422 1.7666818270697005 0.6744086004768006 0.08995927941075227 -0.3552994793242266 0.2256013536253822 0.15416843962145382 0.15101311420195693 -5.971951720223835
4.360902255639097 0.6780609852315278 0.0893982879104753 -0.38133812921848853 0.2221211632901602 40.08132288314117 -21.905066858192168 9.552054061857943 0.10789393326659867 -0.6347725473167452 0.07315551805763836 1.725060700664086 0.6657008814519918 0.08994741566039083 -0.374767189949125 0.2198783625823941 0.17558239972950926 0.17236559191984882 -5.8095747848702715
4.461152882205511 0.6698589827101321 0.08933249104837805 -0.40131680445411566 0.21657606528871082 42.39671775306568 -22.24861682669881 9.429579683500094 0.10725174504913292 -0.6527274838950293 0.07314470582951249 1.6840908868895386 0.6569540840119317 0.08990943216131025 -0.39465403340557853 0.21427297371558135 0.1992943244184855 0.19606144723088256 -5.649984653447696
4.561403508771928 0.6616305019062766 0.089239496134367 -0.42169493518148204 0.21114936170510157 44.735550993876515 -22.57511065101126 9.30341699064342 0.1065896089083862 -0.6708733771418223 0.0731334522781558 1.6437758221517094 0.6481707554965063 0.08984449248603948 -0.4149463318667924 0.20878899902483766 0.22546823291397225 0.2222741518982885 -5.493279739208347
4.661654135338345 0.653377688821622 0.08911861106047951 -0.4424588342823608 0.2058441419159241 47.09330298342681 -22.88365099326427 9.173575835841845 0.10590747278803055 -0.6892106180210932 0.07312174503854543 1.6041183510498787 0.6393535993512501 0.08975182870251268 -0.43563042241474653 0.20342971196629547 0.25427103661994715 0.251180880900891 -5.339544848955043
4.761904761904759 0.6451028047321481 0.088969217229728 -0.4635948916038236 0.20066299743085378 49.46514592815629 -23.17334226598056 9.040076035330703 0.10520531451538431 -0.7077394001365234 0.07310957156985257 1.565120733753774 0.6305054692641516 0.08963074395858853 -0.4566926992936103 0.19819787174768358 0.28587160012056806 0.28296153791487205 -5.18885187298865
4.862155388471177 0.636808221397132 0.08879077139852287 -0.4850896107173089 0.19560804726926853 51.84594870855453 -23.443295883139054 8.902948106222045 0.10448314301511098 -0.7264597219094442 0.07309691916175969 1.5267846543965469 0.6216293627508828 0.08948061477008043 -0.4781196517843782 0.19309574813058736 0.32043969734579164 0.3177976577853265 -5.041260483735655
4.962406015037594 0.628496415896939 0.08858280719032337 -0.5069296414540918 0.19068096349579555 54.2302848352808 -23.69263589508894 8.762233982847928 0.10374099941858778 -0.7453713890659399 0.07308377494070085 1.489111230448177 0.612728414206825 0.0893008929998215 -0.4998978979068697 0.18812514653338858 0.35814486480454955 0.35587118655902233 -4.896818837285835
5.062656641604008 0.6201699651154505 0.08834493627416555 -0.5291018084531578 0.18588299673473355 56.6124437315581 -23.920504983020496 8.617987701866987 0.1029789580596973 -0.7644740174213029 0.07307012587600024 1.4521010230298368 0.6038058874478297 0.08909110751709427 -0.5220142141684951 0.18328743325072686 0.39915515550914393 0.3973631416588694 -4.755564272712817
5.162907268170425 0.6118315398851087 0.08807684920383256 -0.5515931359646207 0.1812150015053168 58.986445531206314 -24.126070780371567 8.470276044955728 0.10219712734830712 -0.7837670359488775 0.07305595878588204 1.4157540481262934 0.5948651677651667 0.08885086552869292 -0.5444555615878249 0.17858356062642786 0.4436357990823172 0.44245215701015866 -4.617524004661725
5.2631578947368425 0.6034838988146565 0.08777831591559108 -0.5743908691551693 0.17667746124047704 61.34605954810894 -24.30853247972351 8.319179127228438 0.10139565051331785 -0.8032496901192796 0.073041260343328 1.3800697886502926 0.5859097535235257 0.08857985357492112 -0.5672091082260379 0.17401409203668414 0.4917477755317638 0.49131292035656166 -4.482715805269649
5.363408521303256 0.5951298818216302 0.08744918588460082 -0.5974824921621152 0.17227051287102854 63.684826531815034 -24.467127674588355 8.164790919009292 0.10057470620787039 -0.8229210454950394 0.07302601708175524 1.345047207309905 0.5769432473341911 0.08827783818594521 -0.5902622484609672 0.16957922655887525 0.5436463122661944 0.5441145125966814 -4.351148672031869
5.463659147869674 0.5867724033935635 0.08708938794228813 -0.6208557431398607 0.16799397087501602 65.99608477530535 -24.60113937618997 8.007219688250476 0.09973450897011223 -0.8427799915648246 0.0730102154004928 1.310684760227289 0.567969346838612 0.08794466619610271 -0.6136026192372223 0.1652788232186879 0.5994793160754097 0.6010186616859753 -4.222823478737482
5.5639097744360875 0.5784144456036057 0.08669892975913834 -0.6444986265375932 0.1638473507082919 68.27300008492041 -24.709903136124137 7.84658835078792 0.09887530953381578 -0.8628252458006319 0.07299384157003394 1.2769804112550829 0.5589918351404617 0.08758026471598786 -0.6372181135223147 0.16111242472406315 0.6593857539603597 0.6621779264300167 -4.097733607069429
5.664160401002505 0.5700590509078539 0.08627789699948166 -0.6683994228401096 0.15982989154725116 70.5085995595412 -24.792814196905084 7.683034715786894 0.09799739498411286 -0.8830553579207214 0.07297688173704063 1.2439316469347022 0.5500145709268998 0.08718464076436984 -0.6610968911932154 0.1570792806090229 0.7234939988268987 0.7277338282779703 -3.975865556899805
5.764411027568922 0.5617093147531466 0.08582645215690546 -0.6925466959952202 0.15594057828808988 72.69580905707394 -24.849334584145637 7.516711614182339 0.09710108875465533 -0.9034687143404474 0.07295932192908225 1.2115354920393124 0.5410414783221108 0.08675788056423162 -0.6852273875705395 0.15317836972362409 0.7919201580918878 0.7978149519346646 -3.8571995337074583
5.864661654135336 0.5533683780252924 0.08534483308089778 -0.7169292987416518 0.15217816275900123 74.82749415225906 -24.879000046791568 7.347786898691293 0.09618675046360965 -0.9240635427927698 0.0729411480590882 1.1797885256430238 0.5320765365182175 0.08630014850941892 -0.7095983198092521 0.14940842201817459 0.8647664051309701 0.8725350381630491 -3.7417100119042033
5.964912280701753 0.5450394193687764 0.08483335120719782 -0.7415363760409015 0.14854118411247358 76.89650431215932 -24.881426745743955 7.176443305083159 0.09525477558704508 -0.9448379170998713 0.07292234592949749 1.1486868976570472 0.5231237692303754 0.08581168581053422 -0.734198691345388 0.14576793958050033 0.9421193351582958 0.9519910944557476 -3.6293662731813043
6.065162907268167 0.536725647409812 0.08429238950607741 -0.7663573668054848 0.14502798837436304 78.89571993614345 -24.856317586681982 7.002878165849674 0.09430559496945723 -0.9657897620770739 0.07290290123609067 1.1182263457730532 0.5141872340242042 0.08529280883078992 -0.7590177945882092 0.14225521689455436 1.0240483685035422 1.036261551221788 -3.5201329192752837
6.165413533834585 0.5284302929152251 0.08372240016438923 -0.7913820041046616 0.14163674713476937 80.81810182776951 -24.8034680902475 6.827302969218081 0.0933396741723737 -0.9869168585502075 0.07288279957148752 1.088402212753849 0.5052710115646754 0.08474390712450061 -0.7840452120368111 0.13886836029705238 1.1106042252752686 1.1254044926688522 -3.4139703588128043
6.265664160401002 0.520156600920052 0.08312390201867764 -0.8166003140171411 0.13836547537304086 82.6567425889201 -24.722771692244837 6.649942758584206 0.09235751266320211 -1.008216848467518 0.07286202642830153 1.0592094640117364 0.49637919483616966 0.08416544119276294 -0.8092708159892923 0.13560530661622758 1.2018174960097818 1.219455992571546 -3.3108352681180264
6.365914786967416 0.5119078228568811 0.08249747775794501 -0.842002613288762 0.13521204841555 84.40491935430742 -24.614224368389014 6.471035369882096 0.09135964284768537 -1.029687240087366 0.07284056720193932 1.0306427054153817 0.48751587838360244 0.08355793997258731 -0.8346847670018658 0.13246384098324984 1.2976973330461417 1.318428585520846 -3.210681026065643
6.466165413533833 0.5036872087198908 0.08184377091578884 -0.8675795059417137 0.1321742180303004 86.05614721958048 -24.477928482582474 6.2908305071133395 0.09034662895051447 -1.0513254132231682 0.07281840719303609 1.0026962012669685 0.4786851476243101 0.08292199807731486 -0.8602775112443853 0.12944161381249766 1.3982302869941428 1.4223099039771547 -3.1134581232346505
6.5664160401002505 0.4954979992962322 0.08116348267256637 -0.8933218789707041 0.12924962766705914 87.60423266123135 -24.314095764812095 6.109588659176184 0.08931906574980056 -1.0731286245273206 0.07279553160952122 0.9753638923924974 0.46989106827979304 0.08225827280755432 -0.8860397768881629 0.12653615695171644 1.5033793117388008 1.5310615104468848 -3.019114545765234
6.666666666666664 0.48734341849683926 0.08045736848899795 -0.9192208972506847 0.1264358268555902 89.0433262038116 -24.123049334574976 5.927579864198969 0.08827757717220816 -1.0950940127962832 0.07277192556831104 0.9486394142895432 0.46113767597540695 0.0815674809530921 -0.9119625696515525 0.12374489900728673 1.6130829599330443 1.6446179523358693 -2.927596134445281
6.766917293233082 0.479226665817998 0.07972623459318426 -0.9452679977703037 0.12373028477782676 90.36797356180573 -23.9052246981828 5.745082330714593 0.08722281475659344 -1.1172186042794614 0.07274757409662162 0.9225161152784583 0.4524289660547343 0.08085039540725426 -0.9380371676187249 0.12106517985337749 1.727254788866602 1.7628860644940814 -2.8388469196595594
6.867167919799499 0.47115090896400846 0.07897093434338653 -0.9714548832953092 0.1211304030324968 91.57316447175536 -23.661169663188268 5.562380928124548 0.08615545599495888 -1.1394993179750863 0.07272246213290577 0.8969870746049609 0.4437688836536366 0.08010784161602952 -0.9642551154374016 0.11849426433679332 1.8457829939799637 1.8857445411726232 -2.752809432919477
6.967418546365913 0.4631192766600708 0.07819236448910179 -0.9977735155566895 0.11863352761288644 92.65437843637625 -23.39154313026516 5.379765561903149 0.08507620256041822 -1.1619329708969475 0.07269657452741111 0.8720451204441093 0.43516131407690695 0.07934069388488753 -0.9906082179921218 0.11602935519186099 1.9685302841531396 2.0130437951131284 -2.6694249957605507
7.06766917293233 0.45513485168314755 0.07739146135296472 -1.0242161080493697 0.11623696012016267 93.60762662728702 -23.09711274176757 5.197529451784515 0.083985778432655 -1.1845162832965104 0.07266989604236437 0.8476828477580465 0.42661007351806224 0.07854987156664077 -1.017088533640833 0.11366760518182456 2.0953340092943535 2.1446061168564294 -2.5886339868515336
7.167919799498744 0.44720066413697573 0.07656919695582545 -1.0507751185188998 0.11393796823602272 94.42948923692428 -22.778751386452775 5.015967333667756 0.08288492793204627 -1.207245883825694 0.0726424113517848 0.8238926359623213 0.4181189001601392 0.07773633515391798 -1.0436883670943624 0.1114061284849874 2.2260065467581063 2.2802261421957373 -2.5103760881968498
7.268170426065161 0.43931968499566626 0.07572657510699805 -1.0774432412057136 0.11173379547944949 95.11714763280375 -22.437432580925925 4.835373608075361 0.0817744136741973 -1.2301183146264276 0.07261410504093198 0.8006666663582274 0.4096914456924117 0.0769010822998151 -1.0704002620105773 0.10924201134526672 2.3603359488259303 2.419671630137786 -2.434590511348432
7.368421052631579 0.43149481993845995 0.07486462748115917 -1.1042133989091856 0.10962167027308638 95.66841074742942 -22.074224769671353 4.65604045963178 0.08065501445710081 -1.253130036333877 0.0725849616053976 0.7779969392913089 0.40133126727480756 0.07604514379011693 -1.0972169933677494 0.10717232200800873 2.498086848991675 2.5626845479229345 -2.361216204555305
7.468671679197993 0.4237289034961872 0.07398440970270594 -1.1310787349269436 0.10759881434522212 96.08173523309249 -21.690284606451442 4.478255973126414 0.07952752309347497 -1.2762774329811584 0.0725549654498484 0.755875290998973 0.3930418199784411 0.07516957949008633 -1.1241315596748738 0.10519411996284087 2.6390016202231537 2.708982453756479 -2.2901920417972264
7.56892230576441 0.4160246935278821 0.07308699745757442 -1.1580326049185943 0.10566245049365187 96.35623902005767 -21.286849299731607 4.3023022722376005 0.07839274420106185 -1.2995568167942344 0.07252410088642933 0.7342934101130526 0.38482644972719193 0.07427547428827605 -1.1511371750705046 0.10330446451605022 2.7828017738458537 2.8582601620946444 -2.2214569946422102
7.669172932330824 0.40838486604380125 0.07217348265158563 -1.1850685687372098 0.10380980973778847 96.49170803635317 -20.86522812304598 4.1284537068994815 0.0772514919637729 -1.3229644328665702 0.07249235213284158 0.7132428537860175 0.37668838676165073 0.07336393405908029 -1.1782272613556901 0.10150042271556829 2.929189583337107 3.0101916707802467 -2.1549502878694398
7.769423558897241 0.40081201038883185 0.07124496963333708 -1.2121803822666652 0.10203813788533529 96.48859597401375 -20.426793207247755 3.9569751145765104 0.0761045878765513 -1.346496463704104 0.07245970331010373 0.692715063412483 0.3686307396430635 0.0724360816648649 -1.205395440001455 0.09977907665200604 3.0778499132538992 3.1644323242118673 -2.0906115397844047
7.8696741854636585 0.3933086247979862 0.07030257149851674 -1.2393619892979755 0.10034470153967816 96.34801711661609 -19.972969744936258 3.788120179395257 0.07495285848669463 -1.3701490336319522 0.07242613844001324 0.6727013799205777 0.3606564898112 0.07149305301749621 -1.2326355241661726 0.09813753015949651 3.228452229856595 3.3206211822047433 -2.0283808881375904
7.969924812030072 0.3858771123333454 0.06934740649128622 -1.2666075134734287 0.0987267935738639 96.07173237232206 -19.50522574758709 3.6221299112003416 0.07379713314413548 -1.393918213055237 0.07239164144232013 0.6531930586106106 0.35276848670633787 0.07053599321793604 -1.2599415107538245 0.09657291494024484 3.3806527668387973 3.478383560403923 -1.9681991025392165
8.07017543859649 0.3785197772095008 0.06838059451709076 -1.2939112503232257 0.09718173809669098 95.662128781695 -19.02506150277032 3.4592312642137273 0.07263824177283364 -1.4178000225673104 0.07235619613163 0.6341812835213357 0.3449694434618843 0.06956605279132275 -1.287307572539952 0.09508239613677431 3.534096817012997 3.6373337051453443 -1.91000768423649
8.170426065162907 0.37123882151224535 0.0674032537799073 -1.3212676594157104 0.09570689493600278 95.12219288655831 -18.533998882141702 3.2996359121560914 0.07147701267498499 -1.441790436899547 0.07231978621405051 0.6156571813069215 0.3372619331705503 0.06858438403360949 -1.314728050388419 0.09366317737583608 3.6884211188999774 3.797077563609829 -1.8537489540958916
8.27067669172932 0.3640363423129928 0.06641649755556284 -1.3486713566389916 0.09429966366379565 94.45547845190995 -18.033570650610784 3.1435391935270993 0.07031427037921605 -1.465885388707775 0.07228239528359895 0.5976118346104042 0.3296483857234684 0.06759213748441827 -1.3421974455787151 0.09231250530787088 3.8432563059690974 3.9572156090221067 -1.7993661296008838
8.370927318295738 0.356914329179215 0.06542143111135418 -1.376117106628776 0.092957487187228 93.66606912451635 -17.52530992331436 2.9911192373375046 0.0691508335433143 -1.4900807721912523 0.07224400681838812 0.580036294922093 0.32213108521829054 0.06659045853929206 -1.3697104122604837 0.09102767366576171 3.9982293857959306 4.117345680521638 -1.7468033916485695
8.471177944862156 0.3498746620790521 0.06441914878079288 -1.4035998153545792 0.0916778549290543 92.75853668711216 -17.010739909972088 2.8425362760455877 0.06798751292135351 -1.5143724465409174 0.07220460417660776 0.5629215949139057 0.3147121679290763 0.06558048421302268 -1.3972617500491784 0.08980602686641097 4.152966216638982 4.277065798149978 -1.6960059418933469
8.57142857142857 0.3429191096762103 0.06341073120089585 -1.431114522874116 0.09045830562041494 91.73789562450278 -16.491364076191807 2.697932148880016 0.06682510940432053 -1.538756239214461 0.0721641705923192 0.5462587602430176 0.30739362082774935 0.06456334006420095 -1.4248463967743348 0.08864496317841823 4.307093949860488 4.4359769151034305 -1.6469200513535895
8.671679197994987 0.3360493280093297 0.06239724271806091 -1.458656396263564 0.08929642972829682 90.60955475644184 -15.968656838732684 2.557429995232721 0.06566441214254526 -1.563227949036521 0.072122689171082 0.5300388208205661 0.3001772806440725 0.06354013728959583 -1.4524594213896924 0.08754193747882519 4.460243408178951 4.59368557190379 -1.599493100967294
8.7719298245614 0.32926685954819124 0.06137972896721473 -1.4862207227294766 0.08818987153935653 89.37926671175234 -15.444054897112487 2.4211341344768913 0.0645061967573922 -1.5877833491230011 0.0720801428854303 0.5142528215433102 0.2930648334484858 0.06251196999545547 -1.4800960170524438 0.08649446362155101 4.6120513718748 4.749806420336243 -1.5536736147425927
8.872180451127818 0.32257313261742415 0.06035921462760758 -1.513802902906551 0.08713633092113987 88.05307601923565 -14.918949287770111 2.289130125487283 0.06335122364879521 -1.6124181896292522 0.07203651457021806 0.49889183248821034 0.2860578147397633 0.06147991265131412 -1.5077514943771584 0.08550011643974693 4.7621627476957755 4.90396458876398 -1.5094112861220168
8.972431077694235 0.3159694611768347 0.059336701357371534 -1.541398444343903 0.08613356478108447 86.63726657453907 -14.394678229819284 2.161484996386595 0.06220023640432501 -1.6371282003224572 0.0719917869178511 0.4839469585718385 0.27915761001732875 0.06044501773043618 -1.5354212748683675 0.08455653340387187 4.910232598228722 5.0557978646170545 -1.466656998140806
9.07268170426065 0.30945704494604076 0.05831316590775474 -1.56900295518132 0.0851793882430261 85.13830920992825 -13.872520813784895 2.038247632664728 0.06105396031457427 -1.6619090929791913 0.07194594247342583 0.4694093486782999 0.27236545581617033 0.05940831353961265 -1.5631008845344263 0.08366141595682733 5.055928012822639 5.204958674323948 -1.4253628379305496
9.172932330827066 0.30303696985983875 0.057289558416809265 -1.596612138015797 0.08427167556025911 83.56281004784472 -13.353691567124272 1.9194493098584218 0.059913100998743654 -1.6867565636097066 0.07189896362979008 0.4552702042610368 0.2656824411806801 0.0583708022396815 -1.5907859476841226 0.08281253054699166 5.198929804659406 5.351115845568346 -1.385482106082577
9.27318295739348 0.2967102088396021 0.056266800881246214 -1.6242217839577342 0.08340836078352716 81.91746026147365 -12.839335913260712 1.8051043554553463 0.05877834314341963 -1.7116662945109742 0.0718508326225496 0.44152078742538037 0.2591095095523689 0.057333458056855184 -1.6184721809063982 0.08200770937947532 5.338934022173595 5.493956141371678 -1.3469693213607172
9.373433583959898 0.29047762286502876 0.055245785804181914 -1.6518277668753527 0.08258743820165337 80.20898779884067 -12.330526524720433 1.6952109236063322 0.05765034935665998 -1.7366339561510569 0.07180153152503407 0.428152428500133 0.2526474610452767 0.05629722568374353 -1.6461553872327115 0.08124485090534805 5.475653266623328 5.63318556000596 -1.3097802212152203
9.473684210526315 0.2843399623297503 0.05422737501559261 -1.6794260378251773 0.08180696257183265 78.4441115536988 -11.828260556109328 1.5897518655828784 0.056529759138657265 -1.761655208887775 0.07175104224324123 0.41515653310769557 0.24629695508204313 0.05526301886783744 -1.6738314504807568 0.08052192006801788 5.6088178111241405 5.768530399016066 -1.2738717585244785
9.573934837092729 0.2782978686636235 0.05321239866146787 -1.7070126196658677 0.08106504915594485 76.62949838918746 -11.333457729362678 1.488695678680351 0.055417187969434435 -1.786725704525072 0.07169934651078097 0.4025245887433975 0.24005851336295625 0.054231719184189474 -1.7014963297776302 0.07983694832533658 5.738176519796404 5.899738085588783 -1.2392020949590972
9.674185463659146 0.27235187620400925 0.05220165435691052 -1.7345836018521832 0.08035987357857004 74.77172334133098 -10.846959232148706 1.3919975164089682 0.054313226513254056 -1.81184108771083 0.07164642588383259 0.39024817087567976 0.23393252313990928 0.05320417498808359 -1.7291460542599388 0.07918803346537016 5.863497568780509 6.0265777790740875 -1.2057305913430696
9.774436090225564 0.26650241429795407 0.051195906497773946 -1.762135135405453 0.07968967152171753 72.8772332510544 -10.36952738062152 1.299600243292706 0.05321843993869203 -1.8369969971802065 0.07159226173613512 0.3783189485796632 0.22791924076700737 0.05218120054265208 -1.7567767179479206 0.07857333923313549 5.984568973688778 6.148840754591286 -1.1734177953477598
9.874686716791977 0.2607498096169333 0.05019588572485127 -1.7896634280566395 0.07905273827062131 70.95231399746456 -9.901845989951156 1.2114355183633756 0.052133367352647314 -1.8621890668488712 0.0715368352540275 0.36672868971737943 0.22201879549959885 0.05116357531564047 -1.784384474790253 0.07799109478493754 6.101198930549832 6.266340579303746 -1.1422254268391612
9.974937343358395 0.25509428866570544 0.04920228853413951 -1.8171647395578066 0.07844742812428528 69.00306143329459 -9.44452139019539 1.1274248924436965 0.051058521345931036 -1.8874129267607613 0.07148012743155659 0.35546926567860004 0.21623119351372452 0.05015204343886532 -1.8119655338759073 0.07743959398626707 6.21321597943519 6.3789130951076904 -1.1121163611749125
10.075187969924812 0.24953598046682146 0.048215777026290575 -1.8446353771576103 0.07787215368382286 67.0353560569788 -8.998084021052449 1.0474809055083605 0.049994387647508076 -1.9126642038951913 0.0714221190656678 0.3445326556967359 0.2105563221183827 0.049147313323359594 -1.8395161548091745 0.0769171945685352 6.320469001724066 6.486416223155959 -1.0830546107162604
10.175438596491226 0.2440749194024521 0.04723697878802503 -1.8720716912363375 0.07732538503097638 65.0548413956862 -8.562990536713045 0.9715081717418196 0.04894142488394776 -1.9379385228383597 0.07136279075149661 0.3339109507547088 0.20499395413356356 0.048150057422719814 -1.8670326432438258 0.07642231715922108 6.4228270633627 6.588729606839316 -1.0550053048087307
10.275689223057643 0.23871104819542238 0.046266486898025344 -1.8994700710959036 0.07680564880857153 63.06690602063145 -8.139626351293018 0.8994044413331583 0.04790006444018652 -1.9632315063244294 0.07130212287777819 0.3235963570960234 0.1995437524077206 0.04716091213680054 -1.8945113465722077 0.07595344419931697 6.520179117514016 6.685754110606454 -1.0279346684551456
10.375939849624057 0.2334442210116638 0.045304860049637574 -1.926826940900167 0.07631152721404078 61.0766690703756 -7.728308555977534 0.8310616295139752 0.04687071041730612 -1.988538775651508 0.07124009562238727 0.3135811993565588 0.19420527444919022 0.04618047784759568 -1.9219486497650147 0.07550911876124779 6.612433580691607 6.777411192353112 -1.0018099998973469
10.476190476190474 0.22827420666670462 0.04435262278258472 -1.9541387557609808 0.0758416569165215 59.08896911977274 -7.329289140859473 0.7663668048159332 0.04585373968269307 -2.01385595097795 0.07117668894802932 0.30385792333270406 0.18897797714700915 0.045209319078945945 -1.9493409713574221 0.07508794327975427 6.699517796854054 6.863642167096647 -0.9765996472897029
10.576441102756892 0.22320069191931227 0.04341026581583804 -1.9814019979653419 0.07539472790744176 57.108356201524145 -6.942758457298126 0.705203129964983 0.04484950200766231 -2.039178651504471 0.07111188259809574 0.29441909840160135 0.1838612215576515 0.0442479647715636 -1.9766847595772716 0.07468857820751124 6.781377404027552 6.944407379320535 -0.9522729846444236
10.676691729323306 0.21822328483595937 0.04247824647378736 -2.008613173339146 0.0749694822939085 55.13908676397131 -6.568848860309359 0.6474507502175323 0.04385832028740188 -2.06450249554766 0.07104565609269699 0.2852574196092427 0.17885427773531556 0.04329690866480612 -2.0039764886110225 0.07430974060658435 6.857975617863808 7.019685300771416 -0.9288003872043191
10.776942355889723 0.21334151821041167 0.04155698919790285 -2.0357688077430764 0.07456471304364196 53.18512133186846 -6.207638474758028 0.5929876252456007 0.042880490837922655 -2.0898231005104586 0.07097798872489414 0.27636570944212374 0.1739563295846076 0.042356609776629243 -2.031212655003217 0.07395020268613563 6.929292446157388 7.089471569672014 -0.9061532063860227
10.877192982456137 0.20855485302341056 0.04064688613617904 -2.0628654436962828 0.07417926268962727 51.25012462633822 -5.859155033854904 0.5416903018873995 0.041916283764575506 -2.115136082755229 0.07090885955713941 0.2677369192980636 0.1691664797157093 0.04142749297320966 -2.0583897741852977 0.07360879029611628 6.995323847781749 7.153777986321812 -0.8843037444239599
10.977443609022554 0.2038626819281379 0.03974829780279196 -2.0898996371236533 0.07381202200212132 49.33746789513225 -5.5233797434603105 0.49343462617858097 0.04096594339662382 -2.1404370573850464 0.07083824741794115 0.25936413067158914 0.16448375428339845 0.04050994961984219 -2.0855043771297304 0.0732843813860353 7.056080848786669 7.212631478938513 -0.8632252288321638
11.077694235588972 0.19926433274791305 0.038861553800581684 -2.1168679542225584 0.07346192863511035 47.45023320397297 -5.200251130809079 0.44809639405832985 0.040029688782332026 -2.165721637938782 0.07076613089877137 0.25124055606913087 0.1599071077926154 0.03960433830488519 -2.1125530071254537 0.0729759044372386 7.111588627570256 7.266073052391298 -0.8428917867821042
11.177944862155385 0.1947590719733407 0.037986953599184435 -2.1437669684451763 0.073127965753805 45.59121944381798 -4.88966884143791 0.4055519410103348 0.039107714239042975 -2.190985436005583 0.0706924883512267 0.24335953966895657 0.15543542785457465 0.038710985628724076 -2.1395322166708413 0.07268233687652399 7.1618855801245935 7.314156731221658 -0.8232784195025147
11.278195488721803 0.19034610824694365 0.037124767361881375 -2.170593257592609 0.07280916064926587 43.76294981610931 -4.591497353108508 0.36567867163622714 0.0382001899527684 -2.216224060764281 0.07061729788446144 0.23571455774052075 0.15106753987875576 0.03783018704998334 -2.1664385644805106 0.07240270347829666 7.207022375384626 7.356948507083362 -0.8043609767668727
11.37844611528822 0.18602459582411562 0.036275236814498305 -2.1973434010171857 0.07250458334577242 41.967680568319565 -4.305569580390767 0.32835553078584684 0.03730726262190458 -2.24143311845319 0.07054053736290293 0.22829921883754536 0.14680221168741392 0.03696220778147959 -2.193268612602407 0.07213607476188662 7.247061009712566 7.394525299472787 -0.7861161315576339
11.478696741854634 0.18179363800005252 0.03543857614997692 -2.224013976929559 0.07221334520608544 40.207410764476776 -4.0316903481732 0.2934634183821932 0.036429056139799784 -2.2666082117757664 0.07046218440426827 0.2211072637788099 0.14263815804054547 0.036107283728722864 -2.2200189236418435 0.07188156539009409 7.282073868546198 7.42697393739926 -0.7685213549609387
11.578947368421051 0.1776522904931375 0.03461497296254215 -2.2506015598073326 0.07193459753932697 38.48389288929525 -3.7696397166645426 0.2608855504864849 0.03556567231104779 -2.291744939247473 0.07038221637789335 0.21413256543022627 0.13857404506051552 0.035265622464094606 -2.246686058089267 0.0716383325744714 7.312142802246649 7.454390168474085 -0.751554891354175
11.679197994987469 0.17359956477606908 0.03380458920570664 -2.2771027179021806 0.07166753021576441 36.79864409963693 -3.5191761444174148 0.23050776946234444 0.0347171915965485 -2.3168388944891376 0.07030061040339364 0.20736912830139306 0.13460849454678114 0.0344374042301775 -2.273266571748717 0.07140557449234346 7.337358222220082 7.476877700791595 -0.7351957339320165
11.779448621553883 0.16963443134681838 0.03300756216867718 -2.30351401084261 0.07141137029239426 35.15295795281054 -3.2800394795149828 0.20221880632433198 0.03388367388256697 -2.3418856654720455 0.07021734334966459 0.20081108796936498 0.1307400881723405 0.033622782966068084 -2.299757013264159 0.0711825287200631 7.357818222465477 7.494547281947835 -0.71942360061351
11.8796992481203 0.1657558229322868 0.03222400546605952 -2.3298319873296953 0.07116538065283898 33.547916457175916 -3.051953772291867 0.17591049850349805 0.033065159269228074 -2.3668808337199074 0.07013239183424345 0.19445271034199124 0.12696737155468382 0.03282188735086837 -2.326153921741014 0.0709684706865359 7.373627730830622 7.50751581859538 -0.7042189103690077
11.979949874686714 0.1619626376183054 0.03145401003609184 -2.3560531829233033 0.07092885866470724 31.984402306502602 -2.834629905833964 0.15147796634386168 0.03226166887410513 -2.3918199734727352 0.07004573222304435 0.188288390772671 0.1232888581951217 0.03203482185892695 -2.3524538244603814 0.07076271215059578 7.384897693447144 7.5159055390748515 -0.6895627599951695
12.080200501253131 0.15825374190034772 0.03069764514296939 -2.3821741179165734 0.07070113485722515 30.463111175169615 -2.6277680430093966 0.12881975166566897 0.031473205646790854 -2.416698650817661 0.069957340630478 0.18231265303798241 0.119703033281403 0.0312616678217718 -2.378653234683719 0.07056459970538964 7.391744295067148 7.519843200892722 -0.6754369013611949
12.180451127819545 0.1546279736500581 0.029954959379155637 -2.4081912952965197 0.0704815716216229 28.984563966309338 -2.431059890939153 0.10783792170325057 0.0306997551905804 -2.4415124227915244 0.06986719291998038 0.17652014818912193 0.11620835734953228 0.030502484492049377 -2.404748649545806 0.07037351331254336 7.394288217341804 7.519459344128856 -0.6618237191507319
12.280701754385966 0.15108414499336617 0.02922598166390045 -2.4341011987889285 0.07026956193645685 27.54911891944346 -2.2441907856585317 0.08843814165772082 0.029941286587638997 -2.466256836460113 0.06977526470495429 0.17090565328769747 0.11280326980161548 0.029757310105152465 -2.4307365480341345 0.0701888648684914 7.3926539364673385 7.51488759126002 -0.6487062091163693
12.38095238095238 0.14762104509663257 0.028510722234508044 -2.4599002909858063 0.0700645281197679 26.156983497566216 -2.066841601233847 0.07052971900131647 0.029197753224276934 -2.4909274279787286 0.06968153135014914 0.1654640700359088 0.10948619227744366 0.029026162934585462 -2.4566133890529582 0.07001009680501905 7.386969061074652 7.506263993365461 -0.6360679568539354
12.481203007518793 0.14423744285787654 0.0278091736272067 -2.4855850115539417 0.06986592060969392 24.808225986349044 -1.898690488862485 0.0540256225440648 0.02846909361320122 -2.515519721638761 0.06958596797348811 0.16019042331071304 0.10625553187832437 0.028309042337464313 -2.482375609570478 0.06983668072573343 7.377363710756734 7.493726422237919 -0.6238931171101285
12.581453634085214 0.14093208950073813 0.027121311644778576 -2.511151775523204 0.06967321677493048 23.502786749680354 -1.7394144524637198 0.03884247912410643 0.027755232209863107 -2.5400292289048454 0.06948854944836035 0.15507985961112897 0.10310968424242872 0.02760592978689533 -2.508019622847807 0.06966811607987956 7.363969935204218 7.477414007551843 -0.6121663936317532
12.681704260651628 0.13770372106937834 0.026447096308397068 -2.5365969716535095 0.06948591975617249 22.240489096355418 -1.5886907680285987 0.024900550620778006 0.027056080220264286 -2.5644514474470546 0.0693892504063946 0.15012764542737161 0.10004703647161195 0.026916789888310717 -2.5335418167485226 0.06950392887463681 7.346921173560198 7.457466617934074 -0.6008730195531484
12.781954887218042 0.13455106082303703 0.025786472791400398 -2.5619169608795085 0.06930355733948101 21.02104972247355 -1.4461982545697794 0.012123693819679222 0.026371536397823966 -2.588781860172616 0.06928804524072997 0.14532916554007788 0.09706596991029359 0.026241571377152894 -2.558938552127857 0.06934367042678138 7.326351753295246 7.434024384532683 -0.589998738329939
12.882205513784456 0.13147282152946083 0.02513937233299914 -2.5871080748322273 0.06912568086230016 19.844088702536737 -1.3116184048671613 0.0004393054791052009 0.025701487827145892 -2.6130159342614343 0.06918490810979853 0.14067992125745382 0.09416486277756353 0.025580208095610724 -2.5842061613006684 0.06918691615434863 7.302396427649886 7.407227265487272 -0.5795297852155272
12.982456140350877 0.12846770765685686 0.024505713130168538 -2.612166614437106 0.06895186415268775 18.70913901015308 -1.1846363844572352 -0.010221745227665242 0.0250458106927489 -2.637149120209764 0.06907981294163955 0.13617552859775156 0.0913420926541989 0.024932619946397772 -2.6093409465876105 0.06903326440873472 7.27518995047961 7.377214649553864 -0.5694528692755512
13.08270676691729 0.12553441746444827 0.023885401206219414 -2.6370888485880153 0.06878170250212848 17.61565555578727 -1.064941907375939 -0.019925194900987243 0.024404371031045854 -2.6611768508861955 0.06897273343875665 0.1318117164240767 0.08859603882674316 0.02429871382183945 -2.6343391789390065 0.06888233534745422 7.244866687173254 7.34412499703392 -0.5597551559383191
13.182957393483704 0.12267164499208241 0.023278331254767724 -2.6618710128970875 0.0686148116721688 16.56302373520691 -0.9522299971776675 -0.0287334729106495 0.023777025464064346 -2.6850945406041835 0.06886364308354023 0.127584324538104 0.08592508449120617 0.0236783845067949 -2.6591970966361598 0.06873376984762207 7.211560260183708 7.308095516084144 -0.5504242500733767
13.283208020050125 0.1198780819496993 0.02268438745803836 -2.686509308520217 0.06845082693496651 15.550567487028957 -0.8462016415974887 -0.03670579554824134 0.023163621913605194 -2.7088975842151575 0.06875251514426754 0.1234893017389434 0.08332761881932493 0.0230715155541834 -2.6839109040700073 0.0685872284600364 7.175403227614569 7.269261872448292 -0.5414481795967276
13.383458646616539 0.11715241950777673 0.022103444278637623 -2.7109999010584254 0.06828940214770934 14.577556862600545 -0.7465643490811402 -0.043898265841714114 0.022564000294724114 -2.732581356226309 0.06863932268169966 0.11952270385296584 0.08080203889062643 0.022477980132114744 -2.708476770597111 0.06844239040362443 7.136526793242066 7.227757930637039 -0.532815379585827
13.483709273182953 0.11449334999015225 0.021535367224114525 -2.7353389195353377 0.0681302088607588 13.643215114658005 -0.6530326150994341 -0.050363977697270926 0.021977993187602015 -2.7561412099470646 0.0685240385562918 0.11568069174006218 0.0783467514938143 0.02189764184183208 -2.7328908294732774 0.0682989525998561 7.095060546308895 7.183715524595009 -0.5245146768989457
13.583959899749374 0.1118995684708851 0.02098001358380546 -2.759522455451184 0.06797293545926797 12.746725314782452 -0.5653283059213408 -0.05615312317200486 0.021405426487040753 -2.779572476668184 0.06840663543603391 0.11195952928146033 0.0759601748012384 0.021330355505874286 -2.757149176865132 0.06815662874664527 7.051132229409639 7.1372642559195825 -0.516535275294018
13.684210526315788 0.10936977427703516 0.020437233137614374 -2.7835465619139557 0.06781728633792192 11.887236511854098 -0.48318096713819614 -0.06131310182212483 0.020846120028977972 -2.8028704648774174 0.06828708580493932 0.1083555813538952 0.07364073992039155 0.020775967926045972 -2.7812478709401582 0.06801514843113436 7.004867532789037 7.088531317742613 -0.5088667410277026
13.784461152882201 0.10690267239944126 0.019906868836527217 -2.80740725284843 0.06766298110838194 11.063869445924183 -0.40632806389609755 -0.06588863119399235 0.02029988819356352 -2.826030459515632 0.06816536197219826 0.10486531179456202 0.07138689232653606 0.020234318610946673 -2.8051829310359575 0.06787425628068662 6.956389913389466 7.03764134243981 -0.5014989889390336
13.884711779448622 0.1044969748137522 0.019388757454793907 -2.831100502283956 0.06750975383893462 10.275721833495936 -0.33451515940510035 -0.06992185764397381 0.019766540484477915 -2.849047721277225 0.06804143608201316 0.10148528136103735 0.069197093180689 0.019705240472969853 -2.828950336909484 0.067733711151327 6.905820437015408 6.984716271400278 -0.49442226897372166
13.984962406015036 0.10215140171410954 0.018882730213831873 -2.8546222437220283 0.06735735232578383 9.521873241317735 -0.2674960379029869 -0.07345246678033371 0.019245882084298768 -2.871917485958662 0.0679152801241354 0.09821214568999151 0.06706982053728566 0.019188560494807494 -2.852546028067258 0.06759328535281228 6.853277642023263 6.929875245156658 -0.48762715318849814
14.08521303258145 0.09986468266200588 0.018388613378015062 -2.877968369584837 0.06720553739537788 8.801389566905527 -0.20503277787855723 -0.0765177929168909 0.01873771438583793 -2.894634963858959 0.0677868659451168 0.0950426532582794 0.06500357044589711 0.018684100365634615 -2.8759659031776756 0.0674527639094585 6.7988774229933755 6.873234512258121 -0.4811045231725757
14.18546365914787 0.0976355576529448 0.0179062288226121 -2.9011347307460564 0.06705408223710775 8.113327144264304 -0.14689578094106537 -0.07915292702097787 0.0182418354994789 -2.9171953392358465 0.06765616526029715 0.09197364334970101 0.06299685795142695 0.0181916770872492 -2.899205819566636 0.06731194385580398 6.742732932898504 6.81490735534557 -0.4748455579066899
14.285714285714285 0.09546277810361502 0.017435394574224574 -2.9241171361453118 0.06690277176568346 7.456736493858443 -0.09286376136716967 -0.08139082271602405 0.017758040736639634 -2.9395937698213794 0.06752314966654213 0.0890020440304656 0.061048217997212495 0.017711103550546996 -2.922261592797878 0.06717063356615713 6.684954502342771 6.755004032971852 -0.4688417220395422
14.385964912280699 0.09334510776234496 0.016975925324154727 -2.946911352487903 0.0667514020124529 6.830665735898265 -0.04272370097021394 -0.08326239997415522 0.01728612306957281 -2.9618253864007427 0.06738779065575015 0.08612487013616506 0.05915620623545437 0.017242189082798308 -2.9451289963395118 0.06702865211704691 6.625649574510957 6.693631735792573 -0.4630847545616916
14.48621553884712 0.09128132354566229 0.016527632915201665 -2.969513104031402 0.0665997795449126 6.234163685852991 0.0037292264249231266 -0.08479664619920631 0.016825873567794962 -2.983885292457926 0.06725005962914288 0.08333922127280369 0.057319399749370836 0.016784739966270175 -2.9678037613183856 0.06688582868157208 6.564922654533849 6.6308945558355825 -0.4575666578772939
14.586466165413533 0.08927021630380831 0.016090326802443745 -2.9919180724609213 0.06644772091363083 5.666282651007577 0.046691756957017105 -0.08602071445922377 0.01637708181150358 -3.0057685638919898 0.06710992791235941 0.08064227983424531 0.05553639769142449 0.016338559928804553 -2.9902815763639583 0.06674200195463596 6.5028752720440774 6.566893467637476 -0.4522796872575441
14.686716791979947 0.08731059151806526 0.015663814488617367 -3.0141218968549612 0.06629505212579362 5.126080946425191 0.0863526615436001 -0.08696001867893224 0.015939536282403497 -3.0274702488075844 0.06696736677136558 0.07803130903817612 0.0538058218419083 0.015903450607021762 -3.0125580875436015 0.06659701960804035 6.439605955765223 6.501726320116349 -0.4472163406579739
14.78696741854636 0.08540126993277286 0.01524790193474585 -3.0361201737437646 0.06614160814456793 4.6126251482446605 0.12289289024039363 -0.08763832564976562 0.015513024732417495 -3.0489853673833878 0.0668223474291991 0.07550365098255014 0.052126317092109686 0.015479211982865592 -3.0346288983911855 0.06645073777441336 6.375210219045099 6.435487838125117 -0.44236934889829627
14.887218045112782 0.08354108812488764 0.014842393946709016 -3.057908457262294 0.06598723241347927 4.124992101689486 0.15648573314484793 -0.08807784375475336 0.015097334530801846 -3.0703089118220857 0.06667484108356107 0.07305672472423481 0.05049655185618018 0.015065642794248338 -3.05648957003103 0.06630302055894259 6.30978055531065 6.368269632705302 -0.4377316661856412
14.987468671679196 0.08172889901392438 0.014447094538473974 -3.0794822593999687 0.065831776404987 3.662270700599265 0.18729699511632703 -0.08829930834071101 0.014692252990227332 -3.091435846385537 0.06652481892527273 0.07068802438145076 0.04891521841574609 0.014662540920585795 -3.0781356213993183 0.06615373957789882 6.243406442488221 6.300160219130594 -0.43329646098067087
15.08771929824561 0.07996357231508582 0.014061807272731063 -3.1008370503494067 0.06567509919245089 3.2235634545227185 0.21548518186193633 -0.08832206370248485 0.014297567672419204 -3.1123611075187054 0.06637225215760874 0.0683951172613839 0.047381033201186806 0.01426970374404015 -3.099562529565194 0.06600277352293364 6.17617435549556 6.231245041899175 -0.429057107179176
15.18796992481203 0.07824399493835106 0.013686335579698313 -3.121968258956475 0.0655170670446799 2.8079878589317104 0.24120169515376233 -0.0881641416680002 0.01391306667397745 -3.1330796040659443 0.06621711201652267 0.06617564201424121 0.04589273701340457 0.013886928487306287 -3.1207657301537846 0.0658500077501619 6.10816778597423 6.161606505895525 -0.4250071756183047
15.288220551378444 0.07656907133624855 0.013320483054869636 -3.142871273274011 0.06535755304226419 2.414677583169123 0.26459103519809446 -0.08784233679842875 0.013538538893019725 -3.1535862175831717 0.0660593697917755 0.0640273068148371 0.044449095189786236 0.013514012528792915 -3.141740617873512 0.06569533389303972 6.039467268489202 6.091324013005711 -0.4211404258801963
15.388471177944858 0.07493772380297441 0.012964053736490965 -3.163541441221663 0.06519643671490001 2.042783490200918 0.28579100836452653 -0.08737227823525728 0.013173774277306595 -3.173875802749493 0.06589899684898105 0.06194788757267308 0.04304889771793341 0.013150753696056425 -3.1624825471500784 0.0655386494980792 5.970150412479002 6.0204740035252176 -0.4174507984018305
15.488721804511279 0.07334889272747835 0.012616852363552826 -3.1839740713542772 0.06503360369892633 1.6914745013771153 0.30493293869338345 -0.08676849824371875 0.012818564054521161 -3.193943187881708 0.0657359646525778 0.05993522617136441 0.0416909593006245 0.012796950538352482 -3.182986832869578 0.06537985768245155 5.900291939293361 5.949130001754487 -0.4139324068553947
15.588972431077693 0.07180153680305579 0.012278684615088034 -3.2041644337413766 0.0648689454143028 1.3599383189266518 0.3221418817506958 -0.08604449751350765 0.012472700945383055 -3.213783175555198 0.06557024478973736 0.05798722873810187 0.04037411937532964 0.01245240257916615 -3.2032487512331764 0.06521886681256288 5.82996372370653 5.877362665224936 -0.41057953082423637
15.689223057644107 0.07029463319592776 0.011949357331559766 -3.2241077609602495 0.06470235876028017 1.0473820177708149 0.33753683960949843 -0.08521280729296402 0.012135979360280373 -3.233390543334592 0.0654018089952198 0.05610186394377832 0.039097242091480466 0.012116910549580431 -3.223263540725935 0.06505559020269341 5.759234839341379 5.805239837048582 -0.4073866087344413
15.789473684210527 0.06882717767522332 0.011628678719119923 -3.2437992492051717 0.06453374582902265 0.7530325180480304 0.35123097583232266 -0.08428504843696297 0.0118081955801053 -3.252760044617539 0.06523062917718309 0.054277161334262636 0.03785921624856181 0.011790276603334107 -3.243026403202243 0.06488994583283521 5.688171607485673 5.732826600925509 -0.40434823104988027
15.889724310776941 0.06739818470668449 0.011316458537508203 -3.2632340595153586 0.0643630136364575 0.47613694865731304 0.3633318295090078 -0.08327198746019349 0.01148914792197573 -3.2718864095949414 0.06505667744395016 0.05251120969323182 0.036658955197965803 0.01147230451440895 -3.2625325050904292 0.06472185608486673 5.616837648824467 5.6601853383863485 -0.4014591337273714
15.989974937343355 0.06600668751236587 0.011012508272350952 -3.2824073191241556 0.06419007386965182 0.2159629117413715 0.37394152750124476 -0.08218358969011774 0.011178636890520432 -3.290764346330855 0.0648799261317438 0.05080215543686668 0.03549539671141322 0.011162799857974645 -3.281776978719076 0.0645512474962493 5.545293937651384 5.587375787883608 -0.39871419190410506
16.09022556390977 0.06465173809849922 0.010716641292606416 -3.3013141229320144 0.06401484265002699 -0.028201342847296473 0.3831569941804105 -0.08102906962027608 0.010876465315398279 -3.3093885419652307 0.06470034783338845 0.04914820104064778 0.034367502818625884 0.01086157017550284 -3.3007549237675624 0.06437805053043678 5.473598858160143 5.514455105381909 -0.3961084138293245
16.19047619047619 0.06333240725362824 0.010428672993886869 -3.3199495351057497 0.06383724031174128 -0.2570468243909545 0.39107015802346723 -0.07981693856508087 0.01058243847571186 -3.327753664042598 0.0645179154279825 0.047547603498396915 0.03327425961679997 0.010568425124844953 -3.3194614088433116 0.06420219936323142 5.401808262451819 5.441477926128591 -0.39363693503537434
16.290726817042604 0.06204778451903239 0.010148420928372325 -3.338308590806535 0.06365719119459502 -0.47124378158628133 0.39776815454828807 -0.07855504972123128 0.010296364211964549 -3.3458543619696663 0.06433260211154164 0.0459986728136497 0.03221467705430936 0.01028317661605055 -3.3378914731881775 0.06402363168433417 5.329975529925698 5.368496427317744 -0.39129501271645495
16.390977443609017 0.06079697813338134 0.009875704922011622 -3.3563862980490384 0.06347462345082093 -0.671441748821735 0.40333352513826526 -0.07725064074002574 0.0100180530261967 -3.363685268604785 0.06414438142860952 0.044499770523363055 0.03118778869094263 0.010005638933680472 -3.356040128516453 0.06384228851336925 5.258151627752213 5.295560391387297 -0.3890780203342956
16.49122807017544 0.05957911495348238 0.009610347179689014 -3.37417763969402 0.06328946886515491 -0.8582696515313728 0.40784441138532657 -0.07591037391567804 0.009747318170922645 -3.3812410019820094 0.06395322730483477 0.04304930825392635 0.030192651436860674 0.009735628846349412 -3.373902360986709 0.06365811402968719 5.186385172153872 5.222717269714664 -0.38698144243664956
16.591478696741852 0.058393340352902695 0.009352172379013132 -3.3916775755766495 0.06310166268758749 -1.0323359642591186 0.41137474464883894 -0.07454037409368415 0.00948397572747354 -3.398516167172446 0.063759114080505 0.041645746309366065 0.029228345272341194 0.009472965704208969 -3.3914731333097756 0.06347105541527429 5.114722490246664 5.1500122465002764 -0.3850008696833811
16.691729323308266 0.05723881810016676 0.009101007753365488 -3.408881044772694 0.06291114347822578 -1.1942289155642811 0.413994430590634 -0.07314626440234187 0.009227844674335151 -3.4155053582854533 0.06356201654503302 0.04028759229159064 0.028293972950264253 0.009217471525060209 -3.4087473869950706 0.06328106271012379 5.043207682217784 5.077488302650129 -0.38313199406388776
16.791979949874687 0.056114730218160325 0.008856683164824316 -3.425782968004583 0.06271785296370978 -1.3445167342335935 0.4157695284916656 -0.07173319990834888 0.008978746946051837 -3.4322031606120142 0.06336190997238243 0.03897339975248053 0.02738865968318449 0.008968971069759723 -3.425720044737184 0.06308808867944678 4.971882683637968 5.005186279487246 -0.38137060432563885
16.8922305764411 0.05502027682628578 0.008619031167558225 -3.442378250189283 0.06252173590464231 -1.4837479318446185 0.41676242521555196 -0.07030589929577502 0.00873650748324984 -3.448604152912555 0.06315877015742095 0.03770176687758387 0.026511552816724793 0.008727291907560915 -3.44238601294475 0.06289208869212448 4.90078732772758 4.933144942141804 -0.3797125815808613
16.992481203007515 0.05395467596684539 0.00838788706226216 -3.4586617831297293 0.062322739973516623 -1.6124516169684284 0.4170320037129045 -0.0688686746645691 0.008500954274314186 -3.4647029098512467 0.06295257345318422 0.036471335201138905 0.025661821490925774 0.008492264472006354 -3.4587401844133194 0.06269302060982788 4.829959407413616 4.8614010424848075 -0.3781538951084258
17.092731829573935 0.0529171634170556 0.008163088942186779 -3.4746284483513907 0.06212081564263755 -1.7311378368935948 0.4166338060189503 -0.06742545954351442 0.008271918389235059 -3.480494004578639 0.06274329680903444 0.03528078835210287 0.024838656291085837 0.00826372210796433 -3.4747774411438592 0.06249084468624996 4.7594347370327394 4.789989381486706 -0.37669059833524443
17.19298245614035 0.05190699248801934 0.007944477731290412 -3.490273120085402 0.06191591608154995 -1.840297942742609 0.41562019069539247 -0.06597983520691267 0.008049234006119805 -3.4959720114642843 0.06253091780968975 0.034128850830857406 0.024041268889529732 0.00804150111037772 -3.490492657308282 0.06228552347592371 4.689247213551476 4.718942870895244 -0.3753188249947925
17.293233082706763 0.050923433811919126 0.007731897215020786 -3.505590668399448 0.06170799706350791 -1.940404974640387 0.414040484738905 -0.06453505538487055 0.007832738430847514 -3.5111315089807915 0.06231541471510262 0.033014286816204164 0.02326889167965185 0.007825440755269168 -3.5058807023632665 0.062077021752110474 4.619428877188549 4.648292594140358 -0.37403478546889346
17.393483709273184 0.04996577511862142 0.007525194064212885 -3.5205759624774418 0.06149701688052878 -2.0319140635021995 0.4119411299665501 -0.0630940694505071 0.0076222721103241615 -3.5259670827404954 0.06209676650115813 0.0319358990022642 0.022520777403492342 0.007615383323523783 -3.520936444313387 0.06186530643327185 4.550009971338955 4.578067866385317 -0.3728347632910527
17.493734335839598 0.049033321002824454 0.007324217852567381 -3.5352238740486817 0.06128293626659692 -2.115262846507221 0.4093658239321485 -0.061659544166469495 0.007417678639776782 -3.5404733286856858 0.0618749529011632 0.03089252746485839 0.0217961987740225 0.007411174117946195 -3.5356547531243003 0.06165034651765238 4.481019001710371 4.508296293653689 -0.3717151118229367
17.59398496240601 0.04812539268280689 0.007128821068153581 -3.5495292809670858 0.061065718328591166 -2.1908718935892466 0.4063556554406489 -0.060233884069009015 0.007218804764506092 -3.5546448564330704 0.06164995444809219 0.029883048556931614 0.02109444809322758 0.0072126614740659935 -3.5500305042865885 0.06143211302551943 4.41248279459487 4.439003830971555 -0.3706722511033149
17.694235588972433 0.047241327751784024 0.006938859119360227 -3.5634870709406656 0.06084532848453033 -2.2591451423547824 0.40294923473555855 -0.05881925056420793 0.007025500376498422 -3.5684762927728455 0.06142175251755173 0.028906373832564017 0.020414836867009623 0.007019696765143925 -3.5640585825304543 0.061210578948626033 4.344426554208254 4.370214839473341 -0.369702664841725
17.794486215538846 0.04638047992281383 0.006754190335697401 -3.5770921454112057 0.06062173440873845 -2.3204703393523687 0.39918281846547643 -0.05741757980905741 0.0068376185062791455 -3.581962285322451 0.06119032937142469 0.02796144899911048 0.01975669541784919 0.006832134401807662 -3.577733885691301 0.060985719206475254 4.276873919039342 4.3019521424270915 -0.3688028975997213
17.89473684210526 0.045542218768140484 0.006574675963833044 -3.5903394235838046 0.0603949059835482 -2.3752194855151174 0.39509042952713 -0.05603059944530978 0.006655015310371455 -3.595097506334765 0.060955668202148566 0.027047252896965794 0.019119372496100517 0.006649831826726272 -3.591051328725828 0.0607575106089844 4.209847017159737 4.2342370801429485 -0.3679695520969517
17.994987468671674 0.044725929453804235 0.006400180159228764 -3.6032238466055366 0.060164815257171614 -2.4237492840393315 0.390703971905765 -0.05465984425195576 0.006477550054707036 -3.607876656660152 0.060717753177580165 0.026162796506492746 0.018502234890728997 0.006472649504709987 -3.604005847877991 0.06052593182515875 4.143366520452484 4.167089563734366 -0.367199286705727
18.095238095238095 0.0439310124703011 0.006230569973720859 -3.615740381892243 0.059931436407379544 -2.4664015890723476 0.38605334063859686 -0.053306670778721824 0.006305085094317187 -3.6202944698613795 0.060476569486394904 0.025307121981581852 0.017904667040232414 0.006300450908603084 -3.6165924049938476 0.06029096335740023 4.077451697725144 4.100528127708444 -0.3664888130685995
18.19548872180451 0.043156883360017495 0.006065715339374409 -3.6278840276019637 0.05969474571064246 -2.503503853653001 0.3811665270254707 -0.05197227101985883 0.006137485849616822 -3.6323457164801196 0.06023210338396612 0.024479301709362175 0.017326070644435254 0.006133102501317005 -3.628805991983857 0.06005258752109071 4.012120466678881 4.03456998136608 -0.365834893896249
18.295739348370923 0.042402972442123335 0.005905489048921001 -3.639649817253309 0.05945472151639285 -2.5353695756471097 0.3760697192251996 -0.050657685184660295 0.005974620779576408 -3.644025208453288 0.05998434223866306 0.023678437395526934 0.01676586427777882 0.0059704737143326326 -3.640641635430943 0.05981078842909878 3.9473894447116518 3.9692310589985795 -0.36523434088655904
18.395989974937343 0.04166872453555787 0.0057497667330738324 -3.6510328244864816 0.059211344226083526 -2.562298740555434 0.370787398379008 -0.04936381361876603 0.005816361352062044 -3.655327803677075 0.05973327457850489 0.022903659174778296 0.016223483004689676 0.005812436922981929 -3.652094401342122 0.05956555198087185 3.883273998538143 3.9045260688710157 -0.3646840128125177
18.496240601503757 0.040953598680700184 0.005598426834997472 -3.6620281679643565 0.05896459627672298 -2.5845782600367784 0.365342430392559 -0.04809142792634683 0.0056625820116076335 -3.6662484107160997 0.05947889013810528 0.022154124745857616 0.01569837799754581 0.005658867418801829 -3.6631594000411125 0.05931686585579121 3.819788292614167 3.8404685409865484 -0.3641808137484759
18.59649122807017 0.04025706786026922 0.005451350582194125 -3.6726310164105973 0.05871446212857675 -2.602482405304272 0.3597561535245859 -0.04684118134188964 0.005513160144868648 -3.6767819936547106 0.059221179905831534 0.021429018530644574 0.015190016157721864 0.0055096433792362915 -3.6738317911989475 0.05906471951046762 3.7569453363577194 3.777070873630255 -0.36372169142975963
18.696741854636592 0.039578618719970156 0.005308421956052942 -3.6828365937811895 0.05846092825673398 -2.616273234639266 0.3540484619266806 -0.04561361839733043 0.005367976043992626 -3.686923577086889 0.05896013617110761 0.020727550856803403 0.014697879740146469 0.0053646458349458975 -3.6841067889990806 0.058809104179674505 3.694757030162186 3.714344378693043 -0.3633036357762194
18.796992481203006 0.03891775128935136 0.00516952765929495 -3.692640184565514 0.058203983146244066 -2.6262010141845167 0.3482378852673378 -0.04440918392720287 0.005226912868127677 -3.6966682512408493 0.05869575257177846 0.020048957163462482 0.014221465981760661 0.005223758634969417 -3.6939796674330303 0.05855001288061991 3.633234210201513 3.6522993257800263 -0.36292367753981125
18.89724310776942 0.0382739787033118 0.00503455708153143 -3.702037139212398 0.057943617290538436 -2.632504631595566 0.3423416645952102 -0.04322823145337177 0.005089856603276975 -3.706011177233883 0.05842802414145308 0.019392497229397652 0.01376028673423646 0.00508686840996624 -3.7034457657222255 0.05828744042026566 3.5723866920291485 3.590944985110002 -0.3625788870913311
18.99749373433584 0.03764682692465861 0.004903402263141361 -3.7110228796762126 0.05767982319285372 -2.6354120018149843 0.3363758245642998 -0.042071030986920256 0.004956696020694659 -3.7149475924524546 0.058156947356739104 0.01875745442321102 0.013313868101261006 0.004953864533754616 -3.712500493860982 0.05802138340541564 3.5122233129765723 3.5302896692143673 -0.3622663733534637
19.097744360902254 0.03703583446808417 0.004775957857660017 -3.719592905077498 0.05741259537038612 -2.6351404647716663 0.3303552421798486 -0.04093777628498666 0.004827322634006348 -3.7234728160521273 0.057882520184277655 0.01814313497499022 0.01288175008067749 0.004824639083347144 -3.721139338275298 0.05775184025529389 3.4527519733586707 3.4703407734469933 -0.3619832828607059
19.197994987468668 0.03644055212590194 0.0046521210928589405 -3.727742797472134 0.057141930360905896 -2.6318971744294686 0.3242937121833336 -0.03982859159564829 0.0047016306552255015 -3.7315822545712827 0.05760474212748159 0.01754886726894177 0.01246348621172344 0.0046990867976714965 -3.7293578675914367 0.05747881121634743 3.3939796764960413 3.411104815317095 -0.3617267989577613
19.298245614035082 0.03586054269584686 0.004531791730686188 -3.7354682277224893 0.05686782673157173 -2.625879478961906 0.31820400921651526 -0.0387435379236436 0.004579516949826386 -3.739271407652102 0.057323614272881185 0.016974001156484918 0.012058643227591469 0.0045771050351526826 -3.7371517385078086 0.05720229837901361 3.335912567566064 3.352587472659536 -0.3614941411279915
19.398496240601503 0.03529538071122901 0.004414872026224176 -3.7427649614634397 0.056590285089685576 -2.617275291900569 0.31209794690454373 -0.03768261884841924 0.004460880991023062 -3.74653587386173 0.05703913933597185 0.016417907289327547 0.011666800713496905 0.004458593730320701 -3.7445167017631213 0.05692230569619059 3.2785559712962016 3.294793620658236 -0.36128256445476836
19.498746867167917 0.034744652173690875 0.004301266685812608 -3.749628865155681 0.056309308095137935 -2.6062634538702696 0.30598643396706393 -0.03664578592152168 0.004345624813394317 -3.75337135660598 0.05675132170645986 0.01587997647200205 0.01128755077042154 0.0043434553495969135 -3.7514486081932166 0.0566388390031685 3.2219144285148302 3.237727367739281 -0.36108935919776286
19.59899749373433 0.034207954288802384 0.004190882824473187 -3.756055912218068 0.05602490047429432 -2.593014085006871 0.29987952750312274 -0.035632943672302034 0.004233652965984162 -3.759773670127366 0.05646016749279561 0.015359619033403682 0.010920497684669184 0.004231594846400898 -3.7579434148684157 0.056351906038769085 3.165991731575663 3.181392090351465 -0.3609118505197557
19.69924812030075 0.03368489520470491 0.0040836299227641655 -3.762042189230308 0.055737069035080924 -2.577688927710824 0.29378648355083214 -0.03464395424573041 0.004124872464999147 -3.7657387455787346 0.05616568456588224 0.014856264216828717 0.010565257603353362 0.004122919615710808 -3.7639971913027113 0.05606151646745997 3.1107909586736873 3.125790466653269 -0.3607473983058753
19.799498746867165 0.03317509375398869 0.00397941978318312 -3.767583902196636 0.055445822683030575 -2.5604416799155842 0.28771580505687666 -0.03367864169766932 0.004019192746214371 -3.7712626371631566 0.055867882601845144 0.01436935958805114 0.010221458215910695 0.004017339448199331 -3.769606125725528 0.05576768190220452 3.0563145070708537 3.0709245091254256 -0.36059339713403915
19.89974937343358 0.03267817919897312 0.003878166486228053 -3.772677382860693 0.055151172438054015 -2.5414183187062918 0.2816752873609403 -0.032736795969514766 0.003916525617192051 -3.7763415283301986 0.055566773123742585 0.013898370460966612 0.009888738441720224 0.003914766484059204 -3.7747665314062155 0.05547041592781745 3.002564125251076 3.0167955961293393 -0.36044727634418905
20.0 0.03219379098053903 0.0037797863462189405 -3.7773190950611255 0.05485313145170825 -2.520757414302352 0.2756720613037942 -0.031818176562978806 0.0038167852094089017 -3.780971738018178 0.05526236954209824 0.013442779340349304 0.009566748123881474 0.0038151151666234767 -3.779474853020975 0.05516973412460237 2.949540944024471 2.963404502432003 -0.36030650022541977
