-20.0 1.6775981723595617 0.020232915937868037 1.624608337278974 0.0341471062806583 1105.2547110802193 65.20615443295935 3.837177153061913 0.02044824001615041 1.6442331220151745 0.023918050111048205 7.029354112656108 1.690301928715435 0.020294328310056516 1.6214959946159566 0.033789132944261155 15.63874600582028 15.7917185358706 -1.1651743324002837
-19.899749373433583 1.675211163548579 0.020355054025393685 1.6156914074430422 0.03430300171249585 1104.9423400075766 65.54821412160783 3.8786274426728413 0.020573697074832076 1.63543552315126 0.023919514635034486 7.020820002667543 1.687893719161949 0.020416631418104746 1.6125757229814797 0.033943393671822204 15.490197856492479 15.641163724688788 -1.174720851625807
-19.79949874686717 1.6728111481726553 0.02047737955567375 1.6067793941126576 0.03446075058799247 1104.4860450870124 65.88513016045721 3.9202096411299707 0.020699390428644278 1.6266424880159374 0.02392096788304417 7.012221771689225 1.6854719675686427 0.02053911646473823 1.6036604756897679 0.03409953432317771 15.341299718984278 15.490240497497224 -1.1843321995502265
-19.69924812030075 1.6703981254449496 0.020599884653399198 1.5978723655366316 0.0346203641088257 1103.8853841574755 66.21678464728663 3.961918211234216 0.020825312724033075 1.617854060760384 0.023922409912627722 7.003559128073837 1.6830366715334029 0.020661775478240368 1.5947503226366506 0.0342575668198547 15.192083168455468 15.33898143577036 -1.194008400569146
-19.598997493734338 1.6679720955594075 0.020722561354153103 1.5889703900213994 0.03478185324150674 1103.1399749671205 66.54306082124293 4.00374755641324 0.020951456516147774 1.6090702852274958 0.023923840781012683 6.994831782213371 1.6805878297029222 0.02078460039833531 1.5858453337859804 0.03441750285094928 15.042579815438948 15.187419167684457 -1.2037494683686418
-19.49874686716792 1.6655330596964253 0.020845401605409566 1.5800735359250326 0.03494522870779121 1102.2494956763144 66.86384313209768 4.045692023569905 0.021077814269525357 1.6002912049457056 0.02392526054510552 6.986039446610098 1.6781254417792324 0.02090758307724208 1.5769455791634486 0.034579353863245156 14.892821287581059 15.035586348808344 -1.213555405671741
-19.398496240601503 1.6630810200282964 0.020968397267574206 1.571181871651021 0.03511050097494924 1101.2136853098177 67.17901730867021 4.087745905982607 0.021204378358808073 1.59151686312273 0.02392666926149334 6.977181835948246 1.6756495085260057 0.021030715280771464 1.5680511288501608 0.03474313105118475 14.742839211368763 14.883515642765412 -1.2234262039778514
-19.29824561403509 1.6606159797244404 0.021091540115066507 1.5622954656418184 0.03527768024590038 1100.0323441569667 67.48847042630445 4.12990344625238 0.021331141069494755 1.5827473026392374 0.023928066986447172 6.96825866716639 1.6731600317746196 0.021153988689462715 1.5591620529759758 0.034908845346691475 14.592665193863585 14.731239701889438 -1.2333618433199263
-19.19799498746867 1.6581379429564107 0.021214821837443838 1.5534143863721483 0.035446776449208586 1098.7053341202586 67.79209097337767 4.172158839296986 0.02145809459872557 1.5739825660424418 0.02392945377592255 6.959269659530565 1.6706570144299766 0.02127739489976773 1.5502784217125911 0.035076507408849905 14.442330804466517 14.578791147900882 -1.2433622919825211
-19.097744360902254 1.6556469149026767 0.021338234040567276 1.5445387023420685 0.03561779922894605 1097.2325790105574 68.08976891668374 4.214506235383772 0.021585231056100263 1.5652226955396182 0.023930829685563253 6.9502145347080875 1.6681404604760806 0.021400925425271753 1.541400305266379 0.035246127613440315 14.291867556732653 14.426202552621653 -1.2534275062589586
-18.99749373433584 1.6531429017531762 0.021461768247809106 1.5356684820697848 0.03579075793442443 1095.6140647898374 68.38139576569435 4.256939743202767 0.02171254246452987 1.556467732991548 0.023932194770701944 6.9410930168420455 1.6656103749813584 0.021524571697961525 1.5325277738709693 0.03541771604233619 14.141306890258269 14.2735064187569 -1.2635574301700672
-18.897243107769423 1.6506259107136316 0.02158541590130191 1.5268037940842194 0.03596566160979543 1093.849839760052 68.66686463555513 4.2994534329722995 0.021840020761121914 1.5477177199058851 0.02393354908636337 6.931904832626497 1.6630667641037267 0.02164832506953218 1.5236608977795643 0.03559128247276337 13.990680152662 14.120735160762319 -1.2737519952049752
-18.796992481203006 1.648095950009632 0.021709168363229246 1.5179447069173204 0.03614251898352711 1091.9400146982362 68.94607030876432 4.342041339574803 0.021967657798098787 1.5389726974304578 0.02393489268726522 6.922649711382321 1.6605096350953974 0.021772176812737184 1.5147997472570038 0.03576683636641802 13.840018581679498 13.96792108582582 -1.2840111200519004
-18.696741854636592 1.6455530288904694 0.0218330169171576 1.5090912890961166 0.036321338457754135 1089.884762938128 69.21890929549042 4.3846974657209845 0.02209544534374956 1.5302327063464936 0.023936225627821304 6.913327385133754 1.657938996307418 0.02189611812278132 1.505944392571549 0.035944386858464315 13.689353287394471 13.815096374978593 -1.2943347103200722
-18.596491228070175 1.6429971576327345 0.02195695276940964 1.500243609134509 0.03650212809750823 1087.6843203972858 69.48527989239889 4.427415785134819 0.02222337508341477 1.521497787061777 0.023937547962142418 6.903937588685549 1.6553548571939407 0.022020140118753882 1.4970949039864148 0.03612394274638959 13.538715234625306 13.662293064367402 -1.304722658268929
-18.49624060150376 1.6404283475436607 0.022080967050478406 1.4914017355247984 0.03668489561982946 1085.33898555052 69.74508223997034 4.470190245758646 0.02235143862050425 1.5127679796037388 0.02393885974403905 6.8944800597008005 1.6527572283162204 0.02214423384510307 1.4882513517510074 0.03630551247874164 13.388135225488773 13.509543026701799 -1.315174842536635
-18.395989974937343 1.6378466109642154 0.022205050816482334 1.4825657367289442 0.036869648382764755 1082.84911934948 69.99821837823066 4.51301477297391 0.022479627477547785 1.504043323612474 0.023940161027023125 6.884954538779375 1.6501461213463313 0.022268390273154328 1.4794138060918955 0.03648910414374326 13.23764388215969 13.35687795290436 -1.3256911278494954
-18.295739348370926 1.6352519612719392 0.022329195050660756 1.4737356811695512 0.037056393374254544 1080.2151450882052 70.2445923008057 4.555883272831866 0.022607933097278404 1.4953238583336999 0.023941451864309602 6.875360769536986 1.6475215490706048 0.022392600302665426 1.4705823372035023 0.03667472545778149 13.087271629847148 13.204329333983196 -1.336271364755703
-18.195488721804512 1.6326444128835225 0.022453390664909624 1.4649116372205815 0.037245137200911625 1077.4375482154637 70.4841100072759 4.5987896352928175 0.02273634684374804 1.4866096226116488 0.02394273230881804 6.865698498684816 1.6448835253927776 0.022516854763425555 1.4617570152385075 0.03686238375378601 12.937048680006694 13.051928443148649 -1.3469153893352086
-18.095238095238095 1.6300239812571222 0.022577628501357135 1.4560936731977856 0.0374358860766976 1074.51687609392 70.7166795537563 4.641727737469007 0.022864860003475526 1.4779006548818878 0.02394400241317527 6.8559674761098055 1.6422320653368532 0.02264114441689276 1.452937910297959 0.037052085969499195 12.787005013806617 12.899706318192434 -1.3576230229200519
-17.99498746867168 1.627390682894414 0.022701899333978866 1.4472818573488548 0.0376286458114998 1071.453737706361 70.94221110163204 4.684691446866078 0.022993463786626374 1.4691969931640907 0.023945262229717188 6.846167454955432 1.639567185049669 0.022765459957871437 1.4441250924211027 0.03724383863563206 12.637170365867386 12.747693744154665 -1.368394071810826
-17.894736842105264 1.624744535342374 0.02282619387025205 1.4384762578432848 0.03782342179961341 1068.2488033101738 71.16061696444449 4.72767462462249 0.023122149328224366 1.4604986750547415 0.02394651181048864 6.8362981917031025 1.636888901803164 0.022889792016230565 1.4353186315749051 0.037437647863922126 12.487574208291923 12.595921236294464 -1.379228326983366
-17.794486215538846 1.6220855571947932 0.02295050275284853 1.4296769427619516 0.038020219008133536 1064.902804039592 71.37181165280904 4.77067112873836 0.023250907689394442 1.4518057377197784 0.02394775120724828 6.826359446254075 1.6341972339963506 0.023014131158657598 1.4265185976432848 0.037633519335093756 12.338245735004099 12.444419023382755 -1.3901255638138537
-17.694235588972433 1.6194137680935166 0.02307481656136593 1.4208839800863995 0.03821904196526065 1061.4165314575594 71.57571191739746 4.813674817295068 0.023379729858636688 1.4431182178871869 0.023948980471466857 6.816350982011897 1.6314922011569788 0.023138467890454546 1.4177250604160454 0.03783145828672073 12.189213846412725 12.293217031341294 -1.401085541779139
-17.593984962406015 1.6167291887294057 0.02319912581409667 1.4120974376878257 0.03841989474852724 1057.7908370570542 71.77223678988341 4.856679551657933 0.02350860675313105 1.43443615183953 0.023950199654331844 6.806272565965369 1.6287738239428955 0.02326279265736921 1.4089380895774903 0.03803146950101006 12.040507134416274 12.142344867237444 -1.4121080041725236
-17.493734335839598 1.6140318408430265 0.023323420969833936 1.4033173833157784 0.038622780972947385 1054.0266317130743 71.96130762183881 4.8996791996599685 0.023637529220072312 1.4257595754064312 0.023951408806747 6.796123968771989 1.6260421241430938 0.023387095847464054 1.4001577546947463 0.03823355729249209 11.892153867765161 11.991831803660832 -1.4231926778152229
-17.393483709273184 1.6113217472250516 0.02344769242971458 1.394543884586544 0.038827703779097285 1050.124885086131 72.14284812154158 4.942667638762718 0.023766488038035168 1.4170885239570008 0.023952607979335325 6.785904964841886 1.6232971246784498 0.023511367793022427 1.3913841252057655 0.03843772549564194 11.744181977795652 11.84170676349177 -1.4343392727637365
-17.293233082706767 1.608598931716384 0.023571930539097775 1.3857770089712365 0.03903466582113213 1046.086624978334 72.31678438867351 4.985638759191332 0.023895473918368753 1.4084230323922167 0.02395379722243932 6.775615332422192 1.6205388496021438 0.0236355987724906 1.3826172704070154 0.03864397745242631 11.596619044549756 11.691998305080878 -1.4455474820167638
-17.19298245614035 1.605863419207996 0.023696125589479238 1.3770168237835805 0.03924366925474238 1041.9129366427312 72.48304494685442 5.0285864670385125 0.024024477506620342 1.399763135137251 0.02395497658612384 6.765254853681883 1.617767324099765 0.02375977901245476 1.3738572594408585 0.038852315999786786 11.449492283295728 11.542734607853276 -1.4568169812237102
-17.092731829573935 1.6031152356404785 0.023820267820440024 1.3682633961673836 0.0394547157250599 1037.6049620474462 72.64156077401763 5.071504687335835 0.02415348938398765 1.3911088661337594 0.02395614612017689 6.754823314796997 1.6149825744890949 0.02388389868965223 1.3651041612826036 0.03906274345706293 11.302828531460401 11.39394345835238 -1.468147428394559
-16.992481203007518 1.6003544080033063 0.023944347421629434 1.3595167930836973 0.039667806354516895 1033.1638990954714 72.79226533058818 5.114387367087963 0.024282500068799433 1.3824602588321149 0.023957305874110928 6.744320506036311 1.6121846282195698 0.02400794793301592 1.3563580447272399 0.039275261613363484 11.156654235986874 11.245652236736328 -1.4795384636124709
-16.892230576441104 1.5975809643338117 0.024068354534781056 1.3507770812976698 0.0398829417306656 1028.5910008014246 72.93509458544847 5.157228478266415 0.024411500018023655 1.373817346183611 0.023958455897164742 6.733746221847333 1.609373513871419 0.024131916825754815 1.3476189783758532 0.03948987171489218 11.010995441128323 11.097887903741464 -1.490989708729785
-16.791979949874687 1.5947949337158653 0.02419227925576137 1.342044327365073 0.040100121893965314 1023.8875744266531 73.06998703968955 5.2000220207606125 0.024540479628802916 1.3651801606326153 0.023959596238305084 6.7231002609427 1.6065492611544752 0.024255795407462515 1.3388870306217022 0.0397065744522378 10.865877776688581 10.950676988120305 -1.5025007670865307
-16.69172932330827 1.5919963462782722 0.02431611163664996 1.3333185976185238 0.04031934632554255 1019.0549805738642 73.19688374812381 5.24276202528203 0.024669429240016413 1.3565487341086933 0.02396072694622713 6.712382426386888 1.6037119009066627 0.024379573676259744 1.3301622696359814 0.039925369947627805 10.721326446719866 10.804045574570774 -1.514071223214387
-16.591478696741856 1.589185233192865 0.024439841687850503 1.3245999581533756 0.04054061393493562 1014.0946322426528 73.31572833855381 5.2854425562184835 0.024798339133868065 1.3479230980186916 0.02396184806935651 6.701592525683256 1.6008614650921502 0.024503241590965737 1.3214447633532458 0.04014625774216101 10.577366218685384 10.658019292162267 -1.525700642549964
-16.49122807017544 1.5863616266723106 0.02456345938023176 1.3158884748132917 0.04076392304782546 1009.0079938476599 73.42646702881423 5.328057714437119 0.0249271995375 1.339303283238788 0.023962959655850727 6.690730370861354 1.597997986799179 0.02462678907330072 1.3127345794564917 0.04036923678302801 10.434021413096726 10.512623303268825 -1.5373885711389903
-16.390977443609025 1.5835255599676192 0.02468695464729745 1.3071842131754985 0.040989271393763634 1003.7965802003168 73.52904864155325 5.3706016400308405 0.025056000624630984 1.3306893201065144 0.023964061753599945 6.679795778564534 1.5951215002375565 0.02475020601011468 1.3040317853619392 0.040594305410715625 10.291315893632648 10.367882293019997 -1.5491345353539145
-16.290726817042607 1.5806770673653587 0.02481031738738424 1.2984872385357096 0.04121665609390625 998.4619554562757 73.6234246167951 5.413068515008098 0.025184732517219074 1.322081238412747 0.023965154410228506 6.668788570137782 1.5922320407358204 0.024873482255645216 1.295336448203433 0.04082146134621957 10.149273057745571 10.223820459272837 -1.5609380416033218
-16.19047619047619 1.577816184184574 0.02493353746588676 1.2897976158927271 0.0414460736487594 993.0057320296062 73.7095490222614 5.455452565921404 0.02531338528714778 1.3134790673936734 0.02396623767309629 6.657708571715774 1.589329644738069 0.02499660763380114 1.2866486348165416 0.04105070167826201 10.00791582776237 10.080461503115018 -1.5727985760461252
-16.090225563909776 1.5749429467734095 0.02505660471750863 1.281115409932713 0.04167751992594691 987.4295694755672 73.7873785614748 5.497748066433025 0.025441948957935282 1.304882835722736 0.023967311589299562 6.646555614311136 1.5864143498004597 0.02511957194047203 1.277968411722307 0.041282022850525256 9.867266642483823 9.93782861990373 -1.5847156043048471
-15.989974937343359 1.5720573925054404 0.025179508948538532 1.2724406850131318 0.04191099014800821 981.7351733436562 73.85687257966846 5.5399493398161885 0.02557041350646577 1.2962925715025522 0.023968376205672243 6.635329533902869 1.5834861945873717 0.02524236494585988 1.2692958451106502 0.041515420648917244 9.727347449287162 9.795944490842418 -1.5966885711906116
-15.889724310776943 1.569159559775701 0.025302239939150057 1.2637735051463712 0.04214647888023283 975.9242940023153 73.91799306749581 5.582050761387904 0.025698768864742327 1.287708302256819 0.023969431568787343 6.6240301715249075 1.5805452188672402 0.02536497639683709 1.2606310008234454 0.041750890188868434 9.58817969673567 9.65483127510397 -1.6087169004136967
-15.789473684210527 1.5662494879964268 0.02542478744572435 1.2551139339830248 0.04238398001854612 969.9987254372534 73.97070466258536 5.624046760873184 0.025827004921660665 1.2791300549222013 0.02397047772495742 6.612657373354817 1.5775914635080541 0.025487396019323982 1.2519739443372473 0.04198842590267551 9.44978432769655 9.514510602499236 -1.6207999943089817
-15.68922305764411 1.563327217592495 0.025547141203194464 1.246462034794848 0.042623486777450384 963.9603040248371 74.01497464894648 5.665931824697371 0.025955111524802826 1.2705578558402066 0.02397151472023621 6.60121099080256 1.5746249704725206 0.025609613520686317 1.2433247407456818 0.0422280215269012 9.312181772970163 9.375003566693973 -1.63293723356594
-15.588972431077694 1.5603927899965773 0.025669290927410004 1.2378178704573848 0.042864991678033156 957.8109072823715 74.05077295425959 5.707700498205316 0.026083078482250294 1.26199173074905 0.02397254260041929 6.589690880599337 1.571645782812903 0.025731618592155656 1.2346834547414998 0.04246967008983628 9.17539194543102 9.236330718977749 -1.6451279769459006
-15.488721804511279 1.5574462476439956 0.02579122631752101 1.2291815034322677 0.04310848653605211 951.5524525970407 74.07807214508621 5.749347387806111 0.02621089556441547 1.2534317047755144 0.02397356141104518 6.578096904886452 1.5686539446655219 0.02585340091126373 1.2260501505982773 0.04271336389904044 9.03943423468097 9.098512062580497 -1.6573715610214776
-15.388471177944862 1.5544876339672902 0.025912937058379902 1.2205529957491783 0.043353962450107995 945.1868959350466 74.09684742001743 5.790867163041014 0.026338552505891028 1.2448778024268012 0.023974571197396245 6.566428931304192 1.5656495012449296 0.025974950144296786 1.2174248921517938 0.04295909452896573 8.904327502213476 8.961567047540912 -1.6696672999049724
-15.288220551378446 1.551516993390494 0.026034412822959995 1.2119324089874899 0.04360140978991357 938.7162305329527 74.10707660081425 5.832254558574355 0.026466039007316026 1.236330047582387 0.023975572004499617 6.554686833080666 1.5626324988377558 0.026096255948764073 1.2088077427810535 0.04320685280868059 8.770090077088499 8.825514566121479 -1.6820144849865528
-15.18796992481203 1.548534371323124 0.026155643274789496 1.2033198042575743 0.043850818184670314 932.1424855725875 74.10874012155142 5.873504376104345 0.02659334473725822 1.227788463485875 0.023976563877128498 6.542870489120602 1.5596029847962258 0.02621730797587994 1.2001987653889765 0.04345662880969603 8.636739752115428 8.690372948770591 -1.6944123846789125
-15.087719298245615 1.5455398141538792 0.02627661807039947 1.1947152421817862 0.04410217651156341 925.4677248417088 74.10182101583948 5.914611486195401 0.02672045933411152 1.2192530727368567 0.02397754685980177 6.53097978409406 1.5565610075313523 0.02633809587306011 1.1915980223827576 0.0437084118339141 8.504293780541408 8.556159960627546 -1.706860244159543
-14.9874686716792 1.5425333692440593 0.026397326861784646 1.1861187828751176 0.04435547288438597 918.6940453816329 74.08630490212617 5.955570830027622 0.0268473724080079 1.2107238972827772 0.02397852099678627 6.519014608525012 1.5535066165058078 0.026458609286428424 1.1830055756538704 0.043962190401704335 8.372768873241638 8.422892798566577 -1.7193572851214185
-14.887218045112782 1.5395150849206989 0.026517759298875378 1.1775304859255296 0.04461069464230545 911.8235761240392 74.06217996716245 5.996377421066071 0.026974073542742758 1.2022009584108158 0.023979486332096737 6.50697485887979 1.5504398622264715 0.026578837863334058 1.1744214865577636 0.044217952240124064 8.242181196407033 8.290588088775735 -1.731902705525954
-14.786967418546366 1.5364850104694214 0.026637905032019665 1.1689504103739645 0.04486782833877808 904.8584765183305 74.02943694765156 6.03702634664666 0.027100552297712913 1.1936842767397795 0.023980442909496642 6.494860437655335 1.547360796236661 0.02669877125487576 1.1658458158931957 0.044475684271290034 8.112546369725695 8.159261884864717 -1.7444956793674464
-14.68671679197995 1.5334431961270145 0.026757753714473562 1.160378614694033 0.045126859730629854 897.8009351512817 73.98806911013487 6.07751276947876 0.027226798209866416 1.185173872212011 0.023981390772499032 6.482671253467256 1.5442694711080458 0.0268183991184353 1.1572786238812625 0.044735372600914355 7.98387946505112 8.028929666497408 -1.7571353564326273
-14.586466165413533 1.5303896930737346 0.026877295004898678 1.1518151567713848 0.04538777376731129 890.6531683608147 73.93807222917678 6.117831929064875 0.02735280079566304 1.176669764085324 0.023982329964367142 6.470407221137617 1.5411659404322504 0.026937711120214487 1.1487199701440864 0.04499700250702111 7.856195005552182 7.89960633853982 -1.769820862074198
-14.486215538847118 1.5273245534253326 0.02699651856986517 1.143260093882768 0.04565055458033927 883.4174188453981 73.87944456388874 6.157979143036261 0.027478549553044778 1.168171970924958 0.023983260528114697 6.458068261782466 1.538050258812146 0.02705669693777712 1.1401699136831853 0.045260558428850524 7.729506965337856 7.771306230718332 -1.782551296986071
-14.385964912280702 1.5242478302248188 0.027115414086358865 1.1347134826747698 0.04591518547293747 876.0959542707267 73.81218683284703 6.1979498084043065 0.027604033963415344 1.1596805105955608 0.023984182506507638 6.445654302899018 1.534922481852835 0.027175346262592923 1.1316285128575034 0.045526023955969316 7.6038287695495415 7.644043097778478 -1.795325736986456
-14.285714285714286 1.5211595774339564 0.027233971244290858 1.1261753791422555 0.046181648909889496 868.6910658753677 73.73630218746784 6.237739402728472 0.027729243493627577 1.1511954002532072 0.02398509594206287 6.433165278452536 1.5317826661523362 0.02729364880258195 1.123095825361153 0.04579338181758989 7.479173294912946 7.51783012013808 -1.8081432328085612
-14.18546365914787 1.5180598499244948 0.027352179749008127 1.1176458386064974 0.04644992650761423 861.2050670767733 73.6517961838792 6.277343485199417 0.02785416759797809 1.142716656337448 0.023986000877050363 6.420601128962768 1.5286308692919666 0.027411594284659585 1.1145719082008223 0.04606261387212413 7.355552870741677 7.392679905023254 -1.8210028098928888
-14.085213032581454 1.514948703469147 0.027470029323803654 1.1091249156930056 0.0467199990244783 853.6402920794678 73.55867675337002 6.316757697639422 0.02797879572020803 1.1342442945633968 0.02398689735349307 6.407961801590025 1.5254671498264325 0.027529172457277835 1.1060568176728698 0.046333701096978035 7.232979280383437 7.2686044880782354 -1.8339034681922612
-13.984962406015038 1.51182619473231 0.027587509712424404 1.1006126643090608 0.04699184635135871 845.9990944866437 73.45695417145164 6.3559777654185545 0.02810311729550892 1.1257783299138655 0.023987785413166936 6.395247250220739 1.5222915672736275 0.027646373092961973 1.0975506093401308 0.04660662357859581 7.11146376309944 7.145615335440174 -1.8468441819866257
-13.884711779448622 1.5086923812605362 0.027704610681575533 1.0921091376209602 0.04726544750246509 838.2838459168427 73.34664102560691 6.394999498288392 0.028227121752532846 1.1173187766315353 0.023988665097602502 6.382457435552594 1.519104182104145 0.027763185990844323 1.0890533380084078 0.046881360502782056 6.991017016368045 7.0237233462661255 -1.8598238996946748
-13.784461152882205 1.505547321472759 0.0278213220234195 1.0836143880309668 0.047540780606439986 830.4969346270858 73.22775218178086 6.433818791133188 0.028350798515405836 1.1088656482111867 0.023989536448083715 6.369592325179065 1.5159050557305116 0.02787960097918812 1.0805650577026698 0.04715789014529435 6.871649198601449 6.902938855703469 -1.872841543704567
-13.68421052631579 1.5023910746502782 0.027937633558068053 1.075128467153991 0.04781782289774584 822.6407641438069 73.10030474967002 6.472431624639083 0.028474137005743496 1.1004189573919765 0.023990399505649525 6.356651893673444 1.51269425049614 0.027995607917903675 1.0720858216429714 0.04743618986274107 6.753369932265957 6.7832716382898735 -1.885896010208171
-13.583959899749374 1.4992237009265075 0.028053535136065923 1.066651425793986 0.048096550708353315 814.7177519030497 72.96431804687931 6.510834065882548 0.028597126644667986 1.091978716149775 0.023991254311093845 6.343636122672212 1.509471829664016 0.028111196701053134 1.0636156822200764 0.04771623608378391 6.636188307394513 6.664730911772476 -1.8989861690474754
-13.483709273182958 1.4960452612764903 0.028169016640864224 1.0581833139200811 0.04837693945974622 806.7303279012095 72.81981356200481 6.549022268838859 0.028719756854825248 1.0835449356895615 0.023992100904965577 6.330545000957808 1.5062378574051152 0.028226357259344255 1.0551546909708103 0.047998004300665684 6.520112885480201 6.547325341333659 -1.9121108635652035
-13.383458646616543 1.4928558175061903 0.028284067991282198 1.0497241806424493 0.04865896365525316 798.6809333575519 72.66681491670103 6.586992474811163 0.02884201706240165 1.0751176264378848 0.023992939327569 6.317378524540695 1.5029923987865637 0.028341079562610165 1.0467028985531401 0.048281469061075416 6.405151703739763 6.431063044210728 -1.925268910465661
-13.283208020050125 1.4896554322415612 0.0283986791439555 1.0412740741879236 0.048942596872722156 790.5720193897287 72.50534782679341 6.624741012781138 0.02896389669913886 1.0666967980353954 0.02399376961896424 6.304136696740706 1.499735519759542 0.028455353622271095 1.0382603547210016 0.04856660396036356 6.291312279734976 6.315951594696424 -1.9384590996946827
-13.18295739348371 1.4864441689173975 0.028512840095769487 1.0328330418753615 0.04922781175755159 782.4060457036364 72.33544006251192 6.662264299683622 0.029085385204346236 1.058282459329445 0.023994591818966772 6.290819528267647 1.4964672871469429 0.02856916949378267 1.0298271082988553 0.04885338163412641 6.178601616339992 6.20199802950761 -1.951680194315486
-13.082706766917294 1.4832220917659782 0.02862654088627578 1.0244011300907727 0.049514580016089486 774.1854792984653 72.1571214078826 6.69955884060424 0.029206472026909434 1.0498746183667642 0.023995405967148636 6.277427037301082 1.4931877686307853 0.028682517279062215 1.021403207156011 0.04914177375116859 6.0670262070427174 6.0892088535083495 -1.9649309304063536
-12.982456140350877 1.4799892658055052 0.028739771600090582 1.0159783842622157 0.049802872409416325 765.9127931883452 71.97042361936604 6.736621228903712 0.029327146627294572 1.0414732823862238 0.023996212102837217 6.263959249569284 1.4898970327393959 0.028795387128896063 1.0129886981807106 0.04943175100685896 5.956592041567674 5.977590045774425 -1.9782100169636578
-12.882205513784461 1.4767457568283435 0.028852522369272913 1.007564848834471 0.05009265874752489 757.5904651413771 71.77538038378287 6.77344814626839 0.029447398479546714 1.033078457811674 0.023997010265116386 6.250416198427324 1.4865951488343596 0.028907769245323792 1.004583627253971 0.04972328311690002 5.847304611807859 5.8671470659843665 -1.9915161358186424
-12.781954887218046 1.4734916313890682 0.028964783375681383 0.9991605672434993 0.050383907883911144 749.2209764371545 71.57202727559641 6.810036362689316 0.029567217073281877 1.024690150244877 0.023997800492826207 6.236797924934214 1.48328218709725 0.029019653883999106 0.9961880392232293 0.05001633881151633 5.739168918052898 5.7578848611248254 -2.0048479415642078
-12.68170426065163 1.470226956792326 0.02907654485330763 0.9907655818907009 0.05067658771058921 740.8068106437262 71.36040171361381 6.846382736371289 0.02968659191567149 1.0163083644585298 0.02399858282456267 6.223104477929116 1.4799582185161442 0.029131031356524603 0.9878019778757565 0.050310885830081774 5.632189475500976 5.649807872495008 -2.018204061495112
-12.581453634085214 1.466951801080518 0.029187797090584916 0.9823799341169756 0.0509706651535452 732.3504524148287 71.14054291716087 6.88248421357327 0.02980551253341841 1.007933104389384 0.02399935729867778 6.209335914106535 1.476623314871932 0.029241892032759457 0.9794254859118896 0.05060689091619994 5.526370321041377 5.542920042996674 -2.0315830955602223
-12.481203007518797 1.4636662330213075 0.029298530432670274 0.9740036641766034 0.051266106168642286 723.8543863082729 70.91249186179269 6.918337828381891 0.02992396847472349 0.9995643731314646 0.024000123953279676 6.195492298090478 1.4732775487244236 0.029352226343098444 0.971058604918062 0.05090431981325167 5.421715020295127 5.437224824695397 -2.0449836163263626
-12.380952380952381 1.4603703220949644 0.02940873528369855 0.9656368112109526 0.0515628757379927 715.3210956262326 70.6762912345952 6.953940702419576 0.030041949311241795 0.9912021729293956 0.024000882826232344 6.181573702507531 1.4699209933982658 0.02946202478071982 0.9627013753396723 0.05120313726042061 5.318226674900492 5.332725186639468 -2.0584041689576225
-12.280701754385966 1.4570641384815484 0.02951840210900673 0.957279413222026 0.05186093786680823 706.753061278226 70.43198538913944 6.989290044489248 0.03015944464002748 0.9828465051718324 0.02400163395515562 6.16758020805881 1.466553722968674 0.02957127790380165 0.9543538364537723 0.05150330698921645 5.215907930030653 5.229423622921657 -2.071843271205921
-12.180451127819548 1.4537477530479392 0.02962752143732703 0.9489315070458574 0.052160255580744795 698.1527606674395 70.17962030014212 7.024383150157347 0.030276444085466495 0.9744973703850071 0.02400237737742505 6.153511903590752 1.4631758122469882 0.029679976337704222 0.9460160263416109 0.05180479172050718 5.114760982130463 5.1273221609701825 -2.085299413415896
-12.080200501253133 1.4504212373347263 0.029736083862947172 0.9405931283257752 0.05246079092375209 689.5226666010351 69.9192435178885 7.05921740127684 0.030392937301196046 0.9661547682263919 0.024003113130171123 6.139368886164696 1.4597873367660603 0.02978811077711677 0.9376879818610433 0.052107553162072044 5.01478758685972 5.026422370055057 -2.0987710585452533
-11.979949874686717 1.4470846635429533 0.029844080047836213 0.9322643114855395 0.0527625049564452 680.8652462250272 69.65090412247059 7.09379026545199 0.03050891397201007 0.957818697478484 0.02400384125027996 6.125151261125217 1.4563883727654812 0.029895671988167862 0.9293697386188026 0.052411552006697316 4.915989067229733 4.926725369995035 -2.112256642197508
-11.879699248120302 1.4437381045207405 0.029951500723734474 0.9239450897023662 0.05306535775500751 672.1829599842634 69.37465267789526 7.128099295446916 0.030624363815749716 0.9494891560427127 0.02400456177439226 6.1108591421671745 1.4529789971766573 0.030002650810496988 0.9210613309426658 0.0527167479308155 4.818366321920861 4.828231840052647 -2.1257545726710987
-11.779448621553886 1.4403816337497772 0.030058336694206086 0.9156354948798633 0.05336930841064071 663.4782606080079 69.09054118611469 7.162142128539848 0.030739276585178037 0.9411661409334781 0.024005274738903327 6.096492651401422 1.449559287607744 0.030109038159285836 0.9127627918535212 0.053023099593715255 4.721919833768252 4.730942028002217 -2.1392632310246427
-11.679197994987469 1.4370153253317066 0.030164578836652585 0.9073355576208734 0.053674315029574156 654.753592121589 68.79862304103166 7.1959164858251405 0.03085364206983794 0.9328496482723243 0.024005980179962756 6.0820519194191665 1.446129322328446 0.030214825027249283 0.9044741530373427 0.053330564637329714 4.626649678403172 4.634855759358027 -2.1527809711537884
-11.578947368421053 1.4336392539743958 0.030270218104286106 0.8990453072002584 0.05398033473364579 646.0113888844098 68.49895298252147 7.2294201714643185 0.030967450097892587 0.9245396732822482 0.024006678133473867 6.067537085354868 1.4426891802546895 0.03032000248658168 0.8961954448171127 0.053639099686611236 4.532555533037777 4.539972446749472 -2.1663061198901232
-11.478696741854638 1.4302534949781127 0.030375245528060833 0.8907647715376227 0.05428732366146829 637.2540746547729 68.19158705052752 7.262651071888849 0.031080690537947455 0.9162362102821503 0.024007368635093486 6.052948296947745 1.4392389409331825 0.030424561690860736 0.887926696124676 0.053948660350515334 4.439636685380911 4.44629109942934 -2.1798369771095167
-11.37844611528822 1.4268581242216076 0.030479652218561176 0.8824939771700075 0.05459523697019072 628.4840616817733 67.8765825392741 7.295607154956371 0.03119335330085314 0.9079392526814334 0.024008051720231714 6.03828571060172 1.4357786845258647 0.0305284938769046 0.8796679344725619 0.054259201223602664 4.3478920426731635 4.353810332902345 -2.1933718158604734
-11.278195488721805 1.4234532181481145 0.03058342936784538 0.8742329492245576 0.05490402883787032 619.7037498244886 67.55399795163996 7.328286469062163 0.031305428341488244 0.8996487929747494 0.024008727424050694 6.023549491443884 1.4323084917942617 0.030631790366580754 0.8714191859257909 0.054570675888265294 4.2573201408290435 4.262528378661583 -2.206908882513062
-11.177944862155389 1.4200388537512747 0.030686568251243197 0.8659817113911885 0.05521365246646446 610.9155256987042 67.2238929537375 7.360687142207853 0.031416905660521376 0.8913648227369008 0.024009395781464854 6.00873981338133 1.4288284440837502 0.030734442568569127 0.86318047507367 0.05488303691760218 4.167919153674842 4.172443094019729 -2.220446396915804
-11.077694235588973 1.416615108560997 0.03078906022910627 0.8577402858952626 0.05552406008545479 602.1217618513379 66.88632832974201 7.392807381029598 0.03152777530615167 0.8830873326179024 0.024010056827140126 5.993856859156395 1.4253386233077436 0.0308364419800735 0.8549518250016099 0.055196235878945635 4.079686902270643 4.08355197202296 -2.2339825525763217
-10.977443609022558 1.4131820606292558 0.030890896748510047 0.8495086934702969 0.05583520295611477 593.324815962648 66.54136593700773 7.424645469787227 0.03163802737582701 0.8748163123382016 0.02401071059549354 5.97890082040024 1.42183911193181 0.030937780188480868 0.8467332572629651 0.055510223338053596 3.992620864305331 3.9958521514352374 -2.247515516863473
-10.87719298245614 1.4097397885158416 0.030992069344905976 0.8412869533307191 0.05614703137643161 584.5270300763982 66.18906866151829 7.456199769317199 0.031747652017939255 0.8665517506840703 0.02401135712069215 5.963871897684706 1.4183299929577284 0.031038448872972125 0.8385247918509349 0.05582494886398177 3.9067181835536173 3.909340426781772 -2.2610434312152847
-10.776942355889725 1.4062883712740701 0.03109256964372255 0.8330750831446894 0.05645949468669311 575.7307298578601 65.82950037369487 7.487468715949736 0.03185663943349573 0.8582936355031621 0.024011996436652968 5.948770300572448 1.4148113499074972 0.031138439806075117 0.8303264471705291 0.056140361034640394 3.8219756793843267 3.8240132584393995 -2.2745644113790604
-10.67669172932331 1.4028278884364562 0.031192389361914517 0.8248730990070063 0.05677254127574874 566.9382238798429 65.46272588461588 7.518450820393887 0.03196497987776634 0.8500419537002483 0.024012628577042047 5.933596247665268 1.4112832668073 0.031237744855166668 0.8221382400106172 0.05645640744305425 3.7383898563095816 3.739866782763093 -2.288076547658534
-10.576441102756892 1.399358420000367 0.03129152030945865 0.8166810154121175 0.0570861185879567 558.1518029365666 65.0888109026697 7.549144666591198 0.032072663661905663 0.8417966912331297 0.02401325357527373 5.918349966650634 1.407745828171443 0.03133635598391635 0.8139601855161013 0.05677303470432916 3.6559569135645504 3.6568968222375675 -2.3015779051880827
-10.476190476190476 1.395880046413654 0.031389954390795304 0.8084988452272568 0.057400173130823656 549.3737393853701 64.70782199067813 7.579548910540051 0.03217968115454935 0.8335578331087344 0.024013871464510252 5.9030316943463195 1.4041991189862704 0.03143426525367491 0.8057922971602045 0.05709018846333742 3.5746727547080317 3.5750988956434298 -2.31506652422172
-10.37593984962406 1.3923928485602843 0.03148768360621465 0.8003265996657201 0.05771465048334797 540.6062865161671 64.31982652352603 7.609662279093246 0.03228602278338422 0.825325363379397 0.024014482277660627 5.887641676743167 1.400643224694072 0.03153146482480425 0.7976345867169076 0.05740781340313308 3.4945329972340606 3.494468228227292 -2.3285404204435736
-10.275689223057645 1.3888969077459672 0.03158470005318663 0.7921642882603104 0.05802949530507472 531.8516779484445 63.92489264631993 7.639483568729739 0.032391679036691656 0.8170992651393327 0.02401508604738016 5.872180169045879 1.3970782311769856 0.03162794695795005 0.7894870642335738 0.057725853254103225 3.415532982185299 3.41499976186652 -2.341997585293825
-10.17543859649123 1.3853923056837951 0.03168099592763368 0.7840119188369656 0.05834465134586917 523.1121270556947 63.52308923311051 7.669011644303018 0.03249664046486329 0.8088795205213044 0.024015682806069378 5.856647435711832 1.3935042247409135 0.03172370401525276 0.781349738003745 0.058044250803863766 3.337667783759151 3.336688165218153 -2.355435986320799
-10.075187969924812 1.3818791244799016 0.03177656352514534 0.7758694974885936 0.058660061456417646 514.3898264170176 63.11448584620063 7.698245437767437 0.032600897681889035 0.800666110693486 0.02401627258587369 5.841043750487896 1.3899212920994548 0.031818728461499836 0.7732226145401685 0.05836294790791036 3.260932218897818 3.2595278438433595 -2.368853567548058
-9.974937343358397 1.3783574466191475 0.03187139524213394 0.7677370285491347 0.05897566759946164 505.6869472957448 62.69915269607264 7.727183946885041 0.03270444136681652 0.7924590158565316 0.024016855418681888 5.82536939644516 1.3863295203578703 0.03191301286521644 0.7651056985480473 0.05868188550102834 3.185320856853893 3.183512950298121 -2.3822482498622435
-9.874686716791981 1.3748273549508423 0.0319654835769307 0.7596145145678755 0.05929141086177213 497.0056391446933 62.277160601945816 7.755826233913291 0.03280726226518156 0.7842582152408458 0.024017431336125782 5.809624666011573 1.3827289969970837 0.032006549899693384 0.7569989928985652 0.059001003609468076 3.110828028723316 3.1086373941817644 -2.3956179314241126
-9.774436090225564 1.371288932674512 0.032058821130821265 0.7515019562840336 0.05960723146686948 488.3480291379105 61.84858095300193 7.78417142427698 0.032909351190409414 0.7760636871040647 0.024018000369579146 5.793809861002487 1.3791198098577349 0.032099332343953756 0.7489024986026686 0.059320241363897686 3.0374478369378926 3.0348948521346037 -2.4089604880959428
-9.674185463659148 1.367742263325718 0.03215140060902032 0.7433993526016389 0.059923068788494786 479.71622172847214 61.413485670287464 7.812218705224744 0.03301069902518608 0.7678754087287535 0.024018562550156868 5.777925292648964 1.3755020471242907 0.0321913530836554 0.7408162147851869 0.05963953701313072 2.9651741647098224 2.962278777777458 -2.4222737738923
-9.573934837092732 1.3641874307619408 0.03224321482158442 0.7353067005647317 0.060238861364835826 471.11229823205684 60.971947169318 7.839967324472345 0.03311129672279945 0.7596933564203133 0.02401911790871368 5.76197128162395 1.3718757973092264 0.0322826051119299 0.7327401386592559 0.059958827938635356 2.8940006854210827 2.8907824115849796 -2.4355556214505327
-9.473684210526317 1.360624519148534 0.03233425668426277 0.727223995332901 0.060554546913514105 462.53831643593446 60.524038323403104 7.867416588834337 0.03321113530844998 0.7515175055051161 0.024019666475843558 5.745948158066145 1.3682411492372863 0.032373081530157305 0.724674265501103 0.06027805066983639 2.823920871950658 2.8203987906854633 -2.448803842522125
-9.373433583959901 1.3570536129447541 0.03242451921928515 0.7191512301571923 0.06087006234733265 453.9963102329564 60.06983242770585 7.894565862845529 0.033310205880530366 0.7433478303288554 0.024020208281878577 5.729856261601653 1.364598192029833 0.03246277554867597 0.7166185886252109 0.06059714090020423 2.7549280059332277 2.751120758580631 -2.4620162284853677
-9.273182957393484 1.3534747968898841 0.032513995556086826 0.7110883963563971 0.061185343790790735 445.4882892801656 59.60940316405384 7.9214145673737395 0.033408499611874094 0.7351843042551279 0.024020743356888034 5.713695941363298 1.3609470150892948 0.03255168048742766 0.7085730993598822 0.060916033504138725 2.687015186942807 2.6829409747786235 -2.475190550877926
-9.172932330827068 1.3498881559894478 0.032602678931969956 0.7030354832937616 0.061500326597365554 437.01623868161136 59.142824566516786 7.947962178225492 0.03350600775097248 0.7270268996642466 0.02402127173067692 5.69746755600759 1.357287708083726 0.03263978977653686 0.700537787023232 0.06123466255464582 2.620175341595539 2.615851924334108 -2.4883245619514582
-9.072681704260653 1.3462937755015312 0.032690562692701264 0.6949924783541269 0.061814945367561915 428.5821186948982 58.6701709877603 7.974208224745815 0.03360272162315999 0.718875587952282 0.024021793432785696 5.681171473729332 1.3536203609314794 0.032727096956825144 0.6925126388996278 0.06155296134181777 2.554401232565919 2.5498459272892915 -2.5014159952453383
-8.972431077694235 1.3426917409232166 0.03277764029304567 0.686959366921534 0.06212913396773115 420.1878644610464 58.191517066190514 8.00015228841376 0.033698632631767686 0.7107303395303441 0.02402230849248836 5.66480807227383 1.3499450637860124 0.03281359568025851 0.6844976402166083 0.061870862392100656 2.489685467511114 2.4849151480109093 -2.514462566184875
-8.87218045112782 1.3390821379771385 0.03286390529723572 0.6789361323573148 0.06244282554965881 411.83538575718376 57.706937693898965 8.025794001435074 0.03379373225924443 0.702591123824102 0.02402281693879198 5.648377738946651 1.3462619070208286 0.032899279710329965 0.6764927741223016 0.06218829748837035 2.4260205078983117 2.421051604417234 -2.527461972696983
-8.771929824561404 1.3354650525981657 0.032949351379376844 0.6709227559786899 0.06275595257092006 403.5265667715617 57.21650798541438 8.051133045332948 0.0338880120682459 0.6944579092735468 0.024023318800434953 5.631880870620913 1.3425709812145645 0.032984142922375385 0.6684980216633839 0.06250519769079378 2.3633986777303257 2.358247177091124 -2.5404118958489903
-8.671679197994989 1.3318405709202243 0.03303397232378819 0.6629192170379077 0.06306844681599962 395.2632659004249 56.7203032472707 8.076169149538226 0.0339814637026912 0.6863306633329977 0.02402381410588655 5.615317873742102 1.3388723771362367 0.03306817930382413 0.6605133617635677 0.06282149335849148 2.3018121721651053 2.2964936182736473 -2.553310000506542
-8.571428571428573 1.328208779263264 0.0331177620252792 0.6549254927019399 0.06338023941817623 387.04731556622835 56.218398948400825 8.100902089980886 0.034074078888786906 0.6782093524713609 0.024024302883345283 5.598689164330331 1.335166185730651 0.0331513829543828 0.6525387712026918 0.06313711417198957 2.241253066024814 2.2357825607346524 -2.5661539360147003
-8.471177944862156 1.3245697641203764 0.03320071448936198 0.6469415580327649 0.06369126088216581 378.8805220566533 55.71087069135557 8.125331687683016 0.03416584943601858 0.6700939421726329 0.024024785160737853 5.581995167980097 1.3314524981039875 0.033233748086154494 0.644574224596401 0.06345198915645796 2.1817133221907365 2.1761055265162126 -2.578941336896662
-8.37092731829574 1.320923612145076 0.03328282383239972 0.6389673859682607 0.06400144110752015 370.76466538392174 55.197794184356816 8.149457807355017 0.034256767238109706 0.6619843969366639 0.02402526096571795 5.565236319857404 1.32773140550957 0.0333152690236912 0.6366196943764628 0.06376604670573251 2.1231847998803324 2.117453935545219 -2.591669823576808
-8.270676691729324 1.3172704101387487 0.03336408428169112 0.6310029473037366 0.0643107094127749 362.7014991638605 54.67924521418694 8.173280355996154 0.03434682427394797 0.6538806802801717 0.02402573032566507 5.548413064694336 1.324002999333826 0.03339594020398247 0.6286751507717397 0.06407921460711734 2.065659262803172 2.0598191141118933 -2.604337003120179
-8.170426065162907 1.3136102450382743 0.03344449017549153 0.6230482106741213 0.0646189945603427 354.69275051417355 54.15529961991586 8.196799281500082 0.03443601260847897 0.645782754738018 0.024026193267683207 5.53152585678096 1.3202673710824488 0.033475756176377415 0.6207405617898406 0.06439142006695477 2.0091283871926096 2.0031923032111867 -2.6169404699970187
-8.070175438596491 1.309943203903835 0.03352403596297074 0.6151031425368427 0.06492622478214238 346.7401199713744 53.626033267468344 8.220014571266821 0.03452432439356744 0.6376905818647445 0.024026649818599748 5.514575159954612 1.3165246123667693 0.03355471160244508 0.6128158931994894 0.06470258973696419 1.9535837697104974 1.9475646667443918 -2.629477806860109
-7.969924812030076 1.30626937390691 0.03360271620410817 0.6071677071554169 0.06523232780595749 338.8452814258187 53.09152202503104 8.242926250821762 0.03461175186882595 0.6296041222363687 0.024027100004964136 5.497561447586495 1.312774814890344 0.03363280125576769 0.6049011085136101 0.06501264974133344 1.8990169352223583 1.8929272995782642 -2.641946585350638
-7.86967418546366 1.3025888423184717 0.03368052556952581 0.5992418665837721 0.0655372308825161 331.0098820742917 52.55184173930013 8.265534382442956 0.034698287362411366 0.6215233354524531 0.02402754385304641 5.480485202565568 1.3090180704357708 0.033710020021672636 0.5969961689731927 0.06532152570455929 1.845419344440693 1.8392712354598275 -2.6543443669179396
-7.769423558897245 1.2989016964973807 0.033757458840259505 0.5913255806513357 0.06584086081328075 323.2355423895639 52.007068212565514 8.287839063797245 0.03478392329178909 0.6134481801384297 0.0240279813888363 5.463346917279766 1.305254470851737 0.03378636289690155 0.5891010335319249 0.06562914278002706 1.7927824014344718 1.78658745478457 -2.6666687036593544
-7.669172932330827 1.2952080238789965 0.0338335109074692 0.583418806948908 0.06614314397893879 315.5238561063836 51.4572771806332 8.309840426586382 0.034868652164465226 0.6053786139482051 0.024028412638041643 5.446147093594438 1.3014841080403101 0.03386182498921672 0.5812156588416455 0.06593542567931462 1.7410974610029486 1.7348668922166213 -2.678917139180612
-7.568922305764412 1.2915079119640007 0.03390867677208891 0.5755215008153436 0.06644400636858243 307.8763902233071 50.90254429157898 8.331538635203632 0.03495246657868707 0.5973145935670315 0.024028837626087103 5.428886242828043 1.2977070739444767 0.0339364015169468 0.5733399992386361 0.06624029870221097 1.690355835912221 1.6841004441594543 -2.691087209473892
-7.468671679197996 1.287801448307447 0.03398295154441707 0.5676336153250702 0.06674337360956437 300.2946850198225 50.342945085332595 8.352933885401885 0.035035359224111905 0.5892560747146467 0.024029256378112936 5.411564885725122 1.2939234605359384 0.03401008780847172 0.5654740067307564 0.06654368576743917 1.6405488039932405 1.6342789760756828 -2.7031764438152095
-7.368421052631579 1.2840887205080367 0.03405633044364828 0.5597551012764638 0.0670411709980173 292.78025408818917 49.77855497408571 8.374026402973671 0.03511732288244456 0.581203012148694 0.024029668918973745 5.394183552426426 1.290133359803172 0.03408287930164897 0.5576176309854793 0.0668455104440647 1.5916676151000926 1.5853933296553995 -2.715182365677606
-7.268170426065163 1.2803698161976347 0.034128808797347095 0.5518859071811092 0.06733732353002223 285.33458437943864 49.2094492235216 8.394816442444347 0.03519835042804379 0.5731553596684175 0.024030075273236737 5.376742782436283 1.2863368637397576 0.034154771543180217 0.5497708193188408 0.06714569598357877 1.5437034979276647 1.5374343298320599 -2.727102493664745
-7.167919799498748 1.2766448230310212 0.03420038204086505 0.5440259792539628 0.06763175593341088 277.9591362629505 48.635702934856155 8.415304285778182 0.03527843482849818 0.5651130701186271 0.02403047546518094 5.35924312458715 1.282534064332988 0.03422576018792134 0.5419335166852973 0.0674441653526399 1.4966476666879485 1.4903927916453499 -2.73893434245997
-7.067669172932332 1.2729138286758936 0.03427104571670184 0.5361752614044468 0.06792439270018535 270.6553435990724 48.057391027689306 8.435490241098993 0.035357569145171415 0.5570760953939516 0.02403086951879533 5.341685137001325 1.278725053552758 0.03429584099813576 0.5341056656685705 0.06774084126645499 1.4504913276445068 1.4442595269510392 -2.750675423792302
-6.967418546365916 1.2691769208031187 0.03434079547381173 0.5283336952284936 0.06821515811953907 263.4246138241907 47.47458822365439 8.455374641424894 0.03543574653371771 0.5490443864433622 0.02403125745777793 5.324069387049857 1.2749099233407448 0.03436500984269275 0.5262872064734481 0.0680356462227856 1.4052256855047178 1.3990253509773678 -2.762323247418749
-6.867167919799499 1.2654341870772425 0.03440962706685643 0.5205012200015637 0.06850397631145981 256.26832804772494 46.88736903086282 8.474957843418556 0.035512960244567474 0.5410178932749817 0.024031639305533918 5.306396451308574 1.271088765599886 0.03443326269621156 0.5184780769186049 0.06832850253655584 1.3608419496696875 1.3546810887283594 -2.7738753221224783
-6.766917293233083 1.261685715147261 0.03447753635540553 0.5126777726726607 0.06879077126089737 249.18784116047289 46.29580772913235 8.494240226152838 0.03558920362338394 0.5329965649611711 0.02403201508517481 5.288666915511307 1.2672616721841554 0.034500595638152796 0.5106782124304355 0.06861933237505141 1.3173313403418248 1.311217581233989 -2.785329156726874
-6.666666666666668 1.2579315926376577 0.03454451930308595 0.5048632878593589 0.06907546685247454 242.18448195377061 45.699978355992435 8.5132221898926 0.03566447011149081 0.5249803496438991 0.024032384819516594 5.270881374500216 1.2634287348886495 0.03456700485185897 0.5028875460379438 0.0689080577936761 1.2746850944902746 1.2686256916480672 -2.7966822611223847
-6.5664160401002505 1.2541719071397137 0.034610571976681506 0.49705769784387166 0.06935798690572195 235.2595532489164 45.09995469345681 8.531904154892988 0.0357387532462718 0.5169691945403931 0.02403274853107868 5.253040432173279 1.2595900454399827 0.03463248662354463 0.4951060083686988 0.06919460077225764 1.2328944716745571 1.2268963111940698 -2.8079321473092023
-6.466165413533835 1.25040674620309 0.034675690545184185 0.48926093257017567 0.06963825521081392 228.41433203633403 44.49581025555506 8.550286560214671 0.035812046661542224 0.5089630459490738 0.024033106242082363 5.235144701428908 1.2557456954870032 0.034697037341238204 0.48733352764586874 0.0694788832518715 1.191950759726917 1.1860203649598582 -2.819076330452674
-6.365914786967419 1.2466361973276896 0.034739871278798455 0.48147291964221106 0.06991619556478432 221.65006962392158 43.887618276611235 8.568369862556308 0.03588434408789332 0.5009618492557679 0.02403345797444939 5.217194804107713 1.2518957765918268 0.03476065349367689 0.47957002968637763 0.06976082717216218 1.151845280293998 1.145988817542251 -2.830112329951703
-6.265664160401004 1.242860347955805 0.03480311054790018 0.4736935843231777 0.07019173180819767 214.96799179408538 43.275451700261755 8.58615453510461 0.03595563935300984 0.49296554894021016 0.024033803749800756 5.199191370931361 1.2480403802211995 0.034823331669156216 0.4718154379001808 0.07004035450913969 1.1125693942386463 1.1067926785423765 -2.8410376705192277
-6.165413533834588 1.2390792854645474 0.03486540482195163 0.46592284953594476 0.07046478786225158 208.3692989689218 42.65938316920068 8.60364106640246 0.036025926381961296 0.48497408858282265 0.02403414358945508 5.181135041438613 1.2441795977381873 0.0348850685543359 0.46406967329069543 0.07031738731342296 1.0741145069027436 1.0684230079131243 -2.8518498832740136
-6.065162907268171 1.2352930971585685 0.034926750668374223 0.45816063586459105 0.07073528776628633 201.85516638304273 42.03948501564151 8.620829959234971 0.03609519919746776 0.4769874108717776 0.02403447751442742 5.163026463918463 1.2403135203942037 0.034945860933003524 0.4563326544563789 0.07059184774890517 1.0364720732320853 1.0308709211598936 -2.86254650684387
-5.964912280701755 1.2315018702630747 0.03498714475138076 0.450406861557093 0.07100315571567399 195.426744263542 41.41582925248565 8.637721729534258 0.03616345192014026 0.4690054576103448 0.024034805545427706 5.144866295340432 1.236442239321371 0.03500570568479797 0.44860429759350673 0.07086365813181544 0.9996336027644764 0.9941275943962085 -2.8731250884780195
-5.86466165413534 1.2277056919171316 0.03504658383076858 0.4426614425291753 0.07126831610006203 189.08515801659811 40.78848756518465 8.654316905302736 0.03623067876869712 0.4610281697245167 0.024035127702859482 5.126655201281996 1.2325658455252226 0.03506459978389414 0.44088451650013466 0.07113274097014814 0.9635906644822638 0.9581842692556246 -2.883583185170039
-5.764411027568922 1.2239046491672734 0.035105064760675674 0.4349242923693405 0.0715306935419426 182.83150842023196 40.15753130428564 8.670616025555342 0.036296874060156165 0.4530554872709169 0.024035444006818448 5.1083938558531745 1.2286844298777502 0.0351225402976514 0.4331732225812822 0.07139901900343104 0.9283348915306981 0.9230322576617044 -2.893918364787396
-5.664160401002507 1.2200988289614048 0.03516258448830142 0.4271953223450908 0.07179021293551988 176.66687182273583 39.52303147864829 8.686619639280815 0.03636203221000386 0.4450873494449888 0.024035754477091185 5.090082941618263 1.2247980831107956 0.03517952438522637 0.42547032485533365 0.07166241524280426 0.8938579858035515 0.8886629464576681 -2.9041282072112438
-5.563909774436091 1.2162883181430093 0.03521914005259375 0.41947444141035445 0.0720467994858461 170.59230034629752 38.885058749320365 8.70232830442219 0.03642614773234196 0.4371236945894624 0.024036059133153497 5.071723149514746 1.2209068958097906 0.03523554929615343 0.4177757299616906 0.07192285301137624 0.8601517223975389 0.8550678018977496 -2.914210305481049
-5.463659147869675 1.2124732034456565 0.035274728582904716 0.41176155621413113 0.07230037874819674 164.60882209536027 38.243683424060656 8.717742586876591 0.0364892152400122 0.42916446020309884 0.024036357994169467 5.053315178769381 1.2170109584078468 0.03529061236889412 0.4100893421696659 0.07218025598483396 0.8272079539371693 0.8222383740019513 -2.9241622669456433
-5.36340852130326 1.2086535714878182 0.03532934729761622 0.40405657111036586 0.07255087666765417 158.71744136926023 37.598975452496774 8.732863059514543 0.036551229444699934 0.4212095829497138 0.024036651078989668 5.0348597368114785 1.2131103611801985 0.03534471102935688 0.4024110633886522 0.07243454823226442 0.7950186147717222 0.7901663007764249 -2.9339817144209803
-5.2631578947368425 1.204829508767986 0.03538299350273801 0.3963593881690623 0.0727982196188684 152.91913887869725 36.95100442190551 8.747690301218851 0.036612185157017176 0.4132589986674751 0.02403693840615012 5.016357539183373 1.2092051942389965 0.035397842789390496 0.39474079317955946 0.07268565425716798 0.763575725046121 0.7588433123013516 -2.943666287350311
-5.162907268170427 1.2010011016600974 0.035435664590479886 0.3886699071886456 0.07304233444596424 147.21487196559406 36.29983955360217 8.762224895942916 0.03667207728656602 0.40531264237847386 0.024037219993870738 4.9978093094481455 1.2052955475284575 0.035450005245251964 0.38707842876753856 0.07293349903861689 0.7328713946475338 0.7282612346886173 -2.9532136429693594
-5.062656641604011 1.197168436409268 0.035487358037799996 0.38098802570957974 0.073283148502561 141.60557482592606 35.64554969992828 8.776467431788964 0.03673090084198295 0.3973704482985684 0.024037495860054044 4.979215779094551 1.201381510820367 0.03550119607605195 0.3794238650559983 0.07317800807253878 0.7028978270295876 0.6984119939113337 -2.962621457472892
-4.962406015037594 1.1933315991278317 0.03553807140493144 0.37331363902925224 0.07352058969187276 136.09215873509632 34.988203341823684 8.790418500105876 0.036788650930964895 0.3894323498474999 0.0240377660222839 4.960577687439212 1.1974631737099386 0.03555141304217917 0.3717769946419204 0.07341910741308329 0.6736473229161598 0.669287619507513 -2.971887427183134
-4.862155388471178 1.1894906757916863 0.035587802333889154 0.36564664021812704 0.07375458650685578 130.67551227543856 34.32786858696958 8.804078694606668 0.036845322760277646 0.381498279659274 0.0240380304978241 4.941895781526112 1.1935406256120267 0.03560065398370559 0.36413770783248633 0.07365672371403682 0.6451122838867103 0.6408802481601938 -2.981009269720346
-4.761904761904763 1.1856457522369483 0.03563654854695916 0.3579869201371714 0.07398506807036864 125.3565015654635 33.66461316849182 8.817448610505839 0.03690091163574765 0.37356816959281103 0.024038289303617042 4.923170816023347 1.1896139557576952 0.03564891681877624 0.3565058926630098 0.07389078427025425 0.6172852158452002 0.6131821271562893 -2.9899847251704443
-4.661654135338347 1.181796914156911 0.03568430784517232 0.3503343674565641 0.07421196417531076 120.1359704904427 32.99850444421003 8.830528843676381 0.0369554129622375 0.3656419507428583 0.024038542456282508 4.904403553117238 1.18568325319114 0.03569619954198327 0.34888143491618245 0.07412121705907107 0.5901587323746706 0.5861856177264977 -2.9988115572541005
-4.561403508771932 1.1779442470993102 0.035731078106764666 0.34268886867568327 0.07443520532470506 115.01474093395325 32.32960939641987 8.843319989826446 0.03700882224360637 0.35771955345116613 0.024038789972116392 4.885594762403759 1.1817486067669645 0.03574250022272908 0.34126421814264674 0.0743479507816571 0.5637255579795669 0.5598831982687569 -3.007487554491192
-4.461152882205514 1.1740878364638954 0.03577685728562658 0.3350503081443755 0.07465472277168866 109.99361301001288 31.657994632196825 8.855822643695788 0.03706113508265589 0.3498009073179209 0.024039031867089184 4.866745220777369 1.1778101051478076 0.035787817003578484 0.33365412368287434 0.0745709149042769 0.5379785312179346 0.534267467457515 -3.0160105313640884
-4.360902255639099 1.1702277675002986 0.03582164340974277 0.32741856808551184 0.07487044855937694 105.07336529543423 30.983726384206705 8.868037398271703 0.0371123471810621 0.3418859412134362 0.024039268156845053 4.8478557123172035 1.173867836802321 0.03583214809860356 0.32605103069038266 0.07479003969942419 0.5129106077256507 0.5093311472413403 -3.024378329475354
-4.260651629072683 1.1663641253062105 0.03586543457962537 0.3197935286188205 0.07508231556056437 100.25475506205689 30.30687051201251 8.879964844024602 0.03716245433929474 0.3339745832900945 0.024039498856700352 4.828927028170755 1.1699218900034976 0.035875491791722725 0.31845481615623794 0.07500525628678471 0.4885148631348212 0.4850670857311899 -3.032588818700958
-4.160401002506266 1.1624969948258532 0.03590822896674238 0.31217506778600074 0.07529025751722677 95.53851850849921 29.627492503862527 8.891605568163019 0.03721145245652407 0.32606676099454346 0.024039723981642443 4.809959966434943 1.1659723528273425 0.03591784643503669 0.3108653549349085 0.07521649667399785 0.4647844958885437 0.4614682599819357 -3.0406398983366074
-4.06015037593985 1.1586264608487487 0.035950024811943364 0.3045630615771141 0.07549420907978825 90.92537099110444 28.945657478948796 8.902960153908102 0.037259337530516454 0.31816240108013516 0.02403994354632853 4.790955332034747 1.1620193131518917 0.035959210447163006 0.3032825197714043 0.07542369379717725 0.4417128299542114 0.43852777866940806 -3.0485294982374853
-3.9598997493734345 1.1547526080087842 0.03599082042388485 0.2969573839582422 0.07569410584611642 86.41600725374994 28.261430190121906 8.91402917978733 0.03730610565751928 0.3102614296196109 0.02404015756508443 4.771913936599319 1.1580628586565682 0.03599958231157195 0.29570618132973486 0.07562678156115016 0.4192933174375272 0.4162388846655369 -3.056255579948953
-3.859649122807017 1.150875520783569 0.036030614177457496 0.2893579069004126 0.07588988440020963 82.01110165620838 27.574875027050943 8.924813218947547 0.037351753032135955 0.30236377201802805 0.024040366051903368 4.752836598335671 1.154103076821879 0.036038960574925574 0.2881362082226622 0.07582569487938154 0.39751954109943416 0.39459495751393736 -3.063816137828539
-3.7593984962406033 1.146995283494079 0.036069404512217206 0.281764500409778 0.07608148235053928 77.71130840074693 26.886056019814458 8.935312838487015 0.037396275947191894 0.29446935302591964 0.024040569020444803 4.733724141899991 1.1501400549294447 0.03607734384542233 0.28057246704274247 0.07602036971354127 0.3763852167781198 0.37358951580839805 -3.0712092001572557
-3.659147869674186 1.1431119803045882 0.036107189930822334 0.27417703255904485 0.07626883836801118 73.51726175667253 26.195036842911435 8.945528598806616 0.03743967079359219 0.28657809675269025 0.024040766484033374 4.71457739826654 1.14617388006236 0.03611473079114951 0.2730148223946566 0.07621074311268258 0.3558841957182734 0.35321621947666804 -3.0784328302394783
-3.558897243107772 1.139225695222881 0.03614396899747922 0.266595369520141 0.07645189222350866 69.42957628253059 25.50188081967886 8.955461052979803 0.037481934060171744 0.2786899266802408 0.02404095845565764 4.695397204594278 1.1422046391058815 0.036151120138445555 0.2654631369288111 0.07639675325198488 0.3360104668097595 0.33346887197195674 -3.0854851274906707
-3.4586466165413547 1.1353365121007435 0.03617974033639806 0.2590193755981043 0.07663058482498157 65.44884704567868 24.80665092710406 8.965110746141429 0.03752306233353852 0.27080476567681483 0.024041144947969086 4.676184404091186 1.1382324187484367 0.03618651067027461 0.2579172713761932 0.07657833947103275 0.31675815873782376 0.3143414223744561 -3.092364228510988
-3.3583959899749374 1.131444514634729 0.03621450263026141 0.25144891326619023 0.07680485825404447 61.575649838965475 24.109409801019865 8.974478214895237 0.037563052297910994 0.2629225360110704 0.024041325973281 4.656939845876355 1.1342573054829517 0.03622090122461529 0.2503770845844773 0.07675544231158797 0.298121542046987 0.2958279674052857 -3.0990683081451493
-3.2581453634085236 1.1275497863671937 0.03624825461870723 0.24388384320217413 0.07697465580204818 57.810541394248816 23.41021974166943 8.983563986739785 0.03760190073495004 0.2550431593663658 0.024041501543567368 4.637664384839862 1.1302793856084896 0.03625429069286584 0.2428424335553698 0.0769280035548166 0.28009503112069173 0.2779227533551688 -3.105595580526426
-3.157894736842106 1.1236524106875962 0.03628099509682887 0.2363240243258373 0.07713992200558877 54.15405959250633 22.709142719630258 8.99236857951288 0.0376396045235866 0.24716655685525565 0.024041671670461943 4.618358881500528 1.126298745232199 0.03628667801826827 0.23531317348314856 0.07709596625793998 0.26267318607879425 0.2606201779300436 -3.1119443001037013
-3.057644110275689 1.1197524708340607 0.03631272291369363 0.2287693138376212 0.07730060268141792 50.606723670286684 22.006240382083867 9.000892500854157 0.037676160639845246 0.23929264903419953 0.024041836365257092 4.599024201861545 1.1223154702715623 0.03631806219435252 0.2277891577944292 0.07725927479026375 0.24585071459494184 0.24391479201599361 -3.1181127626518474
-2.957393483709275 1.1158500498951913 0.03634343697088232 0.22121956725842878 0.07745664496072037 47.169034422272134 21.301574059420695 9.009136247685886 0.0377115661566649 0.23142135591846863 0.024041995638902917 4.579661217264061 1.1183296464569403 0.03634844226340398 0.22027023818908767 0.07741787486855847 0.22962247363584062 0.22780130136556045 -3.124099306262792
-2.8571428571428577 1.1119452308121411 0.036373136221051657 0.21367463847055254 0.0776079973227225 43.84147439971974 20.59520477216738 9.017100305711706 0.03774581824371701 0.22355259699725116 0.024042149502006217 4.560270804238747 1.1143413593344076 0.03637781731495552 0.21275626468235342 0.07757171359174762 0.21398347112439137 0.21227456820770707 -3.129902312317398
-2.7568922305764403 1.1080380963809233 0.03640181966652155 0.20613437975971385 0.07775460962759884 40.624508104566644 19.88719323822574 9.02478514893322 0.03777891416722223 0.21568629124895378 0.024042297964829592 4.540853844355425 1.1103506942688706 0.03640618648430648 0.20524708564804273 0.07772073947487233 0.19892886752864125 0.19732961278351838 -3.1355202064366594
-2.6566416040100265 1.104128729254964 0.03642948635788897 0.1985986418581862 0.07789643314864124 37.518582178985895 19.177599880411375 9.032191239184305 0.0378108512897659 0.20782235715668662 0.02404244103729049 4.5214112240707784 1.1063577364474642 0.03643354895107027 0.19774254786289625 0.07786490248229569 0.1844539773784411 0.18296161480969833 -3.1409514594116104
-2.556390977443609 1.1002172119478824 0.03645613539267086 0.1910672739889797 0.0780334206036591 34.52412559019099 18.466484834280585 9.039319025683 0.037841627070113355 0.19996071272393473 0.024042578728960325 4.501943834574194 1.102362570883216 0.036459903937752856 0.19024249655202335 0.07800415406011259 0.1705542707116654 0.16916591487194343 -3.146194588110717
-2.4561403508771953 1.096303626836507 0.03648176591397722 0.1835401239110663 0.07816552618557618 31.64154981029609 17.75390795623455 9.046168944600792 0.037871239063025586 0.19210127549040382 0.02404271104906363 4.482452571631853 1.0983652824189776 0.036485250708363934 0.18274677543539813 0.07813844716773208 0.15722537445181659 0.15593801575011126 -3.151248156363735
-2.355889724310778 1.0923880561641042 0.03650637710921689 0.1760170379656137 0.07829270559219322 28.871248991043352 17.03992883188928 9.052741418649273 0.0378996849190758 0.18424396254803976 0.0240428380064772 4.462938335429026 1.0943659557316059 0.03650958856706227 0.17525522677540686 0.07826773630859854 0.14446307371876674 0.14327358367715892 -3.156110775821901
-2.2556390977443606 1.0884705820438267 0.03652996820883735 0.16849786112320714 0.07841491605508442 26.213600133222368 16.324606784700716 9.059036856683866 0.03792696238446761 0.17638869055721465 0.024042959609729294 4.443402030410715 1.0903646753363991 0.036532916856837724 0.1677676914253974 0.0783919775600179 0.1322633130743639 0.13116844953368667 -3.1607811067921645
-2.1553884711779467 1.084551286462366 0.03655253848510045 0.16098243703202597 0.07853211636759731 23.66896325060773 15.608000884833551 9.06505565332466 0.037953069300855465 0.16853537576307298 0.02404307586699885 4.423844565120648 1.086361525591769 0.03655523495823103 0.16028400887921704 0.07851112860206062 0.1206221977045608 0.11961860997991848 -3.165257859045955
-2.0551378446115294 1.0806302512838057 0.03657408725089574 0.15347060806694773 0.0786442669119262 21.237681528252292 14.890169958262694 9.070798188594075 0.03797800360516788 0.1606839340120312 0.024043186786114706 4.404266852038713 1.0823565907041446 0.036576542288093525 0.15280401732170498 0.07862514874550658 0.10953599453968207 0.10862022852687447 -3.169539792600869
-1.9548872180451156 1.0767075582536705 0.036594613858593 0.14596221537955065 0.07875132968523033 18.920081474984976 14.171172596098065 9.076264827571356 0.03800176332943404 0.15283428076843059 0.024043292374554937 4.384669807416877 1.0783499547331052 0.03659683829838804 0.1453275536800949 0.07873399895880594 0.09900113331439 0.09816963654840041 -3.17362571847503
-1.8546365914786982 1.0727832890031583 0.03661411769893564 0.13845709894897848 0.07885326832476856 16.71647306995905 13.45106716411981 9.081455920063659 0.038024346600614295 0.14498633113132958 0.024043392639446107 4.36505435111363 1.0743417015967225 0.036616122475033104 0.13785445367632357 0.07883764189402365 0.089014207568844 0.0882633342357344 -3.177514499412233
-1.7543859649122808 1.0688575250535537 0.036632598199976295 0.13095509763364133 0.07895004813202365 14.62714990311585 12.729911812515436 9.086371800293689 0.0380457516404352 0.13713999985143513 0.02404348758756263 4.345421406427084 1.0703319150771142 0.03663439433679144 0.13038455188017853 0.07893604191174156 0.07957197559250653 0.07889799149612303 -3.181205050578672
-1.654135338345867 1.0649303478208092 0.03665005482605636 0.12345604922371337 0.07904163609578965 12.652389309428369 12.007764485807215 9.091012786603718 0.038065976765229416 0.1292952013481646 0.02404357722532613 4.325771899926702 1.066320678826195 0.0366516534342047 0.1229176817632739 0.07902916510489058 0.07067136131197252 0.07007044879702382 -3.1846963402289834
-1.5538847117794496 1.061001838620292 0.036666487076830595 0.1159597904943939 0.07912800091419785 10.792452496799177 11.2846829329598 9.095379181175934 0.03808502038578118 0.12145184972683257 0.024043661558804833 4.3061067612837665 1.0623080763716142 0.036667899348575415 0.11545367575381157 0.07911697932148723 0.06230945512414709 0.06177771795731647 -3.1879873903421245
-1.4536340852130323 1.0570720786716852 0.03668189448633835 0.10846615725990012 0.07920911301565683 9.047584667495054 10.560724717657827 9.099471269768893 0.038102881007177646 0.11360985879595671 0.024043740593713024 4.286426923100673 1.0582941911228767 0.036683131690998065 0.10799236529208985 0.07919945418624873 0.05448351467603813 0.05401698288688799 -3.1910772772254656
-1.3533834586466185 1.0531411491040361 0.03669627662212257 0.10097498442814912 0.07928494457868367 7.418015133006561 9.835947228743548 9.103289321470122 0.0381195572286666 0.10576914208467565 0.024043814335410467 4.266733320739052 1.0542791063776324 0.036697350101439985 0.10053358088671724 0.07927656112106457 0.04719096559235412 0.04678560027588141 -3.1939651320870173
-1.253132832080201 1.0492091309609433 0.03670963308439784 0.09348610605609475 0.07935546955060488 5.903957422226414 9.110407690803392 9.106833588464651 0.03813504774352101 0.09792961286027176 0.024043882788901936 4.247026892146831 1.050262905328126 0.03671055424787378 0.09307715217151181 0.07934827336430077 0.0404294021520444 0.04008110023485422 -3.196650141574949
-1.1528822055137837 1.0452761052058739 0.036721963505268525 0.0859993554056836 0.07942066366510603 4.505609382852292 8.384163174895125 9.11010430581942 0.038149351338910724 0.09009118414579531 0.0240439459588367 4.227308577684299 1.046245671067801 0.036722743825462104 0.085622907963016 0.07941456598891543 0.034196587914851174 0.03390118688696886 -3.1991315482840754
-1.05263157894737 1.041342152727604 0.03673326754799835 0.0785145650003854 0.07948050445861114 3.2231532759204593 7.657270609403874 9.113101691283507 0.03816246689578174 0.08225376873778059 0.024044003849508142 4.207579319949208 1.0422274865980423 0.03673391855579621 0.0781706763186218 0.07947541591936784 0.028490456298868844 0.0282437389133296 -3.2014086512278817
-0.9523809523809526 1.0374073543457722 0.03674354490633203 0.07103156668226124 0.07953497128547322 2.056755863386627 6.929786791017994 9.11582594510401 0.03817439338874352 0.07441727922404495 0.024044056464853275 4.18784006360103 1.038208434835051 0.03674407818618886 0.07072028459523388 0.07953080194729795 0.023309111110046875 0.023106810052445487 -3.2034808062772537
-0.8521303258145387 1.0334717908165356 0.03675279530387024 0.06355019166953219 0.07958404533195944 1.0065684886792128 6.201768395815397 9.118277249857618 0.0381851298859643 0.06658162800157408 0.024044103808452413 4.168091755184378 1.0341885986168426 0.036753222489023 0.06327155950845426 0.0795807047459645 0.018650827024502662 0.018488629554772196 -3.205347426563461
-0.7518796992481214 1.029535542838326 0.0367610184934985 0.05607027061459945 0.07962770962901501 0.07272715015097564 5.473271990449332 9.120455770297642 0.038194675549075206 0.05874672729447327 0.024044145883528843 4.148335342951707 1.030168060710353 0.036761351261156684 0.05582432719222836 0.07962510688341984 0.014514050024433841 0.014387602593178225 -3.2070079828464606
-0.651629072681704 1.02559869105769 0.03676821425687106 0.04859163366248316 0.07966594906379228 -0.7446474326322989 4.744354043425094 9.122361653216627 0.03820302963308297 0.05091248917198798 0.024044182692948467 4.128571776685363 1.0261469038186493 0.03676846432338535 0.0483784132589182 0.0796639928344116 0.010897397788361511 0.010802310630122878 -3.2084620038472633
-0.5513784461152902 1.0216613160752077 0.036774382403950166 0.041114110509631575 0.07969875038993089 -1.445449759824923 4.015070936457615 9.123995027324336 0.03821019148629192 0.04307882556658447 0.024044214239219545 4.1088020075189835 1.0221252105882295 0.03677456151996189 0.04093364285975743 0.07969734899099523 0.00779966003635438 0.007731511742251343 -3.209709076544668
-0.4511278195488728 1.0177234984514825 0.03677952277260169 0.0336375304630585 0.079726102236579 -2.029589499507006 3.2854789758993226 9.125356003141091 0.038216160550235 0.035245648292078734 0.024044240524492493 4.089026987758416 1.0181030636164 0.03677964271817544 0.03348984074565453 0.07972516367184586 0.005219798830818171 0.005174140903038478 -3.210748846435023
-0.350877192982459 1.0137853187131882 0.0367836352282473 0.026161722499771497 0.07974799511614424 -2.496991443206483 2.555634404231009 9.12644467290649 0.03822093635961452 0.02741286906181588 0.024044261550559613 4.069247670702156 1.0140805454587278 0.03678370780798912 0.026046831328272384 0.07974742713025995 0.0031569488333637124 0.0031293102240209985 -3.2115810177561603
-0.25062656641604164 1.0098468573591688 0.03678671966357401 0.018686515326437777 0.07976442143076624 -2.8475954687764293 1.825593411603675 9.12726111050335 0.03822451854225236 0.01958039950688271 0.024044277318854976 4.049465010461395 1.0100577386365481 0.036786756701737554 0.01860443874136709 0.07976413156083674 0.0016104175181891672 0.0015963091551047456 -3.2122053536737374
-0.15037593984962427 1.0059081948665802 0.03678877599830127 0.011211737439254698 0.07977537547750366 -3.081356510658971 1.095412147423116 9.127805371396935 0.03822690681905 0.01174815119435623 0.02404428783045423 4.02967996177976 1.0060347256445201 0.03678878933388438 0.011162486902341878 0.07977527110483265 0.0005796853423466671 0.0005746046443371685 -3.2126216764308566
-0.05012531328321046 1.0019694116970626 0.036789804179006055 0.0037372171839726294 0.07978085345222927 -3.1982445375610555 0.365146731968202 9.1280774925894 0.03822810100395853 0.003916035645574934 0.02404429308607456 4.009893479852782 1.0020115889582233 0.03678980566083998 0.0037207995739388655 0.07978084185418252 6.440587318414168e-05 6.384125745523793e-05 -3.212829867460556
0.05012531328320691 0.9980305883029376 0.03678980417900606 -0.0037372171839722733 0.07978085345222927 -3.198244537561043 -0.365146731968177 9.128077492589396 0.03822810100395853 -0.0039160356455746744 0.024044293086074562 3.9901065201472186 0.9979884110417769 0.03678980566083999 -0.0037207995739386383 0.07978084185418252 6.440587318412942e-05 6.384125745523016e-05 -3.2128298674605418
0.15037593984962427 0.9940918051334197 0.03678877599830127 -0.01121173743925461 0.07977537547750366 -3.0813565106589738 -1.0954121474231049 9.127805371396935 0.03822690681905 -0.011748151194356278 0.02404428783045423 3.970320038220241 0.9939652743554799 0.03678878933388438 -0.011162486902342315 0.07977527110483265 0.0005796853423466578 0.0005746046443372135 -3.2126216764308566
0.2506265664160381 0.9901531426408312 0.03678671966357401 -0.01868651532643742 0.07976442143076624 -2.8475954687764347 -1.8255934116036263 9.12726111050335 0.03822451854225236 -0.01958039950688245 0.02404427731885497 3.950534989538606 0.9899422613634521 0.03678675670173756 -0.018604438741367465 0.0797641315608367 0.0016104175181891056 0.0015963091551048113 -3.212205353673724
0.35087719298245545 0.9862146812868119 0.0367836352282473 -0.02616172249977114 0.07974799511614424 -2.4969914432065083 -2.555634404231015 9.12644467290649 0.03822093635961452 -0.02741286906181562 0.024044261550559613 3.930752329297845 0.9859194545412722 0.03678370780798911 -0.026046831328271375 0.07974742713025995 0.0031569488333636265 0.0031293102240207552 -3.2115810177561874
0.4511278195488728 0.9822765015485176 0.03677952277260169 -0.03363753046305853 0.079726102236579 -2.029589499507035 -3.2854789758993026 9.125356003141091 0.038216160550235 -0.035245648292078824 0.024044240524492493 3.910973012241585 0.9818969363836002 0.03677964271817544 -0.033489840745655336 0.07972516367184586 0.00521979883081818 0.005174140903038725 -3.210748846435039
0.5513784461152866 0.9783386839247925 0.036774382403950166 -0.04111411050963143 0.0796987503899309 -1.4454497598249847 -4.015070936457544 9.123995027324336 0.03821019148629192 -0.04307882556658416 0.024044214239219545 3.891197992481017 0.9778747894117709 0.03677456151996189 -0.04093364285975823 0.07969734899099523 0.007799660036354325 0.007731511742251644 -3.20970907654467
0.651629072681704 0.9744013089423103 0.03676821425687106 -0.04859163366248322 0.07966594906379225 -0.7446474326322521 -4.744354043425124 9.122361653216627 0.03820302963308297 -0.05091248917198807 0.02404418269294846 3.8714282233146378 0.9738530961813506 0.036768464323385354 -0.04837841325891775 0.07966399283441154 0.010897397788361542 0.01080231063012269 -3.208462003847245
0.7518796992481178 0.9704644571616742 0.036761018493498505 -0.056070270614599196 0.07962770962901504 0.07272715015091635 -5.4732719904492715 9.120455770297642 0.038194675549075206 -0.058746727294472924 0.02404414588352884 3.8516646570482926 0.9698319392896473 0.03676135126115669 -0.055824327192228726 0.07962510688341977 0.014514050024433709 0.014387602593178431 -3.2070079828464504
0.8521303258145352 0.9665282091834645 0.03675279530387023 -0.06355019166953194 0.07958404533195944 1.0065684886792092 -6.201768395815394 9.118277249857616 0.0381851298859643 -0.06658162800157404 0.024044103808452417 3.8319082448156254 0.9658114013831576 0.036753222489023 -0.06327155950845413 0.07958070474596449 0.01865082702450251 0.018488629554772127 -3.205347426563463
0.9523809523809526 0.962592645654228 0.03674354490633203 -0.07103156668226134 0.07953497128547325 2.056755863386634 -6.9297867910179995 9.11582594510401 0.03817439338874352 -0.074417279224045 0.024044056464853275 3.8121599363989707 0.9617915651649489 0.03674407818618886 -0.07072028459523388 0.07953080194729795 0.023309111110046934 0.023106810052445487 -3.2034808062772555
1.0526315789473664 0.958657847272396 0.03673326754799836 -0.07851456500038514 0.07948050445861114 3.223153275920422 -7.6572706094038425 9.113101691283504 0.03816246689578174 -0.08225376873778045 0.024044003849508142 3.792420680050794 0.9577725134019578 0.03673391855579621 -0.07817067631862207 0.07947541591936777 0.02849045629886867 0.028243738913329822 -3.20140865122787
1.1528822055137837 0.9547238947941263 0.03672196350526852 -0.08599935540568371 0.07942066366510603 4.5056093828523 -8.384163174895129 9.11010430581942 0.03814935133891071 -0.09009118414579542 0.0240439459588367 3.7726914223157015 0.9537543289321989 0.0367227438254621 -0.08562290796301628 0.07941456598891543 0.034196587914851265 0.03390118688696907 -3.1991315482840745
1.2531328320801975 0.9507908690390569 0.03670963308439785 -0.09348610605609445 0.0793554695506049 5.903957422226388 -9.110407690803378 9.106833588464648 0.03813504774352101 -0.09792961286027131 0.024043882788901932 3.752973107853168 0.9497370946718741 0.03671055424787378 -0.09307715217151062 0.07934827336430064 0.040429402152044144 0.040081100234853256 -3.1966501415749464
1.353383458646615 0.946858850895964 0.03669627662212258 -0.10097498442814888 0.0792849445786837 7.418015133006524 -9.835947228743521 9.103289321470124 0.0381195572286666 -0.10576914208467543 0.024043814335410463 3.7332666792609497 0.9457208936223678 0.036697350101439985 -0.1005335808867172 0.07927656112106456 0.04719096559235391 0.046785600275881384 -3.193965132086996
1.4536340852130323 0.9429279213283146 0.03668189448633836 -0.10846615725990001 0.07920911301565683 9.047584667495038 -10.560724717657818 9.099471269768893 0.038102881007177646 -0.11360985879595671 0.024043740593713024 3.713573076899327 0.9417058088771233 0.036683131690998065 -0.10799236529209008 0.07919945418624873 0.05448351467603802 0.05401698288688823 -3.191077277225462
1.553884711779446 0.938998161379708 0.036666487076830595 -0.1159597904943936 0.07912800091419787 10.792452496799072 -11.284682932959761 9.095379181175934 0.03808502038578118 -0.12145184972683232 0.024043661558804833 3.6938932387162344 0.9376919236283859 0.03666789934857541 -0.11545367575381171 0.07911697932148723 0.062309455124146755 0.061777717957316604 -3.1879873903421405
1.6541353383458635 0.9350696521791909 0.03665005482605635 -0.12345604922371312 0.07904163609578961 12.652389309428347 -12.0077644858072 9.091012786603718 0.038065976765229416 -0.12929520134816447 0.024043577225326126 3.6742281000733 0.9336793211738051 0.036651653434204706 -0.12291768176327385 0.07902916510489054 0.07067136131197224 0.07007044879702382 -3.184696340228962
1.7543859649122808 0.9311424749464463 0.036632598199976295 -0.13095509763364133 0.07895004813202365 14.627149903115885 -12.729911812515446 9.086371800293687 0.0380457516404352 -0.13713999985143502 0.02404348758756263 3.6545785935729147 0.9296680849228858 0.03663439433679144 -0.13038455188017783 0.07893604191174153 0.07957197559250653 0.07889799149612224 -3.181205050578665
1.8546365914786946 0.9272167109968418 0.03661411769893563 -0.13845709894897817 0.07885326832476856 16.716473069958994 -13.451067164119788 9.081455920063663 0.038024346600614295 -0.1449863311313293 0.024043392639446107 3.6349456488863705 0.9256582984032777 0.03661612247503311 -0.13785445367632326 0.0788376418940237 0.0890142075688436 0.088263334235734 -3.1775144994122257
1.954887218045112 0.9232924417463299 0.036594613858593014 -0.14596221537955043 0.07875132968523033 18.92008147498489 -14.171172596098039 9.076264827571356 0.03800176332943404 -0.15283428076843047 0.024043292374554937 3.6153301925831256 0.9216500452668949 0.03659683829838804 -0.14532755368009517 0.07873399895880594 0.09900113331438973 0.09816963654840077 -3.1736257184750336
2.0551378446115294 0.9193697487161944 0.03657408725089573 -0.1534706080669478 0.07864426691192618 21.237681528252264 -14.890169958262685 9.070798188594074 0.03797800360516788 -0.16068393401203104 0.024043186786114706 3.595733147961285 0.9176434092958553 0.036576542288093525 -0.15280401732170462 0.07862514874550655 0.10953599453968216 0.10862022852687402 -3.169539792600869
2.155388471177943 0.9154487135376341 0.03655253848510045 -0.16098243703202567 0.07853211636759731 23.66896325060765 -15.608000884833512 9.06505565332466 0.03795306930085546 -0.1685353757630727 0.024043075866998845 3.576155434879353 0.9136384744082312 0.03655523495823104 -0.16028400887921718 0.07851112860206058 0.12062219770456033 0.11961860997991883 -3.165257859045905
2.2556390977443606 0.9115294179561731 0.03652996820883735 -0.16849786112320708 0.07841491605508444 26.213600133222478 -16.324606784700748 9.059036856683868 0.03792696238446761 -0.17638869055721476 0.0240429596097293 3.556597969589286 0.9096353246636008 0.036532916856837724 -0.16776769142539702 0.07839197756001802 0.1322633130743638 0.1311684495336859 -3.1607811067921574
2.3558897243107744 0.9076119438358958 0.03650637710921689 -0.17601703796561333 0.0782927055921932 28.871248991043203 -17.039928831889245 9.052741418649273 0.0378996849190758 -0.1842439625480395 0.0240428380064772 3.5370616645709747 0.9056340442683942 0.03650958856706226 -0.17525522677540686 0.07826773630859854 0.14446307371876616 0.1432735836771589 -3.1561107758219222
2.4561403508771917 0.9036963731634933 0.03648176591397723 -0.18354012391106603 0.07816552618557616 31.641549810296 -17.753907956234535 9.046168944600797 0.037871239063025586 -0.19210127549040334 0.02404271104906362 3.517547428368145 0.9016347175810225 0.036485250708363934 -0.18274677543539714 0.07813844716773209 0.15722537445181614 0.15593801575010954 -3.1512481563637493
2.556390977443609 0.8997827880521178 0.03645613539267086 -0.1910672739889797 0.07803342060365909 34.52412559019103 -18.466484834280585 9.039319025682996 0.037841627070113355 -0.19996071272393462 0.024042578728960318 3.498056165425805 0.8976374291167838 0.03645990393775287 -0.19024249655202283 0.07800415406011246 0.1705542707116654 0.16916591487194282 -3.1461945881106743
2.656641604010023 0.8958712707450364 0.03642948635788898 -0.198598641858186 0.07789643314864124 37.518582178985795 -19.177599880411357 9.032191239184305 0.0378108512897659 -0.2078223571566864 0.02404244103729049 3.478588775929223 0.893642263552536 0.03643354895107025 -0.19774254786289597 0.07786490248229569 0.18445397737844063 0.18296161480969772 -3.1409514594116246
2.7568922305764403 0.8919619036190763 0.03640181966652155 -0.2061343797597137 0.07775460962759881 40.624508104566765 -19.88719323822577 9.024785148933217 0.03777891416722223 -0.21568629124895367 0.0240422979648296 3.459146155644574 0.8896493057311294 0.03640618648430648 -0.20524708564804153 0.07772073947487237 0.19892886752864097 0.1973296127835159 -3.1355202064366736
2.857142857142854 0.8880547691878591 0.03637313622105166 -0.21367463847055226 0.0776079973227225 43.84147439971953 -20.595204772167342 9.017100305711708 0.03774581824371702 -0.2235525969972509 0.024042149502006213 3.4397291957612537 0.8856586406655926 0.03637781731495552 -0.2127562646823537 0.07757171359174761 0.21398347112439084 0.2122745682077076 -3.1299023123174194
2.9573934837092715 0.8841499501048089 0.03634343697088232 -0.22121956725842862 0.07745664496072036 47.16903442227189 -21.301574059420645 9.009136247685888 0.037711566156664905 -0.2314213559184684 0.024041995638902927 3.4203387827359415 0.8816703535430599 0.03634844226340399 -0.22027023818908825 0.07741787486855861 0.2296224736358403 0.22780130136556132 -3.124099306262792
3.057644110275689 0.8802475291659394 0.03631272291369363 -0.22876931383762114 0.07730060268141793 50.606723670286726 -22.00624038208386 9.00089250085415 0.037676160639845246 -0.23929264903419947 0.024041836365257096 3.400975798138454 0.8776845297284377 0.03631806219435253 -0.2277891577944288 0.07725927479026365 0.2458507145949418 0.24391479201599317 -3.118112762651805
3.1578947368421026 0.8763475893124039 0.036280995096828875 -0.236324024325837 0.07713992200558878 54.154059592506144 -22.709142719630222 8.992368579512883 0.0376396045235866 -0.24716655685525551 0.024041671670461933 3.3816411184994735 0.8737012547678011 0.03628667801826828 -0.23531317348314928 0.07709596625793994 0.26267318607879364 0.2606201779300454 -3.111944300103673
3.25814536340852 0.8724502136328065 0.03624825461870723 -0.2438838432021739 0.0769746558020482 57.810541394248595 -23.410219741669387 8.983563986739787 0.03760190073495004 -0.2550431593663655 0.024041501543567368 3.3623356151601387 0.8697206143915106 0.03625429069286584 -0.24284243355537016 0.07692800355481663 0.2800950311206912 0.27792275335516964 -3.105595580526426
3.3583959899749374 0.8685554853652712 0.0362145026302614 -0.2514489132661903 0.07680485825404447 61.57564983896536 -24.109409801019837 8.974478214895234 0.03756305229791099 -0.2629225360110706 0.024041325973280986 3.3430601541236467 0.8657426945170484 0.036220901224615264 -0.25037708458447827 0.07675544231158776 0.2981215420469871 0.29582796740528855 -3.0990683081451778
3.458646616541351 0.8646634878992567 0.03617974033639806 -0.25901937559810406 0.07663058482498157 65.44884704567863 -24.80665092710405 8.965110746141429 0.03752306233353852 -0.27080476567681455 0.024041144947969082 3.3238155959088127 0.8617675812515633 0.0361865106702746 -0.2579172713761924 0.07657833947103267 0.31675815873782326 0.3143414223744544 -3.092364228511002
3.5588972431077686 0.8607743047771192 0.03614396899747922 -0.26659536952014073 0.07645189222350868 69.42957628253046 -25.501880819678842 8.955461052979803 0.037481934060171744 -0.27868992668024045 0.02404095845565763 3.3046027954057218 0.8577953608941185 0.03615112013844554 -0.2654631369288105 0.07639675325198476 0.33601046680975877 0.33346887197195557 -3.0854851274907134
3.659147869674186 0.8568880196954118 0.036107189930822334 -0.27417703255904485 0.07626883836801118 73.51726175667247 -26.195036842911428 8.945528598806616 0.03743967079359219 -0.28657809675269036 0.02404076648403336 3.285422601733462 0.85382611993764 0.03611473079114951 -0.2730148223946572 0.07621074311268247 0.3558841957182734 0.3532162194766701 -3.0784328302395068
3.7593984962405997 0.853004716505921 0.0360694045122172 -0.2817645004097778 0.07608148235053924 77.7113084007468 -26.886056019814447 8.935312838487025 0.037396275947191894 -0.29446935302591937 0.024040569020444817 3.26627585810001 0.8498599450705554 0.036077343845422334 -0.2805724670427425 0.07602036971354158 0.3763852167781193 0.3735895158083969 -3.0712092001572273
3.859649122807017 0.8491244792164312 0.036030614177457496 -0.28935790690041274 0.07588988440020963 82.01110165620835 -27.574875027050936 8.924813218947547 0.037351753032135955 -0.30236377201802794 0.024040366051903364 3.247163401664328 0.845896923178121 0.03603896057492559 -0.2881362082226621 0.07582569487938154 0.39751954109943466 0.39459495751393725 -3.0638161378285105
3.959899749373431 0.8452473919912161 0.03599082042388485 -0.29695738395824206 0.07569410584611642 86.41600725374973 -28.26143019012187 8.91402917978733 0.03730610565751928 -0.3102614296196108 0.024040157565084434 3.2280860634006836 0.8419371413434319 0.03599958231157195 -0.2957061813297354 0.07562678156115021 0.41929331743752674 0.416238884665538 -3.056255579948939
4.060150375939848 0.8413735391512516 0.035950024811943364 -0.304563061577114 0.07549420907978827 90.92537099110444 -28.945657478948803 8.902960153908102 0.037259337530516454 -0.3181624010801349 0.024039943546328546 3.2090446679652525 0.8379806868481083 0.03595921044716298 -0.30328251977140325 0.07542369379717742 0.44171282995421113 0.4385277786694038 -3.048529498237542
4.160401002506266 0.8375030051741468 0.03590822896674238 -0.31217506778600074 0.07529025751722677 95.53851850849934 -29.62749250386253 8.89160556816301 0.03721145245652407 -0.32606676099454346 0.024039723981642443 3.190040033565057 0.8340276471726574 0.035917846435036704 -0.3108653549349078 0.0752164966739977 0.4647844958885437 0.46146825998193475 -3.040639898336579
4.2606516290726795 0.8336358746937896 0.03586543457962537 -0.31979352861882016 0.07508231556056438 100.25475506205659 -30.306870512012452 8.879964844024594 0.03716245433929474 -0.33397458329009433 0.024039498856700346 3.171072971829246 0.8300781099965027 0.0358754917917227 -0.3184548161562381 0.07500525628678449 0.48851486313482007 0.48506708573119145 -3.032588818701001
4.360902255639097 0.8297722324997018 0.035821643409742754 -0.3274185680855119 0.07487044855937693 105.07336529543423 -30.98372638420671 8.868037398271708 0.03711234718106211 -0.3418859412134359 0.024039268156845067 3.1521442876827956 0.826132163197679 0.035832148098603564 -0.3260510306903821 0.07479003969942444 0.5129106077256509 0.5093311472413371 -3.0243783294753257
4.461152882205511 0.825912163536105 0.03577685728562658 -0.3350503081443753 0.07465472277168868 109.99361301001244 -31.657994632196758 8.855822643695788 0.03706113508265589 -0.3498009073179208 0.024039031867089184 3.1332547792226344 0.8221898948521926 0.035787817003578484 -0.3336541236828756 0.0745709149042769 0.537978531217934 0.5342674674575191 -3.0160105313640884
4.561403508771928 0.8220557529006898 0.035731078106764666 -0.34268886867568293 0.07443520532470507 115.0147409339533 -32.329609396419876 8.843319989826446 0.037008822243606375 -0.35771955345116596 0.024038789972116382 3.114405237596242 0.8182513932330355 0.03574250022272909 -0.34126421814264607 0.07434795078165703 0.5637255579795657 0.5598831982687554 -3.0074875544911777
4.661654135338345 0.8182030858430892 0.03568430784517232 -0.35033436745656404 0.07421196417531077 120.13597049044299 -32.99850444421007 8.830528843676381 0.03695541296223749 -0.365641950742858 0.024038542456282543 3.0955964468827615 0.8143167468088599 0.03569619954198326 -0.34888143491618046 0.0741212170590714 0.5901587323746704 0.5861856177264883 -2.9988115572540863
4.761904761904759 0.8143542477630519 0.03563654854695916 -0.3579869201371712 0.07398506807036864 125.35650156546339 -33.66461316849181 8.817448610505839 0.03690091163574765 -0.3735681695928107 0.024038289303617042 3.076829183976653 0.8103860442423048 0.035648916818776195 -0.3565058926630089 0.07389078427025425 0.6172852158451994 0.6131821271562856 -2.9899847251705296
4.862155388471177 0.8105093242083136 0.03558780233388916 -0.3656466402181268 0.07375458650685582 130.67551227543845 -34.32786858696956 8.804078694606662 0.03684532276027765 -0.3814982796592739 0.024038030497824082 3.058104218473888 0.8064593743879733 0.0356006539837056 -0.36413770783248617 0.07365672371403656 0.6451122838867095 0.6408802481601956 -2.981009269720346
4.962406015037594 0.8066684008721682 0.03553807140493144 -0.37331363902925224 0.07352058969187275 136.09215873509632 -34.988203341823684 8.790418500105876 0.036788650930964895 -0.3894323498474999 0.0240377660222839 3.039422312560788 0.8025368262900614 0.03555141304217917 -0.3717769946419204 0.07341910741308329 0.6736473229161599 0.669287619507513 -2.971887427183134
5.062656641604008 0.802831563590732 0.035487358037799996 -0.38098802570957946 0.073283148502561 141.6055748259261 -35.64554969992828 8.776467431788964 0.03673090084198295 -0.3973704482985682 0.024037495860054055 3.0207842209054507 0.7986184891796331 0.03550119607605196 -0.37942386505599773 0.07317800807253887 0.7028978270295865 0.6984119939113311 -2.9626214574728635
5.162907268170425 0.7989988983399028 0.035435664590479886 -0.38866990718864547 0.07304233444596427 147.21487196559332 -36.299839553602084 8.762224895942913 0.03667207728656602 -0.4053126423784737 0.02403721999387073 3.0021906905518545 0.7947044524715428 0.03545000524525191 -0.38707842876753973 0.07293349903861678 0.7328713946475329 0.7282612346886216 -2.9532136429695015
5.2631578947368425 0.7951704912320141 0.03538299350273801 -0.3963593881690623 0.0727982196188684 152.9191388786969 -36.95100442190547 8.74769030121885 0.036612185157017176 -0.41325899866747495 0.02403693840615012 2.9836424608166263 0.7907948057610036 0.035397842789390455 -0.3947407931795596 0.07268565425716797 0.763575725046121 0.7588433123013518 -2.9436662873503963
5.363408521303256 0.7913464285121817 0.03532934729761622 -0.4040565711103655 0.07255087666765415 158.71744136925992 -37.59897545249675 8.732863059514552 0.036551229444699934 -0.42120958294971356 0.02403665107898969 2.965140263188524 0.7868896388198017 0.03534471102935689 -0.40241106338865285 0.07243454823226472 0.795018614771721 0.7901663007764244 -2.933981714420952
5.463659147869674 0.7875267965543437 0.03527472858290472 -0.411761556214131 0.07230037874819674 164.60882209535947 -38.24368342406055 8.71774258687658 0.0364892152400122 -0.42916446020309884 0.024036357994169442 2.94668482123062 0.7829890415921533 0.03529061236889409 -0.41008934216966747 0.07218025598483357 0.827207953937169 0.8222383740019613 -2.924162266945757
5.5639097744360875 0.783711681856991 0.03521914005259375 -0.41947444141035417 0.07204679948584611 170.59230034629718 -38.88505874932032 8.702328304422187 0.03642614773234196 -0.4371236945894621 0.024036059133153508 2.928276850485255 0.7790931041902096 0.03523554929615343 -0.41777572996169043 0.07192285301137626 0.8601517223975377 0.8550678018977484 -2.914210305481049
5.664160401002505 0.7799011710385951 0.035162584488301424 -0.42719532234509067 0.07179021293551985 176.66687182273586 -39.523031478648306 8.686619639280817 0.03636203221000386 -0.4450873494449888 0.024035754477091185 2.9099170583817386 0.7752019168892044 0.03517952438522634 -0.4254703248553336 0.0716624152428043 0.8938579858035516 0.8886629464576664 -2.904128207211329
5.764411027568922 0.7760953508327266 0.035105064760675674 -0.4349242923693405 0.0715306935419426 182.83150842023227 -40.15753130428568 8.670616025555336 0.036296874060156165 -0.4530554872709169 0.024035444006818448 2.891606144146825 0.7713155701222497 0.03512254029765132 -0.43317322258128066 0.07139901900343094 0.9283348915306981 0.9230322576616969 -2.893918364787595
5.864661654135336 0.7722943080828684 0.03504658383076858 -0.4426614425291751 0.071268316100062 189.08515801659746 -40.78848756518455 8.654316905302727 0.036230678768697136 -0.4610281697245164 0.02403512770285949 2.8733447987180054 0.7674341544747776 0.03506459978389419 -0.4408845165001352 0.0711327409701481 0.9635906644822635 0.9581842692556288 -2.8835831851699254
5.964912280701753 0.7684981297369254 0.03498714475138076 -0.4504068615570927 0.07100315571567399 195.42674426354202 -41.41582925248564 8.637721729534254 0.03616345192014026 -0.4690054576103446 0.024034805545427685 2.8551337046595675 0.763557760678629 0.035005705684798 -0.44860429759350606 0.07086365813181522 0.9996336027644752 0.9941275943962093 -2.8731250884779627
6.065162907268167 0.7647069028414313 0.03492675066837423 -0.4581606358645906 0.07073528776628632 201.8551663830427 -42.0394850156415 8.620829959234973 0.03609519919746776 -0.47698741087177743 0.02403447751442742 2.8369735360815387 0.7596864796057964 0.03494586093300356 -0.45633265445637883 0.07059184774890521 1.0364720732320838 1.0308709211598939 -2.8625465068437848
6.165413533834585 0.7609207145354528 0.03486540482195162 -0.4659228495359446 0.07046478786225158 208.3692989689215 -42.65938316920067 8.60364106640247 0.03602592638196131 -0.4849740885828223 0.0240341435894551 2.818864958561388 0.7558204022618129 0.034885068554335895 -0.4640696732906956 0.07031738731342331 1.0741145069027425 1.0684230079131194 -2.8518498832740704
6.265664160401002 0.7571396520441952 0.03480311054790018 -0.4736935843231776 0.07019173180819765 214.96799179408495 -43.27545170026172 8.586154535104615 0.035955639353009834 -0.49296554894021 0.024033803749800756 2.800808629068638 0.7519596197788008 0.03482333166915622 -0.4718154379001816 0.07004035450913976 1.1125693942386459 1.106792678542379 -2.8410376705191993
6.365914786967416 0.7533638026723106 0.034739871278798455 -0.4814729196422109 0.06991619556478434 221.65006962392056 -43.88761827661109 8.56836986255629 0.03588434408789332 -0.5009618492557676 0.024033457974449408 2.7828051958922866 0.7481042234081733 0.03476065349367689 -0.47957002968637785 0.06976082717216203 1.151845280293997 1.1459888175422548 -2.830112329951703
6.466165413533833 0.7495932537969102 0.034675690545184185 -0.4892609325701755 0.06963825521081392 228.41433203633375 -44.49581025555503 8.550286560214667 0.035812046661542224 -0.5089630459490736 0.024033106242082363 2.7648552985710917 0.7442543045129968 0.03469703734123817 -0.4873335276458683 0.06947888325187145 1.1919507597269163 1.1860203649598557 -2.8190763304527593
6.5664160401002505 0.7458280928602862 0.034610571976681506 -0.49705769784387166 0.06935798690572194 235.25955324891635 -45.099954693456795 8.531904154892985 0.0357387532462718 -0.5169691945403934 0.02403274853107868 2.746959567826723 0.7404099545600173 0.03463248662354461 -0.4951060083686994 0.0691946007722576 1.2328944716745576 1.226896311194073 -2.8079321473092307
6.666666666666664 0.7420684073623425 0.03454451930308595 -0.5048632878593587 0.06907546685247459 242.18448195377016 -45.699978355992386 8.513222189892597 0.03566447011149082 -0.5249803496438987 0.024032384819516594 2.7291186254997832 0.7365712651113507 0.03456700485185895 -0.5028875460379435 0.06890805779367604 1.274685094490273 1.2686256916480656 -2.7966822611224416
6.766917293233082 0.7383142848527393 0.03447753635540553 -0.5126777726726606 0.06879077126089735 249.1878411604734 -46.29580772913242 8.494240226152847 0.03558920362338395 -0.5329965649611709 0.02403201508517481 2.7113330844886923 0.7327383278158446 0.03450059563815282 -0.5106782124304343 0.06861933237505154 1.317331340341825 1.3112175812339812 -2.7853291567268457
6.867167919799499 0.7345658129227575 0.03440962706685643 -0.5205012200015637 0.06850397631145981 256.2683280477261 -46.887369030862985 8.474957843418574 0.035512960244567474 -0.5410178932749817 0.024031639305533918 2.6936035486914256 0.728911234400114 0.0344332626962115 -0.5184780769186033 0.0683285025365561 1.3608419496696875 1.3546810887283427 -2.773875322122649
6.967418546365913 0.7308230791968813 0.03434079547381173 -0.5283336952284932 0.06821515811953904 263.4246138241906 -47.474588223654365 8.455374641424891 0.03543574653371771 -0.549044386443362 0.02403125745777793 2.675930612950145 0.7250900766592552 0.03436500984269278 -0.5262872064734475 0.06803564622278553 1.405225685504716 1.3990253509773671 -2.762323247418692
7.06766917293233 0.7270861713241065 0.034271045716701844 -0.5361752614044467 0.06792439270018538 270.6553435990724 -48.057391027689306 8.435490241098993 0.035357569145171415 -0.5570760953939513 0.024030869518795364 2.658314862998674 0.7212749464472421 0.03429584099813576 -0.5341056656685693 0.06774084126645527 1.4504913276445062 1.444259526951027 -2.750675423792302
7.167919799498744 0.7233551769689789 0.034200382040865056 -0.5440259792539625 0.06763175593341089 277.95913626295066 -48.635702934856226 8.4153042857782 0.03527843482849818 -0.5651130701186269 0.024030475465180924 2.6407568754128508 0.7174659356670121 0.03422576018792129 -0.5419335166852973 0.06744416535264 1.4966476666879465 1.4903927916453454 -2.738934342460084
7.268170426065161 0.7196301838023653 0.034128808797347095 -0.551885907181109 0.06733732353002223 285.3345843794379 -49.20944922352149 8.394816442444329 0.03519835042804379 -0.5731553596684174 0.024030075273236737 2.6232572175637165 0.7136631362602425 0.034154771543180196 -0.5497708193188409 0.06714569598357853 1.5437034979276631 1.5374343298320652 -2.727102493664802
7.368421052631579 0.7159112794919633 0.03405633044364828 -0.5597551012764638 0.0670411709980173 292.7802540881887 -49.77855497408562 8.374026402973659 0.03511732288244456 -0.5812030121486941 0.024029668918973745 2.6058164475735746 0.7098666401968281 0.034082879301649 -0.5576176309854798 0.06684551044406452 1.5916676151000926 1.5853933296554075 -2.715182365677549
7.468671679197993 0.7121985516925533 0.03398295154441707 -0.5676336153250698 0.0667433736095644 300.2946850198215 -50.34294508533246 8.352933885401866 0.035035359224111925 -0.5892560747146461 0.024029256378112988 2.5884351142748785 0.7060765394640617 0.03401008780847174 -0.5654740067307554 0.06654368576743931 1.6405488039932379 1.6342789760756744 -2.7031764438152095
7.56892230576441 0.7084920880359993 0.03390867677208891 -0.5755215008153435 0.06644400636858244 307.8763902233078 -50.90254429157912 8.33153863520366 0.03495246657868707 -0.5973145935670313 0.024028837626087065 2.5711137571719562 0.7022929260555234 0.03393640151694676 -0.5733399992386359 0.06624029870221108 1.6903558359122197 1.684100444159448 -2.6910872094740057
7.669172932330824 0.7047919761210037 0.03383351090746921 -0.5834188069489077 0.06614314397893885 315.52385610638385 -51.45727718063324 8.30984042658639 0.034868652164465226 -0.6053786139482051 0.02402841263804166 2.5538529064055653 0.6985158919596901 0.03386182498921676 -0.5812156588416457 0.06593542567931489 1.7410974610029455 1.7348668922166175 -2.6789171391804985
7.769423558897241 0.7010983035026195 0.033757458840259505 -0.5913255806513357 0.06584086081328072 323.23554238956285 -52.007068212565386 8.287839063797232 0.03478392329178909 -0.613448180138429 0.024027981388836318 2.5366530827202305 0.6947455291482632 0.033786362896901595 -0.589101033531924 0.06562914278002703 1.7927824014344722 1.786587454784568 -2.6666687036592407
7.8696741854636585 0.6974111576815285 0.03368052556952581 -0.5992418665837719 0.0655372308825161 331.00988207429185 -52.55184173930017 8.265534382442963 0.03469828736241137 -0.6215233354524528 0.02402754385304643 2.5195147974344314 0.6909819295642292 0.03371002002167264 -0.5969961689731919 0.06532152570455953 1.8454193444406919 1.839271235459816 -2.6543443669179396
7.969924812030072 0.69373062609309 0.03360271620410817 -0.6071677071554167 0.06523232780595746 338.84528142581803 -53.09152202503097 8.242926250821753 0.03461175186882595 -0.6296041222363686 0.02402710000496412 2.502438552413506 0.6872251851096561 0.03363280125576769 -0.6049011085136105 0.06501264974133322 1.8990169352223578 1.892927299578272 -2.641946585350638
8.07017543859649 0.6900567960961651 0.03352403596297074 -0.6151031425368425 0.06492622478214237 346.74011997137427 -53.62603326746838 8.220014571266839 0.034524324393567445 -0.6376905818647443 0.024026649818599748 2.485424840045388 0.6834753876332309 0.03355471160244511 -0.61281589319949 0.06470258973696441 1.9535837697104967 1.947564666744391 -2.629477806860052
8.170426065162907 0.6863897549617256 0.03344449017549153 -0.6230482106741211 0.06461899456034273 354.69275051417355 -54.155299619915894 8.196799281500091 0.03443601260847897 -0.645782754738018 0.024026193267683207 2.4684741432190407 0.6797326289175513 0.033475756176377394 -0.6207405617898412 0.06439142006695489 2.0091283871926073 2.003192303211185 -2.6169404699970755
8.27067669172932 0.6827295898612514 0.03336408428169113 -0.6310029473037362 0.06431070941277495 362.7014991638599 -54.679245214186864 8.173280355996138 0.03434682427394797 -0.6538806802801714 0.024025730325665053 2.4515869353056656 0.6759970006661742 0.03339594020398237 -0.6286751507717387 0.064079214607117 2.0656592628031687 2.0598191141118916 -2.604337003120463
8.370927318295738 0.6790763878549241 0.03328282383239972 -0.6389673859682607 0.06400144110752011 370.76466538392094 -55.19779418435672 8.149457807355004 0.03425676723810971 -0.6619843969366639 0.024025260965717932 2.4347636801425963 0.6722685944904301 0.03331526902369119 -0.6366196943764633 0.06376604670573222 2.1231847998803333 2.11745393554523 -2.591669823576865
8.471177944862156 0.6754302358796238 0.03320071448936198 -0.6469415580327649 0.06369126088216585 378.8805220566529 -55.71087069135551 8.12533168768301 0.03416584943601858 -0.6700939421726329 0.024024785160737853 2.4180048320199026 0.6685475018960125 0.033233748086154515 -0.6445742245964015 0.06345198915645787 2.1817133221907348 2.1761055265162192 -2.578941336896605
8.57142857142857 0.6717912207367361 0.0331177620252792 -0.6549254927019397 0.0633802394181762 387.0473155662275 -56.21839894840074 8.10090208998088 0.034074078888786906 -0.6782093524713606 0.024024302883345283 2.4013108356696686 0.6648338142693492 0.03315138295438284 -0.6525387712026918 0.06313711417198949 2.241253066024814 2.2357825607346578 -2.5661539360145866
8.671679197994987 0.6681594290797758 0.03303397232378819 -0.6629192170379076 0.06306844681599963 395.26326590042487 -56.72030324727072 8.076169149538229 0.0339814637026912 -0.6863306633329976 0.02402381410588655 2.384682126257899 0.6611276228637634 0.033068179303824094 -0.6605133617635675 0.06282149335849153 2.301812172165104 2.296493618273642 -2.553310000506656
8.7719298245614 0.6645349474018345 0.03294935137937685 -0.6709227559786896 0.06275595257092012 403.526566771563 -57.21650798541455 8.051133045332966 0.0338880120682459 -0.6944579092735462 0.024023318800434953 2.368119129379086 0.6574290187854355 0.03298414292237533 -0.6684980216633816 0.062505197690794 2.3633986777303218 2.358247177091095 -2.540411895849161
8.872180451127818 0.6609178620228616 0.03286390529723572 -0.6789361323573145 0.06244282554965889 411.83538575718427 -57.7069376938991 8.025794001435097 0.03379373225924443 -0.7025911238241016 0.02402281693879198 2.351622261053347 0.6537380929791716 0.03289927971032985 -0.6764927741223006 0.06218829748837062 2.4260205078983073 2.4210516044172077 -2.527461972697324
8.972431077694235 0.6573082590767833 0.032777640293045675 -0.6869593669215339 0.06212913396773116 420.187864461049 -58.19151706619084 8.000152288413798 0.033698632631767686 -0.7107303395303441 0.02402230849248836 2.335191927726169 0.6500549362139875 0.03281359568025847 -0.684497640216607 0.061870862392101114 2.4896854675111135 2.4849151480108778 -2.5144625661849886
9.07268170426065 0.6537062244984689 0.03269056269270127 -0.6949924783541266 0.06181494536756187 428.5821186948973 -58.670170987760166 7.974208224745799 0.03360272162316 -0.7188755879522817 0.02402179343278573 2.3188285262706687 0.6463796390685208 0.03272709695682527 -0.6925126388996274 0.0615529613418178 2.5544012325659184 2.5498459272892977 -2.5014159952449972
9.172932330827066 0.6501118440105522 0.032602678931969956 -0.7030354832937615 0.06150032659736551 437.0162386816122 -59.142824566516914 7.947962178225514 0.03350600775097248 -0.7270268996642466 0.02402127173067692 2.3025324439924115 0.6427122919162741 0.0326397897765369 -0.7005377870232325 0.061234662554646074 2.6201753415955404 2.6158519243341045 -2.4883245619513445
9.27318295739348 0.6465252031101159 0.032513995556086826 -0.711088396356397 0.061185343790790735 445.4882892801665 -59.60940316405395 7.921414567373756 0.033408499611874094 -0.7351843042551276 0.024020743356888 2.2863040586367016 0.6390529849107052 0.03255168048742762 -0.7085730993598816 0.06091603350413869 2.6870151869428067 2.6829409747786164 -2.4751905508780396
9.373433583959898 0.6429463870552459 0.03242451921928515 -0.719151230157192 0.06087006234733268 453.9963102329564 -60.06983242770585 7.894565862845529 0.03331020588053037 -0.7433478303288552 0.024020208281878543 2.2701437383983474 0.6354018079701671 0.03246277554867596 -0.7166185886252104 0.06059714090020401 2.7549280059332246 2.7511207585806368 -2.4620162284854246
9.473684210526315 0.6393754808514662 0.03233425668426277 -0.7272239953329009 0.060554546913514154 462.53831643593446 -60.524038323403104 7.867416588834337 0.03321113530844998 -0.7515175055051159 0.024019666475843558 2.254051841933854 0.6317588507627137 0.032373081530157305 -0.7246742655011025 0.06027805066983639 2.8239208719506554 2.8203987906854593 -2.448803842522125
9.573934837092729 0.6358125692380592 0.032243214821584425 -0.7353067005647311 0.06023886136483594 471.1122982320565 -60.97194716931798 7.839967324472347 0.03311129672279946 -0.7596933564203132 0.024019117908713646 2.2380287183760514 0.6281242026907738 0.032282605111930006 -0.7327401386592567 0.05995882793863519 2.8940006854210742 2.8907824115850036 -2.4355556214502485
9.674185463659146 0.6322577366742823 0.03215140060902032 -0.7433993526016387 0.059923068788494786 479.7162217284715 -61.41348567028739 7.812218705224744 0.03301069902518608 -0.7678754087287529 0.024018562550156868 2.222074707351033 0.6244979528757095 0.03219135308365552 -0.7408162147851867 0.05963953701313072 2.9651741647098206 2.962278777777467 -2.422273773891959
9.774436090225564 0.6287110673254882 0.032058821130821265 -0.7515019562840336 0.05960723146686952 488.34802913790816 -61.848580953001694 7.78417142427696 0.03290935119040943 -0.7760636871040645 0.02401800036957922 2.2061901389975125 0.6208801901422655 0.03209933234395378 -0.7489024986026694 0.0593202413638979 3.0374478369378903 3.034894852134603 -2.408960488095886
9.874686716791977 0.6251726450491577 0.0319654835769307 -0.7596145145678753 0.059291410861772066 497.0056391446939 -62.27716060194592 7.755826233913308 0.03280726226518157 -0.7842582152408455 0.024017431336125782 2.190375333988426 0.6172710030029165 0.03200654989969335 -0.7569989928985649 0.05900100360946828 3.1108280287233177 3.1086373941817484 -2.3956179314242263
9.974937343358395 0.6216425533808527 0.03187139524213394 -0.7677370285491347 0.05897566759946164 505.68694729574406 -62.699152696072595 7.727183946885041 0.03270444136681652 -0.7924590158565316 0.024016855418681888 2.1746306035548417 0.6136704796421298 0.03191301286521641 -0.7651056985480481 0.05868188550102834 3.185320856853893 3.1835129502981236 -2.382248249862357
10.075187969924812 0.6181208755200985 0.03177656352514534 -0.7758694974885938 0.05866006145641761 514.3898264170176 -63.11448584620063 7.698245437767437 0.032600897681889035 -0.800666110693486 0.02401627258587369 2.1589562495121046 0.6100787079005452 0.031818728461499836 -0.7732226145401685 0.05836294790791036 3.2609322188978216 3.2595278438433595 -2.368853567548058
10.175438596491226 0.6146076943162052 0.03168099592763368 -0.7840119188369655 0.058344651345869136 523.1121270556939 -63.523089233110476 7.669011644303018 0.0324966404648633 -0.808879520521304 0.024015682806069378 2.143352564288167 0.6064957752590867 0.031723704015252666 -0.7813497380037445 0.058044250803863766 3.337667783759151 3.336688165218139 -2.3554359863211403
10.275689223057643 0.611103092254033 0.03158470005318663 -0.7921642882603104 0.05802949530507472 531.8516779484443 -63.924892646319904 7.639483568729734 0.032391679036691656 -0.8170992651393322 0.0240150860473802 2.127819830954121 0.6029217688230144 0.031627946957950015 -0.7894870642335721 0.057725853254103364 3.415532982185299 3.414999761866493 -2.3419975852939388
10.375939849624057 0.6076071514397158 0.03148768360621465 -0.8003265996657198 0.05771465048334797 540.6062865161663 -64.31982652352596 7.609662279093242 0.03228602278338423 -0.8253253633793967 0.02401448227766066 2.1123583232568333 0.5993567753059281 0.03153146482480436 -0.7976345867169076 0.05740781340313323 3.494532997234059 3.494468228227296 -2.3285404204432325
10.476190476190474 0.6041199535863458 0.03138995439079531 -0.8084988452272563 0.05740017313082372 549.3737393853708 -64.70782199067818 7.579548910540055 0.03217968115454935 -0.8335578331087344 0.024013871464510252 2.096968305653682 0.5958008810137295 0.03143426525367488 -0.8057922971602038 0.05709018846333745 3.5746727547080246 3.5750988956434178 -2.315066524221834
10.576441102756892 0.6006415799996331 0.03129152030945865 -0.8166810154121175 0.0570861185879567 558.1518029365625 -65.08881090266931 7.549144666591158 0.032072663661905663 -0.8417966912331297 0.02401325357527373 2.0816500333493666 0.5922541718285571 0.03133635598391627 -0.8139601855161024 0.056773034704328734 3.6559569135645504 3.656896822237597 -2.30157790518831
10.676691729323306 0.5971721115635437 0.031192389361914517 -0.824873099007006 0.0567725412757488 566.9382238798437 -65.46272588461602 7.518450820393911 0.03196497987776634 -0.8500419537002479 0.024012628577042016 2.0664037523347325 0.5887167331927001 0.031237744855166734 -0.8221382400106175 0.056456407443054316 3.738389856309574 3.7398667827630985 -2.2880765476583065
10.776942355889723 0.59371162872593 0.03109256964372256 -0.833075083144689 0.05645949468669311 575.7307298578601 -65.82950037369487 7.487468715949736 0.03185663943349573 -0.8582936355031618 0.024011996436652968 2.0512296994275516 0.5851886500925028 0.031138439806075117 -0.8303264471705285 0.056140361034640394 3.8219756793843236 3.824013258439395 -2.2745644113790604
10.877192982456137 0.5902602114841585 0.030992069344905976 -0.8412869533307188 0.05614703137643164 584.5270300763958 -66.18906866151806 7.4561997693171795 0.03174765201793926 -0.8665517506840699 0.024011357120692117 2.0361281023152933 0.5816700070422716 0.031038448872972097 -0.838524791850935 0.05582494886398138 3.906718183553612 3.9093404267817973 -2.2610434312153984
10.977443609022554 0.5868179393707444 0.03089089674851006 -0.8495086934702967 0.05583520295611472 593.3248159626471 -66.54136593700761 7.424645469787215 0.03163802737582701 -0.8748163123382016 0.02401071059549354 2.0210991795997613 0.5781608880681901 0.03093778018848101 -0.8467332572629657 0.0555102233380535 3.992620864305333 3.9958521514352676 -2.247515516863018
11.077694235588972 0.5833848914390031 0.030789060229106265 -0.8577402858952624 0.05552406008545476 602.1217618513364 -66.88632832974187 7.392807381029582 0.03152777530615166 -0.8830873326179026 0.02401005682714009 2.0061431408436077 0.5746613766922565 0.030836441980073355 -0.8549518250016106 0.05519623587894531 4.079686902270642 4.0835519720229705 -2.2339825525767765
11.177944862155385 0.5799611462487254 0.030686568251243197 -0.8659817113911883 0.05521365246646446 610.9155256987032 -67.22389295373742 7.36068714220785 0.031416905660521376 -0.8913648227369004 0.024009395781464854 1.9912601866186717 0.57117155591625 0.030734442568569262 -0.8631804750736706 0.054883036917602164 4.16791915367484 4.172443094019754 -2.2204463969153494
11.278195488721803 0.5765467818518858 0.030583429367845378 -0.8742329492245576 0.05490402883787029 619.7037498244886 -67.55399795163996 7.328286469062163 0.03130542834148825 -0.8996487929747492 0.024008727424050656 1.9764505085561161 0.5676915082057383 0.030631790366580827 -0.8714191859257907 0.05457067588826512 4.257320140829045 4.262528378661604 -2.2069088825128347
11.37844611528822 0.5731418757783923 0.03047965221856118 -0.8824939771700073 0.054595236970190746 628.4840616817731 -67.87658253927411 7.295607154956375 0.03119335330085314 -0.9079392526814332 0.02400805172023168 1.9617142893982777 0.5642213154741353 0.030528493876904497 -0.8796679344725615 0.054259201223602525 4.347892042673159 4.353810332902338 -2.1933718158608144
11.478696741854634 0.5697465050218872 0.030375245528060833 -0.8907647715376223 0.05428732366146839 637.2540746547782 -68.19158705052803 7.262651071888903 0.031080690537947455 -0.9162362102821503 0.024007368635093486 1.947051703052258 0.5607610590668176 0.03042456169086084 -0.8879266961246752 0.05394866035051583 4.439636685380898 4.446291099429308 -2.1798369771091757
11.578947368421051 0.5663607460256039 0.030270218104286106 -0.8990453072002582 0.05398033473364579 646.0113888844076 -68.49895298252126 7.229420171464298 0.03096745009789259 -0.9245396732822478 0.024006678133473867 1.9324629146451309 0.5573108197453105 0.03032000248658168 -0.8961954448171126 0.05363909968661105 4.532555533037777 4.539972446749486 -2.1663061198901232
11.679197994987469 0.5629846746682933 0.030164578836652585 -0.9073355576208734 0.05367431502957412 654.7535921215892 -68.79862304103168 7.1959164858251405 0.03085364206983794 -0.9328496482723244 0.024005980179962756 1.9179480805808347 0.5538706776715541 0.030214825027249283 -0.9044741530373427 0.053330564637329714 4.626649678403175 4.634855759358027 -2.1527809711537884
11.779448621553883 0.5596183662502228 0.030058336694206093 -0.9156354948798628 0.05336930841064079 663.478260608008 -69.0905411861147 7.162142128539848 0.030739276585178044 -0.9411661409334781 0.024005274738903327 1.9035073485985783 0.5504407123922559 0.030109038159285763 -0.9127627918535209 0.053023099593715255 4.721919833768242 4.730942028002203 -2.13926323102487
11.8796992481203 0.5562618954792597 0.029951500723734484 -0.9239450897023659 0.05306535775500762 672.1829599842617 -69.37465267789511 7.128099295446905 0.030624363815749723 -0.9494891560427123 0.024004561774392294 1.8891408578328268 0.5470210028233428 0.03000265081049696 -0.9210613309426656 0.05271674793081555 4.818366321920848 4.828231840052636 -2.1257545726712124
11.979949874686714 0.5529153364570467 0.029844080047836216 -0.9322643114855389 0.05276250495644528 680.8652462250259 -69.65090412247048 7.093790265451983 0.030508913972010072 -0.9578186974784837 0.02400384125028 1.8748487388747836 0.5436116272345191 0.02989567198816787 -0.9293697386188023 0.05241155200669743 4.915989067229721 4.926725369995023 -2.112256642197508
12.080200501253131 0.5495787626652738 0.029736083862947172 -0.9405931283257752 0.05246079092375209 689.5226666010344 -69.91924351788845 7.059217401276837 0.030392937301196046 -0.9661547682263919 0.024003113130171123 1.8606311138353029 0.5402126632339397 0.029788110777116735 -0.9376879818610435 0.05210755316207202 5.01478758685972 5.026422370055056 -2.098771058545367
12.180451127819545 0.5462522469520606 0.029627521437327036 -0.9489315070458573 0.05216025558074476 698.1527606674399 -70.17962030014219 7.024383150157355 0.0302764440854665 -0.9744973703850066 0.024002377377425017 1.846488096409248 0.5368241877530118 0.029679976337704167 -0.9460160263416102 0.05180479172050709 5.114760982130465 5.1273221609701745 -2.0852994134161236
12.280701754385966 0.5429358615184517 0.02951840210900673 -0.957279413222026 0.05186093786680823 706.753061278226 -70.43198538913944 6.989290044489248 0.03015944464002748 -0.9828465051718324 0.02400163395515562 1.8324197919411898 0.533446277031326 0.02957127790380165 -0.9543538364537723 0.05150330698921645 5.215907930030653 5.229423622921657 -2.071843271205921
12.38095238095238 0.5396296779050357 0.029408735283698542 -0.9656368112109528 0.05156287573799267 715.3210956262319 -70.67629123459514 6.953940702419567 0.03004194931124179 -0.9912021729293958 0.024000882826232344 1.8184262974924699 0.5300790066017342 0.029462024780719694 -0.9627013753396723 0.05120313726042055 5.318226674900497 5.332725186639453 -2.058404168958077
12.481203007518793 0.5363337669786927 0.029298530432670278 -0.9740036641766032 0.05126610616864221 723.8543863082713 -70.91249186179252 6.918337828381874 0.02992396847472349 -0.9995643731314646 0.024000123953279676 1.8045077019095233 0.5267224512755764 0.029352226343098413 -0.971058604918062 0.050904319813251525 5.421715020295134 5.437224824695406 -2.0449836163264763
12.581453634085214 0.5330481989194821 0.029187797090584913 -0.9823799341169757 0.05097066515354516 732.3504524148295 -71.14054291716096 6.882484213573277 0.02980551253341841 -1.007933104389384 0.02399935729867778 1.790664085893465 0.523376685128068 0.029241892032759367 -0.9794254859118894 0.050606890916200006 5.526370321041382 5.542920042996647 -2.0315830955605634
12.681704260651628 0.529773043207674 0.029076544853307636 -0.9907655818907006 0.05067658771058925 740.8068106437339 -71.36040171361446 6.846382736371351 0.02968659191567149 -1.01630836445853 0.0239985828245626 1.7768955220708853 0.5200417814838558 0.02913103135652485 -0.9878019778757564 0.050310885830081954 5.6321894755009705 5.649807872495034 -2.0182040614942025
12.781954887218042 0.5265083686109319 0.028964783375681393 -0.999160567243499 0.050383907883911214 749.2209764371581 -71.57202727559681 6.81003636268936 0.029567217073281884 -1.0246901502448766 0.023997800492826172 1.763202075065786 0.5167178129027503 0.02901965388399911 -0.996188039223229 0.05001633881151652 5.73916891805289 5.7578848611248 -2.0048479415642078
12.882205513784456 0.5232542431716567 0.02885252236927292 -1.0075648488344704 0.05009265874752485 757.5904651413694 -71.7753803837822 6.773448146268334 0.02944739847954672 -1.0330784578116734 0.023997010265116525 1.7495838015726775 0.5134048511656406 0.028907769245323827 -1.0045836272539708 0.049723283116900156 5.847304611807855 5.867147065984353 -1.9915161358185287
12.982456140350877 0.520010734194495 0.028739771600090582 -1.0159783842622157 0.049802872409416325 765.9127931883459 -71.97042361936607 6.736621228903712 0.029327146627294572 -1.0414732823862238 0.023996212102837217 1.7360407504307158 0.5101029672606041 0.02879538712889612 -1.0129886981807101 0.04943175100685896 5.956592041567674 5.977590045774433 -1.9782100169634305
13.08270676691729 0.5167779082340223 0.028626540886275788 -1.0244011300907725 0.049514580016089486 774.1854792984656 -72.15712140788267 6.699558840604254 0.02920647202690944 -1.049874618366764 0.023995405967148636 1.7225729626989186 0.5068122313692148 0.02868251727906219 -1.0214032071560115 0.04914177375116869 6.067026207042715 6.089208853508337 -1.9649309304064673
13.182957393483704 0.5135558310826027 0.02851284009576949 -1.0328330418753608 0.04922781175755159 782.4060457036312 -72.33544006251145 6.662264299683582 0.02908538520434624 -1.0582824593294442 0.023994591818966845 1.7091804717323527 0.5035327128530573 0.028569169493782763 -1.0298271082988542 0.048853381634126405 6.178601616339986 6.201998029507617 -1.951680194315145
13.283208020050125 0.5103445677584387 0.0283986791439555 -1.0412740741879236 0.04894259687272209 790.5720193897275 -72.50534782679331 6.624741012781129 0.02896389669913887 -1.0666967980353952 0.02399376961896417 1.6958633032592927 0.500264480240458 0.028455353622271105 -1.0382603547210016 0.04856660396036322 6.291312279734985 6.31595159469647 -1.9384590996946827
13.383458646616539 0.5071441824938095 0.028284067991282198 -1.0497241806424489 0.04865896365525313 798.6809333575501 -72.66681491670089 6.586992474811149 0.02884201706240165 -1.0751176264378846 0.023992939327569074 1.682621475459307 0.49700760121343646 0.028341079562610044 -1.0467028985531395 0.0482814690610756 6.405151703739762 6.431063044210669 -1.9252689104661158
13.483709273182953 0.5039547387235099 0.028169016640864228 -1.0581833139200805 0.04837693945974622 806.7303279012117 -72.81981356200501 6.549022268838877 0.028719756854825258 -1.0835449356895606 0.02399210090496565 1.6694549990421905 0.4937621425948849 0.028226357259344265 -1.0551546909708083 0.04799800430066611 6.520112885480193 6.547325341333579 -1.9121108635652035
13.583959899749374 0.5007762990734924 0.028053535136065923 -1.0666514257939859 0.048096550708353454 814.7177519030495 -72.96431804687933 6.510834065882548 0.028597126644667986 -1.091978716149775 0.023991254311093845 1.6563638773277871 0.49052817033598406 0.028111196701052967 -1.0636156822200762 0.04771623608378391 6.636188307394492 6.664730911772432 -1.8989861690481575
13.684210526315788 0.49760892534972173 0.027937633558068053 -1.075128467153991 0.04781782289774584 822.6407641438055 -73.1003047496699 6.472431624639073 0.028474137005743496 -1.1004189573919763 0.023990399505649525 1.6433481063265545 0.48730574950385985 0.02799560791790373 -1.0720858216429714 0.047436189862741 6.753369932265957 6.783271638289896 -1.8858960102079436
13.784461152882201 0.4944526785272411 0.0278213220234195 -1.0836143880309663 0.047540780606440056 830.4969346270909 -73.22775218178123 6.433818791133217 0.028350798515405843 -1.108865648211186 0.023989536448083784 1.6304076748209346 0.4840949442694884 0.027879600979188325 -1.0805650577026675 0.047157890145294826 6.871649198601433 6.902938855703421 -1.872841543703771
13.884711779448622 0.4913076187394639 0.02770461068157554 -1.09210913762096 0.04726544750246509 838.283845916853 -73.34664102560775 6.39499949828846 0.028227121752532846 -1.1173187766315353 0.023988665097602502 1.617542564447406 0.4808958178958548 0.02776318599084435 -1.0890533380084062 0.04688136050278252 6.991017016368043 7.023723346266043 -1.859823899694561
13.984962406015036 0.48817380526769 0.027587509712424404 -1.1006126643090608 0.04699184635135871 845.9990944866473 -73.45695417145201 6.355977765418591 0.02810311729550892 -1.1257783299138655 0.023987785413166936 1.6047527497792613 0.47770843272637253 0.027646373092962 -1.0975506093401315 0.046606623578596074 7.11146376309944 7.145615335440148 -1.846844181986512
14.08521303258145 0.48505129653085294 0.02747002932380366 -1.1091249156930052 0.04671999902447844 853.6402920794703 -73.55867675337032 6.3167576976394475 0.027978795720208036 -1.1342442945633968 0.02398689735349307 1.5920381984099765 0.4745328501735677 0.027529172457277595 -1.1060568176728693 0.0463337010969782 7.23297928038341 7.26860448807814 -1.8339034681932844
14.18546365914787 0.481940150075505 0.027352179749008127 -1.1176458386064974 0.04644992650761409 861.2050670767738 -73.6517961838792 6.277343485199417 0.02785416759797809 -1.142716656337448 0.023986000877050363 1.5793988710372302 0.4713691307080333 0.027411594284659724 -1.1145719082008223 0.04606261387212413 7.3555528707416995 7.39267990502329 -1.8210028098923203
14.285714285714285 0.47884042256604376 0.027233971244290854 -1.1261753791422555 0.046181648909889496 868.6910658753678 -73.73630218746784 6.237739402728472 0.027729243493627577 -1.1511954002532072 0.02398509594206287 1.5668347215474634 0.46821733384766384 0.027293648802581977 -1.123095825361153 0.04579338181758989 7.479173294912944 7.517830120138089 -1.8081432328084475
14.385964912280699 0.4757521697751812 0.027115414086358872 -1.1347134826747696 0.04591518547293747 876.0959542707275 -73.81218683284713 6.197949808404316 0.027604033963415348 -1.1596805105955605 0.023984182506507568 1.5543456971009815 0.465077518147165 0.02717534626259282 -1.1316285128575032 0.04552602395596913 7.603828769549539 7.644043097778477 -1.7953257369869107
14.48621553884712 0.4726754465746673 0.026996518569865173 -1.1432600938827677 0.0456505545803392 883.4174188453994 -73.87944456388887 6.157979143036272 0.027478549553044778 -1.168171970924958 0.023983260528114697 1.541931738217535 0.46194974118785403 0.027056696937777045 -1.1401699136831849 0.04526055842885058 7.729506965337866 7.771306230718295 -1.7825512969864121
14.586466165413533 0.46961030692626565 0.026877295004898678 -1.1518151567713848 0.04538777376731136 890.6531683608057 -73.93807222917611 6.117831929064827 0.02735280079566304 -1.1766697640853239 0.023982329964367142 1.5295927788623813 0.4588340595677495 0.026937711120214675 -1.148719970144088 0.0449970025070208 7.85619500555217 7.899606338539949 -1.7698208620734022
14.686716791979947 0.4665568038729855 0.026757753714473576 -1.1603786146940323 0.04512685973063006 897.8009351512827 -73.98806911013499 6.077512769478772 0.027226798209866423 -1.1851738722120106 0.023981390772498962 1.5173287465327436 0.4557305288919543 0.02681839911843525 -1.157278623881262 0.04473537260091419 7.983879465051078 8.028929666497417 -1.7571353564328547
14.78696741854636 0.46351498953057885 0.026637905032019675 -1.1689504103739639 0.04486782833877822 904.8584765183305 -74.02943694765156 6.03702634664666 0.027100552297712924 -1.1936842767397788 0.023980442909496642 1.505139562344667 0.4526392037633392 0.026698771254875717 -1.1658458158931944 0.044475684271290034 8.112546369725663 8.159261884864685 -1.7444956793676738
14.887218045112782 0.46048491507930106 0.026517759298875378 -1.1775304859255296 0.04461069464230545 911.8235761240392 -74.06217996716245 5.996377421066071 0.02697407354274275 -1.2022009584108158 0.02397948633209688 1.4930251411202113 0.44956013777352855 0.02657883786333416 -1.1744214865577633 0.04421795224012454 8.242181196407033 8.290588088775673 -1.7319027055254992
14.987468671679196 0.45746663075594074 0.026397326861784646 -1.186118782875117 0.04435547288438611 918.6940453816411 -74.08630490212688 5.9555708300276855 0.0268473724080079 -1.210723897282777 0.0239785209967862 1.4809853914749882 0.4464933834941923 0.0264586092864285 -1.1830055756538709 0.04396219040170449 8.372768873241602 8.422892798566581 -1.7193572851210774
15.08771929824561 0.45446018584612097 0.026276618070399476 -1.1947152421817857 0.04410217651156334 925.4677248417133 -74.10182101583985 5.9146114861954295 0.02672045933411154 -1.219253072736856 0.0239775468598017 1.4690202159059398 0.4434389924686478 0.026338095873060127 -1.1915980223827563 0.043708411833914045 8.504293780541419 8.556159960627541 -1.706860244159543
15.18796992481203 0.4514656286768761 0.026155643274789496 -1.2033198042575743 0.04385081818467038 932.1424855725911 -74.10874012155172 5.873504376104369 0.026593344737258214 -1.2277884634858753 0.023976563877128498 1.4571295108794 0.4403970152037743 0.026217307975879837 -1.200198765388977 0.04345662880969617 8.636739752115414 8.690372948770536 -1.6944123846793673
15.288220551378444 0.44848300660950596 0.026034412822959995 -1.2119324089874899 0.04360140978991372 938.7162305329498 -74.10707660081395 5.832254558574329 0.026466039007316026 -1.2363300475823873 0.023975572004499686 1.4453131669193355 0.4373675011622441 0.026096255948764146 -1.2088077427810535 0.04320685280868067 8.77009007708847 8.825514566121488 -1.6820144849862118
15.388471177944858 0.44551236603271016 0.025912937058379895 -1.220552995749178 0.04335396245010806 945.1868959350452 -74.0968474200173 5.790867163041003 0.02633855250589103 -1.244877802426801 0.023974571197396245 1.433571068695809 0.4343504987550705 0.02597495014429689 -1.2174248921517936 0.04295909452896567 8.904327502213455 8.961567047540958 -1.6696672999045177
15.488721804511279 0.4425537523560042 0.02579122631752101 -1.2291815034322675 0.04310848653605218 951.5524525970336 -74.0780721450856 5.749347387806063 0.02621089556441547 -1.2534317047755144 0.02397356141104518 1.4219030951135472 0.431346055334478 0.0258534009112638 -1.2260501505982773 0.042713363899040145 9.039434234680952 9.098512062580584 -1.6573715610211366
15.588972431077693 0.4396072100034227 0.025669290927410004 -1.2378178704573848 0.042864991678033156 957.8109072823725 -74.05077295425961 5.707700498205316 0.026083078482250294 -1.26199173074905 0.02397254260041929 1.4103091194006634 0.4283542171870971 0.025731618592155676 -1.2346834547414993 0.04246967008983628 9.17539194543102 9.236330718977749 -1.645127976945787
15.689223057644107 0.43667278240750484 0.025547141203194474 -1.2464620347948474 0.04262348677745045 963.9603040248367 -74.01497464894646 5.665931824697371 0.025955111524802826 -1.2705578558402064 0.023971514720236283 1.398789009197441 0.4253750295274795 0.025609613520686296 -1.2433247407456813 0.042228021526901416 9.312181772970142 9.375003566693909 -1.6329372335660537
15.789473684210527 0.43375051200357306 0.02542478744572435 -1.2551139339830248 0.04238398001854619 969.998725437255 -73.9707046625855 5.624046760873196 0.025827004921660665 -1.2791300549222013 0.02397047772495742 1.3873426266451825 0.42240853649194604 0.025487396019323958 -1.2519739443372475 0.04198842590267558 9.449784327696534 9.514510602499211 -1.6207999943090954
15.889724310776941 0.43084044022429874 0.025302239939150057 -1.2637735051463712 0.04214647888023283 975.9242940023157 -73.9179930674958 5.5820507613879045 0.025698768864742327 -1.287708302256819 0.023969431568787343 1.3759698284750923 0.4194547811327596 0.02536497639683721 -1.2606310008234456 0.04175089018886844 9.58817969673567 9.654831275104018 -1.6087169004131283
15.989974937343355 0.42794260749455965 0.025179508948538543 -1.2724406850131316 0.04191099014800814 981.735173343656 -73.85687257966846 5.539949339816191 0.025570413506465776 -1.2962925715025522 0.02396837620567217 1.3646704660971314 0.4165138054126283 0.025242364945859953 -1.2692958451106509 0.04151542064891704 9.727347449287178 9.795944490842505 -1.5966885711902705
16.09022556390977 0.42505705322659054 0.02505660471750864 -1.2811154099327122 0.04167751992594698 987.429569475556 -73.78737856147404 5.497748066432971 0.025441948957935296 -1.3048828357227353 0.023967311589299562 1.3534443856888623 0.41358565019954063 0.02511957194047191 -1.2779684117223065 0.04128202285052495 9.867266642483802 9.937828619903748 -1.5847156043055293
16.19047619047619 0.42218381581542613 0.02493353746588676 -1.2897976158927271 0.0414460736487594 993.0057320295971 -73.7095490222607 5.455452565921353 0.02531338528714778 -1.3134790673936734 0.02396623767309629 1.3422914282842262 0.41067035526193096 0.024996607633801186 -1.2866486348165418 0.041050701678261727 10.00791582776237 10.08046150311511 -1.5727985760458978
16.290726817042604 0.41932293263464127 0.02481031738738424 -1.2984872385357096 0.041216656093906186 998.4619554562735 -73.62342461679492 5.413068515008084 0.025184732517219074 -1.3220812384127465 0.023965154410228572 1.33121142986222 0.40776795926417986 0.024873482255645216 -1.295336448203432 0.04082146134621969 10.149273057745587 10.22382045927279 -1.5609380416033218
16.390977443609017 0.4164744400323807 0.02468695464729746 -1.3071842131754978 0.0409892713937637 1003.7965802003255 -73.5290486415539 5.370601640030893 0.025056000624630995 -1.3306893201065138 0.023964061753599875 1.3202042214354661 0.40487849976244383 0.02475020601011474 -1.3040317853619383 0.04059430541071569 10.291315893632625 10.367882293019992 -1.5491345353536872
16.49122807017544 0.4136383733276893 0.02456345938023176 -1.3158884748132915 0.04076392304782552 1009.0079938476579 -73.42646702881407 5.328057714437105 0.024927199537499993 -1.3393032832387881 0.023962959655850654 1.309269629138647 0.4020020132008211 0.024626789073300695 -1.3127345794564922 0.04036923678302774 10.434021413096705 10.51262330326889 -1.537388571139104
16.591478696741852 0.41081476680713497 0.024439841687850506 -1.324599958153375 0.04054061393493576 1014.0946322426585 -73.31572833855418 5.28544255621851 0.024798339133868065 -1.3479230980186916 0.02396184806935651 1.298407474316746 0.3991385349078499 0.02450324159096587 -1.3214447633532456 0.04014625774216115 10.577366218685338 10.658019292162285 -1.5257006425492818
16.691729323308266 0.4080036537217279 0.024316111636649956 -1.3333185976185236 0.04031934632554262 1019.0549805738517 -73.19688374812299 5.2427620252819755 0.024669429240016423 -1.356548734108693 0.02396072694622713 1.2876175736131108 0.3962880990933374 0.024379573676259755 -1.3301622696359825 0.03992536994762754 10.721326446719843 10.80404557457087 -1.514071223214387
16.791979949874687 0.4052050662841346 0.02419227925576137 -1.342044327365073 0.040100121893965314 1023.8875744266436 -73.06998703968895 5.200022020760575 0.024540479628802916 -1.3651801606326153 0.023959596238305084 1.2768997390572996 0.39345073884552484 0.024255795407462474 -1.3388870306217033 0.03970657445223761 10.865877776688581 10.950676988120355 -1.502500767086758
16.8922305764411 0.40241903566618875 0.02406835453478106 -1.3507770812976692 0.03988294173066582 1028.5910008014305 -72.93509458544887 5.157228478266443 0.024411500018023665 -1.3738173461836105 0.02395845589716481 1.2662537781526653 0.3906264861285812 0.02413191682575495 -1.347618978375852 0.03948987171489252 11.010995441128257 11.097887903741414 -1.4909897087291029
16.992481203007515 0.39964559199669364 0.023944347421629437 -1.3595167930836969 0.039667806354517034 1033.1638990954732 -72.79226533058824 5.114387367087963 0.024282500068799437 -1.3824602588321149 0.023957305874110855 1.2556794939636893 0.3878153717804302 0.024007947933016006 -1.3563580447272394 0.039275261613363296 11.156654235986828 11.245652236736413 -1.4795384636120161
17.092731829573935 0.3968847643595214 0.023820267820440024 -1.3682633961673836 0.0394547157250599 1037.604962047454 -72.64156077401817 5.071504687335872 0.02415348938398765 -1.3911088661337594 0.02395614612017689 1.2451766852030024 0.38501742551090495 0.02388389868965214 -1.365104161282603 0.039062743457063114 11.302828531460401 11.393943458352275 -1.4681474283950138
17.19298245614035 0.394136580792004 0.02369612558947924 -1.3770168237835805 0.03924366925474238 1041.9129366427376 -72.4830449468548 5.0285864670385365 0.02402447750662033 -1.3997631351372513 0.02395497658612384 1.2347451463181198 0.38223267590023496 0.02375977901245488 -1.3738572594408585 0.038852315999786904 11.449492283295728 11.542734607853298 -1.456816981223028
17.293233082706763 0.39140106828361615 0.02357193053909778 -1.3857770089712365 0.03903466582113199 1046.086624978329 -72.31678438867323 4.985638759191317 0.02389547391836876 -1.4084230323922162 0.02395379722243932 1.2243846675778094 0.3794611503978564 0.02363559877249057 -1.3826172704070154 0.03864397745242623 11.5966190445498 11.691998305080885 -1.4455474820169911
17.393483709273184 0.38867825277494866 0.023447692429714572 -1.3945438845865443 0.03882770377909721 1050.1248850861382 -72.14284812154206 4.942667638762751 0.023766488038035168 -1.4170885239570008 0.023952607979335325 1.214095035158113 0.3767028753215503 0.02351136779302247 -1.391384125205765 0.038437725495642096 11.744181977795673 11.841706763491734 -1.4343392727635091
17.493734335839598 0.38596815915697347 0.023323420969833936 -1.4033173833157784 0.038622780972947385 1054.0266317130597 -71.96130762183782 4.899679199659899 0.023637529220072312 -1.4257595754064312 0.023951408806747 1.2038760312280095 0.37395787585690626 0.023387095847463978 -1.4001577546947468 0.03823355729249177 11.892153867765161 11.991831803660897 -1.4231926778156776
17.59398496240601 0.3832708112705943 0.02319912581409667 -1.4120974376878253 0.03841989474852745 1057.7908370570717 -71.77223678988464 4.856679551658018 0.02350860675313105 -1.43443615183953 0.02395019965433177 1.1937274340346324 0.3712261760571047 0.02326279265736917 -1.4089380895774901 0.038031469501010266 12.040507134416202 12.142344867237354 -1.412108004172751
17.694235588972433 0.38058623190648366 0.02307481656136593 -1.4208839800863995 0.038219041965260714 1061.4165314575705 -71.5757119173982 4.81367481729512 0.023379729858636688 -1.4431182178871869 0.023948980471466857 1.1836490179881025 0.36850779884302126 0.02313846789045478 -1.4177250604160458 0.03783145828672097 12.189213846412704 12.293217031341344 -1.4010855417777748
17.794486215538846 0.3779144428052069 0.02295050275284853 -1.4296769427619516 0.038020219008133606 1064.9028040395951 -71.37181165280927 4.770671128738376 0.023250907689394442 -1.4518057377197784 0.02394775120724828 1.1736405537459262 0.36580276600364947 0.023014131158657598 -1.4265185976432848 0.03763351933509382 12.338245735004076 12.444419023382734 -1.3901255638138537
17.89473684210526 0.3752554646576261 0.02282619387025205 -1.4384762578432846 0.037823421799613344 1068.248803310177 -71.1606169644447 4.727674624622506 0.023122149328224373 -1.4604986750547413 0.02394651181048871 1.1637018082968993 0.3631110981968362 0.022889792016230495 -1.4353186315749047 0.03743764786392237 12.487574208291942 12.595921236294336 -1.3792283269838208
17.994987468671674 0.37260931710558626 0.02270189933397887 -1.4472818573488544 0.03762864581149973 1071.453737706374 -70.94221110163302 4.6846914468661485 0.022993463786626384 -1.46919699316409 0.023945262229717115 1.1538325450445683 0.3604328149503314 0.022765459957871333 -1.444125092421102 0.037243838635632194 12.637170365867405 12.747693744154544 -1.3683940718115082
18.095238095238095 0.3699760187428778 0.022577628501357135 -1.4560936731977856 0.0374358860766976 1074.5168760939164 -70.71667955375604 4.64172773746899 0.022864860003475533 -1.4779006548818874 0.02394400241317541 1.144032523890193 0.3577679346631467 0.022641144416892696 -1.4529379102979583 0.037052085969499465 12.787005013806617 12.899706318192289 -1.3576230229205066
18.19548872180451 0.3673555871164776 0.022453390664909628 -1.4649116372205813 0.03724513720091155 1077.437548215471 -70.48411000727641 4.598789635292855 0.022736346843748055 -1.486609622611648 0.02394273230881804 1.1343015013151807 0.3551164746072227 0.022516854763425458 -1.4617570152385067 0.03686238375378617 12.937048680006715 13.051928443148519 -1.3469153893358907
18.295739348370923 0.36474803872806105 0.022329195050660767 -1.4737356811695506 0.03705639337425461 1080.2151450881977 -70.24459230080518 4.555883272831827 0.022607933097278404 -1.4953238583336999 0.023941451864309602 1.1246392304630177 0.35247845092939545 0.02239260030266539 -1.4705823372035016 0.036674725457781325 13.087271629847116 13.204329333983226 -1.3362713647559303
18.395989974937343 0.36215338903578465 0.022205050816482334 -1.4825657367289442 0.036869648382764755 1082.849119349488 -69.99821837823123 4.513014772973949 0.022479627477547785 -1.504043323612474 0.023940161027023125 1.1150454612206255 0.3498538786536687 0.022268390273154328 -1.4794138060918955 0.03648910414374342 13.23764388215969 13.356877952904302 -1.3256911278494954
18.496240601503757 0.35957165245633954 0.02208096705047841 -1.4914017355247982 0.03668489561982946 1085.3389855505268 -69.74508223997083 4.470190245758679 0.02235143862050425 -1.5127679796037388 0.02393885974403898 1.1055199402992009 0.3472427716837797 0.02214423384510307 -1.4882513517510079 0.03630551247874162 13.388135225488773 13.509543026701817 -1.315174842536635
18.59649122807017 0.35700284236726554 0.02195695276940965 -1.5002436091345086 0.036502128097508156 1087.68432039726 -69.48527989239727 4.4274157851347145 0.02222337508341477 -1.521497787061777 0.02393754796214235 1.0960624113144521 0.3446451428060594 0.022020140118753705 -1.4970949039864154 0.03612394274638899 13.538715234625327 13.66229306436753 -1.304722658270066
18.696741854636592 0.3544469711095308 0.0218330169171576 -1.5090912890961166 0.036321338457754204 1089.8847629381366 -69.21890929549099 4.384697465721021 0.02209544534374956 -1.530232706346494 0.02393622562782123 1.0866726148662467 0.34206100369258197 0.021896118122781253 -1.5059443925715494 0.03594438685846431 13.68935328739444 13.815096374978562 -1.294334710320527
18.796992481203006 0.3519040499903683 0.021709168363229246 -1.5179447069173204 0.03614251898352711 1091.9400146982375 -68.94607030876435 4.342041339574803 0.021967657798098787 -1.5389726974304578 0.02393489268726522 1.0773502886176791 0.33949036490460255 0.02177217681273722 -1.5147997472570034 0.03576683636641802 13.840018581679498 13.967921085825832 -1.284011120051673
18.89724310776942 0.3493740892863684 0.02158541590130192 -1.526803794084219 0.03596566160979536 1093.8498397600601 -68.66686463555561 4.299453432972331 0.021840020761121914 -1.5477177199058851 0.023933549086363227 1.068095167373505 0.33693323589627344 0.02164832506953218 -1.5236608977795643 0.03559128247276319 13.99068015266202 14.120735160762392 -1.2737519952049752
18.99749373433584 0.34685709824682387 0.021461768247809102 -1.535668482069785 0.035790757934424294 1095.614064789847 -68.38139576569492 4.256939743202802 0.02171254246452987 -1.556467732991548 0.023932194770701944 1.0589069831579547 0.33438962501864156 0.021524571697961598 -1.532527773870969 0.03541771604233633 14.141306890258326 14.273506418756885 -1.2635574301696124
19.097744360902254 0.3443530850973233 0.021338234040567276 -1.5445387023420685 0.03561779922894605 1097.2325790105456 -68.08976891668306 4.214506235383732 0.021585231056100263 -1.5652226955396182 0.023930829685563253 1.0497854652919134 0.33185953952391956 0.021400925425271687 -1.5414003052663796 0.035246127613440155 14.291867556732653 14.426202552621685 -1.2534275062594133
19.197994987468668 0.3418620570435896 0.021214821837443845 -1.5534143863721477 0.035446776449208725 1098.7053341202459 -67.79209097337684 4.172158839296933 0.02145809459872557 -1.5739825660424418 0.02392945377592255 1.0407303404694377 0.3293429855700235 0.021277394899767668 -1.550278421712591 0.0350765074088497 14.442330804466451 14.578791147900919 -1.2433622919829759
19.298245614035082 0.33938402027555975 0.021091540115066514 -1.562295465641818 0.03527768024590031 1100.0323441569767 -67.48847042630507 4.129903446252416 0.021331141069494765 -1.582747302639237 0.023928066986447102 1.031741332833613 0.32683996822538053 0.021153988689462663 -1.5591620529759747 0.034908845346691475 14.59266519386361 14.731239701889377 -1.233361843320381
19.398496240601503 0.33691897997170345 0.02096839726757421 -1.571181871651021 0.03511050097494924 1101.2136853098223 -67.1790173086705 4.087745905982624 0.021204378358808073 -1.59151686312273 0.02392666926149334 1.0228181640517549 0.3243504914739943 0.021030715280771495 -1.5680511288501606 0.0347431310511848 14.742839211368768 14.883515642765403 -1.223426203977624
19.498746867167917 0.3344669403035747 0.020845401605409566 -1.5800735359250324 0.03494522870779114 1102.2494956763076 -66.86384313209734 4.045692023569886 0.021077814269525357 -1.6002912049457056 0.02392526054510552 1.0139605533899023 0.3218745582207678 0.02090758307724214 -1.576945579163449 0.03457935386324507 14.892821287581087 15.035586348808435 -1.2135554056712863
19.59899749373433 0.33202790444059277 0.020722561354153107 -1.5889703900213992 0.03478185324150667 1103.1399749671086 -66.54306082124225 4.003747556413202 0.02095145651614778 -1.6090702852274956 0.023923840781012756 1.0051682177866315 0.31941217029707797 0.020784600398335316 -1.585845333785981 0.034417502850949286 15.042579815438975 15.187419167684473 -1.2037494683686418
19.69924812030075 0.3296018745550505 0.020599884653399198 -1.5978723655366316 0.03462036410882577 1103.8853841574705 -66.21678464728632 3.9619182112341975 0.020825312724033065 -1.6178540607603844 0.023922409912627722 0.9964408719261639 0.31696332846659714 0.020661775478240295 -1.5947503226366513 0.03425756681985463 15.192083168455436 15.338981435770355 -1.1940084005696008
19.799498746867165 0.3271888518273445 0.020477379555673754 -1.6067793941126576 0.034460750587992396 1104.486045087025 -65.88513016045806 3.9202096411300262 0.02069939042864428 -1.6266424880159371 0.02392096788304403 0.9877782283107739 0.3145280324313574 0.02053911646473827 -1.6036604756897683 0.034099534323177624 15.341299718984311 15.490240497497298 -1.1843321995499991
19.89974937343358 0.32478883645142126 0.02035505402539368 -1.615691407443042 0.034303001712495784 1104.9423400075816 -65.54821412160814 3.8786274426728613 0.020573697074832076 -1.63543552315126 0.023919514635034486 0.9791799973324586 0.31210628083805114 0.020416631418104656 -1.6125757229814794 0.03394339367182228 15.490197856492506 15.64116372468868 -1.174720851626489
20.0 0.32240182764043834 0.020232915937868037 -1.624608337278974 0.0341471062806583 1105.2547110802302 -65.20615443296003 3.837177153061951 0.02044824001615041 -1.6442331220151745 0.023918050111048205 0.9706458873438922 0.30969807128456506 0.020294328310056307 -1.621495994615956 0.033789132944261294 15.63874600582028 15.791718535870357 -1.1651743324018753
