-15.0 1.977701954004966 0.001250221386887622 0.5147695947899781 0.004808439484179177 -5.035170337919226e-05 -4.718465163477958e-06 -1.3628033798340766e-05 0.0012520551868754383 0.5152103620291465 0.004817106696667882 0.9999996811915837 1.9999989913055054 0.0012520551623711681 0.5152103584981282 0.0048171065960081316 0.06889830589537306 0.06899321430346911
-14.924812030075188 1.9775816955164398 0.0012640856476414518 0.5186610948427884 0.0048778083799722255 -5.39170617344098e-05 -5.086845760615688e-06 -1.4544683835993055e-05 0.0012659599476576113 0.5191121348798294 0.004886734970647623 0.9999996562968704 1.9999989125398703 0.0012659599208470404 0.5191121310479021 0.004886734860089165 0.06971385677605077 0.06981094812102052
-14.849624060150376 1.9774601002674812 0.0012781906003678492 0.5226316162509761 0.0049490117844121955 -5.773240079065545e-05 -5.483971051489789e-06 -1.5520676470259787e-05 0.0012801065618216834 0.5230932876068879 0.004958208403397581 0.9999996294582106 1.999998827623692 0.001280106532485526 0.5230932834485383 0.004958208281944003 0.07054536561572398 0.07064470806469729
-14.774436090225564 1.9773371449896295 0.0012925421700087636 0.5266837861417062 0.005022120455814659 -6.181502450886e-05 -5.912027404519904e-06 -1.6559413666072942e-05 0.0012945009962332793 0.5271564625391468 0.0050315982811049605 0.9999996005238079 1.9999987360766958 0.0012945009641311767 0.527156458026819 0.005031598147658522 0.07139330609826026 0.07149497065519553
-14.699248120300751 1.9772128058398177 0.0013071464781085039 0.5308203326726324 0.00509720838165053 -6.618343596187515e-05 -6.373444932705752e-06 -1.766481739196024e-05 0.0013091494162182416 0.5313044037022564 0.005106979147586782 0.9999995693300131 1.999998637381105 0.0013091493810866942 0.5313043988060242 0.005106979000934969 0.07225817161545028 0.0723622322713602
-14.62406015037594 1.9770870583812392 0.00132200985118803 0.5350440886134913 0.005174352930249914 -7.08573933536627e-05 -6.870803360925493e-06 -1.884079449609999e-05 0.0013240581940351002 0.5355399604266279 0.005184428957554603 0.9999995357003976 1.999998530978711 0.0013240581555852282 0.5355399551141354 0.005184428796359746 0.0731404762874962 0.07324701017994344
-14.548872180451127 1.9769598775633956 0.0013371388295501242 0.5393579950039177 0.005253635009048954 -7.585800568676859e-05 -7.406913994145725e-06 -2.0091672467970056e-05 0.0013392339177843542 0.5398660910317533 0.005264029236495741 0.9999994994447565 1.9999984162677173 0.001339233875699405 0.5398660852678849 0.005264029059279799 0.07404075604074932 0.07414984362314266
-14.473684210526315 1.9768312377012807 0.0013525401765405829 0.543765104883221 0.005335139229573311 -8.1207819704332e-05 -7.984822900652944e-06 -2.1422025042738824e-05 0.0013546834007801048 0.5442858665825795 0.005345865247365226 0.9999994603580322 1.999998292599336 0.001354683354712736 0.5442858603292461 0.005345865052494481 0.07495956974567561 0.07507129496703391
-14.398496240601503 1.9767011124536638 0.0013682208882921363 0.5482685870868671 0.005418954079347005 -8.693088335576249e-05 -8.607675908933743e-06 -2.283615935994021e-05 0.0013704136914113106 0.5488024747140561 0.005430026164309142 0.9999994182191553 1.9999981592741165 0.0013704136409806189 0.5488024679301983 0.005430025949982075 0.07589750041807797 0.07601195091390311
-14.323308270676693 1.9765694748004194 0.001384188203979685 0.5528717301055355 0.005505172100941929 -9.305290720362791e-05 -9.278999300477153e-06 -2.4339128685824107e-05 0.0013864320835215408 0.5534192235177328 0.0055166052536005745 0.9999993727897932 1.9999980155379926 0.0013864320283097538 0.5534192161588313 0.005516605017824923 0.0768551564868122 0.07697242378175195
-14.24812030075188 1.976436297018856 0.0014004496166170077 0.5575779459992499 0.005593890078335488 -9.960134468656179e-05 -1.0002602436998131e-05 -2.59363075656438e-05 0.0014027461273379976 0.5581395454841078 0.005605700061984248 0.999999323813004 1.9999978605780155 0.0014027460668868535 0.5581395375018616 0.005605699802555579 0.07783317313122474 0.07795335285425607
-14.172932330827068 1.9763015506589878 0.0014170128844272446 0.562390774360338 0.005685209230776174 -0.00010660548176133489 -1.0782484139326698e-05 -2.7632925366560812e-05 0.0014193636409826405 0.5629670014942937 0.005697412612627826 0.9999992710117805 1.9999976935177566 0.0014193635747894386 0.5629669928365479 0.0056974123271106 0.0788322136916982 0.07895540580464887
-14.097744360902256 1.9761652065176956 0.0014338860428213032 0.5673138863158205 0.005779235414306424 -0.00011409659828132135 -1.162301407475752e-05 -2.943473282357445e-05 0.0014362927226001072 0.56790528485125 0.00579184960883324 0.9999992140874865 1.9999975134123513 0.0014362926501133226 0.5679052754615478 0.005791849294532969 0.07985297115675684 0.07997928019691153
-14.022556390977444 1.9760272346117205 0.0014510774170208031 0.572351088561376 0.005876079331133666 -0.00012210808361601266 -1.2528913941878272e-05 -3.1347836397799256e-05 0.0014535417631396466 0.5729582253424138 0.0058891226456926436 0.9999991527181655 1.9999973192431542 0.0014535416837541224 0.5729582151596094 0.005889122299626692 0.08089616973029318 0.08102570506798322
-13.947368421052632 1.975887604149417 0.00146859563536419 0.577506327414692 0.005975856746966174 -0.00013067556025703198 -1.35052061409624e-05 -3.337838893457956e-05 0.0014711194598304004 0.5781297933218847 0.0059893484298229 0.9999990865567208 1.9999971099119784 0.0014711193728820819 0.5781297822799327 0.00598934804869159 0.08196256648251203 0.08209544259456192
-13.87218045112782 1.9757462835012116 0.00148644964333744 0.582783692877504 0.0060786887164702786 -0.00013983705946429836 -1.4557337578935403e-05 -3.553299393388443e-05 0.001489034830392158 0.5834241038010555 0.0060926490073273856 0.9999990152289527 1.9999968842348854 0.0014890347351522674 0.5834240918285394 0.006092648587477326 0.08305295308828638 0.08318928984828367
-13.796992481203008 1.9756032401686847 0.0015046487183732337 0.5881874226921089 0.006184701816941324 -0.00014963316087346357 -1.569118728639296e-05 -3.7818658938704175e-05 0.0015072972280262599 0.5888454205338478 0.006199152000097845 0.999998938331441 1.9999966409354881 0.0015072971236948964 0.5888454075534918 0.006199151537481695 0.08416815765671316 0.08430808064305509
-13.721804511278195 1.9754584407522107 0.0015232024854654423 0.5937219063780985 0.006294028390296533 -0.00016010717618542003 -1.691309989837464e-05 -4.02427310746134e-05 0.001525916357234224 0.5943981600809122 0.006308990850536373 0.9999988554292648 1.9999963786377326 0.0015259162429333277 0.5943981460091451 0.006308990340668868 0.08530904665562472 0.0854526874784263
-13.646616541353383 1.9753118509170642 0.001542120933648709 0.5993916892320995 0.006406806793437284 -0.00017130527825770514 -1.8229800616609282e-05 -4.281258583205272e-05 0.0015449022905148807 0.6000868958368104 0.006422305074782582 0.9999987660535413 1.999996095858116 0.0015449021652805082 0.6000868805834517 0.006422304512695746 0.0864765269349692 0.08662402358285978
-13.571428571428571 1.9751634353579215 0.0015614144333962563 0.6052014762730311 0.006523181657038504 -0.0001832767728728868 -1.9648698071250692e-05 -4.553649199579013e-05 0.0015642654859940933 0.6059163620019234 0.006539240524489029 0.9999986696987746 1.9999957909972956 0.0015642653487678612 0.6059163454693485 0.006539239904670891 0.08767154785291656 0.08782304506092148
-13.496240601503759 1.975013157761655 0.0015810937549923488 0.6111561361117279 0.006643304152748818 -0.00019607419596923137 -2.117757190944758e-05 -4.8422453232888074e-05 0.001584016806044403 0.6118914574770286 0.0066599496571222655 0.9999985658199971 1.9999954623310459 0.0015840166556641527 0.6118914395600077 0.0066599489734644815 0.08889510350862338 0.0890507531482761
-13.421052631578947 1.9748609807683328 0.0016011700879396554 0.6172607047232228 0.006767332268780648 -0.00020975362832587052 -2.2824953475719667e-05 -5.147937946503589e-05 0.0016041675369561188 0.618017249659816 0.006784591814793608 0.9999984538296864 1.999995108000504 0.001604167372145544 0.6180172302445777 0.006784591060516667 0.0901482350855991 0.09030819657852208
-13.345864661654135 1.9747068659303206 0.0016216550614656122 0.6235203890969846 0.0068954310938120905 -0.00022437484497572768 -2.4599935727565025e-05 -5.4716275428745575e-05 0.0016247294097250782 0.6242989781176839 0.006913333511527401 0.9999983330944436 1.9999947260016613 0.0016247292290823832 0.6242989570814849 0.006913332679109101 0.09143203330959578 0.09159647406589899
-13.270676691729324 1.974550773669376 0.0016425607661960664 0.6299405707380985 0.0070277731090731725 -0.00024000161067760928 -2.6512393958455505e-05 -5.8142867999322334e-05 0.0016457146220266077 0.6307420581093351 0.007046348728842592 0.9999982029314096 1.9999943141740255 0.001645714424011952 0.6307420353195452 0.007046347809928764 0.09274764102497371 0.09291673690774742
-13.195488721804512 1.97439266323162 0.0016638997770690616 0.6365268089906613 0.007164538488455634 -0.0002567018724448644 -2.857282851209675e-05 -6.176888115305701e-05 0.0016671358614499716 0.6373520839262444 0.007183819219483695 0.9999980626044046 1.999993870188406 0.0016671356443717187 0.637352059239937 0.007183818204800213 0.09409625589345688 0.09427019171084175
-13.1203007518797 1.9742324926402728 0.00168568517756618 0.6432848441504521 0.007305915406392267 -0.00027454809634264166 -3.079266389249824e-05 -6.56049184613039e-05 0.0016890063300722972 0.6441348320214239 0.0073259348190692795 0.9999979113197635 1.9999933915337396 0.001689006092071773 0.6441348052842469 0.007325933698309438 0.09547913321915352 0.0956581032453897
-13.045112781954888 1.974070218646012 0.001707930585344205 0.6502206003329672 0.00745210035322688 -0.0002936175038428246 -3.318410443853281e-05 -6.966173867795078e-05 0.0017113397704562267 0.6510962638899743 0.007472893765346683 0.9999977482218472 1.9999928755028908 0.0017113395094910074 0.6510962349355561 0.007472892527057777 0.09689758890369812 0.09708179743076768
-12.969924812030076 1.9739057966748248 0.0017306501793550942 0.6573401880585397 0.007603298457692456 -0.000313992394893603 -3.5760299510911864e-05 -7.39506227205311e-05 0.0017341504931610834 0.6582425286632921 0.007624903024688762 0.9999975723882045 1.9999923191773412 0.0017341502069865504 0.6582424973123265 0.007624901656139187 0.09835300253531878 0.09854266445669724
-12.894736842105264 1.9737391807732074 0.001753858728548181 0.6646499065139226 0.0077597238160562595 -0.0003357604736322628 -3.853543080367672e-05 -7.84835073091017e-05 0.0017574534058634027 0.6655799653761283 0.00778217862538843 0.9999973828243537 1.999991719410687 0.001757453092012383 0.6655799314352455 0.0077821771124166215 0.0998468206155444 0.10004216204376741
-12.819548872180452 1.9735703235505537 0.0017775716222546145 0.6721562454458684 0.007921599827387446 -0.0003590151791001972 -4.152471944962599e-05 -8.327270160179978e-05 0.0017812640441888024 0.6731151048610579 0.007944945997199433 0.9999971784581593 1.9999910728108439 0.0017812636999491763 0.6731150681219424 0.007944944324050542 0.10138055992723655 0.10158181884702427
-12.74436090225564 1.9733991761185714 0.001801804902360691 0.679865886639148 0.008089159534319717 -0.00038385605341773044 -4.4744547778918786e-05 -8.833109899342162e-05 0.0018055986043640506 0.680854671222225 0.008113440316486541 0.9999969581337682 1.9999903757208655 0.0018055982267540334 0.6808546314604635 0.008113438465625759 0.10295581104750208 0.10316323800622823
-12.669172932330827 1.9732256880275445 0.0018265752973837834 0.6877857049275914 0.008262645968566996 -0.00041038911720647775 -4.821253133968639e-05 -9.367212413735615e-05 0.0018304739778054325 0.6888055828367784 0.008287906856252556 0.9999967206050725 1.999989624198264 0.0018304735635463361 0.6888055398107209 0.00828790480815749 0.10457424200901144 0.10478810084639145
-12.593984962406015 1.97304980719927 0.001851900258572136 0.6959227686836132 0.008442312500356838 -0.00043872727033544834 -5.194758551851919e-05 -9.930971407356992e-05 0.0018559077877671913 0.6969749528282629 0.008468601340181138 0.9999964645286629 1.9999888139927153 0.0018559073332533784 0.6969749062778214 0.008468599073110143 0.10623760211309553 0.10645817073207718
-12.518796992481203 1.97287147985645 0.0018777979981575701 0.7042843397259676 0.008628423190777052 -0.00046899074999373624 -5.597012437874582e-05 -0.0001052586241598874 0.00188191842818192 0.7053700889515288 0.008655790299700702 0.9999961884562297 1.9999879405220247 0.0018819179294476305 0.7053700385966335 0.008655787789426614 0.10794772589790803 0.1081752970787859
-12.443609022556391 1.9726906504483464 0.0019042875298991154 0.7128778725840582 0.008821253145959588 -0.0005013075310387194 -6.0302001486434165e-05 -0.00011153394734719768 0.0019085251048337943 0.71399849282612 0.008849751432965288 0.9999958908263743 1.9999869988462153 0.0019085245575166266 0.7139984383655904 0.008849748652488916 0.10970653726486301 0.10994141952476846
-12.368421052631579 1.9725072615724641 0.0019313887120642754 0.7217110130503288 0.00902108887182129 -0.0005358138523661182 -6.496677465861467e-05 -0.00011815165009920747 0.0019357478790146747 0.722867858449381 0.009050773964473145 0.9999955699557765 1.9999859836395957 0.0019357472783151919 0.7228677995591487 0.009050770883689439 0.11151605376637726 0.1117585722663288
-12.293233082706767 1.9723212538920298 0.001959122293004644 0.7307915959494412 0.009228228627958157 -0.0005726546976916325 -6.998974572525185e-05 -0.00012512829511024393 0.0019636077138233334 0.7319860699174527 0.009259159003913114 0.9999952240296768 1.9999848891606449 0.001963607054460556 0.7319860062490462 0.009259155589244375 0.11337839105786776 0.11362888855977542
-12.218045112781954 1.9721325660490023 0.0019875099594929566 0.7401276420485401 0.009442982779120158 -0.0006119843239673628 -7.539808413525861e-05 -0.00013248110980157435 0.001992126523278349 0.7413611982757619 0.009475219902610594 0.9999948510916116 1.9999837092195472 0.0019921257994406096 0.7413611294546048 0.009475216116594052 0.11529576751685096 0.11555460539278974
-12.142857142857142 1.9719411345723605 0.0020165743879995935 0.7497273540274163 0.009665674142493934 -0.000653966849426979 -8.122102795482533e-05 -0.00014022818987768915 0.002021327224427227 0.7510014974195155 0.009699282605838544 0.9999944490323512 1.9999824371431942 0.002021326429717873 0.7510014230429166 0.009699278406658516 0.1172705090317761 0.11753806832815827
-12.06766917293233 1.9717468937813654 0.0020463392990984794 0.7595991114236557 0.009896638328841413 -0.0006987768163355668 -8.748994815732658e-05 -0.0001483882843444917 0.0020512337926456956 0.7609153989559139 0.009931685998971929 0.9999940155779699 1.9999810657374537 0.002051232920023198 0.7609153185912312 0.009931681339942024 0.11930505396316804 0.11958173652241166
-11.992481203007518 1.9715497756834979 0.0020768295152049842 0.7697514644633936 0.010136224075341467 -0.0007465998531870355 -9.423861030199987e-05 -0.00015698114629003612 0.002081871320334782 0.7711115059390193 0.010172782245336447 0.9999935482769869 1.9999795872464943 0.00208187036204651 0.7711114191212819 0.010172777074308331 0.12140195827948254 0.12168818792195794
-11.917293233082706 1.971349709866748 0.0021080710218617307 0.7801931266831891 0.010384793567747786 -0.0007976332835255562 -0.00010150320252932943 -0.00016602719091451945 0.0021132660792365634 0.7815985853806137 0.010422937113318 0.9999930444865046 1.9999779933089332 0.002113265026745709 0.781598491610457 0.010422931372029867 0.12356390086991938 0.1238601246390423
-11.842105263157894 1.9711466233858985 0.0021400910328025777 0.7909329662442318 0.010642722749250853 -0.000852086872214386 -0.00010932265550422926 -0.00017554789985751995 0.0021454455866047276 0.7923855594385997 0.010682530290120545 0.9999925013572609 1.9999762749105656 0.002145444430509502 0.7923854581796065 0.010682523913453043 0.12579368903624485 0.12610037850982708
-11.766917293233083 1.9709404406424507 0.0021729180590405574 0.8019799958368414 0.01091040161320697 -0.0009101835265141744 -0.00011773875297649283 -0.0001855656809084394 0.002178438675481359 0.8034814951774332 0.010951955679255559 0.9999919158175189 1.9999744223334024 0.0021784374054257117 0.8034813858534792 0.010951948594402275 0.1280942641656263 0.12841191683656336
-11.691729323308271 1.9707310832577767 0.002206581982241342 0.813343361066764 0.011188234476594774 -0.0009721600714271972 -0.0001267963732232147 -0.00019610400062219924 0.0022122755693485515 0.8148955927933468 0.011231621678640906 0.9999912845556949 1.999972425100729 0.002212274173923492 0.8148954747856455 0.011231613804173144 0.13046870758607862 0.13079784831581265
-11.61654135338346 1.9705184699391012 0.0022411141326618735 0.8250323272141881 0.011476640230861502 -0.0010382680463862926 -0.00013654366634341386 -0.00020718734845104336 0.002246987961441123 0.8266371721915179 0.01152195143587619 0.9999906040016341 1.9999702719178807 0.002246986428075628 0.8266370448355468 0.011521942680695561 0.1329202466061723 0.1332614291543482
-11.541353383458647 1.970302516337848 0.0022765473719515905 0.8370562642495195 0.011776052566469545 -0.0011087745688200812 -0.00014703234592161607 -0.0002188414385955184 0.002282609099025855 0.8387156577995118 0.0118233830769976 0.9999898703064206 1.9999679506083936 0.002282607413866212 0.8387155203814725 0.011823373339152713 0.13545226074018193 0.13580606937419454
-11.466165413533835 1.9700831348998917 0.002312916181133901 0.8494246299891818 0.012086920167219309 -0.0011839632133217037 -0.000158317910546657 -0.00023109322330583382 0.0023191738729732543 0.8511405614986969 0.012136369904733746 0.9999890793206158 1.999965448045176 0.002319172020749604 0.8511404132517147 0.012136359070091906 0.138068288119727 0.1384353393080412
-11.390977443609023 1.969860234707195 0.0023502567541064273 0.862146951271467 0.012409706870111161 -0.0012641349340754005 -0.0001704598908531807 -0.00024397090695060797 0.0023567189129690825 0.8639214635510267 0.012461380561945798 0.999988226570793 1.9999627500763058 0.002356716876847813 0.8639213036511283 0.012461368502702248 0.1407720320926463 0.1411529762858702
-11.31578947368421 1.9696337213102995 0.002388607097020807 0.8752328030299655 0.012744891786197119 -0.001349609053079348 -0.00018352218143036225 -0.00025750416611458604 0.002395282688736622 0.8770679913989046 0.012798899155678905 0.9999873072342456 1.9999598414450428 0.002395280450156979 0.8770678189603217 0.012798885728673432 0.14356736800942538 0.14396289151341055
-11.240601503759398 1.9694034965511003 0.002428007133926882 0.8886917851417288 0.013092969377583218 -0.0014407242694858269 -0.00019757331529035582 -0.000271724153606101 0.0024349056176648483 0.8905897962127337 0.01314942533689849 0.9999863161117162 1.999956705703599 0.002434903156158137 0.8905896102829038 0.013149410381726052 0.14645835019717776 0.14686917714258402
-11.165413533834586 1.9691694583752801 0.0024684988190913325 0.9025334969264396 0.013454449485423795 -0.0015378397165193292 -0.0002126867724996373 -0.0002866635767020398 0.0024756301792642345 0.904496527061603 0.01351347433069872 0.9999852475980016 1.999953325120181 0.002475627472253659 0.9044963266156543 0.013513457667585351 0.14944921912065895 0.14987611353362756
-11.090225563909774 1.968931500633763 0.0025101262564279007 0.9167675091736377 0.013829857303442614 -0.0016413360892215678 -0.0002289413848757249 -0.0003023569603328724 0.0025175010368997963 0.9187978025827492 0.01389157691144334 0.9999840956502594 1.999949680578785 0.002517498059478754 0.918797586517016 0.0138915583388473 0.15254440872927014 0.15298817670809275
-11.015037593984962 1.9686895128724866 0.002552935826505192 0.9314033335773046 0.01421973329122299 -0.0017516167769997537 -0.0002464216289013166 -0.00031884056488706847 0.0025605651672808032 0.9335031800272582 0.014284279316993317 0.9999828537538442 1.999945751471173 0.0025605618919674273 0.9335029471525027 0.014284258608918025 0.15574855398841514 0.15621004599130642
-10.939849624060152 1.9684433801097634 0.0025969763216283624 0.9464503894591119 0.014624633021187657 -0.0018691090808999888 -0.00026521807546942 -0.00033615268384323826 0.0026048719982184588 0.948622121563318 0.014692143095890793 0.9999815148854759 1.9999415155804252 0.0026048683946835885 0.948621870596682 0.014692119998850782 0.15906649859274927 0.15954661184205657
-10.86466165413534 1.9681929826004279 0.0026422990895239645 0.9619179676678954 0.01504512695294689 -0.001994265453930666 -0.0002854277729227306 -0.00035433368947224153 0.0026504735551964127 0.9641639577218959 0.01511574488105253 0.9999800714735336 1.9999369489554149 0.0026504695899621984 0.9641636872780716 0.015115719110665558 0.162503302858152 0.16300298386657636
-10.789473684210527 1.9679381955859467 0.0026889581861913856 0.9778151915474927 0.01548180012838777 -0.0021275647952165855 -0.00030715470265363365 -0.000373426238581942 0.0026974246173353178 0.9801378478777896 0.01555567608330292 0.9999785153552511 1.9999320257754911 0.002697420253441109 0.9801375564588354 0.015555647320451563 0.16606425178816048 0.16658449901283792
-10.714285714285715 1.9676788890295946 0.002737010538521499 0.9941509748746217 0.01593525178067314 -0.0022695137946016075 -0.0003305102536614868 -0.00039347543540202423 0.0027457828833704293 0.996552737665274 0.016012542497781706 0.9999768377305729 1.9999267182046154 0.002745778080002341 0.9965524236490544 0.016012510384294243 0.16975486330960737 0.17029672994007536
-10.639097744360903 1.9674149273357346 0.002786516117321892 1.0109339766774945 0.016406094850083847 -0.0024206483055309036 -0.00035561370984282803 -0.00041452899790783704 0.0027956091483024785 1.013417313239937 0.016486963816100524 0.9999750291124082 1.9999209962341267 0.0027956038603825766 1.0134169748669202 0.01648692794989204 0.1735808966708216 0.17414549355724093
-10.563909774436091 1.9671461690522074 0.0028375381214297227 1.0281725528586996 0.016894955399472337 -0.002581534771763927 -0.00038259277010865844 -0.00043663742212629586 0.002846967491424757 1.0307399523088336 0.016979573036896574 0.9999730792730048 1.9999148275132503 0.0028469616691553603 1.030739587667076 0.016979532966504902 0.17754836099440535 0.1781368597225613
-10.488721804511279 1.966872466554738 0.002890143173637402 1.045874704561097 0.017402471921988863 -0.0027527717031716747 -0.0004115841465477388 -0.0004598542910798642 0.0028999254764759444 1.0485286718683335 0.01749101576735949 0.9999709771861374 1.9999081771663998 0.0028999190648338782 1.0485282788758594 0.01749097098578888 0.18166352397492103 0.18227716009480982
-10.413533834586467 1.9665936657122145 0.002944401529202739 1.0640480232314133 0.017929294533622554 -0.0029349911587246424 -0.0004427341153245834 -0.00048423639634620486 0.002954554364716501 1.066791072604567 0.018021949408178417 0.9999687109647868 1.9999010075962418 0.002954547302891842 1.0667906489894168 0.018021899345984027 0.18593292070994674 0.18657299712503722
-10.338345864661655 1.9663096055316174 0.0030003872977652267 1.082699632358205 0.018476084043144048 -0.003128860294111746 -0.0004761991756652151 -0.0005098440554718309 0.003010929341778741 1.0855342799335854 0.018573042214390437 0.9999662677939586 1.9998932782714207 0.003010921562551603 1.0855338232104892 0.018572986231892866 0.1903633626509673 0.19103125317537192
-10.263157894736842 1.966020117781299 0.003058178679542288 1.1018361258821443 0.01904351089204693 -0.0033350829165499363 -0.0005121466945183784 -0.0005367413380952257 0.0030691297591953835 1.1047648816804225 0.019144972224636445 0.9999636338582575 1.9998849454977456 0.003069121188243792 1.1047643891239023 0.019144909603170144 0.1949619466581268 0.19565909974920465
-10.18796992481203 1.965725026591223 0.0031178582167352914 1.1214635033039382 0.019632253957258386 -0.0035544010742682985 -0.0005507556245163414 -0.0005649963678138192 0.003129239391570216 1.1244888624244056 0.019738426051519046 0.9999607942638167 1.999875962171561 0.0031292299467012264 1.1244883310375526 0.019738355983590344 0.19973606414038678 0.20046400681452559
-10.112781954887218 1.9654241480286896 0.003179513061133979 1.141587101544032 0.020242999209613557 -0.0037875966494311797 -0.0005922172275631965 -0.0005946816117443632 0.003191346710415901 1.1447115345663186 0.02035409752594929 0.9999577329541363 1.9998662775139135 0.003191336300711137 1.1447109610445358 0.02035401910417463 0.20469341025966686 0.20545375219912423
-10.037593984962406 1.9651172896479803 0.0032432352589704307 1.162211523641233 0.02087643822142936 -0.004035492976072419 -0.0006367358715806404 -0.00062587422632987 0.003255545175749943 1.1654374662076854 0.0209926861887559 0.9999544326193589 1.9998558367840262 0.003255533700615762 1.1654368468965135 0.020992598393427833 0.20984199317441987 0.21063643103333674
-9.962406015037594 1.9648042500122482 0.0033091220541395013 1.1833405644131245 0.021533266516958065 -0.004298956435576429 -0.0006845298473194816 -0.0006586564227575309 0.003321933546609076 1.1866704059684283 0.021654895623266616 0.9999508745984703 1.9998445809704752 0.0033219208947203017 1.1866697368143453 0.021654797308381463 0.21519014329450045 0.21602046521231622
-9.887218045112782 1.9644848181858738 0.0033772762109724333 1.2049771332408667 0.022214181760080266 -0.00457889805673517 -0.0007358322195614164 -0.0006931157887208883 0.003390616211715843 1.2084132049096623 0.02234143162317116 0.9999470387738764 1.9998324464583375 0.003390602259840975 1.208412481403218 0.02234132150074361 0.22074652251534968 0.22161461284610776
-9.81203007518797 1.9641587731954049 0.003447806357824097 1.227123174184435 0.0229198817743252 -0.004876275075986314 -0.0007908917517909231 -0.0007293457636592393 0.0034617035416087435 1.2306677357717513 0.02305300019068855 0.9999429034577593 1.9998193646704503 0.0034616881533025678 1.2306669528809293 0.02305287681312901 0.22652013339531224 0.22742797766117806
-9.736842105263158 1.9638258834570603 0.0035208273528113134 1.2497795836791366 0.023651062391122954 -0.005192092463573772 -0.0008499738377452104 -0.000767446016766371 0.0035353122636295185 1.2534348097852086 0.023790305360953258 0.9999384452695778 1.9998052616807782 0.0035352952877779815 1.2534339618782686 0.023790167101297055 0.232520328235091 0.23347001831281364
-9.661654135338345 1.9634859061686618 0.0035964606731220933 1.2729461261152992 0.024408415123250288 -0.005527404388800505 -0.0009133615046721388 -0.0008075229412867202 0.0036115658612474884 1.276714091361545 0.02455404684953993 0.9999336390040183 1.999790057797724 0.0036115471304473588 1.2767131721171003 0.024553891879260607 0.2387568180134654 0.23975055756225408
-9.586466165413533 1.963138586663726 0.0036748348294010423 1.2966213476538997 0.025192624661566618 -0.005883315603057326 -0.0009813564469425273 -0.0008496901561727555 0.0036905949992923183 1.3005040110248134 0.025344917521262757 0.9999284574886563 1.9997736671150637 0.0036905743280462497 1.300503013327244 0.025344743785389437 0.24523968112771055 0.2462797912671008
-9.511278195488721 1.9627836577252988 0.0037560858068067643 1.3208024886863656 0.026004366194496576 -0.006260982723972575 -0.0010542800981738765 -0.0008940690102576809 0.003772537976762599 1.3248016769999214 0.02616360067973448 0.999922871430529 1.9997559970280023 0.003772515159468002 1.3248005928181432 0.026163405868965928 0.25197937188120884 0.25306829712749646
-9.436090225563909 1.9624208388569624 0.003840357534431964 1.34548539540376 0.026844302551227626 -0.0066616153842460335 -0.0011324747566732185 -0.000940789177676038 0.0038575412089787192 1.3496027859316777 0.02701076717871897 0.9999168492507544 1.9997369477116549 0.003857516017685793 1.3496016061782188 0.02701054869817607 0.2589867286542613 0.26012704312373686
-9.360902255639097 1.9620498355082965 0.003927802384876077 1.3706644309986988 0.02771308117126806 -0.007086477233315236 -0.0012163047462649956 -0.0009899892594091853 0.003945759740954646 1.374901533267824 0.027887072358017843 0.9999103569062702 1.9997164115590569 0.003945731922866257 1.3749002476355268 0.027886827292255677 0.26627298168698665 0.26746739557418503
-9.285714285714286 1.9616703382518967 0.004018581705864425 1.3963323870832947 0.028611330904882482 -0.007536886727052661 -0.0013061576088091442 -0.0010418174264970048 0.004037357793974807 1.4006905239002474 0.028793152808545414 0.9999033576976922 1.9996942725755806 0.0040373270686573865 1.400689120673202 0.028792877882400512 0.2738497603956398 0.27510112673448484
-9.210526315789474 1.9612820219088742 0.004112866385916424 1.4224803959662307 0.02953965865095385 -0.008014217700633708 -0.0014024453374474888 -0.001096432113257606 0.004132509347478534 1.4269606837182949 0.02972962297328495 0.9998958120622131 1.999670405726406 0.00413247540374929 1.4269591495531861 0.029729314508087867 0.28172910013548 0.2830404218507751
-9.135338345864662 1.9608845446195964 0.004210837456178519 1.4490978444911846 0.030498645841012334 -0.00851989965269695 -0.0015056056396360873 -0.0011540027610408288 0.0042313987584768125 1.4537011727889542 0.030697071593073416 0.9998876773503838 1.9996446762334312 0.0042313612509282455 1.453699492462459 0.030696725457709656 0.28992344831447653 0.29129788557076436
-9.06015037593985 1.9604775468561886 0.004312686730655165 1.4761722901962093 0.031488844780508875 -0.009055417715160274 -0.0016161032215222804 -0.0012147105921940238 0.004334221420853139 1.4808993009364675 0.03169605800853279 0.9998789075855214 1.999616938817737 0.004334179965971036 1.4808974570540803 0.03169566956479054 0.2984456697526242 0.2998865476069237
-8.984962406015038 1.9600606503731544 0.004418617487193605 1.5036893806094846 0.03251077486091747 -0.009622312226383656 -0.0017344310958549158 -0.0012787494569153068 0.004441184467032444 1.5085404465492498 0.03272710833197503 0.9998694532044059 1.999587036883435 0.004441138638857782 1.5085384192098588 0.03272667237355255 0.30730905117156354 0.3088198675355728
-8.909774436090226 1.9596334570922302 0.004528845191704131 1.5316327765468947 0.03356491865880704 -0.010222177868797644 -0.0018611118960336626 -0.001346326717950319 0.004552507514640161 1.536607979494355 0.033790711505761496 0.9998592607778054 1.9995548016383995 0.004552456839919258 1.536605745904659 0.03379022219025844 0.3165273046881845 0.3181117386049152
-8.834586466165414 1.9591955479173584 0.004643598268228298 1.559984080323918 0.034651717940740796 -0.010856662282179741 -0.001996699187458262 -0.001417664185993317 0.004668423460915379 1.565083189065159 0.034887315266295044 0.9998482727092783 1.999520051147063 0.004668367413675465 1.565080723097199 0.03488676603944813 0.3261145701743284 0.3277764904129736
-8.759398496240602 1.9587464814754432 0.004763118917601268 1.588722769833182 0.03577156959557406 -0.011527464088118222 -0.0021417787791051524 -0.0014929991338874515 0.004789179327789366 1.5939452179280105 0.03601732203560282 0.9998364269105654 1.9994825893100812 0.004789117323268517 1.593942489612039 0.036016705546949905 0.33608541633219224 0.33782889030386554
-8.68421052631579 1.9582857927782846 0.004887663987591813 1.617826139471111 0.036924821518492655 -0.012236330222293645 -0.002296969990766229 -0.0015725853360351039 0.004915037160691922 1.6231710030649058 0.03718108476525617 0.9998236564517605 1.9994422047652929 0.004914968548543465 1.6231679780095878 0.037180392774363746 0.3464548403218102 0.3482841433174041
-8.609022556390979 1.957812991800835 0.005017505897543147 1.6472692489191443 0.038111768473861884 -0.012985052486783388 -0.002462926896441786 -0.001656694207284204 0.00504627498430329 1.6527352247314475 0.038378902760138306 0.9998098891843193 1.99939866970399 0.00504619904098389 1.6527318634616581 0.03837812603242657 0.3572382657627909 0.35915789051253694
-8.533834586466167 1.9573275619706478 0.00515293362067983 1.6770248807970054 0.03933264796663645 -0.013775463202392757 -0.0026403394897158705 -0.0017456159699094087 0.0051831878186273 1.6826102644601348 0.03961101751226193 0.9997950473348005 1.9993517385960606 0.005183103738866691 1.682606521662552 0.03961014570341423 0.36845153891753357 0.37046620547002085
-8.458646616541355 1.9568289585631038 0.005294253727388143 1.7070635082042243 0.04058763615460466 -0.014609429846956346 -0.0028299347680160736 -0.0018396609023056953 0.0053260887589219865 1.7127661731373702 0.040877608577386856 0.9997790470670855 1.9993011468171056 0.005325995646158293 1.712761996802336 0.040876630105230675 0.38011092284709064 0.382225588763275
-8.383458646616543 1.95631660699671 0.005441791492920805 1.7373532731527177 0.041876843836140855 -0.015488848530821997 -0.0030324777009980153 -0.001939160643729565 0.0054753101231859004 1.7431706501676862 0.042178789529590255 0.9997617980106531 1.9992466091701195 0.005475206978835601 1.7431659806151005 0.04217769143226714 0.3922330893140274 0.39445296016933323
-8.30827067669173 1.9557899010224618 0.005595892073117924 1.767859976863915 0.043200312550260446 -0.01641563616988151 -0.0032487720557696775 -0.0020444695713450756 0.0056312046710601 1.7737890347078196 0.043514604031053734 0.9997432027522858 1.999187818293785 0.005631090382473855 1.7737838034834053 0.04351337181020657 0.4048351081886964 0.40716564837341124
-8.233082706766918 1.9552482008009386 0.005756921751874792 1.7985470828591856 0.04455801082761698 -0.017391721174277563 -0.00347966102928865 -0.0021559662251888767 0.005794146898166774 1.804584309907307 0.044885022056184415 0.9997231562884069 1.999124442948862 0.0057940202251028 1.8045784385347206 0.04488363950382148 0.417934434096444 0.42038137790151775
-8.157894736842106 1.9546908308605018 0.005925269264221588 1.82937573371133 0.04594983063258662 -0.01841903247435539 -0.0037260276604058618 -0.002274054808523829 0.005964534410062628 1.8355171210281658 0.046289936310627965 0.9997015454350207 1.9990561261735351 0.0059643939694861755 1.8355105196006858 0.04628838531822785 0.4315488900234242 0.43411825299494805
-8.082706766917294 1.9541170779296038 0.006101347199007088 1.8603047822457919 0.04737558403764225 -0.019499486672685862 -0.003988794957990649 -0.002399166734576852 0.006142789380138235 1.8665458082359037 0.04772915888679027 0.9996782481920039 1.9989824832979366 0.006142633629130138 1.8665383738305166 0.04772741923515019 0.44569664757774335 0.44839473811941
-8.007518796992482 1.9535261886359137 0.006285593485296829 1.891290837884132 0.04883500017183175 -0.020634973093081044 -0.0042689256948307275 -0.0025317622326781475 0.006329360095939274 1.8976264547547332 0.0492024181980166 0.9996531330582569 1.9989030998073596 0.0063291873124665336 1.8976180696497138 0.049200467326265145 0.4603962035807076 0.46322963477882906
-7.93233082706767 1.9529173670646054 0.006478472966702744 1.9222883287087684 0.0503277224852578 -0.02182733647771329 -0.004567421798810756 -0.0026723320004862217 0.006524722598520078 1.9287129509632255 0.05070935623358116 0.9996260582939537 1.9988175290429582 0.00652453085978763 1.928703480639006 0.05070716898571771 0.4756663526401406 0.47864205428047724
-7.857142857142858 1.9522897721678085 0.006680479067951257 1.9532495796962883 0.05185330637093758 -0.023078357049399756 -0.004885323259230745 -0.0028213988875123164 0.00672938241956102 1.9597570748727844 0.05224952617606031 0.9995968711258579 1.998725289727935 0.006729169577625061 1.9597463657745293 0.05224707452333664 0.49152615533363053 0.4946513860735331
-7.7819548872180455 1.9516425150169026 0.006892135558069096 1.9841249074199816 0.05341121718432643 -0.024389727641818126 -0.005223706472506251 -0.0029795196173552085 0.0069438764210841665 1.9907085892804992 0.05382239042142867 0.9995654068913649 1.9986258633064047 0.006943640075362422 1.990696466318911 0.053819643158836486 0.5079949016049405 0.5112772612574928
-7.706766917293233 1.9509746558889667 0.007113998414613055 2.0148627313593535 0.0550008286990169 -0.025763027556763518 -0.005583681912725069 -0.0031472865111581427 0.00716877474268279 2.021515355722474 0.05542731904034248 0.9995314881166115 1.9985186910812434 0.007168512208946481 2.0215016194882907 0.055424241455470674 0.5250920689509684 0.52853951083057
-7.631578947368421 1.950285201178384 0.00734665779338899 2.0454097017787305 0.05662142203470639 -0.02719969278828671 -0.005966391026106521 -0.003325329218398565 0.007404682861233528 2.052123465174331 0.057063588716492135 0.9994949235236529 1.9984031711363213 0.007404391136606455 2.052107888839859 0.05706014222900281 0.5428372749502219 0.5464581182205966
-7.556390977443609 1.9495731001242727 0.00759074010808861 2.075710843949681 0.05827218509041745 -0.028700982209954873 -0.006373002207354261 -0.003514316410210938 0.007652243768079868 2.0824773852552916 0.05873038219465093 0.9994555069613379 1.998278655027546 0.00765191949150329 2.0824597111353027 0.05872652396467878 0.5612502236565554 0.5650531656130598
-7.481203007518797 1.9488372413440935 0.007846910224215 2.1057097182965374 0.05995221251221592 -0.030267939299818636 -0.006804705721009441 -0.0037149574308585898 0.007912140268655245 2.1125201234934172 0.06042678826710611 0.9994130162541234 1.9981444442261354 0.007911779676198685 2.1125000592355545 0.060422470770936286 0.580350645354258 0.5843447735619101
-7.406015037593986 1.9480764491635267 0.00811587377156006 2.1353485958422893 0.0616605062202533 -0.03190134891727325 -0.007262707390808032 -0.003928003858064244 0.008185097409444257 2.142193406004845 0.062151802322552865 0.9993672119626443 1.9979997862964667 0.008184696283753781 2.1421706203785225 0.06214697289406452 0.6001582291424843 0.6043530333397321
-7.330827067669174 1.9472894797324263 0.008398379579331587 2.1645686481283994 0.06339597651498319 -0.0336016886315349 -0.007748220872883849 -0.004154250941510895 0.008471885037054051 2.1714378707334125 0.06390432747632474 0.9993178360494243 1.9978438707897634 0.008471438650126202 2.171411988984413 0.06389892781284949 0.6206925477888176 0.6250979314542904
-7.255639097744361 1.9464750169164384 0.00869522223779331 2.1933101505788546 0.06515744377684843 -0.03536907404438239 -0.008262458295632769 -0.004394538871025588 0.008773320493972244 2.2001932741917103 0.06568317629505233 0.9992646104426208 1.9976758248337045 0.00877282354232309 2.2001638729281225 0.06567714192653264 0.6419729742636285 0.6465992657289488
-7.180451127819549 1.9456316679537224 0.009007244789968746 2.221512698081242 0.06694364076775379 -0.03720319751056422 -0.00880661902550628 -0.004649753817474789 0.009090271455312975 2.2283987104449934 0.06748707312259489 0.9992072354902092 1.9974947083968762 0.009089717986474935 2.2283653120186604 0.06748033284324073 0.6640185893393546 0.6688765523153761
-7.105263157894737 1.9447579588660395 0.00933534155655277 2.249115431367947 0.06875321553623481 -0.03910325961288663 -0.009381876282915869 -0.004920828680894829 0.009423658910483705 2.2559928408889354 0.06931465700743315 0.9991453882964594 1.9972995092057373 0.009423042239604208 2.2559549072349596 0.06930713226947736 0.68684807961179 0.6919489229783191
-7.030075187969925 1.9438523296134582 0.00968046109666408 2.276057272604928 0.07058473492160054 -0.04106789271003208 -0.009989361301848021 -0.0052087434608125704 0.009774460293227816 2.282914133195168 0.07116448522477299 0.9990787209320092 1.9970891372905348 0.009773772908361707 2.282871059090858 0.07115608949444753 0.7104796252751645 0.7158350119650092
-6.954887218045114 1.9429131289819292 0.010043609306435513 2.302277168435244 0.07243668864548664 -0.043095075825220874 -0.01063014469218615 -0.005514525166653073 0.0101437127628949 2.3091011076390235 0.07303503737949718 0.9990068585082144 1.9968624191353086 0.01014294621736999 2.3090522133417917 0.07302567545597731 0.7349307769587677 0.7405528317457647
-6.879699248120302 1.941938609193092 0.010425852656665513 2.327714338586034 0.07430749397243426 -0.0451820400917029 -0.011305214608682945 -0.005839247142603199 0.010532516639041837 2.334492588885146 0.07492472006893641 0.9989293971058384 1.9966180914058467 0.010531661429033272 2.334437112108047 0.07491428736781434 0.760218320911827 0.7661196368891615
-6.8045112781954895 1.9409269202259145 0.010828321569816635 2.352308528031469 0.07619550091432757 -0.047325163951455806 -0.012015451305060765 -0.006184027688703964 0.01094203899055207 2.359027961192499 0.07683187207735151 0.998845901547461 1.9963547942281612 0.010941084415717223 2.3589650483745377 0.07682025388115417 0.7863581318049072 0.7925517753144109
-6.729323308270677 1.9398761038401229 0.01125221393552996 2.3760002606160633 0.07809899794702617 -0.04951985722783547 -0.01276159757983919 -0.006550027819066884 0.011373517379354206 2.3826474249135066 0.07875477006715796 0.9987559030022786 1.9960710639887693 0.01137245138405138 2.3825761217407466 0.07874184074660989 0.8133650124022179 0.8198645261468799
-6.654135338345865 1.9387840872918776 0.01169879876249731 2.398731091982821 0.08001621820136735 -0.05176043318991219 -0.013544224581281128 -0.006938447980097351 0.01182826375749649 2.40529225210525 0.08069163472542155 0.9986588964112311 1.9957653256268397 0.011827072749730393 2.4052114932378155 0.08067725693657071 0.8412525193498236 0.8480719233909432
-6.578947368421053 1.9376486767328527 0.012169419962973787 2.4204438596224995 0.08194534608507216 -0.054039967670803435 -0.014363692369897763 -0.007350523520898378 0.01230766851476095 2.4269050390452143 0.08264063731811933 0.9985543377196032 1.995435884387066 0.012306337159556056 2.426813637004228 0.0826246611821417 0.8700327743219003 0.8771865646280503
-6.503759398496241 1.9364675502847644 0.012665500264388172 2.4410829278640453 0.08388452428707201 -0.05635014429682883 -0.015220104575746518 -0.007787518673893601 0.01281320467214848 2.447429953452052 0.08459990659926533 0.9984416409034359 1.995080917001034 0.012811715655539008 2.447326586619808 0.0845821688737867 0.8997162597714594 0.9072194039492174
-6.428571428571429 1.9352382507825054 0.013188545240387772 2.460594425662989 0.08583186111150186 -0.05868108485393009 -0.01611325641110284 -0.008250718760869802 0.013346432214395007 2.4668129742524902 0.08656753601728864 0.9983201747752389 1.9946984622638664 0.013344765973625999 2.466696173938624 0.08654785927046955 0.9303115985452814 0.9381795283408226
-6.353383458646617 1.933958178180461 0.013740147451201078 2.4789264751138878 0.08778543808518173 -0.06102116383775069 -0.017042575230462376 -0.008741420300601987 0.013909002552152595 2.485002121809777 0.08854159115719666 0.9981892595536068 1.9942864109720944 0.013907136966995795 2.484870258335725 0.0885197829586567 0.9618253166466935 0.9700739167627195
-6.2781954887218046 1.932624581618253 0.014321990680377789 2.4960294087137775 0.08974331777991379 -0.06335680624039242 -0.018007052742774476 -0.00926091863936307 0.0145026631015411 2.501947676634623 0.09052011735406153 0.9980481631804389 1.9938424951880722 0.01450057314082792 2.501798944388521 0.09049596950005752 0.9942615884661975 1.0029071811899313
-6.203007518796992 1.9312345511442321 0.014935854251730588 2.511855973534408 0.09170355178943118 -0.06567226765847067 -0.019005167891265273 -0.009810492664719561 0.015129261965402175 2.5176023847357865 0.09250114741136652 0.9978960973685245 1.9933642767958846 0.015126919281945369 2.517434786150173 0.0924744352055615 1.0276219638509705 1.0366812889358568
-6.12781954887218 1.9297850090974433 0.015583617406612587 2.5263615206193593 0.0936641888003795 -0.06794939590230342 -0.02003479933522101 -0.010391386103087541 0.01579075269671561 2.531921647930891 0.09448270935672207 0.9977322133613005 1.992849135313612 0.01578812516271016 2.5317329763360266 0.09445319097244873 1.0619050764524323 1.0713952656384191
-6.052631578947368 1.9282727011516962 0.016267263717471708 2.539504178104954 0.09562328269732272 -0.07016737333916012 -0.021093126356561243 -0.011004784817671975 0.016489199120214574 2.5448636976259746 0.09646283416744991 0.9975555973856238 1.9922942549271665 0.016486250293953883 2.5446515189325742 0.09643025012271816 1.0971063328790254 1.107044878373398
-5.977443609022558 1.9266941870287113 0.016988885508881068 2.5512450067676675 0.09757890064344858 -0.07230243938707304 -0.022176516931807555 -0.011651789445334515 0.017226780183205843 2.556389750781205 0.09843956339954194 0.997365265777421 1.9916966107116896 0.01722346869649248 2.5561513839477965 0.09840363618223122 1.1332175822921475 1.143622298464818
-5.902255639097746 1.9250458308912535 0.017750688251900463 2.5615481369214974 0.0995291310813585 -0.07432759271983969 -0.023280401593254396 -0.01233338260563599 0.01800579480090217 2.566464147005389 0.10041095665546058 0.9971601597591165 1.991052954007869 0.018002073654843454 2.566196643247737 0.10037139054333741 1.1702267662202819 1.1811157436935984
-5.8270676691729335 1.9233237914316725 0.018554994891629442 2.5703808858222272 0.10147209160205252 -0.07621227300325017 -0.024399131614174507 -0.013050389813475505 0.01882866665514686 2.5750544659598553 0.10237509882916108 0.9969391398467836 1.9903597969225775 0.01882448241006614 2.574754586662619 0.10233157995766128 1.2081175485333913 1.219509099766769
-5.751879699248121 1.9215240116764905 0.019404250061113848 2.577713854977057 0.10340593663485884 -0.07792202228191059 -0.02552581994797265 -0.013803433098495077 0.019697948898192062 2.5821316244973542 0.10433010707044868 0.9967009798640489 1.9896133959260802 0.019693240741116853 2.581795817792021 0.1042823038107474 1.2468689257207932 1.2587815211045397
-5.676691729323309 1.9196422085336013 0.020301024127316068 2.583521007003321 0.10532886491655885 -0.07941812651105806 -0.02665216325905817 -0.014592876197916382 0.02061632870512096 2.5876699532101526 0.10627413741531638 0.9964443605389144 1.988809734521852 0.020611027375681892 2.5872943291881505 0.10622170113622086 1.2864548178554347 1.2989070112357786
-5.601503759398497 1.9176738621154163 0.021248017006607528 2.587779721924266 0.1072391267042029 -0.08065723820089943 -0.027768243301395046 -0.015418760037263723 0.021586631609519923 2.5916472523080265 0.10820539103407593 0.9961678626588616 1.9879445049699578 0.021580658162056208 2.591227556844013 0.10814795733389525 1.32684364091069 1.3398539833690974
-5.526315789473685 1.9156142048789222 0.02224806167814635 2.590470833028718 0.10913503070299026 -0.08159098171429946 -0.028862305827175305 -0.016280727038438414 0.022611825547053443 2.594044826987443 0.1101221200548207 0.9958699597589235 1.9870130890511548 0.022605089923212265 2.5935764141555535 0.11005931056380576 1.367997861427631 1.3815848020320398
-5.451127819548873 1.9134582106322324 0.023304127313529845 2.59157864265109 0.11101495068797909 -0.08216554345267468 -0.029920515165869688 -0.017177932609726554 0.023695024520626055 2.594847502683706 0.11202263292591823 0.9955490103168344 1.9860105378665835 0.023687423902698818 2.5943253057589644 0.11195405779630498 1.4098735349169809 1.4240553070508393
-5.375939849624061 1.9112005834667984 0.024419321930234158 2.591090918444519 0.11287733180616519 -0.08232124998590962 -0.030926682584649257 -0.01810894195937962 0.02483949178879025 2.5940436208140825 0.11390529928767351 0.9952032494289815 1.984931550677356 0.02483090869937305 2.5934621218628053 0.11383056050705759 1.4524198298263278 1.467214321583464
-5.3007518796992485 1.908835746685206 0.025596894464561485 2.588998870919967 0.1147206965534739 -0.08199213817556483 -0.031861966566324895 -0.01907161014975145 0.02604864246595672 2.5916250158191887 0.11576855432993538 0.9948307799407045 1.98377045279977 0.026038942574176483 2.5909782138962165 0.11568725001486499 1.4955785394161303 1.511003146426492
-5.225563909774436 1.90635783180634 0.026840236147115254 2.5852971132048976 0.11654365042933115 -0.08110552250067826 -0.03270454320376359 -0.020062943059162563 0.02732604540877828 2.5875869744889 0.11761090261908935 0.994429563004562 1.9825211725855763 0.027315074997201004 2.5868683524764355 0.11752263246964452 1.5392835844734458 1.5553550433979118
-5.150375939849624 1.9037606677427874 0.028152881050245868 2.5799836041347466 0.11834488727953549 -0.07958156613440792 -0.03342924503724021 -0.021078936652166647 0.028675424247833196 2.5819281787159443 0.11943092138448813 0.9939974080405907 1.9811772175329598 0.028663007287173557 2.581130668858857 0.11933529350746012 1.5834605104573323 1.600194711260348
-5.075187969924812 1.9010377702596923 0.02953850566251341 2.5730595759267456 0.12012319434604814 -0.07733286391240313 -0.03400716687218619 -0.022114391673696332 0.0301006574074835 2.5746506329532433 0.12122726326079457 0.9935319620733719 1.9797316495930484 0.030086592178266248 2.5737665811697026 0.12112390259913289 1.6280259834196282 1.6454377583997837
-5.0 1.898182331839899 0.031000927330094432 2.5645294477981997 0.12187745704985962 -0.07426404712356316 -0.03440523741964796 -0.023162700583064577 0.031605776939623055 2.565759577759131 0.12299865848886 0.993030698421977 1.9781770597591248 0.03158983213090632 2.5647807068336 0.12288721712854533 1.6728872898863663 1.6909901773200804
-4.924812030075188 1.8951872120971032 0.032544101389356345 2.5544007269791575 0.12360666354017534 -0.07027142213047455 -0.03458575602979863 -0.024215603231660054 0.03319496597910781 2.555263390897153 0.12474391658353925 0.9924909047206755 1.9765055420516844 0.03317687618416284 2.5541807626958706 0.12462408624617952 1.7179418468226157 1.7367478269601202
-4.849624060150376 1.892044928896895 0.034172116798729044 2.5426838986328084 0.1253099090496245 -0.06524265715941624 -0.034505894363519474 -0.025262907471066853 0.03487255461018247 2.54317347751446 0.1264619274821848 0.9919096702507657 1.9747086670424054 0.0348520151275413 2.5419774544021854 0.1263334545525873 1.7630767288418427 1.7825959298943692
-4.774436090225564 1.8887476503649054 0.0358891900617691 2.529392306236381 0.12698640010088852 -0.05905653423161539 -0.034117163601649736 -0.02629217056437838 0.03664301391446699 2.5295041509552383 0.12815166219240248 0.9912838725671316 1.9727774550943695 0.036619674749909244 2.5281843566368227 0.12801436567525432 1.808168220962296 1.8284085926432256
-4.699248120300753 1.8852871879817032 0.0376996572172694 2.5145420239917016 0.12863545861492948 -0.051582786126004976 -0.03336484875571699 -0.02728833697186417 0.038510947952409835 2.5142725057742714 0.12981217296194922 0.9906101634072855 1.9707023495348208 0.03848440690319909 2.5128177858363996 0.12966596581057518 1.853081406457947 1.8740483586004169
-4.624060150375941 1.88165499098545 0.03960796365682289 2.4981517228293626 0.13025652597470186 -0.04268204148669952 -0.03218741286599425 -0.028233327811758357 0.04048108341202332 2.497498284501823 0.13144259299737554 0.9898849538758685 1.9684731900207677 0.04045087809898353 2.495896666989725 0.13128750731024527 1.8976698006979882 1.9193658044816286
-4.548872180451129 1.8778421423253757 0.04161865151590992 2.480242531545135 0.13184916710068575 -0.03220590467529405 -0.0305158753820578 -0.02910557707075867 0.04255825664177096 2.479203739676324 0.1330421357611462 0.989104398904013 1.966079186407053 0.04252385533762027 2.4774423961082492 0.13287835239815204 1.9417750433104783 1.964199192709313
-4.473684210526317 1.8738393564316387 0.0437363443719614 2.4608378945638667 0.13341307459561078 -0.01999720073021649 -0.0282731708848587 -0.029879509489997957 0.044747397769398414 2.459413492607571 0.13461009387952136 0.9882643809907983 1.9635088934814005 0.04470818885319626 2.4574786999071296 0.13443797710960528 1.9852266625319221 2.008374193767432
-4.398496240601505 1.869636979089665 0.045965728972678185 2.4399634277664544 0.13494807301511752 -0.0058904197422009474 -0.02537349656032717 -0.030524955004104015 0.047053511596138645 2.4381543902624174 0.1361458376954267 0.9873604932434934 1.9607501869915125 0.04700879144390089 2.4360314941764116 0.1359659755492431 2.027841927198256 2.051703694275549
-4.3233082706766925 1.8652249897291568 0.048311533711025485 2.4176467737419465 0.1364541233186333 0.010287600974180577 -0.021721659534570392 -0.031006494706808496 0.04948165494710502 2.4154553615792667 0.13764881350193742 0.986388021744545 1.9577902414555215 0.04943061404785084 2.41312874224708 0.13746206456692697 2.069425803469862 2.093987708325987
-4.24812030075188 1.8605930064590657 0.05077850356075848 2.393917457741272 0.13793132755012985 0.028716714422273526 -0.017212438392796514 -0.03128273360663769 0.0520369101549884 2.3913472744192688 0.13911854149285677 0.9853419272866278 1.9546155103187837 0.05197861722009406 2.3888003148700703 0.13892608895200914 2.1097710350304624 2.1350134114755233
-4.172932330827068 1.855730294199245 0.0533713711892049 2.3688067455137447 0.13937993379142616 0.04958217475177662 -0.011729976955720645 -0.03130549597034715 0.05472435435675764 2.3658627942529686 0.1405546134672136 0.9842168265327681 1.951211709096755 0.054657738169065065 2.3630778527295173 0.14035802724513827 2.148658367112752 2.174555318647093
-4.097744360902256 1.850625776276346 0.05609482397360033 2.3423475041043975 0.14080034142096717 0.07307297130762436 -0.005147232755554398 -0.031018939911096055 0.05754902429345022 2.3390362455633436 0.1419566903244021 0.9830069726768486 1.9475638022247566 0.057472853021891875 2.3359946327066075 0.14175799826272156 2.185856936225586 2.2123756290294607
-4.022556390977444 1.845268049864977 0.05895346666494467 2.3145740665809535 0.14219310669819576 0.09937973282498547 0.0026744923558297273 -0.03035858913399636 0.06051587632302401 2.310903476821488 0.14332449938614822 0.9817062357010213 1.9436559944197467 0.060428734009609596 2.30758543889889 0.14312626842171003 2.2211248488161384 2.2482247627990852
-3.947368421052632 1.8396454056639673 0.061951779470635966 2.2855221015458524 0.14355894867739485 0.1286921466117974 0.011885906387888667 -0.02925028150643172 0.06362974138744593 2.2815017297615094 0.14465783158059017 0.9803080823509589 1.9394717274452775 0.06353000129765597 2.2778864392833045 0.14446325994079193 2.254209973206552 2.2818421160469424
-3.8721804511278197 1.8337458522006544 0.06509407136564521 2.255228488172299 0.1448987554347423 0.1611958368072095 0.02264992681578093 -0.02760903647904911 0.06689527471966074 2.250869513547895 0.14595653852253532 0.9788055559778169 1.9349936832565948 0.06678106923630626 2.2469350687907403 0.1457695599775675 2.284850969890327 2.312957061571087
-3.7969924812030076 1.8275571451520636 0.06838442849337774 2.223731197385233 0.14621359056795774 0.19706864692027182 0.0351416793727779 -0.025337846465209424 0.07031690013578415 2.2190464842932047 0.14722052952244294 0.9771912564274853 1.9302037945857102 0.07018608687233248 2.214769919436404 0.14704593073889913 2.312778585529191 2.3412902240652183
-3.7218045112781954 1.8210668220591386 0.07182665758326401 2.19106917968923 0.1475046998988383 0.236476275400193 0.04954824243805689 -0.022326401223669023 0.07389874883477641 2.186073330247583 0.14844976855494801 0.9754573201935395 1.9250832641029858 0.07374887264957201 2.181430638024254 0.1482933205723711 2.3377172356061684 2.366555058540126
-3.6466165413533833 1.8142622427874286 0.07542422439411002 2.1572822600263355 0.1487735182748049 0.27956721967996145 0.06606807575916918 -0.01844975921423142 0.07764459272379474 2.1519916628452136 0.14964427121580073 0.9735954010904269 1.919612593358278 0.07747284333457893 2.146957831815512 0.14951287600952368 2.3593868994917315 2.3884597603731765
-3.571428571428573 1.8071306360530275 0.07918018729170824 2.1224110399280276 0.15002167632597666 0.3264669947547105 0.08491006453400018 -0.013566985942738086 0.08155777240400015 2.116843913657512 0.15080410169400715 0.971596651748095 1.9137716227561614 0.0813609373362039 2.1113929824207043 0.15070595468508924 2.3775053494727874 2.4067095339738858
-3.496240601503761 1.7996591522846976 0.08309712618728007 2.0864968071070535 0.15125100698894522 0.3772716077820206 0.10629210248864496 -0.0075197866000529245 0.08564112008997977 2.0806732371690964 0.15192936978374508 0.9694517062785651 1.9075395838505638 0.08541553274648919 2.074778368041275 0.15187413899966792 2.3917907318680536 2.42100924443096
-3.4210526315789487 1.7918349230303499 0.08717706720067893 2.0495814525166227 0.15246355155719057 0.43204029133224253 0.13043913103444282 -0.00013116892261422208 0.08989687789674108 2.0435234191611924 0.15302022795831996 0.9671506645189303 1.9008951652478117 0.08963836061569715 2.037156994049984 0.15301925032500377 2.401964513484309 2.4310664723875663
-3.3458646616541365 1.7836451270370353 0.09142140356905322 2.0117073947858026 0.1536615649610108 0.49078752571232087 0.1575805465314133 0.008795817792176308 0.09432661211125239 2.005438790358659 0.15407686852604596 0.964683078313757 1.8938165933763722 0.0940304141867785 1.9985725317578902 0.15414336347026175 2.407754800129877 2.4365949864713867
-3.2706766917293244 1.7750770630372281 0.0958308134972068 1.9729175118205875 0.15484751991715168 0.5534744161017073 0.18794688497160905 0.019479210221465593 0.09893112426950029 1.9664641448718854 0.15509952088551726 0.9620379403626413 1.886281729308605 0.09859185505306063 1.9590692650685948 0.15524882103375412 2.4089000254802886 2.4373186395622644
-3.1954887218045123 1.7661182291596529 0.10040517583863015 1.9332550792388226 0.15602410952061074 0.6199995337793069 0.22176569405154822 0.03215905522174012 0.1037103600825423 1.9266446628440541 0.15608844889525653 0.9592036762251802 1.8782681826963303 0.10332191746480801 1.9186920445659799 0.15633824715705177 2.405152998099863 2.432975684692223
-3.1203007518797 1.7567564087499163 0.10514348470339656 1.8927637151833023 0.1571942477793306 0.6901893829028722 0.2592565078422524 0.047098047276449506 0.1086633174920296 1.8860258365985032 0.1570439483702446 0.9561681401451012 1.8697534436995096 0.1082188122911929 1.8774862484186556 0.15741456007763083 2.3962852817298455 2.423323493145883
-3.045112781954888 1.7469797622351388 0.11004376430678371 1.851487330929591 0.15836106751811563 0.7637887150970641 0.30062485048212295 0.06458178171254403 0.1137879553814427 1.8446533994710708 0.15796634471530727 0.9529186154266677 1.860715033537738 0.11327963243743246 1.8354977493108193 0.15848098274314812 2.3820918690085215 2.4081436411246573
-2.969924812030076 1.7367769244986846 0.1151029855950656 1.8094700865725633 0.1595279150031654 0.8404509828148434 0.34605521401501704 0.08491851234127168 0.1190811047161738 1.802573256409685 0.15885599070279816 0.9494418201682348 1.8511306739703017 0.11850026181338164 1.792772886424317 0.15954105060721538 2.3623960916599054 2.3872473120242965
-2.8947368421052637 1.7261371070480174 0.12031698640526069 1.766756350937187 0.16069834056582175 0.9197292974982147 0.39570298322952624 0.10843828943254508 0.12453838412396319 1.7598314153294334 0.15971326439945105 0.9457239192281183 1.8409784756065395 0.12387529023790565 1.7493584412987306 0.16059861557648733 2.33705469110013 2.3604809389759147
-2.8195488721804516 1.7150502040636744 0.12568039712486892 1.7233906647139536 0.16187608443698473 1.0010683372670641 0.4496853185834482 0.13549134356195225 0.130154122145389 1.7164739181280468 0.1605385672446821 0.9417505433642935 1.830237144460845 0.12939793692840146 1.7053016161853305 0.1616578449269382 2.305962952789362 2.327731987070192
-2.7443609022556394 1.703506901214534 0.13118657400524156 1.679417705667051 0.16306505694649526 1.0837977271599541 0.508071058210156 0.1664455744363771 0.13592128856861233 1.672546770196304 0.16133232227999936 0.9375068165489594 1.8188862055957755 0.13505998544968875 1.6606500132864213 0.16272321386008984 2.269059786165549 2.2889347471762984
-2.6691729323308273 1.691498785919372 0.13682754243611156 1.634882254604025 0.16426931219989965 1.1671274872433912 0.5708697622916752 0.20168300317912724 0.14183143739833318 1.628095867203258 0.1620949725265223 0.9329773925081387 1.8069062420466453 0.14085173316159877 1.6154516130354972 0.16379949023653254 2.226332610570972 2.244075984414582
-2.593984962406015 1.6790184575336873 0.14259395259557872 1.58982916062989 0.16549301432460012 1.250146202931404 0.6380200976082797 0.24159505383175883 0.14787466407985683 1.583166917900654 0.16282697950492928 0.9281465015710807 1.7942791465011223 0.14676195828869248 1.5697547493283126 0.16489170991526514 2.1778218874520276 2.1932002555305954
-2.518796992481203 1.6660596357517887 0.14847504993523503 1.5443033040382923 0.16674039538555913 1.3318226088489453 0.7093778456008017 0.286576547242408 0.15403957958898298 1.5378053616782952 0.16352882188943094 0.9229980089295661 1.7809883824334443 0.1527779077165413 1.5236080793648283 0.16600514105650116 2.12362512179647 2.1364146825302424
-2.443609022556391 1.6526172653458393 0.15445866292960797 1.4983495550201975 0.1680157041154249 1.4110112824394037 0.7847039110606957 0.33701832020433287 0.16031330389154244 1.4920562796166246 0.16420099428464338 0.9175154853979401 1.7670192505874853 0.15888530847532617 1.4770605455136003 0.16714523572795467 2.0639001430454833 2.0738929473697576
-2.3684210526315788 1.6386876152256582 0.16053121039869017 1.4520127262012823 0.1693231446936973 1.4864631055535256 0.8636528060886235 0.3932984265062949 0.16668148105915243 1.4459642978291274 0.1648440061115045 0.9116822917250246 1.7523591558960376 0.1650684055836266 1.430161326372826 0.1683175672074016 1.9988674695400022 2.0058782571118194
-2.2932330827067684 1.6242683697055187 0.1666777304894963 1.405337516858912 0.17066680495329267 1.5568410610683259 0.9457621787415071 0.4557719355930061 0.17312831798982017 1.3995734819701304 0.1654583805856794 0.9054816774328148 1.736997869152583 0.17131002847780652 1.3829597739878356 0.16952775151581703 1.9288115629510798 1.9326850239611986
-2.2180451127819563 1.6093587098170545 0.1728819330674377 1.3583684465270134 0.1720505735993381 1.620741778390638 1.0304440393241059 0.5247594188652585 0.17963664821779757 1.3529272219081463 0.16604465376928434 0.89889689503772 1.7209277770605338 0.17759168763604402 1.3355053340089529 0.17078135196414856 1.8540807920148896 1.8546990132908476
-2.142857142857144 1.593959382520275 0.1791262768147527 1.3111497755831103 0.17347804630242347 1.6767230210610968 1.1169783993566433 0.6005343018388203 0.1861880217072149 1.3060681057358123 0.16660337367426029 0.8919113303418855 1.7041441137228208 0.18389370221996854 1.2878474454549524 0.17208376587026866 1.7750859498255163 1.7723757382480207
-2.067669172932332 1.578072755745939 0.18539207176030795 1.2637254103401363 0.17495242088353213 1.723337021279157 1.2045100675152547 0.6833093591221839 0.1927628208166119 1.2590377825088734 0.16713509939342408 0.8845086492590823 1.6866451662543804 0.19019535861062514 1.240035416708264 0.17344009311558126 1.692297206936165 1.6862369242117632
-1.9924812030075199 1.5617028573588603 0.19165960727810374 1.2161387901529528 0.17647638224494613 1.7591692166986697 1.2920493318620707 0.7732227330549684 0.19934040181309357 1.2118768133819269 0.16764040023320592 0.8766729613569688 1.668432447054556 0.1964750986307658 1.1921182744338652 0.17485498687317505 1.6062394337372163 1.5968649315031023
-1.9172932330827077 1.5448553963672187 0.19790830480345348 1.1684327541151456 0.17805197822161095 1.7828815493672394 1.3784771883278708 0.8703239583282709 0.20589926043098702 1.164624511139689 0.1681198548204203 0.8683889999517989 1.6495108254151034 0.20271073505703105 1.1441445823124727 0.17633248765428228 1.5174858890859548 1.5048951098700896
-1.8421052631578956 1.5275377650187232 0.204116893646786 1.1206493850876622 0.17968048812727458 1.7932590693611097 1.4625556445878019 0.9745605646109574 0.2124172190448032 1.117318768509469 0.1685740501542333 0.8596423181814852 1.629888611604218 0.20887969078140606 1.096162226839357 0.1778758427807061 1.4266503457573352 1.4110061607615725
-1.7669172932330834 1.5097590208178484 0.21026360736445154 1.072829829090853 0.18136228643988497 1.789258179227339 1.542943433935097 1.08576589660046 0.2188716321021148 1.069995876081167 0.16900358057390225 0.850419500009458 1.6095775873871274 0.21495925674134586 1.048218167991833 0.1794873144796445 1.3343778034278748 1.315908698199756
-1.6917293233082713 1.491529847962689 0.21632639721100957 1.0250140885301409 0.1830967047948273 1.7700544990655942 1.6182172197275726 1.203648825370042 0.22523960558678244 1.0226903311502906 0.16940904661295042 0.8407083845794545 1.5885929781318269 0.22092686257172436 1.0003581533375803 0.18116798098181514 1.2413340217969833 1.2203323186530926
-1.6165413533834592 1.4728624982241922 0.22228315829263076 0.977240788336519 0.1848818962079361 1.735088068206414 1.6868980692363387 1.3277860170587203 0.23149822550839028 0.975434639328886 0.1697910537113735 0.8304983017583494 1.5669533631959434 0.22676035291457936 0.9526263951633608 0.18291753623667079 1.1481941842911998 1.125011605119912
-1.541353383458647 1.453770711859433 0.2281119632163607 0.929546914906952 0.18671470619907718 1.6841034681188134 1.7474826457478798 1.4576173683385854 0.23762478979155746 0.9282591113268492 0.17015021075928663 0.8197803160828925 1.5446805231651093 0.23243826153051142 0.9050652114616256 0.184734095076462 1.0556310702272511 1.0306715898104744
-1.466165413533835 1.4342696197449767 0.23379129733809292 0.8819675287413211 0.18859055618813617 1.6171824845879392 1.7984782357280196 1.5924451104958948 0.24359703751705283 0.8811916578760235 0.17048712844825312 0.8085474756837058 1.5217992246568421 0.23794007485938293 0.8577146331204728 0.18661401178571857 0.9643031640120612 0.9380132724140601
-1.3909774436090228 1.4143756285137585 0.23930028920622642 0.8345354528971234 0.19050334513596467 1.5347671436584687 1.838440424266727 1.7314369285739417 0.24939336928585557 0.8342575863320867 0.17080241741039762 0.79679506211779 1.4983369457343225 0.24324647653684026 0.8106119814036102 0.1885517209733468 0.8748431583560468 0.8476998273487195
-1.3157894736842106 1.3941062910544277 0.24461892952760012 0.787280940812991 0.19244537584276492 1.4376713550882823 1.8660119882918433 1.87363324787977 0.2549930525664516 0.7874794030215019 0.17109668613033704 0.7845208364250797 1.4743235473872252 0.24833956462868575 0.7637914217444762 0.19053961030158534 0.7878473104477587 0.7603441268190979
-1.2406015037593985 1.37348016525967 0.24972827198930542 0.7402313286622916 0.19440731252955937 1.3270799577508559 1.8799614212669091 2.0179586216890364 0.26037640625909625 0.740876625876575 0.1713705386209227 0.771725276165121 1.4497908989107273 0.2532030340157404 0.7172835019525876 0.19256793489770793 0.7038660835288072 0.6764981542296392
-1.1654135338345881 1.3525166643636417 0.25461060958477266 0.6934106791428023 0.19637817624716286 1.204534641744866 1.87921945586179 2.1632369296918696 0.26552495936588344 0.6944656122931401 0.171624571860698 0.7584117977192959 1.424772467218171 0.2578223174395699 0.6711146850560782 0.19462478306451944 0.6233964517435127 0.5966447866369061
-1.090225563909776 1.3312359025640335 0.259249620730274 0.6468394254180992 0.198345384217458 1.0719069635411138 1.8629120219716562 2.308209887009303 0.27042157957175855 0.6482594074238778 0.17185937299868836 0.744586957796168 1.3993028820258322 0.26218468016819807 0.6253068890736674 0.1966961021331832 0.5468761665459421 0.5211922925199179
-1.0150375939849638 1.3096585398601208 0.26363048041564363 0.6005340257060958 0.20029483836004613 0.9313594053719614 1.830388262994413 2.4515581881619823 0.2750505686811695 0.6022676182581123 0.17207551634047313 0.7302606278860114 1.3734174903267573 0.26627926499773313 0.579877047891734 0.19876579191085614 0.47468018374951304 0.4504717334774319
-0.9398496240601517 1.2878056301376568 0.267739932887333 0.5545066406409536 0.20221106695787894 0.7852960895923777 1.7812425168636814 2.5919244854935286 0.27939772316460454 0.556496318811034 0.17227356013817835 0.7154461354063902 1.3471519145195625 0.2700970862844586 0.5348367089716108 0.20081587114541888 0.40711933878341605 0.38473728964642334
-0.8646616541353396 1.2656984764835146 0.2715663238687705 0.5087648468770297 0.20407742165890833 0.6363052828630442 1.715329522218756 2.727937337935053 0.28345035948347946 0.5109479915313948 0.17245404321578187 0.700160365489889 1.3205416288990417 0.2736309737988858 0.49019168467520513 0.20282671978400058 0.3444412422327423 0.3241693637811216
-0.7894736842105274 1.243358497512882 0.27509959201829415 0.46331140130514104 0.2058763298219231 0.4870961703171264 1.6327724990675891 2.8582352673486664 0.2871973053078514 0.46562150962274834 0.1726174814696024 0.6844238178066633 1.2936215689029575 0.2768754692955765 0.44594177442364585 0.20477739661549352 0.28683325678837635 0.2688801721213556
-0.7142857142857153 1.2208071081420109 0.2783312211271356 0.4181440705583417 0.20758959965884224 0.3404325249799123 1.533964139498262 2.98149012242078 0.29062885914382824 0.42051216435373245 0.1727643642916977 0.6682606134978015 1.2664257865352668 0.27982668068633804 0.4020805745615811 0.20664602828791256 0.2344273180395971 0.21892141269055873
-0.6390977443609032 1.1980656177495548 0.2812541563742174 0.37325554005569367 0.20919877281200952 0.19906584506959502 1.4195608919071692 3.096429064096732 0.2937367221735776 0.37561174061158265 0.17289515097076993 0.6516984482187198 1.2389871637801906 0.28248210048354594 0.3585953915882211 0.2084102618588967 0.1873062812551776 0.17429352070172155
-0.563909774436091 1.1751551480557214 0.28386268967827455 0.3286334155577477 0.21068551608596794 0.06567030589889411 1.2904712030577263 3.201854636935776 0.2965139072152556 0.3309086429445169 0.17301026713071826 0.6347684884404838 1.2113371936501318 0.2848403966540615 0.31546727228070276 0.2100477691956159 0.14551141845311316 0.13495597888658287
-0.4887218045112789 1.1520965723333967 0.2861523207172263 0.2842603280246115 0.21203204121859753 -0.05721848446525546 1.1478385770836734 3.296662559981341 0.29895463057912297 0.28638807316810483 0.17311010127090434 0.6175052095034193 1.1835058358711674 0.2869011851227436 0.2726711611796131 0.2115367879435944 0.1090506563520443 0.10083814592445764
-0.41353383458646675 1.128910476776543 0.28811960142196197 0.24011414947981144 0.21322153904188507 -0.1672593739625694 0.9930204115457597 3.3798570409606885 0.30105419319004934 0.24203225931379338 0.17319500147423691 0.5999461754211708 1.1555214512252336 0.28866479384277777 0.23017619200102823 0.2128566806999182 0.07790713568637428 0.07185009322664863
-0.3383458646616546 1.1056171440199567 0.28976197261208 0.19616832367140966 0.21423861237182518 -0.26235511039043335 0.8275635810477056 3.450563572816879 0.3028088576417362 0.19782073431920957 0.1732652723491866 0.5821317620423444 1.1274108153772966 0.29013202858831055 0.18794611492482508 0.21398849171311518 0.0520476834471436 0.047892991231474336
-0.2631578947368425 1.082236557964423 0.29107760185967463 0.15239231075007378 0.21506969069068654 -0.3406946882663553 0.6531776712686534 3.5080392990348113 0.30421572783656237 0.15373066145167474 0.1733211722696955 0.5641048268295361 1.0991992097659546 0.29130395042764046 0.1459398565924992 0.21491547911434633 0.03143081818703652 0.028868652193108062
-0.18796992481203034 1.058788428246785 0.2920652316042575 0.10875214019558055 0.21570340931659937 -0.4007883179469731 0.47170663993769635 3.5516811254832366 0.3052726375543185 0.10973720207536108 0.17336291097267081 0.5459103301438569 1.070910583973861 0.2921816742277371 0.10411220429315092 0.2156236005303673 0.016013950276041546 0.014687908647840758
-0.1127819548872182 1.0352922319388322 0.2927240459865931 0.06521106112777159 0.21613093640841144 -0.4414950141738658 0.2850995195146435 3.5810318075710494 0.3059780537039657 0.0658139200771928 0.17339064756641845 0.5275949144562906 1.0425677810592406 0.29276619656478414 0.062414600527078076 0.2161019310289168 0.005759489602200577 0.005277578155853854
-0.03759398496240607 1.0117672693932724 0.2930535638416726 0.0217302742861066 0.2163462328620905 -0.46204297296799585 0.09538060343466115 3.5957842526509936 0.30633099917672174 0.021933216114018387 0.1734044889951857 0.5092064492758187 1.0141928147468664 0.2930582601238582 0.020796029233621425 0.2163429947017072 0.0006396289119276581 0.0005858304862355808
0.03759398496240607 0.9882327306067274 0.2930535638416726 -0.021730274286106563 0.2163462328620905 -0.46204297296799585 -0.0953806034346607 3.5957842526509936 0.30633099917672174 -0.021933216114018387 0.1734044889951857 0.4907935507241813 0.9858071852531336 0.2930582601238582 -0.020796029233621456 0.2163429947017072 0.0006396289119276558 0.0005858304862355826
0.11278195488721643 0.9647077680611683 0.2927240459865932 -0.06521106112777059 0.21613093640841144 -0.44149501417386305 -0.28509951951463763 3.581031807571051 0.3059780537039657 -0.06581392007719172 0.17339064756641842 0.4724050855437098 0.95743221894076 0.29276619656478425 -0.06241460052707715 0.2161019310289168 0.005759489602200403 0.0052775781558536995
0.18796992481202857 0.9412115717532156 0.2920652316042575 -0.10875214019557947 0.21570340931659948 -0.40078831794697645 -0.47170663993769035 3.551681125483235 0.30527263755431855 -0.10973720207536006 0.17336291097267081 0.4540896698561435 0.9290894160261397 0.29218167422773705 -0.10411220429315005 0.21562360053036725 0.01601395027604122 0.014687908647840512
0.2631578947368407 0.9177634420355775 0.29107760185967463 -0.15239231075007278 0.21506969069068657 -0.3406946882663567 -0.6531776712686503 3.508039299034815 0.30421572783656237 -0.15373066145167374 0.17332117226969554 0.43589517317046433 0.900800790234046 0.29130395042764046 -0.1459398565924982 0.2149154791143464 0.0314308181870361 0.028868652193107656
0.33834586466165284 0.8943828559800437 0.2897619726120801 -0.19616832367140857 0.21423861237182523 -0.2623551103904349 -0.827563581047702 3.4505635728168755 0.3028088576417363 -0.19782073431920855 0.1732652723491865 0.41786823795765604 0.872589184622704 0.29013202858831055 -0.18794611492482402 0.213988491713115 0.052047683447143035 0.04789299123147384
0.413533834586465 0.8710895232234576 0.28811960142196197 -0.2401141494798105 0.2132215390418851 -0.1672593739625733 -0.9930204115457562 3.3798570409606974 0.30105419319004945 -0.24203225931379233 0.17319500147423691 0.4000538245788296 0.844478548774767 0.28866479384277777 -0.23017619200102732 0.2128566806999183 0.07790713568637365 0.07185009322664802
0.4887218045112771 0.8479034276666041 0.28615232071722635 -0.28426032802461054 0.21203204121859762 -0.05721848446525768 -1.1478385770836708 3.2966625599813426 0.2989546305791231 -0.2863880731681036 0.17311010127090434 0.3824947904965809 0.8164941641288331 0.28690118512274365 -0.2726711611796118 0.2115367879435944 0.10905065635204354 0.10083814592445672
0.5639097744360893 0.824844851944279 0.28386268967827466 -0.32863341555774656 0.21068551608596794 0.06567030589889522 -1.2904712030577254 3.2018546369357743 0.29651390721525567 -0.33090864294451583 0.17301026713071826 0.36523151155951666 0.7886628063498687 0.28484039665406163 -0.31546727228070154 0.2100477691956159 0.1455114184531122 0.13495597888658187
0.6390977443609014 0.8019343822504459 0.28125415637421747 -0.3732555400556928 0.2091987728120096 0.19906584506959324 -1.4195608919071674 3.0964290640967373 0.29373672217357766 -0.37561174061158165 0.1728951509707699 0.3483015517812807 0.76101283621981 0.2824821004835461 -0.3585953915882202 0.20841026185889674 0.18730628125517665 0.1742935207017207
0.7142857142857135 0.7791928918579896 0.2783312211271357 -0.4181440705583405 0.20758959965884227 0.3404325249799114 -1.5339641394982584 2.9814901224207855 0.2906288591438283 -0.42051216435373134 0.17276436429169775 0.3317393865021989 0.7335742134647338 0.2798266806863382 -0.4020805745615801 0.2066460282879127 0.23442731803959582 0.21892141269055765
0.7894736842105257 0.7566415024871188 0.27509959201829426 -0.46331140130514 0.2058763298219232 0.4870961703171237 -1.6327724990675847 2.8582352673486664 0.2871973053078515 -0.4656215096227471 0.1726174814696024 0.315576182193337 0.706378431097043 0.2768754692955766 -0.44594177442364474 0.20477739661549352 0.286833256788375 0.2688801721213544
0.8646616541353378 0.7343015235164858 0.2715663238687706 -0.5087648468770285 0.20407742165890838 0.6363052828630309 -1.715329522218747 2.727937337935053 0.2834503594834795 -0.5109479915313937 0.17245404321578192 0.29983963451011125 0.679458371100959 0.27363097379888573 -0.49019168467520435 0.20282671978400066 0.3444412422327407 0.32416936378112043
0.9398496240601499 0.7121943698623441 0.26773993288733317 -0.5545066406409528 0.20221106695787905 0.7852960895923786 -1.781242516863685 2.5919244854935357 0.2793977231646047 -0.5564963188110329 0.1722735601381783 0.28455386459361015 0.652848085480438 0.2700970862844588 -0.5348367089716096 0.20081587114541896 0.407119338783415 0.38473728964642173
1.0150375939849603 0.6903414601398804 0.2636304804156438 -0.6005340257060936 0.20029483836004627 0.9313594053719632 -1.8303882629944184 2.4515581881619894 0.2750505686811697 -0.60226761825811 0.17207551634047322 0.2697393721139894 0.6265825096732438 0.2662792649977333 -0.5798770478917313 0.1987657919108563 0.47468018374950954 0.4504717334774277
1.0902255639097724 0.6687640974359675 0.25924962073027424 -0.646839425418097 0.19834538421745818 1.0719069635411076 -1.8629120219716544 2.3082098870093137 0.2704215795717587 -0.6482594074238758 0.17185937299868842 0.25541304220383265 0.6006971179741691 0.2621846801681983 -0.6253068890736657 0.19669610213318342 0.5468761665459383 0.5211922925199151
1.1654135338345846 0.6474833356363593 0.25461060958477283 -0.6934106791428003 0.19637817624716286 1.2045346417448553 -1.8792194558617847 2.1632369296918696 0.26552495936588366 -0.6944656122931379 0.17162457186069804 0.2415882022807045 0.5752275327818301 0.2578223174395702 -0.6711146850560761 0.19462478306451952 0.6233964517435097 0.5966447866369027
1.2406015037593967 0.6265198347403306 0.2497282719893055 -0.7402313286622907 0.19440731252955937 1.3270799577508505 -1.8799614212669056 2.01795862168904 0.26037640625909636 -0.7408766258765739 0.17137053862092258 0.22827472383487935 0.5502091010892732 0.2532030340157406 -0.7172835019525868 0.19256793489770782 0.7038660835288058 0.6764981542296388
1.3157894736842088 0.6058937089455728 0.24461892952760025 -0.7872809408129899 0.192445375842765 1.437671355088284 -1.8660119882918416 1.8736332478797664 0.2549930525664517 -0.7874794030215009 0.17109668613033707 0.2154791635749207 0.5256764526127755 0.248339564628686 -0.7637914217444751 0.19053961030158537 0.7878473104477566 0.7603441268190962
1.390977443609021 0.5856243714862422 0.2393002892062265 -0.8345354528971224 0.19050334513596467 1.534767143658451 -1.8384404242667163 1.731436928573931 0.24939336928585568 -0.8342575863320856 0.17080241741039767 0.2032049378822103 0.5016630542656783 0.24324647653684037 -0.8106119814036091 0.18855172097334674 0.874843158356045 0.8476998273487177
1.4661654135338331 0.5657303802550236 0.233791297338093 -0.88196752874132 0.18859055618813625 1.6171824845879215 -1.7984782357280142 1.5924451104958912 0.24359703751705292 -0.8811916578760225 0.17048712844825306 0.1914525243162945 0.47820077534315863 0.2379400748593829 -0.8577146331204719 0.18661401178571846 0.9643031640120585 0.9380132724140585
1.5413533834586453 0.5462292881405675 0.22811196321636085 -0.9295469149069511 0.18671470619907715 1.6841034681188383 -1.7474826457479011 1.4576173683386102 0.23762478979155754 -0.9282591113268486 0.17015021075928655 0.18021968391710805 0.45531947683489116 0.23243826153051156 -0.9050652114616248 0.18473409507646213 1.05563107022725 1.0306715898104724
1.6165413533834574 0.5271375017758083 0.22228315829263093 -0.9772407883365181 0.18488189620793596 1.7350880682064034 -1.6868980692363387 1.327786017058724 0.2314982255083905 -0.9754346393288843 0.1697910537113735 0.16950169824165087 0.4330466368040571 0.2267603529145793 -0.9526263951633589 0.1829175362366708 1.1481941842911993 1.1250116051199073
1.6917293233082695 0.5084701520373113 0.21632639721100969 -1.0250140885301395 0.18309670479482748 1.7700544990656013 -1.6182172197275797 1.2036488253700455 0.22523960558678252 -1.0226903311502895 0.16940904661295042 0.15929161542054582 0.4114070218681738 0.2209268625717244 -1.000358153337579 0.1811679809818152 1.2413340217969795 1.2203323186530894
1.7669172932330817 0.49024097918215187 0.21026360736445165 -1.0728298290908516 0.18136228643988503 1.7892581792273354 -1.542943433935097 1.0857658966004635 0.21887163210211497 -1.0699958760811659 0.16900358057390225 0.14958049999054226 0.39042241261287314 0.21495925674134617 -1.048218167991832 0.17948731447964453 1.3343778034278722 1.3159086981997556
1.8421052631578938 0.4724622349812773 0.20411689364678617 -1.120649385087661 0.17968048812727463 1.7932590693611417 -1.462555644587816 0.9745605646109681 0.2124172190448033 -1.1173187685094679 0.16857405015423324 0.14035768181851505 0.3701113883957826 0.2088796907814064 -1.0961622268393558 0.17787584278070614 1.4266503457573332 1.4110061607615716
1.917293233082706 0.4551446036327817 0.19790830480345362 -1.1684327541151445 0.1780519782216111 1.7828815493672394 -1.3784771883278708 0.8703239583282709 0.2058992604309872 -1.164624511139688 0.1681198548204201 0.13161100004820142 0.35048917458489715 0.20271073505703113 -1.1441445823124716 0.1763324876542821 1.5174858890859522 1.5048951098700887
1.992481203007518 0.4382971426411403 0.19165960727810386 -1.2161387901529521 0.17647638224494605 1.7591692166986554 -1.2920493318620743 0.7732227330549719 0.19934040181309376 -1.2118768133819262 0.167640400233206 0.12332703864303136 0.33156755294544443 0.1964750986307658 -1.1921182744338645 0.17485498687317516 1.6062394337372163 1.5968649315030994
2.06766917293233 0.42192724425406136 0.1853920717603081 -1.2637254103401354 0.17495242088353222 1.7233370212791286 -1.2045100675152476 0.6833093591221875 0.19276282081661203 -1.2590377825088719 0.16713509939342408 0.11549135074091768 0.31335483374561995 0.19019535861062523 -1.240035416708263 0.17344009311558128 1.6922972069361635 1.6862369242117614
2.1428571428571423 0.4060406174797255 0.17912627681475285 -1.3111497755831092 0.17347804630242364 1.6767230210610329 -1.1169783993566043 0.6005343018387954 0.18618802170721502 -1.3060681057358112 0.16660337367426026 0.1080886696581147 0.29585588627717974 0.1838937022199685 -1.2878474454549516 0.17208376587026838 1.7750859498255127 1.7723757382480212
2.2180451127819545 0.3906412901829458 0.1728819330674379 -1.3583684465270123 0.17205057359933806 1.6207417783906806 -1.0304440393241308 0.5247594188652691 0.17963664821779768 -1.352927221908145 0.16604465376928434 0.10110310496228028 0.27907222293946665 0.17759168763604408 -1.3355053340089509 0.17078135196414868 1.8540807920148892 1.8546990132908416
2.2932330827067666 0.3757316302944814 0.1666777304894965 -1.405337516858911 0.17066680495329253 1.55684106106834 -0.9457621787415142 0.4557719355930061 0.17312831798982034 -1.3995734819701295 0.1654583805856794 0.09451832256718526 0.2630021308474174 0.17131002847780652 -1.3829597739878343 0.16952775151581703 1.9288115629510811 1.9326850239611948
2.3684210526315788 0.3613123847743417 0.1605312103986902 -1.452012726201282 0.16932314469369736 1.4864631055535256 -0.8636528060886235 0.3932984265062949 0.16668148105915243 -1.4459642978291274 0.1648440061115045 0.08831770827497543 0.24764084410396237 0.1650684055836266 -1.430161326372826 0.1683175672074016 1.9988674695400015 2.0058782571118194
2.443609022556391 0.34738273465416086 0.15445866292960797 -1.4983495550201973 0.1680157041154249 1.4110112824394676 -0.7847039110607206 0.3370183202043471 0.16031330389154239 -1.4920562796166246 0.16420099428464335 0.08248451460206005 0.23298074941251476 0.1588853084753263 -1.4770605455136003 0.16714523572795478 2.063900143045483 2.073892947369758
2.518796992481203 0.33394036424821105 0.14847504993523503 -1.5443033040382923 0.1667403953855592 1.331822608848924 -0.7093778456007911 0.28657654724240444 0.154039579588983 -1.537805361678295 0.16352882188943096 0.07700199107043355 0.21901161756655563 0.1527779077165416 -1.5236080793648288 0.1660051410565012 2.123625121796469 2.136414682530248
2.593984962406015 0.32098154246631266 0.1425939525955787 -1.5898291606298902 0.1654930143246 1.250146202931404 -0.6380200976082975 0.24159505383177304 0.14787466407985683 -1.5831669179006538 0.16282697950492936 0.07185349842891911 0.20572085349887756 0.1467619582886923 -1.5697547493283126 0.16489170991526533 2.177821887452029 2.1932002555305896
2.6691729323308273 0.30850121408062825 0.13682754243611153 -1.6348822546040247 0.16426931219989974 1.1671274872434338 -0.5708697622916965 0.2016830031791379 0.14183143739833323 -1.628095867203257 0.1620949725265223 0.06702260749186108 0.1930937579533547 0.1408517331615989 -1.6154516130354961 0.16379949023653265 2.22633261057097 2.24407598441458
2.7443609022556394 0.2964930987854657 0.13118657400524156 -1.6794177056670507 0.1630650569464953 1.0837977271600678 -0.5080710582102128 0.1664455744364055 0.13592128856861233 -1.672546770196304 0.16133232227999936 0.062493183451040414 0.18111379440422448 0.13505998544968875 -1.6606500132864206 0.16272321386009006 2.269059786165548 2.2889347471762935
2.8195488721804516 0.2849497959363257 0.12568039712486892 -1.7233906647139536 0.16187608443698473 1.0010683372670854 -0.4496853185834624 0.13549134356195935 0.130154122145389 -1.7164739181280462 0.1605385672446821 0.058249456635706354 0.1697628555391551 0.12939793692840137 -1.7053016161853298 0.1616578449269383 2.305962952789362 2.327731987070187
2.8947368421052637 0.2738628929519825 0.1203169864052607 -1.7667563509371869 0.1606983405658218 0.9197292974983 -0.39570298322955466 0.10843828943255573 0.12453838412396319 -1.7598314153294334 0.15971326439945105 0.05427608077188169 0.1590215243934605 0.12387529023790576 -1.7493584412987302 0.16059861557648744 2.3370546911001293 2.3604809389759143
2.969924812030076 0.26322307550131546 0.11510298559506561 -1.8094700865725628 0.15952791500316552 0.8404509828147297 -0.3460552140149531 0.0849185123412397 0.1190811047161738 -1.802573256409685 0.15885599070279816 0.050558179831765186 0.14886932602969827 0.11850026181338173 -1.7927728864243175 0.15954105060721513 2.3623960916599036 2.387247312024304
3.0451127819548844 0.25302023776486154 0.11004376430678395 -1.851487330929589 0.15836106751811582 0.7637887150970073 -0.30062485048210164 0.06458178171253337 0.11378795538144293 -1.8446533994710692 0.15796634471530743 0.04708138457333262 0.1392849664622624 0.11327963243743258 -1.8354977493108178 0.1584809827431482 2.3820918690085184 2.4081436411246546
3.1203007518796966 0.24324359125008413 0.10514348470339678 -1.8927637151833 0.1571942477793308 0.6901893829027159 -0.25925650784218846 0.04709804727641753 0.1086633174920299 -1.886025836598501 0.15704394837024452 0.043831859854898965 0.13024655630049087 0.10821881229119301 -1.8774862484186534 0.15741456007763047 2.3962852817298415 2.423323493145885
3.1954887218045087 0.2338817708403476 0.10040517583863035 -1.933255079238821 0.15602410952061072 0.619999533779378 -0.22176569405159086 0.032159055221761434 0.10371036008254249 -1.926644662844053 0.15608844889525636 0.040796323774820044 0.12173181730367011 0.1033219174648082 -1.918692044565979 0.15633824715705177 2.4051529980998647 2.432975684692225
3.270676691729321 0.22492293696277224 0.095830813497207 -1.9729175118205857 0.15484751991715184 0.5534744161017215 -0.18794688497160195 0.019479210221454935 0.09893112426950049 -1.9664641448718836 0.15509952088551723 0.03796205963735885 0.11371827069139562 0.09859185505306087 -1.9590692650685926 0.155248821033754 2.408900025480286 2.4373186395622666
3.345864661654133 0.21635487296296507 0.09142140356905341 -2.0117073947858017 0.15366156496101088 0.4907875257123635 -0.1575805465314346 0.008795817792183414 0.0943266121112526 -2.005438790358657 0.15407686852604596 0.035316921686243 0.10618340662362813 0.09403041418677867 -1.998572531757888 0.1541433634702618 2.407754800129879 2.436594986471385
3.421052631578945 0.20816507696965045 0.08717706720067912 -2.0495814525166214 0.15246355155719055 0.4320402913322283 -0.13043913103443572 -0.0001311689226213275 0.0898968778967413 -2.04352341916119 0.15302022795832002 0.032849335481069906 0.09910483475218845 0.08963836061569717 -2.037156994049981 0.15301925032500377 2.401964513484312 2.4310664723875597
3.4962406015037573 0.20034084771530278 0.08309712618728027 -2.0864968071070518 0.1512510069889453 0.3772716077819638 -0.10629210248862364 -0.007519786600056477 0.08564112008997998 -2.0806732371690946 0.1519293697837453 0.030548293721434926 0.09246041614943656 0.08541553274648958 -2.0747783680412746 0.15187413899966815 2.391790731868053 2.4210092444309663
3.5714285714285694 0.19286936394697302 0.07918018729170839 -2.1224110399280254 0.15002167632597674 0.3264669947546395 -0.08491006453396466 -0.013566985942741638 0.08155777240400039 -2.116843913657511 0.1508041016940072 0.02840334825190521 0.0862283772438387 0.08136093733620414 -2.111392982420704 0.15070595468508924 2.377505349472786 2.406709533973892
3.6466165413533815 0.18573775721257166 0.07542422439411012 -2.1572822600263346 0.14877351827480498 0.2795672196799899 -0.06606807575918339 -0.018449759214224315 0.0776445927237948 -2.1519916628452123 0.14964427121580073 0.026404598909573092 0.08038740664172206 0.077472843334579 -2.146957831815511 0.14951287600952376 2.359386899491731 2.3884597603731756
3.7218045112781937 0.17893317794086186 0.0718266575832641 -2.191069179689229 0.14750469989883838 0.23647627540023564 -0.04954824243805689 -0.02232640122367613 0.0738987488347765 -2.1860733302475834 0.14844976855494815 0.024542679806460573 0.07491673589701431 0.07374887264957214 -2.181430638024254 0.1482933205723712 2.337717235606169 2.3665550585401283
3.796992481203006 0.17244285484793676 0.06838442849337782 -2.223731197385232 0.14621359056795788 0.1970686469201155 -0.03514167937272816 -0.025337846465223635 0.07031690013578425 -2.219046484293205 0.14722052952244286 0.02280874357251476 0.06979620541428999 0.07018608687233258 -2.214769919436405 0.14704593073889896 2.3127785855291902 2.3412902240652276
3.872180451127818 0.16625414779934544 0.06509407136564527 -2.255228488172299 0.1448987554347422 0.16119583680723792 -0.02264992681578093 -0.02760903647904911 0.06689527471966077 -2.250869513547894 0.14595653852253518 0.021194444022183262 0.06500631674340529 0.06678106923630632 -2.2469350687907395 0.14576955997756735 2.284850969890331 2.312957061571089
3.94736842105263 0.1603545943360332 0.06195177947063604 -2.2855221015458524 0.143558948677395 0.12869214661184003 -0.011885906387917089 -0.029250281506417508 0.06362974138744602 -2.2815017297615086 0.14465783158059015 0.019691917649041157 0.060528272554722595 0.06353000129765614 -2.2778864392833045 0.14446325994079195 2.254209973206553 2.2818421160469478
4.022556390977442 0.15473195013502297 0.05895346666494477 -2.3145740665809527 0.14219310669819596 0.09937973282532653 -0.0026744923559363087 -0.03035858913395728 0.06051587632302406 -2.310903476821487 0.14332449938614827 0.01829376429897893 0.05634400558025343 0.06042873400960969 -2.3075854388988883 0.14312626842171033 2.221124848816137 2.248224762799081
4.097744360902254 0.14937422372365422 0.05609482397360036 -2.342347504104397 0.140800341420967 0.0730729713075533 0.005147232755625453 -0.031018939911131582 0.05754902429345031 -2.3390362455633427 0.1419566903244022 0.016993027323151364 0.05243619777524344 0.057472853021891986 -2.3359946327066057 0.14175799826272142 2.185856936225589 2.212375629029464
4.1729323308270665 0.14426970580075532 0.05337137118920492 -2.3688067455137447 0.13937993379142607 0.049582174752046626 0.011729976955656696 -0.03130549597033294 0.054724354356757696 -2.365862794252968 0.14055461346721368 0.015783173467231983 0.0487882909032451 0.05465773816906522 -2.363077852729516 0.14035802724513843 2.1486583671127546 2.174555318647094
4.248120300751879 0.13940699354093414 0.050778503560758526 -2.393917457741271 0.13793132755012963 0.02871671442215984 0.01721243839280362 -0.031282733606630586 0.052036910154988465 -2.3913472744192683 0.13911854149285677 0.014658072713372189 0.04538448968121645 0.05197861722009412 -2.388800314870071 0.1389260889520092 2.1097710350304664 2.135013411475527
4.323308270676691 0.13477501027084357 0.04831153371102552 -2.417646773741946 0.13645412331863346 0.01028760097423742 0.02172165953454197 -0.03100649470680139 0.04948165494710507 -2.415455361579266 0.13764881350193744 0.0136119782554552 0.04220975854447845 0.04943061404785088 -2.4131287422470793 0.13746206456692703 2.0694258034698603 2.0939877083259866
4.398496240601503 0.13036302091033486 0.04596572897267824 -2.4399634277664535 0.13494807301511755 -0.00589041974191673 0.025373496560227693 -0.030524955004068488 0.04705351159613873 -2.4381543902624165 0.13614583769542685 0.012639506756506635 0.03924981300848762 0.047008791443900924 -2.43603149417641 0.13596597554924345 2.027841927198257 2.0517036942755422
4.473684210526315 0.12616064356836146 0.04373634437196143 -2.4608378945638654 0.13341307459561078 -0.019997200729903852 0.02827317088476633 -0.029879509489965983 0.04474739776939846 -2.4594134926075704 0.13461009387952144 0.011735619009201738 0.03649110651859955 0.04470818885319633 -2.4574786999071283 0.13443797710960556 1.9852266625319217 2.0083741937674287
4.548872180451127 0.12215785767462424 0.04161865151590996 -2.4802425315451346 0.13184916710068575 -0.03220590467532247 0.030515875382079116 -0.02910557707076933 0.042558256641771014 -2.4792037396763233 0.1330421357611462 0.010895601095986883 0.03392081359294663 0.04252385533762036 -2.477442396108249 0.13287835239815196 1.9417750433104795 1.9641991927093174
4.624060150375939 0.11834500901454974 0.03960796365682292 -2.4981517228293613 0.13025652597470178 -0.042682041486983735 0.03218741286609372 -0.028233327811790332 0.04048108341202334 -2.497498284501823 0.13144259299737554 0.010115046124131501 0.031526809979232295 0.040450878098983595 -2.4958966669897262 0.13128750731024508 1.897669800697989 1.9193658044816364
4.6992481203007515 0.11471281201829678 0.03769965721726945 -2.5145420239917025 0.12863545861492953 -0.051582786126175506 0.033364848755788046 -0.027288336971899696 0.03851094795240989 -2.514272505774271 0.1298121729619493 0.009389836592714631 0.029297650465179292 0.03848440690319913 -2.5128177858363983 0.12966596581057507 1.8530814064579502 1.8740483586004186
4.774436090225564 0.11125234963509477 0.0358891900617691 -2.5293923062363812 0.12698640010088852 -0.05905653423187118 0.03411716360170658 -0.026292170564392592 0.03664301391446699 -2.5295041509552383 0.12815166219240248 0.008716127432868311 0.027222544905630364 0.03661967474990922 -2.5281843566368236 0.1280143656752542 1.8081682209622962 1.828408592643227
4.849624060150376 0.10795507110310483 0.034172116798729044 -2.5426838986328084 0.12530990904962452 -0.06524265715964361 0.03450589436360474 -0.025262907471109486 0.03487255461018247 -2.54317347751446 0.1264619274821848 0.00809032974923427 0.025291332957594448 0.03485201512754126 -2.5419774544021845 0.12633345455258707 1.7630767288418423 1.782595929894369
4.924812030075188 0.10481278790289682 0.032544101389356345 -2.5544007269791575 0.12360666354017534 -0.07027142213033244 0.034585756029756 -0.02421560323164229 0.03319496597910781 -2.555263390897153 0.12474391658353925 0.007509095279324737 0.023494457948315728 0.03317687618416286 -2.5541807626958706 0.12462408624617959 1.7179418468226157 1.7367478269601202
5.0 0.10181766816010106 0.03100092733009443 -2.5645294477982 0.12187745704985958 -0.07426404712381895 0.034405237419704804 -0.023162700583085893 0.031605776939623055 -2.565759577759131 0.12299865848886 0.006969301578023063 0.021822940240875055 0.03158983213090629 -2.5647807068336004 0.12288721712854525 1.6728872898863671 1.690990177320081
5.075187969924812 0.0989622297403078 0.029538505662513412 -2.5730595759267447 0.1201231943460482 -0.07733286391228944 0.034007166872129346 -0.02211439167367857 0.0301006574074835 -2.5746506329532433 0.12122726326079457 0.006468037926628088 0.02026835040695163 0.03008659217826626 -2.573766581169703 0.12112390259913298 1.6280259834196265 1.6454377583997841
5.150375939849624 0.09623933225721279 0.02815288105024586 -2.579983604134747 0.11834488727953545 -0.07958156613443634 0.03342924503724021 -0.0210789366521702 0.028675424247833196 -2.5819281787159443 0.11943092138448813 0.006002591959409315 0.018822782467040056 0.028663007287173536 -2.5811306688588562 0.11933529350746007 1.583460510457333 1.6001947112603463
5.225563909774436 0.09364216819365986 0.026840236147115254 -2.5852971132048976 0.11654365042933111 -0.0811055225007351 0.032704543203792014 -0.02006294305917322 0.02732604540877828 -2.5875869744889 0.11761090261908935 0.00557043699543801 0.017478827414423748 0.027315074997201004 -2.5868683524764355 0.11752263246964446 1.5392835844734465 1.5553550433979124
5.3007518796992485 0.09116425331479405 0.025596894464561485 -2.588998870919967 0.1147206965534739 -0.08199213817547957 0.03186196656628226 -0.01907161014972658 0.02604864246595672 -2.5916250158191887 0.11576855432993538 0.005169220059295657 0.016229547200230177 0.026038942574176518 -2.590978213896218 0.11568725001486507 1.4955785394161303 1.5110031464264944
5.375939849624061 0.0887994165332016 0.024419321930234158 -2.591090918444519 0.11287733180616519 -0.08232124998576751 0.030926682584620835 -0.018108941959368963 0.02483949178879025 -2.5940436208140825 0.11390529928767351 0.004796750571018495 0.015068449322644062 0.02483090869937308 -2.593462121862806 0.11383056050705763 1.4524198298263278 1.4672143215834659
5.451127819548873 0.08654178936776757 0.023304127313529845 -2.59157864265109 0.11101495068797909 -0.08216554345258942 0.0299205151658839 -0.017177932609730107 0.023695024520626055 -2.594847502683706 0.11202263292591823 0.004450989683165592 0.013989462133416342 0.023687423902698845 -2.594325305758965 0.11195405779630498 1.4098735349169809 1.4240553070508413
5.526315789473681 0.08438579512107806 0.022248061678146393 -2.590470833028717 0.1091350307029902 -0.08159098171412893 0.028862305827132673 -0.01628072703840644 0.0226118255470535 -2.594044826987444 0.11012212005482082 0.004130040241076422 0.012986910948845187 0.022605089923212345 -2.5935764141555557 0.11005931056380602 1.3679978614276336 1.3815848020320436
5.6015037593984935 0.08232613788458383 0.021248017006607573 -2.587779721924267 0.10723912670420302 -0.08065723820095627 0.027768243301395046 -0.01541876003724596 0.021586631609519975 -2.591647252308027 0.10820539103407609 0.003832137341138367 0.012055495030042218 0.02158065816205628 -2.5912275568440153 0.10814795733389546 1.326843640910692 1.3398539833691017
5.676691729323306 0.0803577914663989 0.020301024127316106 -2.5835210070033208 0.10532886491655886 -0.07941812651105806 0.026652163259100803 -0.01459287619792704 0.020616328705120993 -2.587669953210153 0.10627413741531652 0.0035556394610859105 0.011190265478148054 0.020611027375681944 -2.5872943291881514 0.10622170113622095 1.2864548178554365 1.2989070112357817
5.751879699248118 0.07847598832350941 0.019404250061113893 -2.577713854977056 0.10340593663485902 -0.07792202228216638 0.025525819948043704 -0.01380343309851284 0.019697948898192107 -2.5821316244973547 0.10433010707044867 0.003299020135951027 0.010386604073919892 0.0196932407411169 -2.5817958177920226 0.10428230381074734 1.2468689257207932 1.2587815211045452
5.82706766917293 0.07667620856832766 0.01855499489162948 -2.5703808858222277 0.10147209160205267 -0.07621227300288069 0.024399131614146086 -0.013050389813518137 0.018828666655146906 -2.5750544659598567 0.10237509882916117 0.0030608601532164784 0.009640203077422638 0.01882448241006619 -2.5747545866626163 0.10233157995766122 1.2081175485333924 1.2195090997667706
5.902255639097742 0.07495416910874687 0.017750688251900494 -2.5615481369214974 0.09952913108135857 -0.07432759271986811 0.023280401593268607 -0.01233338260563599 0.01800579480090222 -2.5664641470053917 0.10041095665546089 0.002839840240883456 0.00894704599213103 0.01800207365484351 -2.56619664324774 0.10037139054333771 1.170226766220283 1.181115743693601
5.977443609022554 0.07330581297128874 0.016988885508881096 -2.5512450067676666 0.0975789006434486 -0.07230243938710146 0.022176516931821766 -0.011651789445384253 0.01722678018320589 -2.5563897507812072 0.09843956339954214 0.002634734222579039 0.008303389288310425 0.017223468696492494 -2.556151383947795 0.09840363618223127 1.1332175822921484 1.143622298464817
6.052631578947366 0.07172729884830376 0.01626726371747172 -2.5395041781049543 0.09562328269732277 -0.0701673733388759 0.02109312635649019 -0.011004784817671975 0.01648919912021459 -2.5448636976259755 0.0964628341674501 0.0024444026143761437 0.007705745072833503 0.016486250293953893 -2.544651518932573 0.09643025012271836 1.097106332879026 1.107044878373395
6.1278195488721785 0.07021499090255674 0.015583617406612597 -2.5263615206193597 0.09366418880037951 -0.06794939590213289 0.020034799335093112 -0.010391386102988065 0.015790752696715635 -2.5319216479308935 0.09448270935672223 0.0022677866386995433 0.0071508646863881475 0.015788125162710206 -2.5317329763360337 0.0944531909724492 1.0619050764524331 1.0713952656384227
6.203007518796991 0.06876544885576819 0.014935854251730598 -2.511855973534406 0.09170355178943125 -0.0656722676586412 0.01900516789135054 -0.009810492664790615 0.015129261965402183 -2.5176023847357865 0.09250114741136646 0.0021039026314753385 0.006635723204115318 0.01512691928194536 -2.5174347861501705 0.09247443520556127 1.027621963850969 1.0366812889358568
6.278195488721803 0.06737541838174702 0.014321990680377806 -2.4960294087137793 0.08974331777991375 -0.06335680624027873 0.018007052742802898 -0.009260918639427018 0.014502663101541115 -2.5019476766346234 0.09052011735406161 0.0019518368195609122 0.006157504811927672 0.014500573140827928 -2.501798944388518 0.09049596950005745 0.9942615884662005 1.0029071811899304
6.353383458646615 0.06604182181953942 0.013740147451201092 -2.4789264751138878 0.08778543808518181 -0.06102116383777911 0.017042575230448165 -0.00874142030055225 0.01390900255215262 -2.4850021218097806 0.08854159115719692 0.0018107404463933597 0.005713589027905863 0.013907136966995833 -2.484870258335732 0.08851978295865708 0.9618253166466936 0.970073916762723
6.428571428571427 0.06476174921749467 0.013188545240387792 -2.460594425662992 0.08583186111150204 -0.05868108485412904 0.01611325641110284 -0.00825071876074901 0.013346432214395016 -2.4668129742524894 0.08656753601728866 0.0016798252247609779 0.005301537736133621 0.013344765973626037 -2.4666961739386313 0.08654785927046987 0.9303115985452833 0.9381795283408272
6.503759398496239 0.06353244971523586 0.012665500264388193 -2.441082927864048 0.08388452428707217 -0.056350144296601457 0.015220104575647042 -0.007787518673822547 0.01281320467214848 -2.4474299534520485 0.0845999065992651 0.0015583590965641686 0.004919082998965929 0.012811715655539018 -2.447326586619807 0.08458216887378664 0.8997162597714613 0.9072194039492179
6.578947368421051 0.062351323267147436 0.012169419962973802 -2.420443859622502 0.08194534608507224 -0.05403996767086028 0.014363692369897763 -0.007350523520891272 0.012307668514760964 -2.4269050390452147 0.08264063731811935 0.0014456622803968456 0.0045641156129337945 0.01230633715955607 -2.426813637004229 0.08262466118214173 0.8700327743219026 0.8771865646280514
6.6541353383458635 0.06121591270812268 0.011698798762497322 -2.3987310919828233 0.08001621820136752 -0.051760433189798505 0.013544224581210074 -0.0069384479799907695 0.011828263757496507 -2.405292252105253 0.0806916347254217 0.001341103588768951 0.004234674373160274 0.011827072749730431 -2.4052114932378235 0.08067725693657109 0.8412525193498243 0.8480719233909475
6.729323308270676 0.06012389615987713 0.011252213935529966 -2.3760002606160633 0.07809899794702624 -0.049519857228034425 0.012761597579967088 -0.006550027819251625 0.01137351737935422 -2.382647424913509 0.07875477006715817 0.001244096997721436 0.003928936011230677 0.011372451384051371 -2.3825761217407417 0.07874184074660975 0.8133650124022178 0.8198645261468773
6.804511278195488 0.05907307977408543 0.010828321569816652 -2.352308528031471 0.07619550091432763 -0.04732516395162634 0.012015451305117608 -0.006184027688703964 0.010942038990552067 -2.3590279611924947 0.0768318720773513 0.0011540984525391235 0.0036452057718388 0.010941084415717221 -2.3589650483745346 0.07682025388115396 0.786358131804909 0.7925517753144108
6.8796992481203 0.05806139080690809 0.010425852656665527 -2.3277143385860364 0.07430749397243441 -0.04518204009164606 0.01130521460858347 -0.005839247142432669 0.010532516639041851 -2.334492588885148 0.07492472006893655 0.001070602894161468 0.0033819085941532157 0.010531661429033308 -2.3344371121080574 0.07491428736781479 0.7602183209118277 0.7661196368891664
6.954887218045112 0.05708687101807069 0.01004360930643553 -2.3022771684352477 0.07243668864548676 -0.043095075824908236 0.010630144692044041 -0.005514525166645967 0.0101437127628949 -2.30910110763902 0.07303503737949703 0.0009931414917857353 0.0031375808646914027 0.010142946217369976 -2.309052213341785 0.07302567545597718 0.7349307769587703 0.7405528317457607
7.030075187969924 0.05614767038654185 0.00968046109666408 -2.2760572726049273 0.07058473492160054 -0.04106789271014577 0.009989361301904864 -0.005208743460826781 0.009774460293227816 -2.2829141331951672 0.07116448522477291 0.0009212790679906295 0.0029108627094650563 0.009773772908361707 -2.282871059090858 0.07115608949444743 0.7104796252751641 0.7158350119650102
7.105263157894736 0.05524204113396066 0.009335341556552783 -2.249115431367951 0.06875321553623498 -0.03910325961254557 0.009381876282716917 -0.004920828680653244 0.009423658910483714 -2.2559928408889385 0.06931465700743322 0.0008546117035404839 0.0027004907942626 0.009423042239604239 -2.2559549072349703 0.06930713226947778 0.6868480796117918 0.6919489229783236
7.180451127819548 0.054368332046277536 0.009007244789968746 -2.221512698081241 0.06694364076775379 -0.03720319751039369 0.008806619025492068 -0.004649753817531632 0.009090271455312975 -2.2283987104449925 0.06748707312259487 0.0007927645097909829 0.0025052916031238492 0.009089717986474932 -2.2283653120186564 0.06748033284324063 0.664018589339354 0.6688765523153745
7.2556390977443606 0.053524983083561704 0.008695222237793308 -2.1933101505788515 0.06515744377684828 -0.03536907404475187 0.008262458295973829 -0.004394538871267173 0.008773320493972248 -2.200193274191711 0.06568317629505241 0.0007353895573791652 0.0023241751662955723 0.008772823542323095 -2.20016387292812 0.0656771419265324 0.6419729742636281 0.64659926572895
7.330827067669173 0.052710520267574085 0.008398379579331585 -2.1645686481283986 0.06339597651498317 -0.033601688631165416 0.0077482208727985835 -0.004154250941589055 0.008471885037054051 -2.1714378707334108 0.06390432747632463 0.0006821639505759626 0.002156129210236668 0.008471438650126192 -2.1714119889844063 0.06389892781284928 0.620692547788817 0.6250979314542877
7.406015037593985 0.05192355083647304 0.008115873771560068 -2.135348595842292 0.061660506220253396 -0.031901348917614314 0.007262707390992773 -0.003928003858149509 0.008185097409444257 -2.142193406004843 0.06215180232255278 0.0006327880373557075 0.0020002137035333156 0.008184696283753781 -2.1421706203785202 0.06214697289406432 0.6001582291424854 0.6043530333397328
7.481203007518797 0.0511627586559066 0.007846910224214998 -2.105709718296538 0.0599522125122159 -0.03026793930024496 0.006804705721222604 -0.003714957431014909 0.007912140268655245 -2.1125201234934172 0.06042678826710611 0.0005869837458766236 0.0018555557738646478 0.007911779676198681 -2.1125000592355523 0.06042247077093609 0.5803506453542583 0.5843447735619104
7.556390977443609 0.050426899875727446 0.0075907401080886104 -2.075710843949681 0.05827218509041747 -0.028700982210153825 0.006373002207382683 -0.0035143164100475133 0.007652243768079868 -2.0824773852552916 0.05873038219465093 0.0005444930386620022 0.0017213449724539087 0.007651919491503303 -2.0824597111353094 0.05872652396467896 0.5612502236565553 0.5650531656130626
7.631578947368421 0.04971479882161568 0.00734665779338899 -2.045409701778731 0.056621422034706374 -0.027199692787661434 0.005966391025907569 -0.0033253292181427696 0.007404682861233528 -2.052123465174331 0.057063588716492135 0.0005050764763471673 0.0015968288636788452 0.007404391136606471 -2.0521078888398647 0.05706014222900307 0.5428372749502224 0.5464581182205983
7.706766917293233 0.04902534411103361 0.007113998414613053 -2.0148627313593535 0.05500082869901689 -0.025763027556564566 0.005583681912582961 -0.003147286511079983 0.00716877474268279 -2.021515355722474 0.05542731904034248 0.00046851188338850814 0.0014813089187566408 0.007168512208946481 -2.021501619488291 0.05542424145547075 0.5250920689509684 0.5285395108305696
7.7819548872180455 0.04835748498309731 0.006892135558069098 -1.9841249074199812 0.053411217184326454 -0.024389727642159187 0.005223706472520462 -0.0029795196172202054 0.0069438764210841665 -1.9907085892804992 0.05382239042142867 0.000434593108635117 0.0013741366935952069 0.006943640075362425 -1.9906964663189157 0.05381964315883661 0.5079949016049402 0.5112772612574942
7.857142857142854 0.04771022783219157 0.006680479067951263 -1.9532495796962843 0.05185330637093743 -0.0230783570494566 0.004885323259230745 -0.0028213988873986295 0.00672938241956102 -1.959757074872778 0.052249526176060095 0.0004031288741421697 0.0012747102720649384 0.006729169577625065 -1.9597463657745262 0.05224707452333652 0.49152615533363037 0.494651386073533
7.932330827067666 0.047082632935394636 0.006478472966702748 -1.9222883287087662 0.050327722485257756 -0.021827336477514336 0.004567421798611804 -0.002672332000123845 0.006524722598520096 -1.9287129509632337 0.0507093562335815 0.0003739417060464095 0.0011824709570417147 0.006524530859787657 -1.9287034806390222 0.050707168985718344 0.4756663526401402 0.47864205428048134
8.007518796992478 0.04647381136408603 0.006285593485296838 -1.8912908378841318 0.04883500017183172 -0.020634973093393683 0.004268925695001258 -0.002531762233004997 0.0063293600959392834 -1.897626454754734 0.049202418198016636 0.0003468669417432117 0.0010969001926404154 0.006329187312466532 -1.8976180696497074 0.04920046732626493 0.4603962035807085 0.46322963477882784
8.08270676691729 0.045882922070396424 0.006101347199007088 -1.8603047822457859 0.047375584037642075 -0.01949948667262902 0.003988794957535902 -0.002399166733795255 0.006142789380138247 -1.866545808235911 0.04772915888679054 0.0003217518079959785 0.0010175167020636255 0.006142633629130164 -1.866538373830539 0.047727419235151024 0.44569664757774213 0.44839473811941477
8.157894736842103 0.04530916913949824 0.005925269264221596 -1.829375733711331 0.04594983063258668 -0.018419032474156438 0.0037260276602353315 -0.002274054808495407 0.005964534410062641 -1.8355171210281713 0.046289936310628145 0.0002984545649792817 0.0009438738264649915 0.005964393969486184 -1.8355105196006896 0.046288385318228056 0.43154889002342467 0.43411825299494855
8.233082706766915 0.04475179919906118 0.005756921751874805 -1.7985470828591947 0.044558010827617296 -0.017391721174419672 0.00347966102945918 -0.002155966225345196 0.005794146898166795 -1.8045843099073229 0.04488502205618496 0.0002768437115932247 0.0008755570511382871 0.005794020225102821 -1.804578438534735 0.04488363950382193 0.4179344340964462 0.4203813779015218
8.308270676691727 0.04421009897753855 0.005595892073117929 -1.7678599768639125 0.04320031255026042 -0.016415636169597292 0.0032487720555991473 -0.0020444695710324368 0.005631204671060117 -1.773789034707833 0.04351460403105424 0.0002567972477143932 0.0008121817062148873 0.005631090382473879 -1.7737838034834241 0.04351337181020728 0.40483510818869595 0.407165648373415
8.383458646616539 0.04368339300329006 0.005441791492920815 -1.7373532731527228 0.041876843836141084 -0.015488848530992527 0.0030324777012538107 -0.001939160644226945 0.005475310123185909 -1.7431706501676898 0.04217878952959042 0.0002382019893466341 0.0007533908298803516 0.005475206978835602 -1.7431659806150959 0.04217769143226703 0.3922330893140283 0.3944529601693323
8.458646616541351 0.0431710414368964 0.005294253727388152 -1.7070635082042276 0.040587636154604756 -0.014609429846899502 0.002829934767589748 -0.0018396609015383092 0.0053260887589219996 -1.7127661731373809 0.04087760857738727 0.00022095293291420404 0.0006988531828943101 0.0053259956461583135 -1.7127619968023582 0.040876630105231494 0.38011092284709186 0.3822255887632787
8.533834586466163 0.04267243802935228 0.005152933620679843 -1.6770248807970143 0.039332647966636755 -0.013775463202875926 0.002640339490170618 -0.0017456159705062646 0.0051831878186273045 -1.6826102644601324 0.03961101751226183 0.000204952665199643 0.0006482614039394763 0.005183103738866689 -1.682606521662543 0.03961014570341384 0.3684515389175355 0.3704662054700204
8.609022556390975 0.04218700819916506 0.005017505897543156 -1.6472692489191487 0.03811176847386203 -0.012985052487550774 0.002462926897038642 -0.001656694207767373 0.005046274984303295 -1.6527352247314475 0.03837890276013834 0.0001901108156806004 0.0006013302960100608 0.005046199040983895 -1.6527318634616555 0.03837812603242637 0.3572382657627921 0.3591578905125378
8.684210526315788 0.041714207221715274 0.004887663987591807 -1.617826139471102 0.03692482151849234 -0.01223633022186732 0.0022969699903114815 -0.0015725853354524588 0.0049150371606919135 -1.6231710030648911 0.03718108476525564 0.00017634354823937767 0.0005577952347070037 0.004914968548543459 -1.6231679780095791 0.037180392774363476 0.3464548403218089 0.34828414331740254
8.7593984962406 0.041253518524556686 0.004763118917601276 -1.588722769833192 0.0357715695955744 -0.011527464087492945 0.0021417787779398623 -0.0014929991317558233 0.00478917932778937 -1.5939452179280125 0.03601732203560291 0.00016357308943462846 0.0005174106899189512 0.004789117323268537 -1.5939424896120666 0.036016705546950877 0.3360854163321939 0.33782889030386953
8.834586466165412 0.04080445208264147 0.00464359826822831 -1.559984080323935 0.03465171794074143 -0.010856662282208163 0.001996699187941431 -0.0014176641869312334 0.004668423460915379 -1.5650831890651566 0.034887315266294947 0.00015172729072168045 0.0004799488529370066 0.004668367413675459 -1.5650807230971857 0.034886766039447674 0.32611457017433054 0.32777649041297185
8.909774436090224 0.040366542907769844 0.004528845191704135 -1.5316327765468996 0.03356491865880719 -0.010222177868968174 0.001861111896374723 -0.0013463267186750727 0.004552507514640157 -1.536607979494345 0.03379071150576116 0.00014073922219462503 0.0004451983616005073 0.004552456839919249 -1.5366057459046407 0.03379022219025785 0.31652730468818546 0.3181117386049126
8.984962406015036 0.03993934962684559 0.004418617487193605 -1.503689380609483 0.03251077486091741 -0.009622312227236307 0.0017344310968780974 -0.001278749458563766 0.004441184467032439 -1.5085404465492416 0.0327271083319748 0.00013054679559422813 0.0004129631165650238 0.004441138638857768 -1.508538419209835 0.03272667237355176 0.30730905117156343 0.3088198675355696
9.060150375939848 0.039522453143811635 0.004312686730655173 -1.4761722901962209 0.031488844780509256 -0.009055417715501335 0.0016161032215791238 -0.0012147105918103307 0.004334221420853148 -1.4808993009364777 0.031696058008533076 0.00012109241447831618 0.00038306118226294483 0.0043341799659710484 -1.4808974570540967 0.03169566956479095 0.2984456697526259 0.2998865476069273
9.13533834586466 0.0391154553804035 0.004210837456178518 -1.449097844491181 0.03049864584101221 -0.00851989965269695 0.0015056056396929307 -0.0011540027610692505 0.0042313987584768255 -1.4537011727889717 0.030697071593073867 0.00011232264961636412 0.0003553237665686604 0.00423136125092826 -1.4536994924624767 0.030696725457710093 0.2899234483144763 0.2912978855707682
9.210526315789473 0.03871797809112562 0.004112866385916432 -1.4224803959662435 0.02953965865095433 -0.0080142176998379 0.001402445337618019 -0.0010964321141955224 0.004132509347478521 -1.4269606837182673 0.029729622973284076 0.00010418793778688346 0.0003295942735938029 0.0041324754037492745 -1.4269591495531477 0.029729314508086732 0.2817291001354811 0.28304042185076955
9.285714285714285 0.038329661748103545 0.004018581705864426 -1.3963323870832902 0.028611330904882406 -0.007536886727109504 0.0013061576090649396 -0.001041817426681746 0.004037357793974803 -1.400690523900238 0.028793152808545174 9.664230230785006e-05 0.0003057274244193664 0.004037327068657384 -1.4006891206731924 0.02879287788240022 0.27384976039563885 0.2751011267344837
9.360902255639097 0.03795016449170311 0.003927802384876077 -1.370664430998699 0.02771308117126806 -0.007086477232945754 0.0012163047459523568 -0.0009899892586702208 0.003945759740954646 -1.374901533267824 0.027887072358017843 8.964309372996744e-05 0.00028358844094322766 0.003945731922866262 -1.3749002476355332 0.02788682729225586 0.26627298168698676 0.2674673955741861
9.436090225563909 0.03757916114303745 0.0038403575344319644 -1.3454853954037598 0.02684430255122763 -0.006661615384643937 0.0011324747571848093 -0.0009407891782018396 0.0038575412089787192 -1.3496027859316777 0.02701076717871897 8.315074924547376e-05 0.0002630522883450004 0.003857516017685793 -1.349601606178217 0.02701054869817595 0.25898672865426126 0.26012704312373736
9.511278195488721 0.037216342274701136 0.0037560858068067643 -1.3208024886863656 0.026004366194496576 -0.006260982723034658 0.0010542800966106824 -0.0008940690072734014 0.003772537976762599 -1.3248016769999214 0.02616360067973448 7.712856947102442e-05 0.00024400297199766996 0.00377251515946801 -1.3248005928181632 0.026163405868966583 0.25197937188120884 0.2530682971274983
9.586466165413533 0.03686141333627396 0.0036748348294010423 -1.2966213476538997 0.025192624661566625 -0.005883315603171013 0.000981356446089876 -0.0008496901534158496 0.0036905949992923183 -1.3005040110248134 0.025344917521262757 7.154251134367153e-05 0.00022633288493634218 0.0036905743280462593 -1.300503013327266 0.02534474378539 0.2452396811277105 0.24627979126710434
9.661654135338345 0.03651409383133844 0.003596460673122093 -1.2729461261152994 0.024408415123250288 -0.0055274043886868185 0.0009133615044731869 -0.0008075229418267327 0.0036115658612474884 -1.276714091361545 0.02455404684953993 6.636099598181399e-05 0.00020994220227610327 0.003611547130447354 -1.2767131721170932 0.024553891879260506 0.2387568180134655 0.23975055756225208
9.736842105263158 0.036174116542939665 0.0035208273528113134 -1.2497795836791366 0.023651062391122954 -0.005192092463602194 0.0008499738369778242 -0.0007674460140094652 0.0035353122636295185 -1.2534348097852086 0.023790305360953258 6.155473042226059e-05 0.00019473831922189877 0.003535295287777991 -1.253433961878289 0.02379016710129755 0.232520328235091 0.23347001831281697
9.81203007518797 0.035841226804594936 0.003447806357824097 -1.2271231741844353 0.0229198817743252 -0.004876275076526326 0.0007908917520751402 -0.0007293457637445044 0.0034617035416087435 -1.2306677357717513 0.02305300019068855 5.7096542240577624e-05 0.0001806353295497054 0.0034616881533025678 -1.2306669528809306 0.02305287681312899 0.22652013339531232 0.22742797766117873
9.887218045112782 0.03551518181412633 0.003377276210972434 -1.2049771332408663 0.022214181760080262 -0.004578898057189917 0.0007358322218351532 -0.0006931157937515309 0.003390616211715843 -1.2084132049096636 0.022341431623171232 5.296122612383797e-05 0.00016755354166264613 0.0033906022598409673 -1.2084124814031925 0.022341321500742885 0.22074652251534957 0.22161461284610504
9.962406015037594 0.035195749987752115 0.0033091220541395013 -1.1833405644131243 0.02153326651695807 -0.004298956435462742 0.0006845298471205297 -0.0006586564215069757 0.003321933546609076 -1.1866704059684283 0.021654895623266616 4.9125401529591126e-05 0.0001554190295247615 0.003321920894720307 -1.1866697368143542 0.02165479730838165 0.21519014329450029 0.21602046521231794
10.037593984962406 0.03488271035201958 0.0032432352589704307 -1.1622115236412331 0.020876438221429365 -0.00403549297593031 0.0006367358732859429 -0.0006258742321278987 0.003255545175749943 -1.1654374662076854 0.0209926861887559 4.55673806412029e-05 0.00014416321597365833 0.00325553370061575 -1.1654368468964798 0.020992598393427018 0.20984199317441996 0.21063643103333193
10.112781954887218 0.03457585197131024 0.003179513061133979 -1.1415871015440322 0.020242999209613557 -0.00378759664960171 0.0005922172270516057 -0.0005946816097548435 0.003191346710415901 -1.1447115345663186 0.02035409752594929 4.226704586370311e-05 0.00013372248608656268 0.003191336300711141 -1.1447109610445472 0.020354019104174892 0.20469341025966692 0.20545375219912593
10.18796992481203 0.03427497340877686 0.0031178582167352906 -1.1214635033039384 0.019632253957258386 -0.0035544010729609 0.0005507556214183751 -0.0005649963610778741 0.003129239391570216 -1.1244888624244056 0.019738426051519046 3.920573618340182e-05 0.00012403782843894984 0.0031292299467012355 -1.1244883310375808 0.01973835598359118 0.1997360641403868 0.2004640068145277
10.263157894736842 0.03397988221870106 0.003058178679542288 -1.1018361258821445 0.01904351089204693 -0.0033350829173173224 0.0005121466954278731 -0.0005367413390899856 0.0030691297591953835 -1.1047648816804225 0.019144972224636445 3.63661417426401e-05 0.00011505450225424152 0.003069121188243791 -1.104764389123901 0.019144909603170026 0.1949619466581269 0.1956590997492053
10.338345864661651 0.03369039446838283 0.003000387297765235 -1.082699632358222 0.018476084043144478 -0.003128860294026481 0.00047619917648944465 -0.0005098440596498222 0.003010929341778741 -1.0855342799335794 0.018573042214390302 3.3732206041608025e-05 0.00010672172857939533 0.0030109215625515945 -1.0855338232104614 0.01857298623189227 0.1903633626509694 0.19103125317536768
10.413533834586463 0.03340633428778586 0.0029444015292027386 -1.0640480232314027 0.017929294533622176 -0.002934991159264655 0.0004427341172004162 -0.0004842364007515698 0.002954554364716501 -1.0667910726045624 0.018021949408178358 3.1289035212900905e-05 9.899240375810248e-05 0.002954547302891837 -1.066790648989396 0.018021899345983517 0.18593292070994694 0.18657299712503486
10.488721804511275 0.033127533445262175 0.002890143173637398 -1.0458747045610728 0.017402471921988193 -0.0027527717044790734 0.0004115841493046446 -0.00045985429633788044 0.00289992547647594 -1.048528671868315 0.017491015767359085 2.9022813862687866e-05 9.182283360031906e-05 0.00289991906483387 -1.0485282788758254 0.017490970985787963 0.18166352397491933 0.18227716009480707
10.563909774436087 0.03285383094779276 0.0028375381214297266 -1.0281725528587091 0.016894955399472666 -0.002581534772133409 0.00038259277076235776 -0.00043663742300736885 0.002846967491424757 -1.030739952308829 0.01697957303689647 2.6920726995064487e-05 8.51724867495518e-05 0.0028469616691553603 -1.0307395876670695 0.016979532966504715 0.17754836099440546 0.17813685972256102
10.6390977443609 0.03258507266426588 0.002786516117321888 -1.0109339766774712 0.016406094850083257 -0.002420648305673012 0.0003556137099849366 -0.00041452899827731926 0.0027956091483024785 -1.013417313239929 0.01648696381610035 2.4970887591743478e-05 7.900376587310909e-05 0.0027956038603825753 -1.0134169748669106 0.016486927949891834 0.17358089667081958 0.17414549355723968
10.714285714285712 0.03232111097040549 0.0027370105385214985 -0.9941509748746166 0.015935251780673062 -0.00226951379397633 0.00033051025232566644 -0.00039347543150825004 0.0027457828833704337 -0.9965527376652804 0.01601254249778184 2.3162269427103443e-05 7.328179538457213e-05 0.0027457780800023497 -0.9965524236490738 0.01601251038429469 0.16975486330960646 0.17029672994007775
10.789473684210524 0.0320618044140531 0.0026889581861913856 -0.9778151915474844 0.015481800128387537 -0.002127564796836623 0.00030715470691689006 -0.0003734262493821916 0.0026974246173353134 -0.9801378478777683 0.01555567608330234 2.1484644748908163e-05 6.797422450888213e-05 0.0026974202534410965 -0.9801375564587826 0.01555564732045015 0.16606425178816012 0.16658449901283437
10.864661654135336 0.03180701739957237 0.00264229908952396 -0.961917967667874 0.015045126952946403 -0.001994265452736954 0.00028542777064899383 -0.00035433368350368255 0.0026504735551964084 -0.9641639577218725 0.01511574488105191 1.9928526466460412e-05 6.305104458514954e-05 0.002650469589962199 -0.9641636872780649 0.015115719110665372 0.16250330285814976 0.16300298386657616
10.939849624060148 0.0315566198902366 0.0025969763216283715 -0.9464503894591373 0.014624633021188252 -0.0018691090807294586 0.0002652180739346477 -0.00033615267867048715 0.0026048719982184588 -0.9486221215633132 0.014692143095890732 1.8485114523843137e-05 5.848441957467809e-05 0.0026048683946835924 -0.9486218705966929 0.014692119998851075 0.15906649859275193 0.1595466118420573
11.01503759398496 0.03131048712751335 0.002552935826505192 -0.9314033335773013 0.014219733291222923 -0.0017516167758628853 0.00024642162753707453 -0.00031884056298281394 0.0025605651672808076 -0.9335031800272738 0.014284279316993762 1.71462461558144e-05 5.4248528827072207e-05 0.0025605618919674325 -0.9335029471525202 0.014284258608918594 0.15574855398841475 0.1562100459913064
11.090225563909772 0.031068499366237328 0.0025101262564279055 -0.9167675091736511 0.013829857303442963 -0.0016413360868341442 0.00022894138015772114 -0.00030235695047053923 0.002517501036899792 -0.9187978025827281 0.01389157691144283 1.5904349740515122e-05 5.031942121502819e-05 0.002517498059478754 -0.918797586517014 0.013891558338847395 0.152544408729271 0.15298817670809103
11.165413533834585 0.03083054162471986 0.002468498819091328 -0.9025334969264199 0.013454449485423325 -0.00153783971603616 0.00021268677298280636 -0.00028666358139162185 0.00247563017926423 -0.904496527061585 0.013513474330698369 1.4752401998179284e-05 4.66748798187977e-05 0.00247562747225365 -0.9044963266156201 0.013513457667584727 0.14944921912065737 0.1498761135336226
11.240601503759397 0.030596503448899456 0.002428007133926882 -0.8886917851417271 0.013092969377583141 -0.0014407242687468624 0.0001975733137555835 -0.000271724151360786 0.0024349056176648483 -0.89058979621273 0.013149425336898375 1.3683888283659191e-05 4.3294296401041876e-05 0.0024349031561581367 -0.8905896102829021 0.01314941038172606 0.14645835019717804 0.14686917714258332
11.315789473684209 0.030366278689700217 0.002388607097020807 -0.8752328030299616 0.012744891786197043 -0.0013496090524540705 0.00018352217745132293 -0.00025750415346692535 0.0023952826887366284 -0.877067991398928 0.012798899155679411 1.2692765754512425e-05 4.015855495720366e-05 0.002395280450156992 -0.8770678189603743 0.0127988857286746 0.14356736800942496 0.14396289151341543
11.390977443609021 0.030139765292805057 0.002350256754106423 -0.8621469512714486 0.012409706870110771 -0.0012641349331943275 0.00017045988911945642 -0.00024397090444949754 0.002356718912969087 -0.8639214635510437 0.012461380561946251 1.177342920702194e-05 3.724992369447122e-05 0.002356716876847817 -0.863921303651147 0.012461368502702826 0.1407720320926444 0.14115297628587006
11.466165413533833 0.029916865100107944 0.0023129161811339055 -0.849424629989199 0.012086920167219758 -0.0011839632135774991 0.00015831791151299512 -0.00023109322711434288 0.0023191738729732587 -0.8511405614987123 0.012136369904734119 1.0920679384260538e-05 3.4551954823935915e-05 0.002319172020749606 -0.8511404132517214 0.012136359070092098 0.13806828811972768 0.13843533930804128
11.541353383458645 0.029697483662151775 0.0022765473719515905 -0.8370562642495176 0.011776052566469552 -0.0011087745698432627 0.00014703234893431727 -0.00021884144626937996 0.0022826090990258592 -0.8387156577995296 0.01182338307699801 1.0129693579382128e-05 3.204939160639242e-05 0.0022826074138662146 -0.8387155203814771 0.011823373339152779 0.13545226074018124 0.13580606937419545
11.616541353383457 0.029481530060898726 0.002241114132661878 -0.8250323272142045 0.011476640230861833 -0.0010382680481200168 0.00013654366901505455 -0.00020718735243008268 0.002246987961441114 -0.8266371721914759 0.011521951435875219 9.395998365960675e-06 2.972808211942901e-05 0.0022469864280756195 -0.8266370448355027 0.011521942680694425 0.132920246606174 0.1332614291543466
11.69172932330827 0.029268916742223268 0.00220658198224134 -0.8133433610667511 0.01118823447659452 -0.0009721600681587006 0.0001267963648388104 -0.0001961039787943264 0.002212275569348558 -0.8148955927933744 0.011231621678641545 8.715444305165102e-06 2.7574899271076703e-05 0.002212274173923505 -0.8148954747857069 0.01123161380417466 0.13046870758607731 0.13079784831581548
11.766917293233082 0.029059559357549548 0.0021729180590405574 -0.8019799958368371 0.010910401613206852 -0.0009101835279636816 0.00011773875712606241 -0.00018556569284555735 0.0021784386754813566 -0.8034814951774198 0.010951955679255257 8.084182481097108e-06 2.5577666597609294e-05 0.0021784374054257057 -0.8034813858534468 0.010951948594401519 0.1280942641656263 0.1284119168365615
11.842105263157894 0.028853376614101364 0.002140091032802578 -0.7909329662442318 0.010642722749250853 -0.0008520868759660516 0.00010932266593499662 -0.00017554793208773845 0.0021454455866047276 -0.7923855594385997 0.010682530290120545 7.49864273891988e-06 2.3725089434267765e-05 0.0021454444305094907 -0.7923854581795551 0.010682523913451872 0.12579368903624488 0.1261003785098239
11.917293233082706 0.028650290133252203 0.0021080710218617307 -0.7801931266831891 0.010384793567747786 -0.0007976332825307964 0.000101503200028219 -0.00016602718329750132 0.0021132660792365634 -0.7815985853806137 0.010422937113318 6.955513495287218e-06 2.2006691066778217e-05 0.002113265026745712 -0.7815984916104686 0.01042293137203013 0.12356390086991938 0.12386012463904299
11.992481203007518 0.028450224316501956 0.0020768295152049842 -0.7697514644633937 0.010136224075341467 -0.0007465998510269856 9.423860549873098e-05 -0.000156981134466605 0.002081871320334782 -0.7711115059390193 0.010172782245336447 6.451723012998908e-06 2.0412753505838488e-05 0.0020818703620465125 -0.7711114191212959 0.010172777074308722 0.12140195827948258 0.12168818792195782
12.06766917293233 0.028253106218634534 0.0020463392990984794 -0.7595991114236557 0.009896638328841412 -0.0006987768211956791 8.748996191343394e-05 -0.0001483883235664507 0.0020512337926456956 -0.7609153989559139 0.009931685998971929 5.98442203024541e-06 1.893426254617747e-05 0.0020512329200231896 -0.7609153185911803 0.009931681339940794 0.11930505396316805 0.11958173652241
12.142857142857142 0.028058865427639475 0.0020165743879995935 -0.7497273540274163 0.009665674142493934 -0.0006539668479206284 8.122102414631627e-05 -0.00014022817953218691 0.002021327224427227 -0.7510014974195155 0.009699282605838544 5.550967648786239e-06 1.756285680576397e-05 0.0020213264297178754 -0.7510014230429288 0.009699278406658825 0.1172705090317761 0.1175380683281585
12.218045112781954 0.027867433950997708 0.0019875099594929566 -0.7401276420485402 0.009442982779120158 -0.0006119843257295088 7.539808814271964e-05 -0.00013248112071551077 0.001992126523278349 -0.7413611982757619 0.009475219902610594 5.1489083882866625e-06 1.629078045284338e-05 0.001992125799440607 -0.7413611294545925 0.00947521611659374 0.11529576751685101 0.1155546053927896
12.293233082706767 0.027678746107970324 0.0019591222930046438 -0.7307915959494413 0.009228228627958157 -0.0005726546949063049 6.998973765348637e-05 -0.00012512826845068048 0.0019636077138233334 -0.7319860699174527 0.009259159003913114 4.775970323357744e-06 1.5110839355125805e-05 0.0019636070544605624 -0.7319860062490801 0.009259155589245102 0.11337839105786776 0.11362888855977737
12.368421052631579 0.02749273842753552 0.0019313887120642754 -0.7217110130503288 0.00902108887182129 -0.0005358138527071787 6.496677744394219e-05 -0.00011815166033102287 0.0019357478790146747 -0.722867858449381 0.009050773964473145 4.430044223392721e-06 1.4016360404212058e-05 0.0019357472783151895 -0.7228677995591353 0.009050770883689172 0.11151605376637726 0.11175857226632782
12.443609022556391 0.027309349551653636 0.0019042875298991154 -0.7128778725840582 0.008821253145959588 -0.0005013075314934667 6.030200307804989e-05 -0.00011153395490737239 0.0019085251048337943 -0.71399849282612 0.008849751432965288 4.1091736257247755e-06 1.3001153784775177e-05 0.0019085245575166242 -0.7139984383655796 0.008849748652488726 0.10970653726486301 0.10994141952476737
12.518796992481203 0.02712852014355006 0.0018777979981575701 -0.7042843397259676 0.008628423190777052 -0.00046899074973794086 5.597012585667471e-05 -0.00010525862768417937 0.00188191842818192 -0.7053700889515288 0.008655790299700702 3.8115437701852622e-06 1.205947797544571e-05 0.0018819179294476312 -0.7053700385966307 0.00865578778942653 0.10794772589790803 0.10817529707878615
12.593984962406015 0.026950192800730115 0.001851900258572136 -0.6959227686836132 0.008442312500356841 -0.0004387272743997528 5.1947596318768774e-05 -9.930974511007662e-05 0.0018559077877671913 -0.6969749528282629 0.008468601340181138 3.535471337127263e-06 1.118600728466923e-05 0.0018559073332533743 -0.6969749062777925 0.008468599073109435 0.1062376021130955 0.106458170732077
12.669172932330824 0.02677431197245544 0.0018265752973837816 -0.6877857049275707 0.008262645968566625 -0.0004103891125168957 4.821251701514484e-05 -9.367208429011953e-05 0.0018304739778054345 -0.6888055828367847 0.008287906856252625 3.2793949272019964e-06 1.0375801735906798e-05 0.0018304735635463422 -0.6888055398107618 0.00828790480815843 0.10457424200900978 0.10478810084639235
12.744360902255636 0.0266008238814289 0.001801804902360691 -0.6798658866391409 0.008089159534319525 -0.0003838560523661272 4.47445430040716e-05 -8.833107887085134e-05 0.0018055986043640487 -0.6808546712222037 0.008113440316486073 3.0418662318315357e-06 9.624279134368153e-06 0.0018055982267540353 -0.6808546314604652 0.00811343846562571 0.10295581104750237 0.10316323800622944
12.819548872180448 0.0264296764494461 0.0017775716222546184 -0.6721562454458937 0.007921599827388109 -0.00035901518040759584 4.15247209843983e-05 -8.327270370500628e-05 0.0017812640441888044 -0.673115104861067 0.007944945997199627 2.821541840654826e-06 8.927189156016091e-06 0.0017812636999491784 -0.6731150681219519 0.007944944324050695 0.1013805599272359 0.1015818188470253
12.89473684210526 0.026260819226792652 0.0017538587285481837 -0.6646499065139271 0.007759723816056344 -0.0003357604753659871 3.85354376817304e-05 -7.848353351391779e-05 0.0017574534058634073 -0.6655799653761518 0.0077821786253889835 2.617175646433202e-06 8.280589313014453e-06 0.0017574530920123831 -0.665579931435243 0.007782177112416671 0.09984682061554478 0.10004216204376604
12.969924812030072 0.026094203325175445 0.0017306501793550957 -0.6573401880585463 0.007603298457692606 -0.00031399239747997854 3.5760308378485206e-05 -7.395065432547199e-05 0.0017341504931610858 -0.6582425286633015 0.007624903024688958 2.427611795687757e-06 7.680822658895359e-06 0.0017341502069865482 -0.6582424973123069 0.007624901656138799 0.09835300253531894 0.09854266445669624
13.045112781954884 0.02592978135398817 0.0017079305853442027 -0.6502206003329475 0.007452100353226488 -0.0002936175047523193 3.318410460906307e-05 -6.966173884848104e-05 0.0017113397704562267 -0.6510962638899639 0.007472893765346445 2.2517781528795918e-06 7.1244971094897025e-06 0.0017113395094910068 -0.6510962349355459 0.007472892527057536 0.0968975889036972 0.09708179743076774
13.120300751879697 0.025767507359727243 0.001685685177566178 -0.6432848441504294 0.007305915406391884 -0.00027454809753635345 3.0792663608281146e-05 -6.560490987794765e-05 0.0016890063300722994 -0.644134832021431 0.007325934819069351 2.0886802366170744e-06 6.608466260438206e-06 0.0016890060920717771 -0.6441348052842663 0.007325933698309654 0.09547913321915168 0.09565810324539284
13.195488721804509 0.025607336768380135 0.0016638997770690592 -0.6365268089906393 0.007164538488455221 -0.00025670187164905656 2.8572828796313843e-05 -6.176888348363718e-05 0.0016671358614499736 -0.6373520839262515 0.007183819219483811 1.937395595477149e-06 6.129811593980072e-06 0.0016671356443717208 -0.6373520592399413 0.00718381820480029 0.09409625589345566 0.09427019171084212
13.27067669172932 0.025449226330624332 0.0016425607661960683 -0.6299405707381083 0.007027773109073365 -0.00024000160883019817 2.6512390093103022e-05 -5.814285310634659e-05 0.0016457146220266033 -0.6307420581092912 0.0070463487288415965 1.7970685905828858e-06 5.685825974599545e-06 0.00164571442401195 -0.6307420353195136 0.007046347809928003 0.09274764102497417 0.09291673690774802
13.345864661654133 0.025293134069679205 0.0016216550614656126 -0.623520389096979 0.0068954310938118876 -0.0002243748489831887 2.4599950222636835e-05 -5.471632505305024e-05 0.0016247294097250782 -0.6242989781176812 0.006913333511527363 1.666905556297628e-06 5.273998338717334e-06 0.0016247292290823788 -0.6242989570814459 0.006913332679108307 0.09143203330959687 0.0915964740658978
13.421052631578945 0.02513901923166736 0.0016011700879396537 -0.6172607047231999 0.006767332268780128 -0.00020975362713215873 2.2824948587185645e-05 -5.1479360706707666e-05 0.001604167536956123 -0.6180172496598458 0.0067845918147942 1.5461703135041423e-06 4.891999495715282e-06 0.0016041673721455501 -0.6180172302446221 0.006784591060517536 0.09014823508559924 0.09030819657852383
13.496240601503757 0.024986842238345217 0.0015810937549923488 -0.6111561361117209 0.006643304152748615 -0.00019607419235967427 2.1177561563945346e-05 -4.842242185532086e-05 0.001584016806044403 -0.6118914574770258 0.006659949657122227 1.4341800028312797e-06 4.537668954140983e-06 0.001584016655664155 -0.6118914395600237 0.006659948973464885 0.08889510350862406 0.08905075314827549
13.57142857142857 0.024836564642078524 0.0015614144333962567 -0.6052014762730282 0.006523181657038509 -0.0001832767656537726 1.9648675504413404e-05 -4.553641309712475e-05 0.0015642654859940933 -0.6059163620019192 0.006539240524488905 1.330301225396249e-06 4.209002704258502e-06 0.0015642653487678683 -0.6059163454693968 0.006539239904671843 0.08767154785291568 0.08782304506092309
13.646616541353382 0.024688149082935783 0.001542120933648709 -0.5993916892320967 0.006406806793437203 -0.00017130527882613933 1.822980567567356e-05 -4.281260970628864e-05 0.0015449022905148807 -0.6000868958368075 0.006422305074782587 1.2339464586462642e-06 3.904141884003565e-06 0.0015449021652805058 -0.60008688058343 0.00642230451269544 0.0864765269349695 0.08662402358285752
13.721804511278194 0.02454155924778965 0.0015232024854654423 -0.5937219063780931 0.0062940283902964194 -0.00016010717780545747 1.6913111437588668e-05 -4.0242789793865086e-05 0.001525916357234224 -0.5943981600809078 0.006308990850536292 1.1445707350890378e-06 3.6213622672809365e-06 0.0015259162429333215 -0.5943981460090938 0.006308990340668044 0.08530904665562468 0.08545268747842236
13.796992481203006 0.024396759831315375 0.0015046487183732337 -0.5881874226921058 0.00618470181694133 -0.00014963315865657023 1.5691178077759105e-05 -3.781862619689491e-05 0.0015072972280262599 -0.5888454205338419 0.00619915200009768 1.0616685588227636e-06 3.3590645116543527e-06 0.0015072971236948984 -0.5888454075535058 0.006199151537481931 0.0841681576567122 0.084308080643056
13.872180451127818 0.02425371649878873 0.0014864496433374399 -0.582783692877504 0.006078688716470321 -0.00013983705966325033 1.4557342808529938e-05 -3.5533020536604454e-05 0.0014890348303921602 -0.583424103801071 0.006092649007327663 9.847710474325166e-07 3.115765114580782e-06 0.0014890347351522672 -0.583424091828535 0.00609264858747729 0.08305295308828578 0.08318928984828292
13.94736842105263 0.024112395850582873 0.001468595635364192 -0.5775063274147094 0.00597585674696654 -0.00013067555502743744 1.3505184369932977e-05 -3.337830173677503e-05 0.0014711194598304004 -0.5781297933218847 0.0059893484298229 9.134432792702977e-07 2.8900880215676494e-06 0.0014711193728820884 -0.5781297822799873 0.005989348048692584 0.08196256648251209 0.08209544259456417
14.022556390977442 0.0239727653882792 0.001451077417020805 -0.5723510885613903 0.005876079331133854 -0.00012210807810220103 1.2528895297236886e-05 -3.134776738988876e-05 0.0014535417631396466 -0.5729582253424093 0.00588912264569252 8.472818347955079e-07 2.680756845951926e-06 0.001453541683754127 -0.5729582151596441 0.005889122299627331 0.08089616973029473 0.08102570506798447
14.097744360902254 0.02383479348230409 0.0014338860428213032 -0.5673138863158192 0.005779235414306475 -0.00011409659614969314 1.1623010266248457e-05 -2.943472475180897e-05 0.0014362927226001093 -0.5679052848512646 0.0057918496088334775 7.859125135470685e-07 2.486587648786731e-06 0.0014362926501133252 -0.5679052754615637 0.005791849294533293 0.0798529711567558 0.07997928019691167
14.172932330827066 0.023698449341012194 0.0014170128844272446 -0.5623907743603365 0.00568520923077622 -0.00010660548349505916 1.0782486469906871e-05 -2.7632929572973808e-05 0.0014193636409826405 -0.5629670014942906 0.0056974126126277435 7.289882194204991e-07 2.306482243419339e-06 0.0014193635747894384 -0.5629669928365448 0.005697412327110475 0.07883221369169711 0.0789554058046497
14.248120300751879 0.02356370298114395 0.001400449616617012 -0.5575779459992874 0.005593890078336168 -9.960134264019871e-05 1.0002597093716759e-05 -2.5936295060091652e-05 0.0014027461273379976 -0.558139545484103 0.005605700061984169 6.761869960429757e-07 2.1394219844594886e-06 0.0014027460668868535 -0.5581395375018597 0.005605699802555624 0.07783317313122601 0.07795335285425493
14.32330827067669 0.023430525199580585 0.001384188203979685 -0.5528717301055309 0.005505172100941811 -9.305291121108894e-05 9.279017035623838e-06 -2.4339203037015977e-05 0.0013864320835215408 -0.5534192235177312 0.0055166052536006205 6.272102064737904e-07 1.9844620074982444e-06 0.0013864320283097495 -0.5534192161587888 0.005516605017824249 0.07685515648681258 0.07697242378174929
14.398496240601503 0.023298887546336373 0.0013682208882921363 -0.5482685870868671 0.005418954079347004 -8.693087497135821e-05 8.607644019775762e-06 -2.2836046923657705e-05 0.0013704136914113106 -0.5488024747140561 0.005430026164309142 5.81780844796216e-07 1.8407258834951534e-06 0.0013704136409806232 -0.5488024679302497 0.00543002594998313 0.07589750041807798 0.07601195091390281
14.473684210526315 0.023168762298719312 0.0013525401765405829 -0.543765104883221 0.005335139229573311 -8.120780552189899e-05 7.984770945768105e-06 -2.1421829387691105e-05 0.0013546834007801048 -0.5442858665825795 0.005345865247365226 5.39641967832845e-07 1.7074006640749317e-06 0.001354683354712745 -0.5442858603293389 0.00534586505249626 0.07495956974567561 0.07507129496703503
14.548872180451127 0.023040122436604218 0.0013371388295501244 -0.5393579950039177 0.005253635009048954 -7.58580126500874e-05 7.406945655930031e-06 -2.0091804799449164e-05 0.0013392339177843542 -0.5398660910317533 0.005264029236495741 5.005552436541018e-07 1.5837322826506295e-06 0.0013392338756993984 -0.5398660852678182 0.005264029059278631 0.07404075604074935 0.07414984362314042
14.62406015037594 0.022912941618760566 0.00132200985118803 -0.5350440886134913 0.005174352930249914 -7.08573954568692e-05 6.870810295822594e-06 -1.8840827237909252e-05 0.0013240581940351002 -0.5355399604266279 0.005184428957554603 4.6429960244735106e-07 1.4690212889467702e-06 0.0013240581555852258 -0.5355399551141179 0.005184428796359466 0.0731404762874962 0.07324701017994246
14.699248120300751 0.022787194160182333 0.0013071464781085039 -0.5308203326726324 0.005097208381650532 -6.618343789455139e-05 6.373450446517381e-06 -1.7664827851149312e-05 0.0013091494162182416 -0.5313044037022564 0.005106979147586782 4.3066998708233974e-07 1.3626188951620932e-06 0.0013091493810866947 -0.5313043988060241 0.005106979000934882 0.07225817161545026 0.07236223227136143
14.774436090225564 0.022662855010370367 0.0012925421700087636 -0.5266837861417061 0.005022120455814659 -6.181502013191675e-05 5.912016774800577e-06 -1.6559387518100266e-05 0.0012945009962332793 -0.5271564625391468 0.0050315982811049605 3.9947619204893593e-07 1.2639233042399667e-06 0.001294500964131177 -0.5271564580268239 0.005031598147658732 0.07139330609826024 0.07149497065519388
14.849624060150376 0.02253989973251858 0.0012781906003678492 -0.5226316162509761 0.0049490117844121955 -5.773239257678142e-05 5.483935296979325e-06 -1.552052162878681e-05 0.0012801065618216834 -0.5230932876068879 0.004958208403397581 3.705417894350983e-07 1.1723763080340177e-06 0.0012801065324855327 -0.5230932834486095 0.004958208281945213 0.07054536561572398 0.07064470806469964
14.924812030075188 0.02241830448356033 0.0012640856476414516 -0.5186610948427884 0.0048778083799722255 -5.391706702084775e-05 5.086872477022553e-06 -1.4544795817528211e-05 0.0012659599476576113 -0.5191121348798294 0.004886734970647623 3.437031297328e-07 1.0874601297228281e-06 0.0012659599208470365 -0.5191121310478533 0.004886734860088314 0.06971385677605076 0.06981094812101933
15.0 0.022298045995033915 0.001250221386887622 -0.5147695947899781 0.004808439484179177 -5.035170497080799e-05 4.718468233022577e-06 -1.3628039710056328e-05 0.0012520551868754383 -0.5152103620291465 0.004817106696667882 3.188084163618333e-07 1.0086944947085286e-06 0.0012520551623711681 -0.5152103584981282 0.004817106596008088 0.06889830589537306 0.06899321430346973
