-15.0 1.963059099413173 0.0037259752552344476 1.3256377398924708 0.025851829096032477 -0.07578854834824256 -0.011935081705303219 -0.007050201861304117 0.003785039014531423 1.3284750033452062 0.02628833816824712 11.999876598568532 1.999753241296526 0.003784781285005759 1.328496499594614 0.026286787380630592 0.25327854894339746 0.25411137375408527
-14.924812030075188 1.9627024007838443 0.0038093749105417474 1.350463886170197 0.026684206068823598 -0.08034555735486038 -0.012738209824561864 -0.007368865606323993 0.003870508426190595 1.3533496792895516 0.02713977581839535 11.999866963189088 1.9997339778298582 0.003870225369323873 1.353373569033554 0.027138048248492006 0.26035467536105356 0.2612119410074624
-14.849624060150376 1.9623377153022792 0.0038959126392802902 1.375786668921962 0.02754492688159683 -0.08516092949011522 -0.013594870504022083 -0.0077037583855457115 0.003959216428830503 1.3787208512204825 0.028020442440069866 11.99985657551789 1.9997132109726519 0.003958905511088285 1.3787473709320202 0.02801851725308126 0.2677131966316015 0.26859590207593637
-14.774436090225564 1.9619647424522457 0.003985747835639178 1.4015985443624812 0.028434586605278412 -0.0902479910740226 -0.014508576554959518 -0.008055950189742589 0.004051328574024892 1.4045808671182374 0.02893097084747627 11.999845376827771 1.9996908234648556 0.004050987003234685 1.4046102724777245 0.028928824694391043 0.27536591112629843 0.27627509737497324
-14.699248120300751 1.9615831664969787 0.004079049290838084 1.4278902826946083 0.02935375634820895 -0.09562064002827242 -0.015483063004523956 -0.008426591606266243 0.00414702024927867 1.4309203822783236 0.029871971120003685 11.999833303808485 1.9996666889118293 0.004146644947602468 1.4309529491061475 0.02986957783158688 0.2833250306616867 0.2842617821989059
-14.62406015037594 1.961192655588775 0.004175995782178948 1.4546508815114856 0.03030297965641941 -0.10129335955889474 -0.016522300133715362 -0.008816919770438858 0.004246477301538273 1.4577282728219065 0.03084402702073396 11.999820288209277 1.9996406710745989 0.004246064875543559 1.4577642979489327 0.03084135726472069 0.29160318689766246 0.2925686331395373
-14.548872180451127 1.960792860823631 0.004276776699223878 1.4818674816604311 0.0312827687711067 -0.10728123097834441 -0.017630507158543196 -0.009228264732271896 0.004349896700707282 1.4849915517368615 0.0318476922727771 11.999806256453605 1.9996126231052624 0.0043494434082152296 1.4850313537883888 0.03184471317003179 0.30021343698749303 0.3012087537539112
-14.473684210526315 1.9603834152375652 0.004381592709319224 1.5095252863989104 0.03229360075714119 -0.11359994549465569 -0.018812166591601454 -0.009662056304918565 0.00445748724563719 1.5126952882869733 0.03288348670765493 11.999791129223869 1.9995823867233613 0.004456988958989871 1.5127392083514548 0.0328801614026 0.3091692683641753 0.3101956793651242
-14.398496240601503 1.9599639327410776 0.004490656464797144 1.537607484723819 0.03333591351902597 -0.12026581478284015 -0.020072039313873802 -0.010119831447838123 0.00456947031519676 1.540822531678448 0.03395189230262939 11.99977482101381 1.9995497913287095 0.004568922480543706 1.5408709338278284 0.0339481794827508 0.3184846025365464 0.3195433808691063
-14.323308270676693 1.9595340069879972 0.0046041933542996915 1.566095179801064 0.03441010172339386 -0.1272957801093355 -0.021415180342472695 -0.010603242164052062 0.004686080667160665 1.5693542399177673 0.03505334912657829 11.999757239646064 1.9995146530458492 0.004685478259319275 1.569407511542251 0.03504920248530265 0.3281737977569525 0.32926626740863646
-14.24812030075188 1.9590932101747849 0.0047224423007854064 1.5949673234604524 0.03551651264981464 -0.13470741979401168 -0.022846955368180488 -0.011114064063292517 0.004807567287799445 1.5982692148339086 0.03618825121681959 11.999738285752178 1.9994767736949344 0.004806904760191232 1.5983277667477571 0.03618361885344058 0.3382516504096893 0.3393791877630397
-14.172932330827068 1.9586410917661168 0.0048456566088949425 1.6242006577518835 0.03665544199441582 -0.1425189547367438 -0.024373058015129345 -0.011654205510211568 0.0049341942951974666 1.627544044268334 0.03735694241207209 11.999717852212175 1.999435939683475 0.00493346552430476 1.6276083105392645 0.037351766161822536 0.34873339495618244 0.3498974302890886
-14.097744360902256 1.9581771771423944 0.004974104864468547 1.6537696645790845 0.037827129653481346 -0.15074925174243958 -0.02599952789230997 -0.012225717524970037 0.005066241899472393 1.6571530524563718 0.03855971216949766 11.999695823550539 1.9993919208129465 0.005065440123194087 1.65722348990394 0.03855392685614213 0.3596347022586237 0.36083672123381794
-14.022556390977444 1.9577009661645695 0.005108071889124141 1.6836465244370418 0.039031755516795816 -0.15941782431670504 -0.027732769412779135 -0.012830804414363683 0.00520400742321885 1.6870682596332893 0.0397967913964514 11.999672075285229 1.9993444689938558 0.005203125172431162 1.68714534693635 0.03979032399907254 0.370971676088752 0.37221322122531525
-13.947368421052632 1.9572119316514736 0.005247859752918338 1.7138010852760064 0.040269435302950386 -0.16854483061382552 -0.029579571405804472 -0.013471835237453433 0.005347806385648521 1.7172593518946166 0.0410683483301028 11.999646473226106 1.999293316862373 0.005346835408193836 1.7173435882407477 0.041061117054949026 0.38276084761240436 0.38404351973105066
-13.87218045112782 1.9567095177645812 0.0053937888482230864 1.7442008424979034 0.04154021647108557 -0.17815106815740478 -0.03154712751691591 -0.014151356139080917 0.005497973654048434 1.7476936623233275 0.042374484500454786 11.99961887271886 1.9992381762911575 0.00549690483028327 1.7477855655266639 0.04236639774788645 0.39501916762346745 0.3963446272565779
-13.796992481203008 1.9561931382949163 0.005546199028056289 1.7748109310593412 0.04284407424557663 -0.1882579649318643 -0.03364305740117857 -0.0148721036443078 0.005654864666326238 1.7783361643631814 0.04371523081436064 11.99958911783021 1.9991787367864626 0.005653687915254874 1.778436268369434 0.04370618603001584 0.4077639962829378 0.40913396503906657
-13.721804511278195 1.955662174846569 0.005705450812202957 1.805594130606721 0.04418090779184613 -0.1988875664213765 -0.03587542870546656 -0.015637018982701534 0.005818856728555916 1.8091494783696054 0.045090543799958104 11.999557040469858 1.9991146637630672 0.005817560903459031 1.8092583300595861 0.04508042619829395 0.4210130900998229 0.42242935197133413
-13.646616541353383 1.9551159749110394 0.005871926664552488 1.8365108845037157 0.04555053658282523 -0.21006251810939602 -0.03825277981769659 -0.016449263506999046 0.005990350391574664 1.840093892202339 0.0465003020523069 11.999522459444325 1.9990455966879606 0.005988923163910566 1.8402120473977694 0.046488983199650766 0.4347845858705209 0.436248988471762
-13.571428571428571 1.9545538498263968 0.006046032345155594 1.8675193335289577 0.046952696996487686 -0.22180604292645967 -0.04078414337098479 -0.017312235309162816 0.006169770910812766 1.871127396641539 0.047944302922022626 11.9994851794374 1.9989711470831049 0.0061681986410196555 1.8712554152085985 0.04793163916516229 0.44909698127245085 0.45061143699443945
-13.496240601503759 1.9539750726149994 0.006228198340565827 1.898575364920344 0.048387039185262146 -0.23414191310348542 -0.04347907047488775 -0.018229587120551116 0.006357569793656694 1.9022057363065288 0.04942225948913882 11.999444989911566 1.9988908963769094 0.00635583738731657 1.9023441762445659 0.04940809021431953 0.46396911178543165 0.46553559885161266
-13.421052631578947 1.9533788756932944 0.006418881376075451 1.9296326773247097 0.049853124258012145 -0.24709441581123315 -0.046347655629560336 -0.01920524558989456 0.00655422643875116 1.9332824766376595 0.0509337978643705 11.999401663924338 1.998804393593359 0.006552317186386474 1.933431887032238 0.05091794357033869 0.47942012359141783 0.4810406869973778
-13.345864661654135 1.9527644484469802 0.006618566013475815 1.9606428620753102 0.05135042181452545 -0.2606883119539418 -0.04940056227744094 -0.02024343204813306 0.006760249871732257 1.9643090873648215 0.052478454859259484 11.999354956852953 1.9987111528669959 0.006758145270292204 1.964470000075937 0.05246071502668974 0.49546944207891247 0.49714619439729585
-13.270676691729324 1.9521309346646332 0.006827766337966961 1.9915555010679078 0.052878307871103945 -0.2749487874075385 -0.05264904893303424 -0.021348684878667257 0.006976180581948014 1.9952350427333307 0.054055676065368555 11.999304605020411 1.998610650771161 0.006973860135799183 1.995407962681137 0.0540358268036323 0.512136735553463 0.5138718575833952
-13.195488721804512 1.9514774298226807 0.007047027737802144 2.0223182813391305 0.05443606321383094 -0.289901395952171 -0.05610499580443218 -0.02252588360371277 0.007202592464758571 2.0260079385897978 0.05566481438069293 11.999250324215293 1.9985023234461 0.007200033463720729 2.0261933324920536 0.05564260583149132 0.5294418737295927 0.5312376149679168
-13.1203007518797 1.9508029782144438 0.007276928780175038 2.0528771262703427 0.056022872213392395 -0.30557199310200645 -0.059780931821222794 -0.023780274821113778 0.0074400948740105145 2.0565736262497674 0.057305129018792006 11.999191808097255 1.9983855635126582 0.007437272145668221 2.0567719096570087 0.05728028249465422 0.5474048805526881 0.5492635594622814
-13.045112781954888 1.9501065699158373 0.007518083186734715 2.083176343149519 0.057637822131984595 -0.3219866599461625 -0.06369006195426152 -0.0251175001372701 0.007689334789240768 2.086876362876651 0.05897578503276106 11.999128726479455 1.9982597167564085 0.0076862204224097275 2.0870878853427035 0.05894798986681001 0.5660458808718966 0.5679698849198683
-12.969924812030076 1.9493871375801919 0.007771141911935281 2.113158786623745 0.059279902948792776 -0.3391716160949727 -0.06784629469039771 -0.026543626235252304 0.007950999102078013 2.116858977901777 0.060675853382133105 11.999060723478536 1.9981240785661183 0.007947562137906445 2.1170840061195535 0.06064476346386148 0.5853850404568542 0.5873768258930956
-12.894736842105264 1.9486435530546116 0.008036795327187393 2.1427660373706168 0.06094800772587677 -0.35715312072147753 -0.07226426950569476 -0.028065177243220774 0.008225817026163942 2.1464630548099186 0.062404311566084864 11.998987415522121 1.997977890109494 0.008222023112896732 2.14670175353445 0.062369541536134825 0.6054424988225209 0.6075045901664233
-12.819548872180452 1.9478746238102582 0.00831577551346521 2.1719385951100314 0.06264093353103038 -0.3759573606621416 -0.07695938415480441 -0.029689169574062646 0.008514562634702141 2.1756291274078934 0.06416004484101566 11.998908389202976 1.9978203342281562 0.00851037364162122 2.175881537980934 0.06412116591613204 0.6262382942975122 0.6283732834978639
-12.74436090225564 1.9470790891789937 0.00860885866462452 2.2006160848736034 0.06435738292841124 -0.39561032442242094 -0.08194782155152325 -0.03142314941221258 0.008818057529449405 2.204296889489546 0.06594184803472004 11.998823198968255 1.997650531032769 0.008813431114919652 2.2045629057726415 0.06589838343215385 0.6477922807425313 0.6500028259727672
-12.669172932330827 1.9462556163889475 0.00891686760319195 2.2287374752497375 0.06609596604148127 -0.41613766093092863 -0.08724657600278363 -0.03327523305269153 0.009137173644575409 2.2324054166109994 0.06774842796301983 11.998731364631372 1.997467533178217 0.009132062772459608 2.2326847581263283 0.0676998478916656 0.6701240352969253 0.6724128593446477
-12.593984962406015 1.945402796391763 0.009240674409777501 2.2562413071336267 0.06785520318621222 -0.43756452172971194 -0.09287347849426908 -0.035254150289773634 0.009472836188322255 2.2598933985023604 0.06957840644804393 11.998632368693137 1.9972703207976756 0.009467188586272006 2.260185580573462 0.069524122631546 0.6932527565035688 0.6956226447101833
-12.518796992481203 1.9445191394745804 0.009581203166525849 2.2830659313356825 0.06963352806563552 -0.4599153853030771 -0.09884722070218288 -0.037369291079436096 0.009826026724772285 2.2866993804664664 0.07143032393032618 11.998525653457841 1.9970577960733709 0.009819784277038 2.2870036811436436 0.07136968362524425 0.7171971521353949 0.7196509498382002
-12.443609022556391 1.943603070650242 0.009939432814139204 2.3091497532445766 0.0714292915098386 -0.48321386210059813 -0.1051873773505605 -0.039630755716530075 0.010197786397267995 2.312762011959359 0.07330264365977492 11.998410617928958 1.9968287774207871 0.010190884463686666 2.313077435506774 0.0732349231296674 0.741975316021775 0.7445159254473489
-12.368421052631579 1.9426529248197542 0.010316400120954092 2.3344314826042667 0.0732407657384842 -0.507482478783885 -0.1119144264737173 -0.042049408767837804 0.010589219294094811 2.3380203004117397 0.07519375644339023 11.998286614467977 1.996581993262077 0.010581585945790327 2.3383455371258464 0.07511815384738328 0.7676045931498132 0.7702349697039287
-12.293233082706767 1.9416669417017391 0.01071320276131518 2.3588503863529167 0.07506614911605895 -0.5327424401304199 -0.11904976709470816 -0.04463693703429783 0.011001495955916055 2.362413868240541 0.07710198592052796 11.99815294519885 1.9963160753634648 0.010993051116962946 2.3627472503611666 0.07701761357254241 0.7941014322954876 0.7968245801910232
-12.218045112781954 1.9406432605245116 0.01113100249903558 2.382346542387161 0.0769035713634146 -0.5590133669683439 -0.12661573375164892 -0.04740591182123666 0.011435857023111418 2.3858832109179486 0.0790255943297053 11.99800885813915 1.9960295517105338 0.011426511505944622 2.386222664384769 0.07893147028205617 0.8214812254229593 0.8243001925835038
-12.142857142857142 1.9395799144774912 0.011571028470037952 2.404861092061058 0.07875109918293698 -0.5863130084420334 -0.13463560723866408 -0.050369855815219466 0.011893617019585415 2.4083699539127976 0.08096278872446627 11.997853543037843 1.995720838894488 0.011883271440259855 2.408712945710699 0.08085782762701309 0.8497581330783954 0.8526760052514494
-12.06766917293233 1.93847482491999 0.012034580556304537 2.426336489206525 0.08060674224896236 -0.6146569268480278 -0.14313362083689185 -0.053543314885715176 0.012376168267751095 2.4298171062998466 0.08291172758989816 11.99768612689818 1.9953882339818099 0.012364711825231228 2.4301605871262315 0.08279473077331485 0.8789448949982729 0.88196478900811
-11.992481203007518 1.9373257953470038 0.012523032840993787 2.4467167434723667 0.08246845950999297 -0.6440581532263252 -0.15213496122524361 -0.05694193514108292 0.012884984927217024 2.4501693088452874 0.08487052780606102 11.997505669162713 1.9950299058392085 0.012872294028674793 2.4505096508213255 0.08474017253513681 0.9090526251525894 0.9121776812192345
-11.917293233082706 1.9361305051135045 0.013037837131971463 2.4659476558223354 0.08433416574495323 -0.6745268118332319 -0.16166576315360714 -0.0605825455945066 0.013421627147177023 2.469373074423625 0.08683727190001354 11.997311156535952 1.99464388588546 0.013407563858750443 2.469706003558469 0.08669209974017314 0.9400905904519811 0.943323963499132
-11.842105263157894 1.934886502920974 0.01358052653801697 2.483977044109169 0.08620173831227763 -0.7060697115971664 -0.17175309684986928 -0.06448324680400219 0.0139877453195772 2.4873770187005255 0.08881001552437442 11.997101497418551 1.9942280582416776 0.013972155619146403 2.4876975418036302 0.08864841976187113 0.9720659723663123 0.9754108222377452
-11.766917293233083 1.933591200072491 0.014152719078559663 2.5007549567491574 0.08806902402810002 -0.7386899026237757 -0.18242494700858458 -0.06866350587601033 0.01458508441676981 2.5041320791276434 0.09078679509751754 11.996875515925225 1.9937801492518261 0.014567796221983249 2.504434404848254 0.0906070071509897 1.0049836107321195 1.0084430912332192
-11.691729323308271 1.9322418635057266 0.014756121303932003 2.5162338726596194 0.08993384610829205 -0.772386195801289 -0.19371018206453527 -0.07314425823342674 0.01521548839350741 2.5195917204365834 0.0927656355386349 11.996631945456805 1.9932977163459453 0.015196309334475293 2.5198691740916654 0.09256571029698378 1.0388457290699373 1.0424229757483783
-11.61654135338346 1.930835608616683 0.015392531898749581 2.530368885786375 0.09179401110860466 -0.8071526435861358 -0.20563851231209185 -0.07794801657022532 0.015880904628733053 2.533712124987628 0.09474455803003423 11.996369421795041 1.9927781362196684 0.015859619530422402 2.533957056819537 0.094522358048889 1.073651640791803 1.0773497573695459
-11.541353383458647 1.9293693918910144 0.01606384523609619 2.5431178727372323 0.09364731579773765 -0.8429779800540871 -0.21824043525316483 -0.08309898742525235 0.016583388377627524 2.5464523665212773 0.09672158773918854 11.996086475686807 1.9922185923052993 0.0165597564119593 2.546656053004232 0.09647476622563943 1.1093974357568877 1.1132194791244856
-11.466165413533835 1.927840003364388 0.016772054844652832 2.5544416422465615 0.09549155389975712 -0.8798450183927855 -0.2315471663798121 -0.08862319582565448 0.017325107198725324 2.5577745660733777 0.09869476143421006 11.99578152488241 1.9916160615120684 0.017298858660588057 2.557927103863091 0.09842074394704656 1.1460756467319633 1.1500246104158534
-11.390977443609023 1.9262440589385417 0.017519256744714672 2.5643040654214952 0.09732452264491995 -0.9177300040757643 -0.24559055339175018 -0.09454861845979323 0.018108345314549325 2.5676440290434983 0.10066213492855146 11.99545286559063 1.9909673002163024 0.018079177969297196 2.567734221137056 0.10035809971902038 1.1836748954363057 1.1877536914507325
-11.31578947368421 1.9245779925856403 0.01830765260213869 2.5726721859573836 0.0991440290715506 -0.956601922118864 -0.26040297162982995 -0.10090532585019929 0.01893550785708147 2.5760293626465818 0.10262179029377606 11.995098663311087 1.990268829486321 0.01890308279944436 2.5760445962897376 0.10228464720994317 1.2221795180012671 1.2263909569985993
-11.240601503759398 1.9228380484802006 0.01913955264160722 2.579516309754539 0.10094789602612704 -0.9964217569823006 -0.27601719826340343 -0.10772563400088586 0.019809124941424592 2.5829025732254425 0.10457184278313222 11.994716943002361 1.9895169195319995 0.01977306189698161 2.582828689071955 0.10419821065939947 1.2615691698565825 1.2659159394937094
-11.165413533834586 1.9210202731053794 0.020017378252134253 2.584810073615147 0.10273396781404633 -1.0371417039212076 -0.29246626250761665 -0.11504426599704942 0.020731855502165025 2.5882391431514415 0.10651044741330405 11.99430557854218 1.9887075733753417 0.020691727492451233 2.5880602951437233 0.10609662986559956 1.3018184102727965 1.3063030517169893
-11.090225563909774 1.9191205073888034 0.020943664208441525 2.58853049294426 0.10450011545959711 -1.0787043308987165 -0.3097832688623754 -0.12289852403085177 0.02170649081716747 2.5920180872881677 0.10843580515699876 11.993862281433836 1.9878365097462438 0.021661818097908108 2.5917165926905894 0.10797776470376423 1.3428962670463664 1.3475211495518826
-11.015037593984962 1.9171343789324502 0.021921060421654502 2.590657988617213 0.10624424154032715 -1.121041690519064 -0.3280011900485391 -0.13132847231508293 0.02273595763278134 2.5942219892337746 0.11034616870485425 11.993384588710917 1.9868991452171763 0.022686200801467403 2.5937781682094556 0.10983949913436131 1.3847657821154875 1.3895330756127329
-10.939849624060152 1.915057294411477 0.022952333121695888 2.5911763934040226 0.10796428456816638 -1.1640743819256727 -0.3471526259886275 -0.14037713133114593 0.023823320792682134 2.5948370177876257 0.11223984776137261 11.992869849990342 1.9858905756019218 0.023767872946472837 2.594229021866619 0.1116797446672765 1.427383539245929 1.432295184898324
-10.86466165413534 1.9128844322282443 0.024040365361772773 2.5900729385553096 0.10965822289721446 -1.2077105631458096 -0.3672695248150575 -0.1500906838302818 0.02497178525980217 2.5938529243024897 0.11411521384610866 11.992315213621788 1.9848055566571552 0.02490996306729768 2.593056553044063 0.1134964432557081 1.4706991753320355 1.4757568540323454
-10.789473684210527 1.9106107355203388 0.025188156722477387 2.587338221351088 0.11132407814592943 -1.2518449150340416 -0.3883828614998208 -0.16051869296658694 0.02618469740702612 2.59126302178123 0.115970704577997 11.99171761187974 1.9836384841417198 0.02611573093750116 2.5902515268859605 0.11528756960166137 1.5146548773241562 1.5198599761224456
-10.714285714285715 1.9082309056350126 0.02639882207928142 2.582966154590477 0.11295991812941444 -1.2963575587630203 -0.41052226928771063 -0.1717143328921118 0.027465545437582572 2.5870641467544213 0.11780482742741268 11.991073745142787 1.9823833733073482 0.02738856656847565 2.58580802283305 0.11705113286331235 1.5591848673256672 1.564538443805409
-10.639097744360903 1.9057393961972486 0.02767558928266448 2.576953899155278 0.11456385930550227 -1.3411129297455773 -0.4337156186719682 -0.183734632075101 0.02881795878042001 2.581256605130096 0.11961616292716794 11.990380065003468 1.9810338379165608 0.028731987977880125 2.579723366286257 0.11878517776312689 1.6042148790061592 1.6097176236539927
-10.563909774436091 1.9031304079145785 0.029021795584879044 2.5693017809115175 0.1161340687462694 -1.3859586119855862 -0.45798853818691043 -0.19664072951974632 0.030245706289434043 2.5738441033375676 0.1214033673400701 11.989632756250819 1.9795830689089353 0.030149637527141577 2.5719980446709068 0.1204877851043748 1.649661629157422 1.6553138258058022
-10.488721804511279 1.9003978842788118 0.030440882631559092 2.560013193319906 0.11766876565436833 -1.4307241381354743 -0.4833638707982999 -0.21049814395755462 0.03175269305838548 2.564833666192946 0.12316517478679503 11.988827717667293 1.9780238128662275 0.03164527660627743 2.5626356092785145 0.12215707171254155 1.6954322889809996 1.701233773442209
-10.413533834586467 1.8975355083428755 0.03193638982022831 2.549094487208149 0.11916622245107007 -1.4752197620461516 -0.5098610591619916 -0.225377055952503 0.033342955645947685 2.5542355429941135 0.12490039884357587 11.987960541581478 1.9763483504603072 0.03322277842244449 2.5516425643437306 0.12379118982701258 1.741423960544732 1.7473740775992719
-10.338345864661655 1.8945367007699534 0.03351194581151303 2.536554849215555 0.12062476547006906 -1.5192352123257535 -0.5374954524899209 -0.24135260270162107 0.03502065548786696 2.5420631034077963 0.12660793362451514 11.987026492118623 1.9745484751058986 0.03488611862627589 2.539028244870411 0.12538832597732394 1.7875231647846874 1.793620723737751
-10.263157894736842 1.8913946193718436 0.035171257962850824 2.522406170453895 0.12204277529785985 -1.5625384374221483 -0.566277527219512 -0.2585051851235214 0.03679007025611163 2.5283327247414227 0.12828675436811313 11.986020482092231 1.9726154720830356 0.03663936348760996 2.52480468475294 0.12694669938713976 1.833605348460621 1.839848577536937
-10.18796992481203 1.8881021603737218 0.03691809943912552 2.5066629069393422 0.12341868680777528 -1.604874355027846 -0.5962120131320958 -0.27692078659795527 0.03865558290863885 2.5130636721987796 0.12993591755186357 11.984937048482124 1.9705400984422514 0.03848665531018766 2.5089864767487273 0.12846455995800812 1.8795344185988383 1.8859209185087804
-10.112781954887218 1.8846519616630297 0.03875629374046694 2.489341933339865 0.12475098894053985 -1.6459636212121325 -0.6272969160196595 -0.29669130245119035 0.04062166815865033 2.4962779737024987 0.13155456056242387 11.983770326447646 1.9683125640590404 0.040432194753954785 2.491590625846208 0.12994018589377518 1.925162314174601 1.9316890112531966
-10.037593984962406 1.8810364083006086 0.0406896963750534 2.470462391552589 0.12603822428937947 -1.6855014376425856 -0.6595224274659515 -0.3179148789641104 0.042692876079708036 2.4780002908295953 0.13314190095195857 11.982514021829203 1.9659225142632413 0.04248021971459396 2.4726363975418453 0.13137188103539127 1.970328626093486 1.976991725488245
-9.962406015037594 1.8772476405920193 0.042722173394885744 2.4500455355783872 0.12727898855230113 -1.72315641859106 -0.6928697117998226 -0.34069626030908395 0.04487381255374795 2.458257787350777 0.1346972353137367 11.981161382097277 1.9633590145336721 0.044634980393843844 2.452145162491495 0.13275797198467548 2.0148602779200755 2.021655217382934
-9.887218045112782 1.873277565035687 0.04485757650603887 2.428114574098493 0.12847192991806522 -1.7585695431851036 -0.7273095598228849 -0.365147141393269 0.04716911626393845 2.4370799967917263 0.1362199378119664 11.979705165715822 1.9606105378184835 0.0469007101822729 2.430140238938244 0.1340968051044293 2.0585712812618606 2.0654926861842986
-9.81203007518797 1.8691178684813645 0.04709971446284346 2.404694512082534 0.12961574845558013 -1.791353222532365 -0.7628008985110242 -0.39138652408769303 0.0495834319347198 2.4144986903473944 0.13770945840220927 11.978137609896654 1.9576649551169176 0.04928159196992294 2.4066467342427456 0.13538674349114632 2.1012625812298102 2.1083042216468173
-9.736842105263158 1.8647600358467102 0.049452320458965034 2.3798119926714607 0.13070919557889837 -1.821090516051811 -0.7992891455967879 -0.4195410737558376 0.05212137952864099 2.3905477463804234 0.139165320779513 11.976450396733428 1.9545095300378268 0.051781719501317935 2.3816913867557354 0.13662616402533798 2.142722008942851 2.149876759320047
-9.661654135338345 1.8601953717505075 0.051919015238715914 2.353495140484622 0.13175107366163374 -1.8473345364573959 -0.8367043977470843 -0.4497454723438068 0.05478751912535226 2.3652630226242466 0.14058712009173632 11.97463461771842 1.9511309181334555 0.054405053401719 2.355302409177631 0.13781345461326044 2.182724359592019 2.1899841622979674
-9.586466165413533 1.8554150264272524 0.05450326567059821 2.325773407399971 0.13274023587537745 -1.8696080885532353 -0.8749594410410779 -0.4821427635648483 0.05758631123404792 2.3386822320920997 0.1419745204553909 11.972680736662944 1.9475151718922135 0.05715537152339453 2.3275093344495996 0.13894701174236024 2.2210316160945442 2.228387449545507
-9.511278195488721 1.8504100262882928 0.0572083385535808 2.2966774217521793 0.13367558632651189 -1.8874035931471553 -0.9139475726207564 -0.5168846848802673 0.060522072328620426 2.3108448235669847 0.143327252310782 11.97057855106306 1.943647752359643 0.06003621329654642 2.298342865116167 0.14002523848107784 2.257393339801616 2.2648351923456764
-9.436090225563909 1.8451713094880995 0.060037249466621576 2.266238841787314 0.13455608056459087 -1.900183354114219 -0.9535402228253957 -0.5541319800605216 0.0635989254467263 2.281791867416074 0.14464510965231775 11.968317151976974 1.93951354844001 0.06305081782203613 2.2678347269930357 0.14104654306144296 2.291547251020372 2.2990641016981455
-9.360902255639097 1.8396897668392094 0.06299270652517747 2.2344902141063883 0.1353807265330981 -1.9073802338274248 -0.9935843678547869 -0.5940546850837727 0.06682074576180558 2.25156594733774 0.1459279471686183 11.96588488250924 1.9350969050088844 0.06620205551504983 2.2360175278676397 0.1420093381900164 2.3232200232020377 2.330799830579145
-9.285714285714286 1.8339562883944083 0.06607704897663451 2.201464837725183 0.1361485860297984 -1.908398809809313 -1.0338997241168002 -0.6368323790037351 0.07019110112272861 2.22021105851141 0.14717567732556172 11.963269295030248 1.9303816610358737 0.06949235320324416 2.2029246218549465 0.14291204123882337 2.3521283154545802 2.35975801576177
-9.210526315789474 1.8279618159782267 0.0692921806514224 2.167196634275666 0.1368587767389175 -1.9026170934970423 -1.0742757169707815 -0.6826543901888442 0.0737131876608562 2.18777251248107 0.1483882674236583 11.960457107297811 1.92535119897172 0.07292361270261498 2.1685899799291746 0.14375307547257443 2.3779800684671977 2.3856455843031745
-9.135338345864662 1.821697401900323 0.07263949838959739 2.1317200247762575 0.13751047489095333 -1.8893889003325626 -1.1144682186633972 -0.7317199470079139 0.07738976069027288 2.154296848963203 0.14956573665922782 11.957434157691369 1.9199885066898617 0.07649712304206507 2.1330480670542387 0.14453087247122534 2.4004760888789205 2.4081623497244022
-9.06015037593985 1.8151542740192224 0.07611981568518711 2.095069813305041 0.13810291859785018 -1.8680469688490575 -1.154196052948734 -0.7842382606177019 0.08122306127468522 2.119831754629937 0.15070815321677045 11.95418535981878 1.914276253282921 0.08021346668575256 2.096333726242705 0.14524387590718696 2.4193119464670847 2.427002922220752
-8.984962406015038 1.8083239072448942 0.07973328193351577 2.0572810778227297 0.13863541190147372 -1.8379069348746242 -1.193137267298809 -0.8404285260135964 0.08521473900417281 2.084425988779034 0.1518156314177288 11.950694656811224 1.908196879992393 0.08407242031251932 2.058482069786142 0.1458905468336067 2.4341802071430005 2.441858955816981
-8.909774436090226 1.801198101471527 0.08347929783048362 2.0183890683111274 0.1391073295617285 -1.798272275139496 -1.2309251778333135 -0.900519825951541 0.08936577171596258 2.0481293156642266 0.1528883289485372 11.946944975683554 1.9017327074871677 0.08807285095486435 2.0195283778189097 0.14646937063334492 2.44477302248107 2.4524217530816914
-8.834586466165414 1.793769065816795 0.08735642765707723 1.9784291123186095 0.13951812259710994 -1.7484403421799612 -1.2671441972399649 -0.9647509207687825 0.0936763831038322 2.0109924431229995 0.15392644418849016 11.942918182205704 1.8948660605950916 0.09221260857562727 1.9795080043035156 0.14697886576675565 2.4507850932289057 2.458385244693588
-8.759398496240602 1.7860295089105007 0.09136230938609936 1.9374365279368801 0.1398673245750349 -1.6877096190991665 -1.3013254621213335 -1.033369905558942 0.09814595938743695 1.9730669670045407 0.15493021365553516 11.938595036805395 1.8875794114228692 0.09648841646676927 1.9384562904586742 0.14741759443929295 2.451917019798397 2.4594493566607416
-8.68421052631579 1.7779727348238124 0.09549356376901719 1.8954465441730965 0.14015455863187068 -1.615388328035806 -1.3329422834923363 -1.1066337146431948 0.10277296645097615 1.934405320768719 0.15589990958562452 11.933955152103234 1.8798555415646632 0.10089576118734195 1.8964084855914094 0.14778417528642235 2.4478790469769045 2.4553237721884305
-8.609022556390979 1.769592744061358 0.09974570379550025 1.8524942286284194 0.14037954518334447 -1.5308045295424506 -1.3614054526483415 -1.1848074518843674 0.10755486910352474 1.8950607294982615 0.15683583765875267 11.928976952767702 1.8716777237907842 0.10542878411047121 1.8533996752416502 0.14807729814251727 2.438395202887576 2.4457320879377544
-8.533834586466167 1.7608843388537057 0.10411304616177045 1.8086144223478886 0.14054211026503066 -1.4333178508977937 -1.3860584444057196 -1.2681635241906655 0.1124880543524713 1.8550871674414573 0.15773833488225564 11.923637638469051 1.8630299232181262 0.11008017701270775 1.8094647165019153 0.14829574092161657 2.423207823454667 2.4304163556045433
-8.458646616541355 1.7518432317900943 0.10858862662989593 1.7638416816671962 0.14064219442023013 -1.3223329789252318 -1.4061725708266906 -1.3569805546423304 0.11756776080618873 1.8145393180829175 0.15860776763937184 11.917913150806209 1.8538970174887344 0.11484108450108028 1.7646381803355855 0.14843838859057762 2.4020824432099768 2.4091419892956836
-8.383458646616543 1.7424661566241841 0.11316412140052706 1.7182102268489203 0.14067986202905344 -1.1973150463368754 -1.4209421509723228 -1.4515420511489445 0.12278801651976899 1.7734725356262828 0.15944452990843816 11.911778145178129 1.8442650349202165 0.11970101641801466 1.7189543006843098 0.14850425415901966 2.3748130211731193 2.381703007051512
-8.30827067669173 1.732750979874093 0.11782977684651083 1.6717538972739918 0.14065531094841763 -1.0578070291284405 -1.4294797759599547 -1.5521348065383478 0.1281415877540863 1.7319428066672302 0.16024904165543002 11.90520596866858 1.8341214089436013 0.12464777367304694 1.672446930128521 0.14849250154555188 2.3412274567737454 2.3479275610854833
-8.233082706766918 1.7226968116279688 0.12257435015293505 1.6245061129329323 0.14056888230857312 -0.9034492550839133 -1.4308117634971254 -1.6590470066205398 0.13361994121802268 1.6900067107397054 0.16102174739983807 11.898168645108264 1.823455246417526 0.12966739120103168 1.6251495018437998 0.14840247010671556 2.3011933354561993 2.30768369598458
-8.157894736842106 1.7123041137650423 0.12738506356759804 1.576499841945566 0.14042107028836306 -0.7340010990570249 -1.4238739119445967 -1.7725660242139796 0.1392132223901598 1.6477213783356788 0.16176311495111553 11.890636868567489 1.8122576066150042 0.13474410191486 1.5770949975800286 0.14823370053496496 2.2546238269099215 2.2608852574302625
-8.082706766917294 1.7015748036176908 0.13224757507072257 1.5277675738267793 0.1402125316695894 -0.5493649083433851 -1.407507680529779 -1.8929758795301943 0.14491025245356098 1.6051444449320358 0.16247363431011266 11.882580006612356 1.800521786839781 0.1398603255805219 1.528315921379119 0.1479859617466062 2.201483641102306 2.2074978562620466
-8.007518796992482 1.6905123509415652 0.13714596830933717 1.4783412982092496 0.13994409495148544 -0.3496121601979141 -1.3804569391836026 -2.020554350848389 0.15069854621071793 1.5623339995110825 0.16315381672706436 11.87396611472305 1.788243609770085 0.14499668646731295 1.4788442787403577 0.14765927829245543 2.1417949288826916 2.147544774338819
-7.93233082706767 1.6791218659379419 0.14206276459552847 1.4282524887312826 0.13961676879043694 -0.13501180251358846 -1.3413654480622021 -2.1555697242319525 0.15656435306317504 1.5193485260377104 0.1638041939048201 11.864761963319342 1.7754217067824838 0.15013206339117177 1.4287115609395087 0.14725395773634686 2.0756429954378657 2.081112680215759
-7.857142857142858 1.6674101759949518 0.14697895962491606 1.3775320917986507 0.13923174951873302 0.09393933276340505 -1.2887752424751646 -2.298277177299479 0.1624927227336661 1.4762468363609944 0.16442531733311747 11.854933078859958 1.7620577907187949 0.15524367535310526 1.3779487342084158 0.14677061736345667 2.003181677017262 2.008357004848487
-7.7819548872180455 1.6553858887918176 0.15187408732013283 1.3262105199331293 0.1387904274903687 0.3364842261522085 -1.2211261128264788 -2.4489147998737835 0.168467596875166 1.4330879930457554 0.1650177577368578 11.844443800472932 1.7481569108719146 0.1603072053618479 1.3265862334854768 0.1462102095064696 1.9246382149554377 1.9295068111990197
-7.706766917293233 1.6430594394514098 0.1567263128345027 1.2743176494269348 0.13829439200264132 0.5915717427312401 -1.1367563803260232 -2.607699263785772 0.17447192705529888 1.38993122071521 0.16558210461856954 11.833257353526964 1.7337276824338856 0.16529696421312295 1.2746539604536782 0.14557404471794838 1.840317447080201 1.844868977721506
-7.631578947368421 1.630443119538697 0.16151255625806457 1.2218828220310518 0.13774543455039387 0.857821438622679 -1.0339051765166545 -2.7748211652145187 0.1804878188382782 1.3468358046041249 0.16611896587262553 11.82133594146251 1.7187824823250148 0.17018609498082643 1.2221812855915066 0.14486381197737472 1.7506051261932354 1.7548315053265198
-7.556390977443609 1.6175510858913063 0.16620864795115042 1.1689348504161867 0.13714555018584945 1.1334875628123022 -0.9107164368779372 -2.9504400756553153 0.18649670083090042 1.3038609751871246 0.1666289674463655 11.808640857059737 1.7033376032585776 0.1749468177747107 1.1691970539726135 0.1440815951064536 1.6559701696088913 1.6598657517134994
-7.481203007518797 1.6043993475361 0.17078951569538928 1.1155020271574585 0.13649693678145058 1.4164228243787171 -0.7652448146085753 -3.1346793517624754 0.19247951664386997 1.2610657779627168 0.16711275302118936 11.795132614122604 1.6874133581380877 0.17955071296585043 1.115729594562455 0.14322988458134894 1.5569656439207797 1.5605273970989066
-7.406015037593986 1.5910057292919413 0.17522940301054413 1.0616121370076492 0.1358019920260278 1.7040426084711804 -0.59546370885705 -3.3276207696479894 0.1984169367829832 1.2185089277424301 0.16757098368499207 11.780771100299868 1.67103412746977 0.18396903962138467 1.0618067327737557 0.14231158397943441 1.4542282963788111 1.457455952491523
-7.330827067669174 1.5773898110794857 0.1795021170575069 1.0072924722386187 0.13506330802566635 1.99329043797853 -0.3992755809335513 -3.5292990653307967 0.2042895865714402 1.1762486471170952 0.16800433756614946 11.765515751441766 1.654228343423724 0.188173084384221 1.0074558060575547 0.14133001038350523 1.3484764595242973 1.3513726367999637
-7.255639097744361 1.5635728424459807 0.18358130355990784 0.9525698508461127 0.1342836634290841 2.280605587025711 -0.17452470132408138 -3.7396964793820544 0.2100782853644376 1.1343424891475211 0.1684135093987397 11.749325747504406 1.6370284054963304 0.19213453455427124 0.9527036823224004 0.14028888818894772 1.24050617985963 1.2430764730201356
-7.180451127819549 1.5495776323547692 0.18744074516290427 0.897470637429442 0.13346601305211006 2.561893851528936 0.08098757113995347 -3.9587374197134153 0.21576429160159075 1.0928471447507324 0.16879920998890346 11.732160229564787 1.6194705243947307 0.19582586775674066 0.8975767809908985 0.13919233591770336 1.131185454824035 1.1334384870618708
-7.105263157894737 1.5354284148698845 0.19105467864753126 0.8420207665742353 0.13261347503536794 2.8325025645791513 0.3694849292064717 -4.186283371091513 0.22132954770103588 1.051818235719081 0.1691621655533325 11.713978537002768 1.6015944927382453 0.19922074940509066 0.8421010965200042 0.13804484583315954 1.0214465053049835 1.0233939355572264
-7.030075187969925 1.5211506919670088 0.1943981254767177 0.786245768583462 0.1317293156317171 3.087201003374318 0.6931956910521677 -4.422128192394066 0.22675691847480964 1.0113100948080984 0.16950311690289066 11.694740463351035 1.5834433833837727 0.20229442826414573 0.7863022242292284 0.13685125636608558 0.912276062934173 0.9139325408840088
-6.954887218045114 1.5067710553018288 0.19744722931129588 0.7301707974191161 0.13081693178316633 3.320167362544378 1.0543298966382757 -4.6659939518428395 0.23203041667201466 0.9713755348470138 0.16982281844740285 11.67440652872299 1.565063178542115 0.2050241198657539 0.7302053882989241 0.13561671759482868 0.8047037115274892 0.8060867717097471
-6.879699248120302 1.4923169893426698 0.20017959344756026 0.6738206607341898 0.12987983170853146 3.524983458965007 1.4550540975054673 -4.91752745542378 0.23713540945477138 0.9320656093472229 0.17012203700169667 11.652938266118287 1.5465023352513068 0.20738936738278665 0.6738354718191517 0.13434665026264117 0.6997883886436096 0.7009182740775587
-6.8045112781954895 1.4778166588030193 0.20257461063573617 0.6172198518918276 0.1289216137806102 3.6946382792755177 1.8974640995272871 -5.1762976234404015 0.24205880008641562 0.8934293675898963 0.17040155037803192 11.630298518296899 1.5278112950906952 0.20937236986217025 0.6172170487880932 0.13304669904940755 0.5986032241474885 0.5995026292537052
-6.729323308270677 1.4632986837689268 0.2046137774788185 0.5603925838856425 0.1279459440227242 3.8215413783738734 2.3835560097676343 -5.441793863782301 0.24678917984878987 0.8555136076429508 0.1706621457560405 11.606451741329234 1.5090419481312007 0.21095826846251584 0.5603744179773503 0.13172268103174237 0.5022189650801934 0.5029126874834672
-6.654135338345865 1.4487919062862125 0.20628098561256708 0.5033628250922423 0.12695653259695383 3.897546982220809 2.9151960293101205 -5.713425577372597 0.25131694617516787 0.8183626311676255 0.17090461782807087 11.58136431039804 1.4902470629034597 0.21213538251577468 0.5033316385999629 0.1303805304523615 0.41168630677058893 0.41220079819394506
-6.578947368421053 1.434325152436268 0.20756278214772206 0.44615433680382116 0.1259571096883799 3.9139894409824283 3.494089519187881 -5.990522911038834 0.25563438414079914 0.7820180042028241 0.17112976672520722 11.555004822975441 1.4714796955214646 0.21289538878509687 0.4461125677351363 0.12902624106598293 0.32801751534443885 0.32838032340228096
-6.503759398496241 1.4199269940748327 0.2084485924191583 0.3887907125053326 0.12495140120975261 3.861730421574986 4.121749941389538 -6.272338845763922 0.2597357097346871 0.746518328339874 0.17133839573696938 11.527344394152749 1.4527925919430815 0.21323343914611465 0.3887408994816893 0.12766580742613057 0.25216778280843766 0.25240687831539965
-6.428571428571429 1.4056255144285104 0.2089308989237953 0.3312954188772131 0.12394310475828015 3.7312179281423274 4.799468336308156 -6.558052674400095 0.2636170746757524 0.711899026802274 0.17153130884548368 11.498356938687099 1.4342375976285748 0.21314821397862416 0.3312402058298063 0.12630516651927248 0.18501679901191564 0.18515978757067325
-6.353383458646617 1.3914480816377193 0.20900537141497538 0.2736918385208721 0.12293586625040175 3.512556904451442 5.52828403715189 -6.846774883423741 0.2672765338621362 0.6781921499093565 0.17170930810243792 11.468019434269237 1.415865088556733 0.2126419107089685 0.27363397925792005 0.12495014113731268 0.1273510516673065 0.1274242738069634
-6.2781954887218046 1.3774211341068363 0.20867094441721354 0.21600331442023088 0.1219332576416897 3.195590816470715 6.308957336631002 -7.137553409613922 0.27071397778404166 0.6454262042201838 0.1718731908840366 11.436312160626935 1.3977234366939741 0.21172016907440933 0.21594567707821696 0.12360638630764573 0.07984737351030416 0.0798749044002363
-6.203007518796992 1.3635699811825555 0.2079298398810422 0.15825319616847197 0.12093875610835739 2.7699932520624313 7.141944808608317 -7.429381196505311 0.27393103332530244 0.613626009321393 0.1720237470651241 11.40321890936743 1.3798585216380344 0.2103919366779568 0.15819876757040316 0.1222793399764023 0.043058242739028335 0.0430608102256319
-6.12781954887218 1.3499186222449184 0.2067875342530665 0.10046488800488851 0.1199557250255357 2.2253682252465614 8.02737794568662 -7.721204929308886 0.27693093727547624 0.5828125857445854 0.1721617561583191 11.368727159930508 1.3623132983572743 0.2086692801669608 0.10041677795892602 0.12097417897270452 0.017399308303396477 0.017393156271314485
-6.052631578947368 1.336489586781009 0.20525267082520945 0.04266189872231168 0.1189873970274165 1.5513575531393349 8.965045702928267 -8.011934783104035 0.27971838753629424 0.553003076887383 0.17228798446716131 11.332828217662367 1.3451274288249924 0.20656714882269583 0.042623344303811296 0.11969578107979184 0.0031395558543767747 0.0031352881175021317
-5.977443609022558 1.3233037974406414 0.20333691978128154 -0.015132106478933286 0.11803685937765453 0.7377534021914107 9.954381439899299 -8.300454979932326 0.28229937741414163 0.5242107070867876 0.1724031823036976 11.29551731081156 1.3283369830250953 0.20410309843747176 -0.015157736610377484 0.11844869381428601 0.00039445491511926485 0.0003959023086028036
-5.902255639097746 1.3103804574697684 0.20105478981221095 -0.07289325209922172 0.11710704181743443 -0.22538610737374207 10.99445463167447 -8.585634918258648 0.2846810185414063 0.4964447771803231 0.17250808132054413 11.256793644164786 1.31197421240572 0.2012969840536976 -0.0729024532891077 0.11723711027989477 0.009122336040312127 0.009125495378640687
-5.8270676691729335 1.2977369633042282 0.19842339646319024 -0.13059739630332956 0.11620070699574311 -1.3476204812960204 12.083967579656177 -8.866340615077807 0.286871357877496 0.46971069802060683 0.17260339200524275 11.216660408048593 1.2960673965011593 0.19817063044587804 -0.13058652333427112 0.11606485222844605 0.02912414241231156 0.02911623979159184
-5.751879699248121 1.285388842506253 0.19546219345561802 -0.18822007261781143 0.11532044352398489 -2.63801190399082 13.221257201730152 -9.14144618820248 0.2888791939320967 0.44401006151762107 0.1726898013807737 11.175124742482565 1.280640761237753 0.1947474891654963 -0.18818533491780434 0.11493536024020903 0.06004658835943666 0.06000532031013326
-5.676691729323309 1.2733497166592023 0.19219267405519774 -0.24573642922502376 0.1144686616372816 -4.105014011283952 14.404301825951556 -9.409845104818373 0.2907138968661885 0.41934074790576853 0.17276797095059182 11.132197657338228 1.2657144654757886 0.19105229058361328 -0.24567388578529242 0.11385169073617653 0.10138864308899437 0.10128164690384121
-5.601503759398497 1.2616312883195637 0.1886380501099612 -0.30312116570170766 0.11364759138948155 -5.756366502379434 15.630732760537205 -9.670460932379083 0.2923852365042505 0.39569706710537483 0.17283853491978432 11.087893910391584 1.2513046506837175 0.18711069871375602 -0.30302671963993516 0.11281651936437916 0.15251114709823316 0.15229574608471177
-5.526315789473685 1.2502433506731103 0.18482291664820494 -0.3603484670350679 0.1128592832595881 -7.598997503770345 16.897850273088252 -9.922257348762894 0.29390322158050075 0.3730699313027043 0.17290209871624307 11.042231846114836 1.2374235473355788 0.18294897574309388 -0.36021785974507486 0.11183215016504625 0.21264926665215717 0.21227252718426387
-5.451127819548873 1.2391938181639999 0.18077290991083794 -0.41739193473447106 0.11210561100510406 -9.638935324797115 18.20264349053842 -10.164247199090322 0.295277952788566 0.35144705523621567 0.1729592378274756 10.99523319889789 1.2240796306856296 0.17859366220971518 -0.41722073957134126 0.11090052981776774 0.2809274032256131 0.2803265286773325
-5.375939849624061 1.2284887760673067 0.17651436641335436 -0.47422451484229466 0.11138827656344297 -11.881230920985102 19.54181363388565 -10.395500424887434 0.2965194914494375 0.33081318017077593 0.1730104969602351 10.946922865092402 1.2112778180019368 0.17407127770150085 -0.4740081303025011 0.11002326620786608 0.35637610384799034 0.3554791764271906
-5.3007518796992485 1.2181325467589228 0.17207399011897154 -0.5308184226332159 0.11070881677629865 -14.329892025587828 20.911799932244627 -10.615150735180656 0.2976377448926676 0.3111503171794693 0.17305638952190255 10.897328648809115 1.199019699110534 0.16940804587436903 -0.5305520650022735 0.10920165051703229 0.43795046769599644 0.4366775337206496
-5.225563909774436 1.2081277703003692 0.16747853409475508 -0.5871450637774306 0.11006861169377366 -16.987829541430035 22.30880752120947 -10.822400936139701 0.2986423689887444 0.29243800514058027 0.1730973974148502 10.846480986760303 1.1873037921767302 0.16462964654161671 -0.5868237592327232 0.10843668204172942 0.5245495156259946 0.5228139938888914
-5.150375939849624 1.1984754968952835 0.1627545021611559 -0.6431749517301902 0.10946889420460262 -19.85681642333113 23.728836621136352 -11.016526883594107 0.29954268769666514 0.27465357879362506 0.1731339711281269 10.794412657620192 1.1761258169834277 0.15976099660826257 -0.6427935279037043 0.10772909496737444 0.615035982893248 0.6127463604869191
-5.075187969924812 1.1891752887822968 0.15792787507970393 -0.6988776210977989 0.10891076073550879 -22.937458943537372 25.16771231012649 -11.196880068732838 0.30034762901216366 0.2577724422746209 0.1731665301049679 10.741158481382898 1.165478978505672 0.15482606074036415 -0.6984306981222819 0.10707938637206547 0.7082560100968988 0.7053177764095174
-5.0 1.1802253291970146 0.15302386480115088 -0.7542215367192094 0.1083951827656041 -26.229179933406563 26.62111425112295 -11.362888889530335 0.3010656763238612 0.24176834375284018 0.17319546335997082 10.686755014043095 1.155354254272503 0.14984769188497113 -0.7537035178015643 0.10648784479524875 0.8030582413464084 0.7993759997504843
-4.924812030075188 1.1716225361541768 0.14806669926219565 -0.8091739981928969 0.10792301890995341 -29.73021334523981 28.08460579833202 -11.514058697222993 0.3017048339056183 0.2266136471005723 0.17322113031637953 10.631240242628827 1.1457406797998335 0.1448475010987825 -0.808579059780283 0.10595457877928977 0.8983118888152192 0.8937915775091242
-4.849624060150376 1.1633626789595504 0.14307943921356925 -0.8637010395713242 0.10749502733884528 -33.43760928591209 29.553661990125327 -11.649970737333199 0.3022726050875062 0.21227959692220397 0.1732438618317659 10.574653285203032 1.1366256272244264 0.13984575560297557 -0.8630231211983561 0.10547954487058893 0.9929233856598009 0.9874745345946776
-4.774436090225564 1.155440495549528 0.13808382762006016 -0.9177673239405274 0.10711187831495061 -37.34724854210481 31.023696028277186 -11.770280127578527 0.30277598154547763 0.19873657372652337 0.173263961379443 10.51703409994693 1.1279950731280401 0.13486130355308243 -0.9170001178702203 0.10506257464766271 1.0858513208261675 1.0793892707966102
-4.699248120300753 1.147849808965054 0.13310017132129218 -0.9713360326009444 0.10677416664835891 -41.45386554506837 32.49008394152496 -11.874713030332817 0.30322144211917473 0.18595433652336962 0.17328170635306406 10.458423206872494 1.119833852378723 0.1299115236879283 -0.9704729733976235 0.10470340042291545 1.1761194255666922 1.168567438242558
-4.624060150375941 1.1405836414864154 0.1281472539004328 -1.024368748568345 0.1064824238885304 -45.75107870728456 33.94818723003614 -11.963063185312802 0.3036149595954586 0.17390225064105355 0.17329734946291914 10.398861425109535 1.1121258956066928 0.12501229779004794 -1.0234030027678658 0.10440167934002115 1.2628274587547796 1.2541186523335692
-4.548872180451129 1.1336343251787917 0.12324227808878452 -1.0768253341216445 0.1062371300916223 -50.231427097934464 35.39337338209959 -12.035187969437544 0.30396201396920697 0.16254949907463287 0.17331112019426248 10.338389628100643 1.1048544486561742 0.12017800374040388 -1.075749790193151 0.10415701565780408 1.3451599129079783 1.3352389666414628
-4.473684210526317 1.1269936078184402 0.11840083554270404 -1.1286638021387354 0.10603872502071966 -54.88641250063331 36.82103424167595 -12.09100414616234 0.3042676108003434 0.15186527617043752 0.17332322630041216 10.27704851843623 1.0980022729995262 0.11542152687120444 -1.1274710609631078 0.10396898107293094 1.4223925323423117 1.4112171137827951
-4.398496240601505 1.1206527533806272 0.11363690146470662 -1.1798401809836103 0.10588761865458522 -59.70654600628063 38.22660228267633 -12.13048345703153 0.3045363034157712 0.1418189629156822 0.17333385530619042 10.214878423490607 1.0915518266593895 0.11075428730129037 -1.1785225471070924 0.10383713298676611 1.4938966968437448 1.4814385775488703
-4.3233082706766925 1.1146026364685333 0.10896285129703356 -1.2303083727397042 0.1057842008971723 -64.6813984264692 39.605564911175506 -12.153648194791128 0.30477221784722486 0.13238028352329498 0.17334317600034227 10.151919112492687 1.0854854256565398 0.10618628096873813 -1.2288578466972802 0.10376103066611342 1.559141777086568 1.5453876149975465
-4.24812030075188 1.1088338302443355 0.10438949658351598 -1.280020004627546 0.1057288503949323 -69.79965395921006 40.95347696923 -12.160566881232917 0.30497907954298054 0.12351944337431502 0.17335133989874854 10.088209635192026 1.0797853863877334 0.10172613214588486 -1.2784282766698942 0.10374024928334259 1.6176956108404148 1.6026473899362113
-4.172932330827068 1.103336687587407 0.0999261370615668 -1.3289242735017048 0.1057219423816286 -75.04916668988223 42.26597165329069 -12.151350155019298 0.3051602410365264 0.11520724869955346 0.17335848266340526 10.023788181868825 1.0744341496438448 0.09738115532459106 -1.327182719102322 0.10377439184895725 1.6692232814804313 1.6528984110243732
-4.097744360902256 1.098101415348992 0.09558062609615103 -1.376967783395375 0.10576385548083725 -80.41701965830008 43.538770086689915 -12.126146955963371 0.30531870989389376 0.10741520864715833 0.17336472546517406 9.958691964088672 1.069414387210897 0.09315742448702208 -1.3750674609610722 0.10386309906962242 1.7134844026659266 1.695915488931002
-4.022556390977444 1.0931181416974571 0.0913594466864204 -1.4240943761737521 0.10585497740442631 -85.88958636079082 44.76768980013844 -12.085141073392077 0.30545717639000003 0.10011562059447401 0.17337017628114584 9.8929571153191 1.0647090921631424 0.08905984792298532 -1.4220260274325416 0.10400605717774515 1.7503291259260356 1.7315634383652834
-3.947368421052632 1.088376976653633 0.08726779544823325 -1.4702449554731751 0.10599570949115444 -91.45259467849421 45.94865237766738 -12.028548107913632 0.3055780404809117 0.09328163972367805 0.17337493112004349 9.826618610303454 1.0603016540667718 0.08509224691328843 -1.4679990090686326 0.10420300378573853 1.7796930922483092 1.759791753450685
-3.8721804511278197 1.0838680660026339 0.08330967218758249 -1.5153573042456985 0.1061864700331631 -97.0911933253268 47.07769051930638 -11.956612878625979 0.3056834377422397 0.08688733399500193 0.1733790751713889 9.759710201924207 1.0561759203737735 0.08125743676468032 -1.512923883126417 0.10445373181993078 1.8015915457832412 1.7806284801279448
-3.7969924812030076 1.0795816388381114 0.0794879729178147 -1.559365896402868 0.10642769633970478 -102.79002098789137 48.15095475737711 -11.869607291859957 0.3057752640336052 0.08090772572401046 0.17338268387615755 9.692264374177075 1.052316245306276 0.07755730885132034 -1.5567348296594519 0.10475809158659409 1.816112818745483 1.7941734984474542
-3.7218045112781954 1.0755080490485671 0.07580458442573583 -1.6022017032628861 0.10671984548712583 -108.5332783828555 49.16472004202722 -11.767828673179814 0.3058551987255149 0.07531882100538609 0.17338582391833807 9.624312309813483 1.0487075275202233 0.07399291248668144 -1.5993625431327338 0.10511599101652284 1.823411382830982 1.800591412153903
-3.6466165413533833 1.0716378110947722 0.0722604787482845 -1.6437919957575253 0.1070633937022193 -114.30480348367918 50.115392384866595 -11.65159855164217 0.3059247263887781 0.07009762823082023 0.1733885541382188 9.555883871185056 1.045335237800498 0.07056453561507955 -1.6407340405889987 0.10552739412586519 1.8237006452574571 1.8001042242187368
-3.571428571428573 1.067961630454169 0.06885580617418499 -1.6840601436551015 0.10745883432274532 -120.08815016758062 50.99951571858556 -11.521261874290293 0.30598515689877887 0.06522216692792775 0.1733909263693481 9.487007592833928 1.0421854379839244 0.06727178347105314 -1.680772467696504 0.10599231772016396 1.81724564806188 1.7929839561717755
-3.496240601503761 1.0644704291240505 0.06558998562738201 -1.7229254134098106 0.10790667427461995 -125.86667050561579 51.81377909639455 -11.377186619476781 0.30603764394865 0.060671468106297144 0.17339298620199536 9.417710684409716 1.0392447922373202 0.06411365450532337 -1.7193969043638562 0.10651082635656259 1.8043558086068454 1.7795453472989546
-3.4210526315789487 1.0611553665819764 0.062461791516254 -1.7603027666625706 0.10840742900029586 -131.62360086455968 52.55502431908838 -11.21976376980394 0.30608320199793543 0.056425567239934936 0.17339477367659 9.348019042552966 1.0365005717395575 0.0610886130165362 -1.7565221720218327 0.10708302556648021 1.7853778182623765 1.7601387479227986
-3.3458646616541365 1.0580078566008142 0.059469436341196134 -1.796102661901065 0.10896161576761727 -137.34215191045686 53.220254040450484 -11.049407599128553 0.30612272170791893 0.052465490947363976 0.17339632391107432 9.277957270459396 1.0339406537331697 0.05819465805707012 -1.7920586451520308 0.10770905332846226 1.7606887956811739 1.7351432997957206
-3.2706766917293244 1.0550195803084388 0.05661064854106686 -1.8302308623437844 0.10956974528342377 -143.00560250220838 53.806640364434664 -10.86655622309598 0.30615698393264446 0.04877323835470567 0.17339766766639833 9.207548703925475 1.031553515825531 0.05542938829822254 -1.8259120701937337 0.10838906976896727 1.7306897715523695 1.7049604766790494
-3.1954887218045123 1.0521824958697719 0.05388274522516374 -1.8625882537511282 0.11023231153188995 -148.59739734196623 54.31153391090024 -10.671672358944843 0.30618667234687724 0.0453317580467927 0.17339883185453348 9.136815442768922 1.0293282263343915 0.052790062644571714 -1.8579833955892917 0.1091232450581684 1.6957995636281238 1.6700080398527428
-3.1203007518797 1.0494888451526536 0.05128269958170482 -1.893070676591852 0.11094977975462297 -154.10124811029584 54.73247329131608 -10.46524423773862 0.3062123847998843 0.042124921428980784 0.17339983999342246 9.065778386614731 1.0272544313894896 0.05027365647926794 -1.8881686174397585 0.10991174545917332 1.6564490844560087 1.630714446862659
-3.045112781954888 1.0469311577200278 0.04880720287679169 -1.921568777809837 0.11172257248859561 -159.50123766163443 55.0671949025331 -10.247786610678329 0.3062346434878355 0.03913749324029454 0.17340071261322765 8.994457274135126 1.0253223394223934 0.04787691350158883 -1.916358646039879 0.11075471748298417 1.6130761097832937 1.587513737399838
-2.969924812030076 1.0445022524699714 0.04645272106059576 -1.9479678883471532 0.11255105357974897 -164.7819266933733 55.313642916062356 -10.019841790635908 0.3062539040386503 0.03635509987863931 0.17340146761811853 8.922870724927938 1.0235227036016394 0.045596393185782326 -1.9424391994464716 0.11165227009888688 1.5661205230920427 1.5408409078531289
-2.8947368421052637 1.042195237222925 0.04421554608147971 -1.9721479335842487 0.11343551009552061 -169.92846213430943 55.469979312956006 -9.781980670490462 0.30627056360190413 0.033764196121646536 0.17340212060766227 8.851036283311469 1.0218468027002565 0.043428513946719496 -1.9662907312055415 0.11260445495150825 1.5160200411545528 1.4911277757398231
-2.8195488721804516 1.0400035065327489 0.04209184207562304 -1.9939833849532917 0.11437613206944988 -174.92668633011084 55.53459379096892 -9.53480366119362 0.30628496803354216 0.031352030754336735 0.1734026851616701 8.77897046340217 1.0202864208182183 0.04136959214386243 -1.9877884004158728 0.11361124454246298 1.4632064167863175 1.438799326786413
-2.7443609022556394 1.037920737975388 0.040077686651262615 -2.013343262156903 0.11537299002656302 -179.76324593986914 55.50611335177682 -9.278941494721195 0.30629741826108586 0.02910661154656656 0.17340317309211384 8.706688794925128 1.0188338263234302 0.03941587709153477 -2.006802093430335 0.11467250834723977 1.4081021079847498 1.38427053075748
-2.6691729323308273 1.0359408871464417 0.03816910752473308 -2.0300911966666373 0.1164260102604639 -184.425699304285 55.38341136218166 -9.01505584014673 0.3063081759101635 0.02701666996080769 0.17340359466547822 8.634205869284255 1.0174817503214628 0.037563582271285104 -2.023196507674064 0.11578798685783843 1.3511173972158188 1.3279436070309898
-2.593984962406015 1.034058181577066 0.03636211479190945 -2.0440855684598565 0.11753494786325128 -188.90262090801156 55.16561587494996 -8.743839684988895 0.306317468267839 0.025071625913114903 0.17340395879865672 8.56153538549037 1.0162233649162766 0.03580891296233332 -2.036831309266682 0.11695726356970079 1.2926479405641502 1.2702057172034322
-2.518796992481203 1.0322671137566717 0.03465272913514959 -2.0551797292467713 0.1186993575487529 -193.18370144180176 54.85211699259698 -8.466017438690187 0.3063254926526185 0.023261552858396973 0.17340427323124352 8.488690195609621 1.0150522614813744 0.034148090519539 -2.0475613773394015 0.11817973496886126 1.2330727236061605 1.2114270594745686
-2.443609022556391 1.0305624334309615 0.0330370062740307 -2.0632223266960508 0.11991856235939506 -197.2598418796723 54.442573061375114 -8.182344720549619 0.3063324202553493 0.021577143424006698 0.17340454467682576 8.415682349453274 1.0139624291228915 0.032577373536062215 -2.055237149092251 0.1194545786230374 1.1727523990111262 1.1519593380188966
-2.3684210526315788 1.0289391393251097 0.031511057969551656 -2.0680577453283546 0.12119162040852957 -201.12323992742978 53.93691549311404 -7.8936078005900825 0.3063383995096498 0.020009675774407817 0.17340477895563966 8.342523138281358 1.0129482334827233 0.031093076130671637 -2.05970508068225 0.12078071953964065 1.1120279798400239 1.0921345798090527
-2.2932330827067684 1.0273924704243933 0.030071069887369493 -2.0695266807378085 0.12251728988422912 -204.76746717584183 53.33535202939813 -7.600622668607873 0.30634355904511323 0.018550980852334066 0.17340498111072689 8.269223137339397 1.012004396000571 0.029691583598435337 -2.0608082398977916 0.1221567950253115 1.051219862128606 1.0322642712502492
-2.2180451127819563 1.0259178969283744 0.028713316617234134 -2.067466864529758 0.12389399262831916 -208.18753530827522 52.638368285712104 -7.3042337139351154 0.3063480102713931 0.01719341060975851 0.1734051555095146 8.195792247087617 1.0111259737283542 0.028369365658950277 -2.058387047167371 0.12358111836614526 0.9906271504560227 0.9726387873572392
-2.142857142857144 1.0245111109798093 0.027434174134110905 -2.0617139577192685 0.12531977670606873 -211.37994977121997 51.846727442260395 -7.005312006109357 0.3063518496364475 0.015929807313381634 0.17340530593254228 8.122239733017997 1.0103083397684758 0.027122987529088833 -2.052280181667139 0.12505164174552694 0.9305272606806031 0.913527086926628
-2.067669172932332 1.0231680172557927 0.026230129972418807 -2.052102630190722 0.12679227849745262 -214.3427494182481 50.96146798259559 -6.704753174543182 0.30635516059771867 0.01475347398526365 0.17340543565087804 8.048574263984719 1.0095471643885257 0.02594911903800475 -2.042325669008203 0.12656591892710742 0.8711757747549892 0.8551766481112659
-1.9924812030075199 1.0218847234962178 0.02509779136911705 -2.0384678430298586 0.12830868496922881 -217.07553078363247 49.983899420222166 -6.403474893258963 0.3063580153408726 0.0136581460178379 0.17340554749359546 7.9748039490005675 1.0088383968489103 0.024844541991437888 -2.0283621660654405 0.12812106835281062 0.812806523420569 0.7978136199008012
-1.9172932330827077 1.020657531033374 0.024033891614663412 -2.0206463489474302 0.1298656969264811 -219.57945582965272 48.91559599596238 -6.102413984604816 0.3063604762769201 0.012637963984575168 0.1734056439065319 7.9009363724744315 1.0081782479662187 0.023806155980599472 -2.010230456805783 0.12971373743792727 0.7556318735501397 0.741643166176467
-1.8421052631578956 1.0194829253763522 0.02303529483366148 -1.9984784234521298 0.13145949418957473 -221.85724223877148 47.75838837395796 -5.802523163419838 0.3063625973450713 0.011687447652781336 0.17340572700340906 7.826978627883704 1.0075631734236292 0.02283098281849661 -1.9877751703315352 0.13134006898410566 0.6998431979025301 0.6868499801838431
-1.7669172932330834 1.0183575668948361 0.02209899939972202 -1.9718098357335556 0.13308570379326154 -223.91313558383575 46.51435341040415 -5.504767450165218 0.3063644251455391 0.010801471191757957 0.1734057986102705 7.75293734989212 1.0069898578300582 0.021916169773839776 -1.960846728622855 0.1329956707719494 0.6456115060328026 0.6335989484169208
-1.6917293233082713 1.0172782816387251 0.021222140172012422 -1.9404940632298169 0.13473937245274153 -225.75286300072827 45.18580211507349 -5.210120287902512 0.30636599992367625 0.009975239559324414 0.17340586030408045 7.678818744936477 1.0064551995217887 0.0210589917598741 -1.9293035265040344 0.1346755895319547 0.5930882160422741 0.5820359440019333
-1.6165413533834592 1.0162420523228102 0.02040198972441073 -1.9043947474512142 0.13641494467905121 -227.38356830149988 43.77526596992979 -4.919559403511926 0.3063673564242946 0.0092042660409857 0.1734059134462247 7.604628620316677 1.005956296093796 0.02025685262284804 -1.8930143400622421 0.13637429061800616 0.5424060477402803 0.5322887306993198
-1.541353383458647 1.0152460094993256 0.019635958722301367 -1.8633883807302314 0.13810624804341218 -228.8137287940818 42.285481810160626 -4.6340624580446175 0.30636852463273845 0.00848435090891283 0.17340595921156726 7.530372411832541 1.0054904306427008 0.019507285662534846 -1.851860952050299 0.1380856448123984 0.4936800186228531 0.4844679596017832
-1.466165413533835 1.0142874229355607 0.01892159558698551 -1.8173672041532447 0.13980648717583785 -230.05305440880258 40.71937550939381 -4.35460253448856 0.306369530417265 0.007811561162450423 0.17340599861363384 7.456055210017693 1.0050550586990548 0.01880795350538197 -1.8057409737084622 0.1398029237645003 0.44700852485624404 0.4386682414999624
-1.3909774436090228 1.0133636932087486 0.018256585573515928 -1.7662422860773297 0.1415082481244616 -231.11237006325095 39.08004474141158 -4.082143513412483 0.3063703960854849 0.007182211306998936 0.17340603252642403 7.38168178502699 1.0046477958233433 0.018156647439593426 -1.7545708320340103 0.14151880559475097 0.4024744901966696 0.3949692787246022
-1.3157894736842106 1.0124723435261311 0.017638749374557967 -1.7099467385362868 0.1432035146850215 -232.00348251678798 37.37074111416377 -3.8176353878933256 0.30637114086601885 0.006592845126014576 0.1734060617032901 7.3072566102365615 1.0042664058375295 0.017551286310771894 -1.6982888800052867 0.14322539216898553 0.3601465664947911 0.3534370410644634
-1.2406015037593985 1.0116110117743067 0.017066041350648018 -1.6484390158205116 0.14488369822082073 -232.7390332657548 35.59485198754105 -3.562009568860283 0.30637178132512066 0.006040218396627999 0.1734060867932661 7.232783884620931 1.0039087896620629 0.016989915066797482 -1.6368585749619835 0.1449142394523035 0.32008037013913226 0.3141249711230175
-1.1654135338345881 1.0107774427987033 0.016536547475966255 -1.5817062260548775 0.14653968231937103 -233.33233930255503 33.75588229338539 -3.316174230523739 0.30637233172676903 0.005521282499200007 0.1734061083551794 7.158267553971828 1.0035729747268942 0.016470703031292153 -1.570271657712511 0.14657640217536666 0.2823197395006317 0.27707520521866696
-1.090225563909776 1.0099694809111792 0.01604848307844449 -1.5097673733377923 0.1481618833620877 -233.7972237995591 31.857436674404553 -3.0810097430303216 0.3063728043436362 0.005033168869336862 0.17340612686983725 7.083711331025585 1.0032571049241126 0.015991941976433166 -1.4985512526050342 0.14820249377957895 0.246897999163332 0.24231979667320647
-1.0150375939849638 1.0091850626213303 0.015600190443658804 -1.4326764357369839 0.1497403277110026 -234.14783897674238 29.903202247875296 -2.8573642360088876 0.3063732097253753 0.004573174240269427 0.17340614275053998 7.009118714566761 1.002959431069257 0.01555204405796425 -1.4217547975089322 0.14978276224553175 0.21383921747267925 0.20988192907662995
-0.9398496240601517 1.0084222095849853 0.015190136343467655 -1.3505251740889985 0.15126474574007095 -234.39848356615204 27.89693228057201 -2.646049332431936 0.30637355692982354 0.004138746623351484 0.17340615635214035 6.934493007575758 1.00267830183808 0.015149539668005694 -1.3399767032775276 0.15130718195081985 0.18315944470881373 0.1797771078715207
-0.8646616541353396 1.007679021761603 0.01481690954269898 -1.2634455591345515 0.1527246823637691 -234.56341739404854 25.84243103375208 -2.447836087393778 0.3063738537219686 0.0037274719749075006 0.1734061679788397 6.859837334487577 1.002412155145502 0.014783075254658537 -1.2533506357412152 0.15276556115507375 0.15486792000001376 0.1520143193703841
-0.7894736842105274 1.006953670770772 0.014479218330310394 -1.1716117010764588 0.15410962305648435 -234.65667566191922 23.74354000216741 -2.2634511612280868 0.3063741067448787 0.0033370614972813737 0.1734061778908855 6.785154657629329 1.0021595099336325 0.014451411151411261 -1.1620513105701202 0.15414766408560865 0.128968235928722 0.12659714710638192
-0.7142857142857153 1.0062443934367478 0.014175888115285999 -1.0752411671476538 0.1554091336356946 -234.69188552078148 21.60412572989601 -2.0935732510522627 0.30637432166621925 0.002965339522965071 0.17340618631031166 6.710447792902729 1.0019189583360129 0.014153419453928253 -1.0662956933274683 0.15544334591896258 0.10545945064540958 0.10352483621734156
-0.6390977443609032 1.0055494855088773 0.01390585912203309 -0.9745955800347031 0.15661301133280334 -234.68208750097344 19.4280693396068 -1.938829799557901 0.3063745033034759 0.0026102319316034534 0.17340619342584507 6.635719424776633 1.001689158185603 0.013888081976906785 -0.9663435044384201 0.15664269825253857 0.084337138185926 0.08279329737191019
-0.563909774436091 1.0048672955448916 0.013668184215143106 -0.8699804035588459 0.15771144393859307 -234.6395642846195 17.219257862073864 -1.799793994860103 0.3063746557305639 0.0022697550497865174 0.1734061993970822 6.560972120654508 1.0014688258344686 0.013654488319293499 -0.8624969420923436 0.157736201974993 0.06559436857735515 0.06439604255894861
-0.4887218045112789 1.0041962189432878 0.013462026879024421 -0.7617438420349115 0.15869517313311493 -234.5756791937629 14.98157740078261 -1.6769820706508902 0.3063747823681116 0.0019420049841796898 0.17340620435802667 6.486208344680859 1.0012567292536059 0.013451834062193893 -0.755099555390111 0.15871488381797763 0.0492226102055523 0.04832504586860727
-0.41353383458646675 1.0035346921104238 0.013286659374042381 -0.6502748059094107 0.15955565754316184 -234.50072661785634 12.718908113748471 -1.5708509119052003 0.3063748860593624 0.0016251473410826462 0.17340620842006244 6.411430471047389 1.0010516813818082 0.013279419120245778 -0.6445342250205904 0.15957047235228358 0.03521254779489622 0.03457152318842994
-0.3383458646616546 1.00288118674744 0.013141461087359594 -0.5359999278042126 0.16028523066449316 -234.42379642441864 10.435120942977928 -1.4817959680978312 0.3063749691333364 0.0013174072831809037 0.17340621167442855 6.336640796862622 1.000852533692979 0.013136646264052646 -0.5312202386287511 0.16029554882400035 0.023554810208235678 0.023126625516555265
-0.2631578947368425 1.0022342042417345 0.01302591709360188 -0.419379648620168 0.16087724858523741 -234.35265419073085 8.134075972328867 -1.4101494733352382 0.30637503345661804 0.0010170598784904452 0.1734062141942482 6.261841554643276 1.0006581699517287 0.013023019828375929 -0.41560948151924765 0.16088368805185316 0.014240603105525116 0.013982041345757831
-0.18796992481203034 1.001592270147377 0.01293961693773057 -0.30090343106619144 0.16132622248576745 -234.2936388669675 5.819622248754912 -1.3561789710546819 0.30637508047489576 0.0007224206940218264 0.17340621603615594 6.187034924488826 1.0004675001275294 0.012938144618198791 -0.2981817987596522 0.16132958465588706 0.007262242297967924 0.007130504298860065
-0.1127819548872182 1.0009539287386064 0.012882253650030874 -0.18108419568901632 0.16162793118817373 -234.25157923627236 3.4955988607728092 -1.3200861399387307 0.306375111245156 0.0004318365898909954 0.17340621724155883 6.112223045996595 1.0002794544380582 0.012881725022394142 -0.1794396200419252 0.16162916017745962 0.0026135843983454803 0.002566202891067329
-0.03759398496240607 1.0003177376203614 0.012853623000878604 -0.06045210979656543 0.1617795095863184 -234.2297302788908 1.1658370329641319 -1.3020059174122842 0.30637512645923404 0.0001436766681678361 0.17340621783755938 6.037408029976534 1.000092977492686 0.01285356434256017 -0.059901971650452156 0.16177964718097998 0.0002903520978115953 0.00028508996224282343
0.03759398496240607 0.9996822623796386 0.012853623000878604 0.06045210979656543 0.1617795095863184 -234.22973027889077 -1.1658370329626784 -1.3020059174122522 0.30637512645923404 -0.00014367666820283456 0.17340621783755938 5.962591970023511 0.999907022507314 0.01285356434256016 0.059901971650344756 0.16177964718098023 0.0002903520978115953 0.0002850899622418005
0.11278195488721643 0.9990460712613934 0.012882253650030874 0.1810841956890087 0.16162793118817376 -234.2515792362724 -3.495598860771417 -1.3200861399387023 0.306375111245156 -0.0004318365899246214 0.17340621724155886 5.88777695400345 0.9997205455619419 0.0128817250223941 0.17943962004182248 0.16162916017745987 0.0026135843983452595 0.0025662028910643795
0.18796992481202857 0.998407729852623 0.012939616937730564 0.3009034310661899 0.16132622248576728 -234.29363886696743 -5.8196222487562865 -1.3561789710546925 0.30637508047489576 -0.0007224206939868281 0.17340621603615594 5.812965075511131 0.9995324998724705 0.01293814461819886 0.29818179875975526 0.16132958465588698 0.007262242297967856 0.007130504298865039
0.2631578947368407 0.9977657957582653 0.01302591709360188 0.41937964862016297 0.16087724858523747 -234.35265419073087 -8.134075972330185 -1.4101494733352737 0.30637503345661804 -0.0010170598784554465 0.17340621419424823 5.738158445356681 0.9993418300482712 0.013023019828376014 0.41560948151934685 0.16088368805185285 0.014240603105524765 0.01398204134576462
0.33834586466165284 0.9971188132525599 0.0131414610873596 0.5359999278042114 0.16028523066449368 -234.42379642441864 -10.43512094297793 -1.4817959680978312 0.3063749691333364 -0.0013174072831795309 0.17340621167442855 5.663359203137378 0.999147466307021 0.013136646264052646 0.5312202386287525 0.16029554882400035 0.023554810208235508 0.023126625516555376
0.413533834586465 0.9964653078895763 0.013286659374042381 0.6502748059094077 0.15955565754316212 -234.50072661785634 -12.71890811374847 -1.5708509119052003 0.3063748860593624 -0.001625147341081274 0.17340620842006246 5.588569528952611 0.9989483186181918 0.013279419120245781 0.6445342250205917 0.1595704723522836 0.03521254779489584 0.03457152318843007
0.4887218045112771 0.9958037810567121 0.013462026879024421 0.7617438420349092 0.1586951731331149 -234.57567919376285 -14.98157740078132 -1.6769820706508156 0.30637478236811155 -0.0019420049842091985 0.17340620435802667 5.513791655319181 0.9987432707463942 0.01345183406219374 0.7550995553900218 0.15871488381797824 0.049222610205552006 0.04832504586859512
0.5639097744360893 0.9951327044551085 0.013668184215143101 0.8699804035588427 0.15771144393859304 -234.63956428461955 -17.21925786207502 -1.7997939948601704 0.3063746557305639 -0.0022697550497556367 0.17340619939708224 5.439027879345454 0.9985311741655313 0.013654488319293669 0.8624969420924268 0.15773620197499247 0.06559436857735465 0.06439604255896203
0.6390977443609014 0.9944505144911228 0.013905859122033085 0.974595580034702 0.15661301133280348 -234.68208750097344 -19.428069339606804 -1.938829799557901 0.3063745033034759 -0.0026102319316020804 0.17340619342584507 5.364280575223367 0.9983108418143971 0.013888081976906788 0.9663435044384215 0.15664269825253857 0.08433713818592571 0.08279329737191045
0.7142857142857135 0.9937556065632522 0.014175888115286 1.0752411671476552 0.15540913363569472 -234.69188552078145 -21.60412572989707 -2.0935732510523373 0.30637432166621925 -0.0029653395229369346 0.17340618631031166 5.289552207097237 0.998081041663987 0.014153419453928463 1.066295693327542 0.155443345918962 0.10545945064540979 0.10352483621735778
0.7894736842105257 0.9930463292292279 0.014479218330310385 1.1716117010764573 0.1541096230564842 -234.656675661919 -23.743540002168338 -2.263451161228133 0.3063741067448787 -0.003337061497253924 0.17340617789088553 5.214845342370637 0.9978404900663674 0.014451411151411494 1.1620513105701877 0.15414766408560832 0.1289682359287217 0.12659714710639897
0.8646616541353378 0.9923209782383972 0.01481690954269897 1.2634455591345488 0.1527246823637692 -234.56341739404854 -25.842431033752078 -2.447836087393778 0.3063738537219686 -0.003727471974906129 0.1734061679788397 5.140162665512423 0.9975878448544979 0.01478307525465854 1.2533506357412163 0.15276556115507375 0.15486792000001293 0.1520143193703844
0.9398496240601499 0.9915777904150147 0.015190136343467652 1.3505251740889976 0.15126474574007118 -234.39848356615204 -27.89693228057201 -2.646049332431936 0.30637355692982354 -0.004138746623350111 0.17340615635214035 5.065506992424242 0.99732169816192 0.0151495396680057 1.339976703277529 0.15130718195081985 0.1831594447088132 0.1797771078715211
1.0150375939849603 0.9908149373786697 0.015600190443658787 1.4326764357369788 0.14974032771100287 -234.14783897674238 -29.903202247875292 -2.8573642360088876 0.3063732097253753 -0.004573174240266682 0.17340614275054 4.990881285433239 0.9970405689307431 0.015552044057964261 1.4217547975089346 0.14978276224553178 0.21383921747267712 0.20988192907663075
1.0902255639097724 0.9900305190888209 0.016048483078444465 1.5097673733377908 0.1481618833620875 -233.79722379955925 -31.85743667440388 -3.08100974303024 0.3063728043436361 -0.005033168869355392 0.1734061268698372 4.916288668974443 0.9967428950758875 0.015991941976432923 1.498551252604992 0.14820249377957953 0.24689799916333152 0.24231979667318815
1.1654135338345846 0.9892225572012968 0.01653654747596624 1.581706226054871 0.14653968231937153 -233.33233930255506 -33.75588229338468 -3.3161742305236395 0.30637233172676903 -0.005521282499217163 0.17340610835517933 4.841732446028198 0.9964270252731059 0.016470703031291892 1.5702716577124705 0.14657640217536733 0.28231973950062816 0.277075205218647
1.2406015037593967 0.9883889882256933 0.017066041350648004 1.6484390158205116 0.14488369822082053 -232.73903326575484 -35.594851987541055 -3.56200956886029 0.30637178132512066 -0.0060402183966266265 0.17340608679326605 4.767216115379069 0.9960912103379371 0.016989915066797492 1.6368585749619844 0.14491423945230344 0.32008037013913243 0.3141249711230181
1.3157894736842088 0.987527656473869 0.017638749374557946 1.7099467385362876 0.14320351468502113 -232.0034825167885 -37.37074111416337 -3.817635387893308 0.3063711408660188 -0.0065928451260303614 0.17340606170329012 4.692743389763461 0.9957335941624706 0.017551286310771616 1.6982888800052567 0.14322539216898567 0.36014656649479193 0.35343704106444496
1.390977443609021 0.9866363067912514 0.018256585573515907 1.7662422860773248 0.14150824812446205 -231.11237006325095 -39.08004474141158 -4.082143513412483 0.3063703960854849 -0.007182211306997563 0.17340603252642403 4.61831821497301 0.9953522041766567 0.018156647439593436 1.7545708320340114 0.14151880559475097 0.4024744901966657 0.39496927872460297
1.4661654135338331 0.9857125770644393 0.0189215955869855 1.8173672041532412 0.1398064871758383 -230.0530544088023 -40.7193755093942 -4.35460253448862 0.30636953041726495 -0.007811561162434642 0.17340599861363387 4.543944789982288 0.9949449413009451 0.01880795350538226 1.8057409737084877 0.13980292376449993 0.4470085248562406 0.43866824149998274
1.5413533834586453 0.9847539905006741 0.019635958722301342 1.8633883807302305 0.13810624804341207 -228.81372879408235 -42.28548181016033 -4.634062458044575 0.3063685246327384 -0.00848435090892587 0.1734059592115673 4.469627588167477 0.9945095693572993 0.019507285662534558 1.8518609520502791 0.13808564481239866 0.4936800186228524 0.48446795960176475
1.6165413533834574 0.9837579476771899 0.02040198972441072 1.9043947474512104 0.13641494467905182 -227.3835683014999 -43.775265969929805 -4.919559403511929 0.3063673564242946 -0.009204266040983643 0.17340591344622472 4.395371379683322 0.994043703906204 0.02025685262284806 1.8930143400622441 0.13637429061800613 0.5424060477402753 0.5322887306993215
1.6917293233082695 0.9827217183612749 0.021222140172012405 1.940494063229817 0.1347393724527414 -225.75286300072804 -45.18580211507344 -5.210120287902498 0.30636599992367625 -0.009975239559323041 0.17340586030408045 4.321181255063523 0.9935448004782113 0.02105899175987412 1.9293035265040346 0.1346755895319548 0.5930882160422744 0.5820359440019335
1.7669172932330817 0.981642433105164 0.02209899939972199 1.9718098357335565 0.1330857037932612 -223.91313558383575 -46.51435341040415 -5.504767450165218 0.3063644251455391 -0.010801471191756585 0.1734057986102705 4.24706265010788 0.9930101421699418 0.021916169773839794 1.9608467286228561 0.1329956707719494 0.6456115060328039 0.6335989484169221
1.8421052631578938 0.9805170746236478 0.023035294833661468 1.9984784234521298 0.13145949418957484 -221.857242238772 -47.75838837395783 -5.802523163419821 0.3063625973450713 -0.01168744765279026 0.17340572700340903 4.17302137211631 0.9924368265763709 0.022830982818496347 1.987775170331524 0.13134006898410575 0.699843197902529 0.6868499801838271
1.917293233082706 0.9793424689666259 0.02403389161466339 2.0206463489474316 0.1298656969264812 -219.57945582965272 -48.91559599596238 -6.102413984604816 0.3063604762769201 -0.012637963984573796 0.17340564390653188 4.0990636275255685 0.9918217520337813 0.023806155980599483 2.0102304568057834 0.12971373743792725 0.7556318735501396 0.7416431661764677
1.992481203007518 0.9781152765037822 0.025097791369117033 2.0384678430298586 0.12830868496922895 -217.07553078363247 -49.98389942022216 -6.403474893258963 0.30635801534087254 -0.01365814601783653 0.1734055474935954 4.0251960509994325 0.9911616031510897 0.024844541991437902 2.028362166065441 0.12812106835281056 0.8128065234205675 0.7978136199008024
2.06766917293233 0.9768319827442073 0.026230129972418796 2.052102630190721 0.12679227849745292 -214.34274941824833 -50.96146798259544 -6.704753174543129 0.30635516059771867 -0.014753473985270514 0.17340543565087807 3.951425736015292 0.9904528356114745 0.02594911903800451 2.0423256690081963 0.1265659189271077 0.8711757747549859 0.8551766481112506
2.1428571428571423 0.9754888890201907 0.027434174134110884 2.0617139577192702 0.1253197767060685 -211.37994977121997 -51.84672744226041 -7.005312006109371 0.3063518496364475 -0.01592980731337992 0.1734053059325423 3.8777602669820026 0.9896916602315242 0.02712298752908886 2.05228018166714 0.12505164174552685 0.9305272606806055 0.9135270869266302
2.2180451127819545 0.9740821030716257 0.028713316617234086 2.067466864529759 0.12389399262831881 -208.18753530827536 -52.63836828571188 -7.304233713935037 0.3063480102713931 -0.01719341060976503 0.1734051555095146 3.804207752912393 0.9888740262716459 0.028369365658949958 2.058387047167364 0.12358111836614565 0.9906271504560246 0.9726387873572182
2.2932330827067666 0.9726075295756067 0.03007106988736946 2.069526680737807 0.12251728988422955 -204.76746717584155 -53.33535202939779 -7.6006226686077305 0.30634355904511323 -0.018550980852339555 0.17340498111072689 3.730776862660612 0.9879956039994292 0.029691583598435076 2.060808239897786 0.12215679502531217 1.0512198621285997 1.0322642712502286
2.3684210526315788 0.9710608606748902 0.03151105796955166 2.0680577453283546 0.12119162040852956 -201.12323992742958 -53.93691549311415 -7.893607800590122 0.30633839950964986 -0.020009675774401645 0.17340477895563963 3.657476861718634 0.9870517665172766 0.031093076130671915 2.0597050806822548 0.12078071953964045 1.1120279798400245 1.0921345798090691
2.443609022556391 0.9694375665690386 0.0330370062740307 2.0632223266960508 0.11991856235939506 -197.25984187967202 -54.44257306137527 -8.1823447205497 0.3063324202553493 -0.02157714342400018 0.17340454467682578 3.584317650546718 0.9860375708771084 0.03257737353606259 2.0552371490922554 0.11945457862303706 1.1727523990111262 1.151959338018918
2.518796992481203 0.9677328862433283 0.03465272913514959 2.0551797292467713 0.1186993575487529 -193.18370144180145 -54.85211699259707 -8.46601743869024 0.3063254926526185 -0.023261552858391144 0.17340427323124355 3.5113098043903714 0.9849477385186255 0.03414809051953931 2.0475613773394046 0.11817973496886104 1.2330727236061605 1.2114270594745855
2.593984962406015 0.965941818422934 0.03636211479190945 2.0440855684598565 0.11753494786325128 -188.90262090801195 -55.16561587495016 -8.743839684988991 0.306317468267839 -0.02507162591311422 0.17340395879865672 3.4384646145096296 0.9837766350837234 0.03580891296233335 2.0368313092666828 0.11695726356970039 1.2926479405641502 1.2702057172034387
2.6691729323308273 0.9640591128535582 0.03816910752473308 2.0300911966666377 0.11642601026046386 -184.42569930428454 -55.38341136218167 -9.01505584014674 0.30630817591016357 -0.027016669960802202 0.17340359466547825 3.365794130715738 0.9825182496785371 0.037563582271285506 2.0231965076740677 0.11578798685783842 1.35111739721582 1.3279436070310089
2.7443609022556394 0.9620792620246118 0.040077686651262615 2.013343262156903 0.11537299002656302 -179.76324593986857 -55.50611335177662 -9.278941494721117 0.30629741826108586 -0.029106611546565866 0.17340317309211387 3.293311205074871 0.9811661736765698 0.03941587709153482 2.0068020934303337 0.11467250834724009 1.4081021079847498 1.3842705307574763
2.8195488721804516 0.9599964934672511 0.04209184207562304 1.9939833849532917 0.11437613206944988 -174.92668633011175 -55.53459379096917 -9.534803661193713 0.3062849680335421 -0.03135203075434052 0.17340268516167012 3.2210295365978356 0.9797135791817818 0.04136959214386213 1.987788400415873 0.11361124454246263 1.4632064167863175 1.438799326786407
2.8947368421052637 0.9578047627770749 0.04421554608147971 1.9721479335842487 0.11343551009552061 -169.92846213431002 -55.46997931295611 -9.781980670490483 0.30627056360190413 -0.03376419612165099 0.1734021206076623 3.1489637166885367 0.9781531972997436 0.04342851394671914 1.966290731205541 0.11260445495150817 1.5160200411545528 1.4911277757398114
2.969924812030076 0.9554977475300286 0.04645272106059576 1.9479678883471532 0.11255105357974897 -164.78192669337264 -55.31364291606222 -10.019841790635873 0.3062539040386503 -0.036355099878635534 0.17340146761811853 3.0771292750720574 0.9764772963983605 0.0455963931857827 1.9424391994464718 0.11165227009888702 1.5661205230920427 1.54084090785314
3.0451127819548844 0.9530688422799722 0.048807202876791585 1.9215687778098391 0.11172257248859509 -159.50123766163452 -55.06719490253312 -10.247786610678329 0.30623464348783547 -0.039137493240292136 0.17340071261322765 3.0055427258648746 0.9746776605776066 0.04787691350158896 1.9163586460398812 0.11075471748298417 1.6130761097833013 1.5875137373998458
3.1203007518796966 0.9505111548473467 0.05128269958170468 1.893070676591854 0.11094977975462278 -154.10124811029584 -54.732473291316076 -10.46524423773862 0.3062123847998843 -0.04212492142897804 0.17339983999342246 2.9342216133852688 0.9727455686105104 0.05027365647926809 1.8881686174397603 0.10991174545917332 1.6564490844560105 1.630714446862667
3.1954887218045087 0.9478175041302281 0.05388274522516362 1.8625882537511305 0.11023231153188945 -148.59739734196756 -54.31153391090062 -10.671672358944985 0.3061866723468772 -0.045331758046795796 0.17339883185453348 2.8631845572310852 0.9706717736656088 0.05279006264457118 1.8579833955892942 0.10912324505816785 1.6957995636281316 1.6700080398527386
3.270676691729321 0.9449804196915614 0.05661064854106673 1.8302308623437844 0.10956974528342439 -143.00560250220872 -53.80664036443474 -10.866556223096001 0.30615698393264446 -0.04877323835470498 0.1733976676663983 2.7924512960745274 0.9684464841744692 0.05542938829822243 1.825912070193735 0.10838906976896716 1.7306897715523555 1.7049604766790503
3.345864661654133 0.941992143399186 0.059469436341195996 1.7961026619010672 0.10896161576761698 -137.34215191045715 -53.220254040450556 -11.049407599128568 0.30612272170791893 -0.05246549094736328 0.17339632391107435 2.7220427295406067 0.9660593462668304 0.0581946580570701 1.7920586451520328 0.10770905332846221 1.7606887956811788 1.7351432997957246
3.421052631578945 0.9388446334180238 0.06246179151625386 1.7603027666625723 0.10840742900029572 -131.62360086456036 -52.555024319088595 -11.219763769804022 0.30608320199793543 -0.0564255672399363 0.17339477367658998 2.651980957447039 0.9634994282604428 0.06108861301653588 1.756522172021834 0.10708302556647988 1.7853778182623783 1.760138747922797
3.4962406015037573 0.9355295708759497 0.06558998562738186 1.7229254134098133 0.1079066742746195 -125.86667050561653 -51.813779096394825 -11.377186619476895 0.30603764394865 -0.06067146810629645 0.1733929862019954 2.5822893155902866 0.9607552077626799 0.06411365450532328 1.7193969043638595 0.1065108263565622 1.8043558086068545 1.7795453472989655
3.5714285714285694 0.9320383695458313 0.06885580617418485 1.6840601436551033 0.10745883432274517 -120.08815016758123 -50.99951571858581 -11.521261874290417 0.30598515689877887 -0.06522216692792673 0.1733909263693481 2.5129924071660743 0.9578145620160757 0.06727178347105303 1.680772467696506 0.10599231772016353 1.8172456480618828 1.7929839561717844
3.6466165413533815 0.9283621889052279 0.07226047874828445 1.6437919957575258 0.10706339370221969 -114.30480348367924 -50.115392384866645 -11.651598551642206 0.30592472638877805 -0.07009762823081815 0.1733885541382188 2.444116128814943 0.9546647621995019 0.0705645356150798 1.640734040589 0.10552739412586508 1.8237006452574502 1.800104224218748
3.7218045112781937 0.9244919509514331 0.07580458442573573 1.6022017032628868 0.10671984548712593 -108.53327838285561 -49.164720042027184 -11.767828673179764 0.3058551987255149 -0.07531882100538644 0.1733858239183381 2.375687690186519 0.9512924724797768 0.07399291248668126 1.5993625431327354 0.10511599101652304 1.8234113828309795 1.8005914121538986
3.796992481203006 0.9204183611618886 0.0794879729178146 1.5593658964028694 0.10642769633970467 -102.79002098789137 -48.15095475737711 -11.869607291859953 0.3057752640336053 -0.08090772572400942 0.17338268387615755 2.3077356258229256 0.947683754693724 0.07755730885132045 1.5567348296594528 0.10475809158659412 1.8161128187454856 1.7941734984474582
3.872180451127818 0.9161319339973663 0.0833096721875824 1.5153573042456996 0.10618647003316332 -97.09119332532708 -47.07769051930646 -11.956612878626 0.3056834377422397 -0.08688733399500193 0.1733790751713889 2.2402897980757945 0.9438240796262266 0.08125743676468011 1.5129238831264185 0.10445373181993071 1.8015915457832385 1.7806284801279448
3.94736842105263 0.9116230233463672 0.08726779544823314 1.4702449554731765 0.10599570949115433 -91.45259467849442 -45.948652377667464 -12.028548107913682 0.3055780404809117 -0.09328163972367702 0.17337493112004349 2.1733813896965466 0.9396983459332282 0.0850922469132885 1.467999009068634 0.10420300378573835 1.779693092248312 1.7597917534506926
4.022556390977442 0.906881858302543 0.0913594466864203 1.4240943761737535 0.10585497740442627 -85.88958636079096 -44.7676898001385 -12.085141073392094 0.30545717639000003 -0.100115620594473 0.17337017628114584 2.1070428846809013 0.9352909078368576 0.08905984792298548 1.4220260274325434 0.10400605717774508 1.7503291259260376 1.731563438365292
4.097744360902254 0.9018985846510081 0.09558062609615094 1.3769677833953755 0.1057638554808376 -80.41701965829996 -43.53877008668984 -12.126146955963325 0.30531870989389376 -0.10741520864715662 0.17336472546517406 2.0413080359113276 0.930585612789103 0.09315742448702226 1.3750674609610727 0.10386309906962257 1.7134844026659206 1.6959154889310037
4.1729323308270665 0.8966633124125931 0.09992613706156672 1.3289242735017064 0.10572194238162834 -75.0491666898825 -42.26597165329082 -12.151350155019372 0.3051602410365264 -0.11520724869955382 0.17335848266340528 1.9762118181311767 0.9255658503561555 0.09738115532459085 1.3271827191023227 0.10377439184895695 1.6692232814804377 1.6528984110243758
4.248120300751879 0.8911661697556646 0.10438949658351587 1.280020004627547 0.10572885039493203 -69.79965395921033 -40.953476969230145 -12.160566881233017 0.30497907954298054 -0.12351944337431416 0.1733513398987485 1.9117903648079746 0.9202146136122668 0.10172613214588475 1.2784282766698951 0.10374024928334225 1.6176956108404192 1.6026473899362172
4.323308270676691 0.8853973635314669 0.1089628512970335 1.2303083727397053 0.10578420089717251 -64.68139842646914 -39.605564911175485 -12.153648194791138 0.30477221784722486 -0.13238028352329342 0.1733431760003423 1.8480808875073131 0.9145145743434602 0.10618628096873828 1.22885784669728 0.10376103066611339 1.5591417770865665 1.5453876149975485
4.398496240601503 0.8793472466193731 0.11363690146470647 1.1798401809836114 0.10588761865458521 -59.70654600628073 -38.22660228267635 -12.13048345703153 0.3045363034157712 -0.1418189629156822 0.17333385530619042 1.785121576509395 0.9084481733406106 0.11075428730129026 1.1785225471070933 0.10383713298676611 1.493896696843746 1.4814385775488714
4.473684210526315 0.87300639218156 0.11840083554270393 1.128663802138737 0.10603872502071959 -54.88641250063343 -36.821034241675996 -12.091004146162344 0.3042676108003435 -0.15186527617043735 0.1733232263004121 1.7229514815637719 0.9019977270004739 0.11542152687120426 1.127471060963109 0.10396898107293093 1.4223925323423152 1.411217113782796
4.548872180451127 0.8663656748212086 0.1232422780887844 1.0768253341216456 0.1062371300916225 -50.231427097934535 -35.393373382099554 -12.03518796943748 0.3039620139692069 -0.16254949907463323 0.17331112019426248 1.6616103718993593 0.8951455513438261 0.12017800374040344 1.0757497901931519 0.10415701565780429 1.3451599129079772 1.335238966641457
4.624060150375939 0.8594163585135848 0.12814725390043266 1.0243687485683466 0.10648242388853052 -45.75107870728465 -33.948187230036154 -11.963063185312766 0.3036149595954586 -0.1739022506410534 0.1732973494629192 1.6011385748904663 0.8878741043933073 0.1250122977900478 1.0234030027678676 0.1044016793400213 1.2628274587547808 1.2541186523335703
4.6992481203007515 0.8521501910349463 0.1331001713212921 0.9713360326009454 0.10677416664835895 -41.45386554506845 -32.49008394152497 -11.874713030332806 0.3032214421191748 -0.18595433652336904 0.17328170635306403 1.541576793127507 0.8801661476212772 0.1299115236879282 0.9704729733976246 0.10470340042291548 1.1761194255666931 1.1685674382425595
4.774436090225564 0.8445595044504719 0.13808382762006016 0.9177673239405274 0.10711187831495061 -37.347248542104836 -31.0236960282772 -11.770280127578527 0.30277598154547763 -0.19873657372652356 0.17326396137944297 1.4829659000530706 0.8720049268719599 0.13486130355308232 0.9170001178702205 0.1050625746476627 1.0858513208261675 1.07938927079661
4.849624060150376 0.8366373210404496 0.14307943921356925 0.8637010395713242 0.10749502733884528 -33.43760928591213 -29.553661990125363 -11.649970737333216 0.30227260508750614 -0.21227959692220433 0.1732438618317659 1.425346714796968 0.8633743727755736 0.13984575560297546 0.8630231211983564 0.10547954487058886 0.9929233856598009 0.9874745345946782
4.924812030075188 0.8283774638458232 0.14806669926219565 0.8091739981928969 0.10792301890995341 -29.73021334523984 -28.084605798332024 -11.514058697222989 0.3017048339056183 -0.2266136471005721 0.1732211303163795 1.3687597573711725 0.8542593202001666 0.14484750109878244 0.8085790597802832 0.10595457877928977 0.8983118888152192 0.8937915775091244
5.0 0.8197746708029855 0.15302386480115088 0.7542215367192094 0.1083951827656041 -26.229179933406567 -26.621114251122957 -11.362888889530332 0.3010656763238612 -0.24176834375284018 0.17319546335997082 1.3132449859569046 0.844645745727497 0.14984769188497118 0.7537035178015647 0.10648784479524877 0.8030582413464084 0.7993759997504855
5.075187969924812 0.8108247112177033 0.15792787507970393 0.6988776210977989 0.10891076073550879 -22.937458943537372 -25.167712310126518 -11.19688006873291 0.30034762901216366 -0.25777244227462054 0.17316653010496796 1.2588415186171011 0.8345210214943278 0.15482606074036426 0.6984306981222814 0.10707938637206522 0.7082560100968988 0.7053177764095188
5.150375939849624 0.8015245031047166 0.16275450216115586 0.6431749517301901 0.1094688942046026 -19.856816423331146 -23.72883662113635 -11.016526883594103 0.29954268769666503 -0.2746535787936256 0.17313397112812698 1.2055873423798082 0.8238741830165724 0.15976099660826235 0.6427935279037041 0.1077290949673745 0.615035982893248 0.6127463604869178
5.225563909774436 0.7918722296996308 0.16747853409475508 0.5871450637774306 0.11006861169377366 -16.987829541430045 -22.308807521209477 -10.822400936139708 0.2986423689887444 -0.29243800514057994 0.17309739741485017 1.1535190132396962 0.8126962078232698 0.16462964654161677 0.5868237592327235 0.10843668204172938 0.5245495156259946 0.5228139938888922
5.3007518796992485 0.7818674532410773 0.17207399011897154 0.5308184226332159 0.11070881677629865 -14.329892025587812 -20.911799932244627 -10.615150735180652 0.29763774489266764 -0.3111503171794688 0.17305638952190255 1.1026713511908846 0.8009803008894659 0.16940804587436936 0.5305520650022739 0.1092016505170323 0.43795046769599644 0.4366775337206511
5.375939849624061 0.7715112239326934 0.17651436641335433 0.4742245148422947 0.11138827656344295 -11.881230920985088 -19.54181363388564 -10.395500424887416 0.29651949144943757 -0.3308131801707755 0.1730104969602351 1.0530771349075976 0.7887221819980631 0.17407127770150105 0.4740081303025012 0.11002326620786615 0.3563761038479904 0.355479176427191
5.451127819548873 0.7608061818360001 0.18077290991083794 0.41739193473447106 0.11210561100510406 -9.638935324797124 -18.202643490538428 -10.164247199090333 0.295277952788566 -0.3514470552362158 0.17295923782747563 1.0047668011021094 0.7759203693143703 0.17859366220971512 0.41722073957134137 0.1109005298177677 0.2809274032256131 0.28032652867733265
5.526315789473681 0.7497566493268902 0.18482291664820477 0.3603484670350707 0.11285928325958779 -7.598997503770439 -16.89785027308836 -9.922257348762987 0.29390322158050086 -0.3730699313027029 0.17290209871624307 0.9577681538851656 0.7625764526644218 0.18294897574309402 0.3602178597450784 0.11183215016504587 0.21264926665216083 0.21227252718426895
5.6015037593984935 0.7383687116804368 0.1886380501099611 0.3031211657017104 0.11364759138948147 -5.756366502379527 -15.630732760537263 -9.670460932379118 0.2923852365042506 -0.3956970671053736 0.17283853491978432 0.9121060896084182 0.7486953493162832 0.18711069871375569 0.30302671963993766 0.112816519364379 0.1525111470982359 0.15229574608471422
5.676691729323306 0.7266502833407983 0.19219267405519763 0.24573642922502653 0.11446866163728125 -4.105014011284041 -14.404301825951631 -9.40984510481847 0.29071389686618854 -0.41934074790576753 0.17276797095059185 0.8678023426617743 0.7342855345242123 0.19105229058361295 0.245673885785295 0.11385169073617614 0.10138864308899691 0.10128164690384353
5.751879699248118 0.7146111574937476 0.19546219345561788 0.18822007261781412 0.115320443523985 -2.6380119039909053 -13.221257201730225 -9.141446188202455 0.2888791939320967 -0.4440100615176204 0.17268980138077375 0.8248752575174382 0.7193592387622477 0.1947474891654958 0.18818533491780776 0.11493536024020917 0.06004658835943827 0.0600053203101352
5.82706766917293 0.7022630366957723 0.19842339646319015 0.13059739630333222 0.11620070699574322 -1.3476204812960566 -12.083967579656228 -8.866340615077767 0.2868713578774961 -0.46971069802060555 0.17260339200524277 0.7833395919514087 0.7039326034988412 0.1981706304458782 0.13058652333427412 0.11606485222844622 0.029124142412312704 0.029116239791593165
5.902255639097742 0.6896195425302323 0.2010547898122108 0.07289325209922445 0.11710704181743443 -0.22538610737379322 -10.994454631674515 -8.585634918258652 0.2846810185414064 -0.49644477718032143 0.17250808132054415 0.7432063558352158 0.6880257875942806 0.20129698405369756 0.07290245328911056 0.11723711027989477 0.009122336040312805 0.009125495378641399
5.977443609022554 0.6766962025593593 0.2033369197812814 0.015132106478935963 0.11803685937765461 0.7377534021913715 -9.954381439899338 -8.300454979932312 0.28229937741414163 -0.5242107070867869 0.1724031823036976 0.7044826891884426 0.6716630169749055 0.20410309843747146 0.015157736610379478 0.11844869381428606 0.00039445491511940384 0.00039590230860290685
6.052631578947366 0.6635104132189914 0.20525267082520943 -0.042661898722310305 0.11898739702741645 1.5513575531393136 -8.965045702928254 -8.011934783104039 0.2797183875362944 -0.5530030768873816 0.17228798446716137 0.6671717823376325 0.654872571175008 0.206567148822696 -0.042623344303810665 0.11969578107979184 0.0031395558543765726 0.0031352881175020415
6.1278195488721785 0.650081377755082 0.20678753425306642 -0.10046488800488713 0.1199557250255357 2.2253682252465503 -8.027377945686641 -7.7212049293088825 0.2769309372754763 -0.5828125857445849 0.17216175615831905 0.6312728400694935 0.6376867016427259 0.20866928016696074 -0.100416777958925 0.12097417897270453 0.017399308303395995 0.01739315627131412
6.203007518796991 0.636430018817445 0.20792983988104216 -0.15825319616847067 0.12093875610835758 2.769993252062412 -7.141944808608333 -7.4293811965052825 0.27393103332530255 -0.6136260093213917 0.17202374706512408 0.59678109063257 0.6201414783619661 0.21039193667795683 -0.15819876757040183 0.12227933997640239 0.043058242739027544 0.04306081022563115
6.278195488721803 0.622578865893164 0.20867094441721348 -0.21600331442022946 0.1219332576416894 3.1955908164707063 -6.308957336631008 -7.137553409613989 0.2707139777840417 -0.6454262042201834 0.17187319088403663 0.5636878393730662 0.6022765633060262 0.21172016907440924 -0.21594567707821583 0.12360638630764542 0.0798473735103033 0.0798749044002356
6.353383458646615 0.6085519183622811 0.20900537141497535 -0.27369183852087065 0.1229358662504016 3.51255690445143 -5.528284037151901 -6.846774883423773 0.2672765338621363 -0.6781921499093554 0.1717093081024379 0.5319805657307629 0.5841349114432676 0.2126419107089685 -0.2736339792579185 0.12495014113731252 0.1273510516673053 0.12742427380696209
6.428571428571427 0.5943744855714899 0.20893089892379527 -0.33129541887721164 0.12394310475828 3.73121792814232 -4.799468336308159 -6.55805267440013 0.26361707467575246 -0.7118990268022732 0.1715313088454838 0.5016430613129019 0.5657624023714254 0.21314821397862416 -0.33124020582980496 0.12630516651927234 0.1850167990119142 0.18515978757067197
6.503759398496239 0.5800730059251676 0.2084485924191584 -0.3887907125053312 0.12495140120975261 3.861730421574984 -4.121749941389551 -6.2723388457639295 0.2597357097346871 -0.7465183283398734 0.1713383957369694 0.4726556058472519 0.5472074080569188 0.21323343914611456 -0.3887408994816881 0.12766580742613054 0.25216778280843594 0.25240687831539804
6.578947368421051 0.5656748475637324 0.2075627821477221 -0.44615433680381966 0.12595710968837986 3.9139894409824354 -3.4940895191879022 -5.990522911038838 0.25563438414079914 -0.7820180042028234 0.1711297667252071 0.4449951770245599 0.5285203044785357 0.21289538878509684 -0.44611256773513497 0.12902624106598284 0.32801751534443685 0.32838032340227913
6.6541353383458635 0.5512080937137878 0.20628098561256716 -0.503362825092241 0.12695653259695375 3.897546982220833 -2.9151960293101578 -5.713425577372604 0.25131694617516787 -0.8183626311676253 0.17090461782807084 0.4186356896019612 0.5097529370965409 0.21213538251577446 -0.503331638599961 0.13038053045236148 0.41168630677058715 0.4122007981939417
6.729323308270676 0.5367013162310736 0.2046137774788185 -0.5603925838856412 0.12794594402272422 3.8215413783738654 -2.383556009767636 -5.4417938637823156 0.2467891798487899 -0.8555136076429505 0.17066214575604052 0.39354825867076704 0.4909580518687996 0.2109582684625157 -0.5603744179773495 0.13172268103174228 0.5022189650801909 0.502912687483466
6.804511278195488 0.5221833411969814 0.20257461063573617 -0.6172198518918264 0.1289216137806102 3.694638279275532 -1.8974640995273049 -5.176297623440398 0.24205880008641564 -0.8934293675898957 0.1704015503780319 0.3697014817031024 0.4721887049093051 0.20937236986217025 -0.617217048788092 0.13304669904940755 0.598603224147486 0.5995026292537029
6.8796992481203 0.5076830106573307 0.20017959344756028 -0.6738206607341884 0.12987983170853135 3.5249834589650266 -1.4550540975054798 -4.917527455423805 0.23713540945477152 -0.9320656093472225 0.17012203700169667 0.34706173388171385 0.4534976647486936 0.2073893673827867 -0.6738354718191502 0.13434665026264103 0.6997883886436075 0.7009182740775564
6.954887218045112 0.4932289446981714 0.19744722931129596 -0.7301707974191146 0.13081693178316633 3.3201673625443817 -1.0543298966382864 -4.6659939518428395 0.2320304166720149 -0.9713755348470121 0.1698228184474028 0.32559347127700955 0.43493682145788554 0.2050241198657541 -0.7302053882989223 0.13561671759482866 0.8047037115274862 0.8060867717097443
7.030075187969924 0.4788493080329912 0.1943981254767177 -0.786245768583462 0.1317293156317171 3.0872010033742985 -0.6931956910521464 -4.42212819239408 0.22675691847480964 -1.0113100948080989 0.1695031169028906 0.30525953664896505 0.41655661661622756 0.20229442826414573 -0.7863022242292292 0.13685125636608547 0.912276062934173 0.9139325408840114
7.105263157894736 0.4645715851301153 0.19105467864753128 -0.8420207665742353 0.13261347503536797 2.832502564579176 -0.36948492920648945 -4.186283371091498 0.22132954770103583 -1.0518182357190813 0.16916216555333252 0.2860214629972319 0.3984055072617545 0.19922074940509066 -0.8421010965200041 0.13804484583315965 1.0214465053049835 1.0233939355572252
7.180451127819548 0.4504223676452309 0.18744074516290427 -0.897470637429442 0.13346601305211006 2.561893851528982 -0.0809875711399819 -3.9587374197134118 0.21576429160159064 -1.092847144750733 0.16879920998890346 0.2678397704352135 0.38052947560526934 0.1958258677567405 -0.897576780990898 0.13919233591770339 1.131185454824035 1.133438487061868
7.2556390977443606 0.4364271575540194 0.18358130355990784 -0.9525698508461127 0.1342836634290841 2.2806055870256827 0.1745247013240956 -3.739696479382065 0.2100782853644376 -1.134342489147521 0.1684135093987397 0.2506742524955938 0.36297159450366967 0.1921345345542712 -0.9527036823224004 0.14028888818894764 1.24050617985963 1.2430764730201362
7.330827067669173 0.4226101889205143 0.1795021170575069 -1.0072924722386187 0.13506330802566635 1.993290437978537 0.3992755809335371 -3.5292990653307896 0.20428958657144025 -1.1762486471170948 0.16800433756614955 0.2344842485582333 0.3457716565762763 0.18817308438422092 -1.0074558060575542 0.14133001038350534 1.3484764595242973 1.3513726367999606
7.406015037593985 0.4089942707080588 0.1752294030105441 -1.0616121370076492 0.13580199202602783 1.7040426084711697 0.5954637088570607 -3.3276207696480036 0.19841693678298317 -1.2185089277424301 0.16757098368499213 0.21922889970013268 0.3289658725302298 0.1839690396213845 -1.0618067327737555 0.1423115839794344 1.4542282963788105 1.4574559524915214
7.481203007518797 0.3956006524639002 0.17078951569538928 -1.1155020271574585 0.13649693678145058 1.416422824378781 0.7652448146085504 -3.1346793517624647 0.1924795166438699 -1.2610657779627175 0.1671127530211893 0.20486738587739656 0.3125866418619123 0.1795507129658506 -1.115729594562455 0.143229884581349 1.5569656439207797 1.5605273970989078
7.556390977443609 0.3824489141086938 0.16620864795115042 -1.1689348504161867 0.13714555018584948 1.1334875628122951 0.9107164368779443 -2.9504400756553224 0.18649670083090042 -1.3038609751871246 0.16662896744636532 0.19135914294026235 0.29666239674142225 0.1749468177747106 -1.1691970539726135 0.14408159510645344 1.6559701696088909 1.659865751713501
7.631578947368421 0.3695568804613028 0.16151255625806457 -1.221882822031052 0.13774543455039384 0.8578214386226932 1.0339051765166438 -2.7748211652145116 0.18048781883827814 -1.3468358046041256 0.1661189658726255 0.17866405853749154 0.28121751767498526 0.17018609498082624 -1.222181285591507 0.14486381197737472 1.7506051261932372 1.7548315053265187
7.706766917293233 0.35694056054859025 0.1567263128345027 -1.2743176494269348 0.13829439200264132 0.5915717427311762 1.1367563803260623 -2.60769926378579 0.17447192705529885 -1.3899312207152104 0.16558210461856965 0.16674264647303685 0.26627231756611436 0.16529696421312293 -1.2746539604536793 0.14557404471794835 1.840317447080201 1.8448689777215093
7.7819548872180455 0.3446141112081824 0.15187408732013283 -1.3262105199331293 0.1387904274903687 0.3364842261521588 1.2211261128264859 -2.4489147998737835 0.1684675968751661 -1.4330879930457552 0.16501775773685767 0.15555619952706704 0.25184308912808573 0.1603072053618477 -1.3265862334854768 0.14621020950646949 1.9246382149554377 1.9295068111990188
7.857142857142854 0.33258982400504866 0.14697895962491633 -1.3775320917986482 0.13923174951873316 0.09393933276336242 1.2887752424751824 -2.298277177299486 0.1624927227336664 -1.4762468363609926 0.16442531733311758 0.145066921140043 0.2379422092812059 0.15524367535310557 -1.3779487342084145 0.1467706173634567 2.003181677017256 2.0083570048484862
7.932330827067666 0.3208781340620587 0.14206276459552872 -1.4282524887312806 0.1396167687904369 -0.13501180251353873 1.3413654480621702 -2.1555697242319383 0.15656435306317532 -1.5193485260377084 0.16380419390482018 0.13523803668065842 0.22457829321751668 0.15013206339117188 -1.4287115609395062 0.14725395773634703 2.075642995437864 2.081112680215751
8.007518796992478 0.30948764905843534 0.13714596830933742 -1.4783412982092472 0.1399440949514858 -0.34961216019787855 1.3804569391835884 -2.0205543508483785 0.1506985462107182 -1.5623339995110808 0.1631538167270643 0.1260338852769499 0.21175639022991571 0.1449966864673133 -1.4788442787403562 0.14765927829245543 2.1417949288826827 2.147544774338819
8.08270676691729 0.29842519638230985 0.13224757507072277 -1.5277675738267766 0.14021253166958939 -0.5493649083434349 1.4075076805298075 -1.8929758795302192 0.14491025245356134 -1.6051444449320333 0.16247363431011258 0.1174199933876435 0.19947821316021935 0.13986032558052225 -1.5283159213791166 0.14798596174660594 2.201483641102302 2.2074978562620493
8.157894736842103 0.28769588623495823 0.12738506356759827 -1.5764998419455634 0.14042107028836331 -0.7340010990570178 1.4238739119445896 -1.7725660242139796 0.13921322239016 -1.6477213783356766 0.16176311495111556 0.10936313143251178 0.1877423933849964 0.1347441019148602 -1.5770949975800261 0.148233700534965 2.254623826909914 2.2608852574302585
8.233082706766915 0.27730318837203166 0.12257435015293532 -1.6245061129329303 0.1405688823085731 -0.9034492550840625 1.4308117634972035 -1.6590470066205931 0.13361994121802284 -1.6900067107397043 0.16102174739983818 0.10183135489173752 0.17654475358247454 0.1296673912010317 -1.6251495018437985 0.14840247010671526 2.301193335456199 2.3076836959845815
8.308270676691727 0.2672490201259073 0.11782977684651105 -1.671753897273989 0.14065531094841793 -1.0578070291284263 1.4294797759599618 -1.5521348065383584 0.12814158775408643 -1.7319428066672296 0.16024904165543 0.09479403133142064 0.16587859105639902 0.1246477736730471 -1.6724469301285199 0.14849250154555177 2.3412274567737366 2.347927561085485
8.383458646616539 0.2575338433758162 0.11316412140052726 -1.7182102268489188 0.1406798620290533 -1.1973150463367475 1.420942150972266 -1.4515420511489303 0.12278801651976914 -1.7734725356262817 0.15944452990843816 0.08822185482187207 0.15573496507978357 0.11970101641801466 -1.718954300684307 0.14850425415901977 2.374813021173121 2.3817030070515033
8.458646616541351 0.24815676820990604 0.10858862662989614 -1.7638416816671942 0.14064219442023027 -1.3223329789252745 1.4061725708267403 -1.3569805546423765 0.11756776080618896 -1.8145393180829157 0.15860776763937198 0.08208684919379214 0.14610298251126622 0.11484108450108041 -1.7646381803355822 0.1484383885905774 2.402082443209974 2.409141989295681
8.533834586466163 0.2391156611462948 0.10411304616177067 -1.8086144223478866 0.14054211026503075 -1.4333178508976943 1.386058444405684 -1.2681635241906477 0.11248805435247153 -1.8550871674414555 0.15773833488225572 0.07636236153094908 0.13697007678187434 0.11008017701270795 -1.809464716501913 0.14829574092161674 2.423207823454665 2.430416355604539
8.609022556390975 0.2304072559386427 0.0997457037955004 -1.8524942286284174 0.14037954518334456 -1.5308045295423227 1.361405452648306 -1.1848074518843603 0.10755486910352496 -1.8950607294982595 0.1568358376587529 0.07102304723229885 0.1283222762092161 0.10542878411047152 -1.8533996752416473 0.1480772981425175 2.438395202887573 2.4457320879377495
8.684210526315788 0.22202726517618784 0.0954935637690173 -1.8954465441730952 0.14015455863187076 -1.6153883280359054 1.3329422834923719 -1.106633714643209 0.10277296645097635 -1.934405320768718 0.1558999095856246 0.06604484789676524 0.12014445843533708 0.10089576118734211 -1.896408485591409 0.14778417528642232 2.4478790469769027 2.455323772188434
8.7593984962406 0.21397049108949975 0.09136230938609945 -1.937436527936879 0.13986732457503473 -1.6877096190991239 1.301325462121305 -1.0333699055589278 0.0981459593874371 -1.9730669670045389 0.15493021365553505 0.06140496319460377 0.11242058857713076 0.0964884164667693 -1.938456290458672 0.14741759443929292 2.4519170197983993 2.459449356660737
8.834586466165412 0.20623093418320476 0.08735642765707737 -1.9784291123186089 0.13951812259711024 -1.7484403421798191 1.2671441972399222 -0.9647509207687648 0.09367638310383224 -2.0109924431229986 0.1539264441884903 0.05708181779429737 0.10513393940490846 0.09221260857562741 -1.9795080043035143 0.14697886576675584 2.4507850932289026 2.4583852446935843
8.909774436090224 0.19880189852847327 0.08347929783048368 -2.0183890683111265 0.1391073295617285 -1.7982722751394817 1.230925177833285 -0.9005198259515197 0.0893657717159627 -2.048129315664226 0.15288832894853716 0.053055024316445945 0.09826729251283262 0.08807285095486436 -2.0195283778189097 0.146469370633345 2.44477302248107 2.4524217530816905
8.984962406015036 0.19167609275510586 0.07973328193351586 -2.0572810778227297 0.13863541190147366 -1.8379069348745247 1.1931372672987663 -0.8404285260135858 0.0852147390041729 -2.0844259887790337 0.15181563141772875 0.04930534318877585 0.09180312000760726 0.08407242031251931 -2.0584820697861406 0.14589054683360678 2.434180207143004 2.4418589558169765
9.060150375939848 0.18484572598077778 0.07611981568518718 -2.0950698133050407 0.1381029185978504 -1.868046968848958 1.1541960529486914 -0.7842382606176947 0.0812230612746853 -2.119831754629936 0.15070815321677045 0.04581464018121986 0.08572374671707916 0.08021346668575259 -2.0963337262427033 0.145243875907187 2.419311946467082 2.4270029222207485
9.13533834586466 0.178302598099677 0.07263949838959749 -2.131720024776256 0.13751047489095364 -1.88938890033252 1.1144682186633688 -0.7317199470078961 0.07738976069027298 -2.154296848963202 0.1495657366592279 0.042565842308631155 0.08001149331013845 0.07649712304206521 -2.133048067054238 0.14453087247122554 2.4004760888789147 2.408162349724403
9.210526315789473 0.1720381840217735 0.06929218065142247 -2.167196634275666 0.13685877673891747 -1.9026170934968576 1.0742757169707247 -0.68265439018883 0.07371318766085627 -2.1877725124810694 0.14838826742365843 0.039542892702189344 0.07464880102827987 0.07292361270261509 -2.1685899799291732 0.14375307547257465 2.3779800684672012 2.385645584303172
9.285714285714285 0.16604371160559214 0.06607704897663456 -2.201464837725182 0.1361485860297984 -1.9083988098093982 1.0338997241168357 -0.6368323790037458 0.0701911011227287 -2.220211058511409 0.1471756773255616 0.03673070496975294 0.06961833896412617 0.0694923532032442 -2.202924621854946 0.1429120412388232 2.3521283154545807 2.3597580157617735
9.360902255639097 0.16031023316079057 0.06299270652517747 -2.2344902141063883 0.1353807265330981 -1.907380233827567 0.9935843678548437 -0.5940546850838011 0.06682074576180555 -2.2515659473377405 0.14592794716861815 0.034115117490760814 0.06490309499111535 0.06620205551504982 -2.2360175278676406 0.14200933819001613 2.3232200232020377 2.330799830579151
9.436090225563909 0.1548286905119007 0.06003724946662157 -2.266238841787314 0.13455608056459092 -1.900183354114148 0.9535402228253744 -0.5541319800605145 0.06359892544672627 -2.2817918674160733 0.1446451096523178 0.03168284802302636 0.06048645155999033 0.06305081782203617 -2.2678347269930352 0.14104654306144307 2.2915472510203707 2.2990641016981446
9.511278195488721 0.14958997371170718 0.0572083385535808 -2.2966774217521793 0.13367558632651189 -1.8874035931470274 0.9139475726207209 -0.5168846848802531 0.060522072328620426 -2.3108448235669847 0.143327252310782 0.029421448936940153 0.05635224764035707 0.06003621329654644 -2.298342865116167 0.14002523848107795 2.257393339801616 2.2648351923456755
9.586466165413533 0.14458497357274772 0.054503265670598204 -2.325773407399971 0.1327402358753774 -1.8696080885532922 0.8749594410410637 -0.4821427635648341 0.05758631123404792 -2.3386822320920997 0.1419745204553909 0.027319263337055397 0.05248482810778654 0.05715537152339449 -2.3275093344496005 0.13894701174236032 2.2210316160945447 2.228387449545506
9.661654135338345 0.13980462824949222 0.051919015238715914 -2.3534951404846223 0.13175107366163372 -1.8473345364572111 0.8367043977470274 -0.4497454723437926 0.054787519125352284 -2.365263022624247 0.14058712009173638 0.02536538228157906 0.048869081866544595 0.054405053401719035 -2.3553024091776305 0.13781345461326056 2.182724359592021 2.1899841622979657
9.736842105263158 0.1352399641532895 0.049452320458965034 -2.3798119926714607 0.13070919557889837 -1.8210905160515551 0.7992891455966955 -0.4195410737557914 0.05212137952864097 -2.390547746380423 0.13916532077951305 0.023549603266572103 0.0454904699621731 0.05178171950131803 -2.3816913867557363 0.1366261640253383 2.142722008942851 2.1498767593200476
9.81203007518797 0.1308821315186357 0.04709971446284346 -2.404694512082534 0.12961574845558002 -1.7913532225326492 0.7628008985110952 -0.3913865240877179 0.04958343193471981 -2.4144986903473926 0.13770945840220933 0.0218623901033449 0.042335044883082484 0.049281591969922885 -2.4066467342427442 0.13538674349114624 2.101262581229812 2.108304221646814
9.887218045112782 0.1267224349643131 0.04485757650603887 -2.428114574098493 0.12847192991806522 -1.75856954318499 0.7273095598228494 -0.3651471413932512 0.04716911626393845 -2.4370799967917263 0.1362199378119664 0.02029483428417737 0.0393894621815164 0.046900710182272945 -2.4301402389382445 0.13409680510442942 2.0585712812618606 2.0654926861842995
9.962406015037594 0.12275235940798056 0.04272217339488575 -2.4500455355783872 0.12727898855230108 -1.7231564185916 0.692869711799986 -0.3406962603091337 0.044873812553747984 -2.458257787350777 0.13469723531373654 0.01883861790272234 0.03664098546632766 0.04463498039384389 -2.4521451624914974 0.13275797198467504 2.0148602779200764 2.0216552173829463
10.037593984962406 0.11896359169939144 0.0406896963750534 -2.470462391552589 0.12603822428937947 -1.6855014376426425 0.659522427465987 -0.3179148789641246 0.042692876079708036 -2.4780002908295953 0.13314190095195857 0.017485978170796352 0.03407748573675884 0.04248021971459396 -2.472636397541845 0.13137188103539116 1.970328626093486 1.9769917254882456
10.112781954887218 0.11534803833697028 0.03875629374046694 -2.489341933339865 0.12475098894053985 -1.6459636212123314 0.6272969160197164 -0.2966913024512081 0.04062166815865033 -2.4962779737024987 0.13155456056242387 0.016229673552354554 0.031687435940959685 0.04043219475395477 -2.4915906258462086 0.1299401858937751 1.925162314174601 1.9316890112531981
10.18796992481203 0.11189783962627818 0.03691809943912552 -2.5066629069393422 0.12341868680777528 -1.604874355027988 0.5962120131321171 -0.2769207865979588 0.03865558290863884 -2.5130636721987805 0.12993591755186348 0.015062951517876998 0.02945990155774847 0.03848665531018762 -2.5089864767487287 0.12846455995800804 1.8795344185988383 1.885920918508782
10.263157894736842 0.1086053806281563 0.035171257962850824 -2.522406170453895 0.12204277529785985 -1.562538437422404 0.5662775272196185 -0.258505185123564 0.03679007025611163 -2.5283327247414227 0.12828675436811313 0.013979517907768768 0.02738452791696433 0.03663936348760997 -2.5248046847529406 0.12694669938713957 1.833605348460621 1.8398485775369413
10.338345864661651 0.10546329923004667 0.03351194581151311 -2.5365548492155545 0.12062476547006898 -1.5192352123256683 0.5374954524899138 -0.24135260270162817 0.03502065548786704 -2.542063103407795 0.12660793362451517 0.012973507881377012 0.025451524894101518 0.03488611862627599 -2.539028244870409 0.12538832597732394 1.7875231647846919 1.7936207237377526
10.413533834586463 0.10246449165712468 0.03193638982022838 -2.5490944872081487 0.11916622245107003 -1.4752197620459242 0.5098610591619206 -0.22537705595246393 0.033342955645947754 -2.5542355429941126 0.12490039884357601 0.012039458418522228 0.0236516495396929 0.033222778422444574 -2.5516425643437306 0.12379118982701291 1.7414239605447355 1.7473740775992719
10.488721804511275 0.09960211572118827 0.03044088263155917 -2.5600131933199055 0.11766876565436837 -1.43072413813519 0.48336387079822885 -0.21049814395755462 0.03175269305838554 -2.5648336661929454 0.12316517478679508 0.011172282332706849 0.021976187133772584 0.03164527660627746 -2.562635609278511 0.12215707171254159 1.6954322889810027 1.7012337734422052
10.563909774436087 0.09686959208542166 0.0290217955848791 -2.5693017809115166 0.11613406874626939 -1.385958611985643 0.45798853818695306 -0.19664072951976408 0.03024570628943411 -2.5738441033375667 0.12140336734007022 0.010367243749181687 0.020416931091065127 0.03014963752714165 -2.571998044670906 0.12048778510437486 1.6496616291574242 1.6553138258058047
10.6390977443609 0.09426060380275195 0.02767558928266455 -2.576953899155277 0.11456385930550227 -1.3411129297456625 0.4337156186719682 -0.18373463207509744 0.02881795878042005 -2.5812566051300947 0.11961616292716794 0.009619934996533257 0.018966162083439486 0.02873198797788014 -2.579723366286256 0.11878517776312691 1.604214879006162 1.609717623653992
10.714285714285712 0.09176909436498755 0.026398822079281473 -2.5829661545904763 0.11295991812941444 -1.296357558763134 0.41052226928772484 -0.17171433289210825 0.027465545437582634 -2.5870641467544204 0.1178048274274128 0.008926254857213215 0.017616626692652182 0.02738856656847572 -2.5858080228330502 0.11705113286331251 1.5591848673256694 1.5645384438054117
10.789473684210524 0.08938926447966128 0.025188156722477453 -2.587338221351089 0.11132407814592951 -1.2518449150340416 0.3883828614998066 -0.1605186929665905 0.02618469740702616 -2.59126302178123 0.11597070457799716 0.00828238812026148 0.016361515858280162 0.026115730937501178 -2.59025152688596 0.11528756960166152 1.5146548773241597 1.519859976122444
10.864661654135336 0.08711556777175547 0.02404036536177283 -2.5900729385553096 0.10965822289721461 -1.2077105631460086 0.3672695248151001 -0.1500906838302889 0.024971785259802235 -2.5938529243024897 0.11411521384610876 0.007684786378211119 0.015194443342844638 0.024909963067297737 -2.5930565530440632 0.11349644325570818 1.470699175332037 1.4757568540323478
10.939849624060148 0.08494270558852292 0.022952333121695933 -2.5911763934040204 0.10796428456816662 -1.1640743819256727 0.3471526259886275 -0.14037713133114593 0.0238233207926822 -2.594837017787625 0.11223984776137284 0.007130150009657632 0.014109424398078163 0.023767872946472896 -2.5942290218666186 0.11167974466727675 1.4273835392459262 1.432295184898324
11.01503759398496 0.08286562106754994 0.02192106042165455 -2.5906579886172145 0.10624424154032738 -1.1210416905187515 0.32800119004843964 -0.13132847231502254 0.02273595763278137 -2.594221989233772 0.11034616870485427 0.006615411289082704 0.013100854782823967 0.022686200801467476 -2.593778168209455 0.10983949913436154 1.384765782115489 1.389533075612734
11.090225563909772 0.08087949261119678 0.020943664208441588 -2.5885304929442636 0.1045001154595972 -1.0787043308989155 0.3097832688624038 -0.12289852403084467 0.021706490817167533 -2.592018087288168 0.10843580515699892 0.006137718566162861 0.012163490253756182 0.021661818097908164 -2.591716592690591 0.10797776470376443 1.3428962670463733 1.3475211495518855
11.165413533834585 0.07897972689462081 0.0200173782521343 -2.584810073615148 0.10273396781404644 -1.0371417039211792 0.292466262507574 -0.11504426599704232 0.020731855502165074 -2.5882391431514415 0.10651044741330405 0.005694421457819367 0.011292426624658458 0.020691727492451257 -2.5880602951437224 0.10609662986559958 1.3018184102727988 1.3063030517169896
11.240601503759397 0.07716195151979971 0.019139552641607254 -2.57951630975454 0.10094789602612728 -0.9964217569818743 0.2760171982632471 -0.1077256340008006 0.019809124941424637 -2.582902573225443 0.10457184278313231 0.005283056997638421 0.010483080468000616 0.019773061896981685 -2.5828286890719574 0.10419821065939981 1.2615691698565832 1.2659159394937123
11.315789473684209 0.07542200741435971 0.018307652602138732 -2.5726721859573853 0.09914402907155084 -0.9566019221190345 0.2604029716299152 -0.10090532585024192 0.018935507857081518 -2.576029362646583 0.10262179029377617 0.004901336688913258 0.009731170513679221 0.0189030827994444 -2.5760445962897376 0.10228464720994312 1.2221795180012685 1.2263909569986027
11.390977443609021 0.07375594106145826 0.017519256744714707 -2.5643040654214957 0.09732452264492013 -0.917730004075878 0.24559055339184965 -0.09454861845983586 0.018108345314549353 -2.5676440290434988 0.10066213492855157 0.004547134409369984 0.009032699783697584 0.018079177969297224 -2.5677342211370555 0.10035809971902034 1.1836748954363063 1.1877536914507343
11.466165413533833 0.07215999663561232 0.01677205484465286 -2.5544416422465623 0.09549155389975723 -0.879845018392956 0.23154716637985473 -0.08862319582563316 0.01732510719872536 -2.5577745660733773 0.09869476143421015 0.004218475117589574 0.00838393848793162 0.017298858660588112 -2.5579271038630935 0.09842074394704671 1.1460756467319648 1.1500246104158576
11.541353383458645 0.07063060810898586 0.016063845236096223 -2.5431178727372323 0.09364731579773766 -0.8429779800540018 0.21824043525315062 -0.08309898742528787 0.016583388377627576 -2.546452366521278 0.09672158773918865 0.003913524313191845 0.007781407694700593 0.016559756411959326 -2.5466560530042295 0.09647476622563943 1.1093974357568894 1.1132194791244852
11.616541353383457 0.06916439138331702 0.015392531898749609 -2.5303688857863755 0.09179401110860481 -0.8071526435857379 0.20563851231206343 -0.07794801657021111 0.015880904628733088 -2.533712124987629 0.09474455803003434 0.0036305782049588513 0.007221863780331739 0.01585961953042246 -2.5339570568195375 0.09452235804888913 1.0736516407918038 1.0773497573695487
11.69172932330827 0.0677581364942731 0.014756121303932031 -2.5162338726596185 0.08993384610829196 -0.7723861958013742 0.1937101820645637 -0.07314425823342674 0.015215488393507453 -2.519591720436584 0.09276563553863502 0.0033680545431941317 0.006702283654054564 0.015196309334475338 -2.5198691740916668 0.0925657102969839 1.0388457290699398 1.0424229757483812
11.766917293233082 0.0664087999275092 0.014152719078559686 -2.500754956749158 0.08806902402810007 -0.7386899026231504 0.18242494700844247 -0.06866350587598902 0.014585084416769853 -2.504132079127647 0.09078679509751769 0.00312448407477401 0.006219850748173883 0.014567796221983296 -2.5044344048482547 0.0906070071509899 1.0049836107321208 1.008443091233221
11.842105263157894 0.06511349707902594 0.01358052653801697 -2.483977044109169 0.08620173831227763 -0.7060697115973085 0.17175309684996876 -0.06448324680405904 0.0139877453195772 -2.4873770187005255 0.08881001552437442 0.0028985025814482895 0.0057719417583224075 0.013972155619146403 -2.4876975418036293 0.08864841976187099 0.9720659723663123 0.9754108222377459
11.917293233082706 0.06386949488649536 0.013037837131971463 -2.4659476558223354 0.08433416574495324 -0.6745268118328624 0.1616657631535503 -0.060582545594542125 0.013421627147177028 -2.469373074423628 0.08683727190001367 0.0026888434640486036 0.005356114114540067 0.013407563858750445 -2.4697060035584686 0.08669209974017318 0.9400905904519808 0.9433239634991314
11.992481203007518 0.06267420465299614 0.012523032840993787 -2.4467167434723667 0.08246845950999297 -0.6440581532261831 0.15213496122527204 -0.0569419351411824 0.012884984927217024 -2.4501693088452874 0.08487052780606102 0.0024943308372870673 0.004970094160791527 0.012872294028674775 -2.4505096508213193 0.08474017253513656 0.9090526251525894 0.9121776812192312
12.06766917293233 0.061525175080009896 0.012034580556304537 -2.4263364892065256 0.08060674224896236 -0.6146569268480562 0.14313362083689185 -0.05354331488570807 0.012376168267751095 -2.4298171062998466 0.08291172758989816 0.0023138731018197095 0.004611766018190133 0.012364711825231228 -2.4301605871262315 0.08279473077331485 0.8789448949982732 0.88196478900811
12.142857142857142 0.060420085522508896 0.01157102847003795 -2.4048610920610574 0.07875109918293698 -0.5863130084419765 0.13463560723863566 -0.05036985581521236 0.011893617019585415 -2.4083699539127976 0.08096278872446627 0.0021464569621570872 0.004279161105511853 0.01188327144025985 -2.408712945710698 0.08085782762701309 0.849758133078395 0.8526760052514485
12.218045112781954 0.05935673947548839 0.01113100249903558 -2.382346542387161 0.0769035713634146 -0.5590133669683155 0.12661573375166313 -0.04740591182125797 0.011435857023111418 -2.3858832109179486 0.0790255943297053 0.001991141860850119 0.003970448289466133 0.011426511505944622 -2.3862226643847686 0.07893147028205615 0.8214812254229593 0.824300192583504
12.293233082706767 0.058333058298260916 0.01071320276131518 -2.3588503863529167 0.07506614911605895 -0.5327424401307894 0.11904976709473658 -0.04463693703435467 0.011001495955916067 -2.3624138682405436 0.07710198592052794 0.001847054801149155 0.0036839246365353295 0.010993051116962938 -2.3627472503611666 0.07701761357254229 0.7941014322954876 0.7968245801910236
12.368421052631579 0.057347075180246024 0.01031640012095409 -2.3344314826042667 0.07324076573848419 -0.5074824787837997 0.11191442647370309 -0.04204940876784491 0.010589219294094811 -2.3380203004117397 0.07519375644339023 0.0017133855320232633 0.0034180067379231405 0.01058158594579032 -2.338345537125845 0.07511815384738327 0.7676045931498132 0.7702349697039274
12.443609022556391 0.05639692934975814 0.009939432814139204 -2.3091497532445766 0.07142929150983857 -0.483213862100655 0.10518737735053207 -0.03963075571662955 0.01019778639726799 -2.31276201195936 0.07330264365977494 0.0015893820710429249 0.0031712225792129844 0.010190884463686642 -2.3130774355067696 0.07323492312966726 0.7419753160217751 0.7445159254473456
12.518796992481203 0.05548086052541969 0.009581203166525847 -2.2830659313356825 0.06963352806563551 -0.45991538530330445 0.09884722070231078 -0.037369291079578204 0.009826026724772285 -2.2866993804664655 0.07143032393032608 0.0014743465421576962 0.002942203926629139 0.00981978427703799 -2.2870036811436383 0.07136968362524393 0.7171971521353951 0.7196509498381992
12.593984962406015 0.05459720360823668 0.009240674409777503 -2.2562413071336267 0.06785520318621224 -0.43756452172988247 0.0928734784942975 -0.03525415028983758 0.009472836188322252 -2.2598933985023613 0.069578406448044 0.0013676313068634734 0.0027296792023243643 0.00946718858627199 -2.2601855805734603 0.06952412263154598 0.6932527565035688 0.6956226447101814
12.669172932330824 0.053744383611052333 0.00891686760319196 -2.228737475249736 0.06609596604148127 -0.41613766093067284 0.08724657600279784 -0.03327523305285496 0.009137173644575431 -2.2324054166110017 0.06774842796301989 0.001268635368627864 0.002532466821783097 0.009132062772459619 -2.232684758126323 0.06769984789166543 0.6701240352969252 0.672412859344647
12.744360902255636 0.05292091082100662 0.008608858664624538 -2.200616084873606 0.06435738292841135 -0.3956103244223641 0.08194782155128166 -0.03142314941198521 0.008818057529449422 -2.2042968894895467 0.0659418480347201 0.001176801031744406 0.002349468967230983 0.008813431114919675 -2.204562905772648 0.0658983834321542 0.6477922807425329 0.6500028259727691
12.819548872180448 0.05212537618974171 0.008315775513465223 -2.171938595110034 0.06264093353103042 -0.3759573606615447 0.07695938415457704 -0.029689169573906327 0.00851456263470217 -2.1756291274079045 0.06416004484101608 0.0010916107970238315 0.0021796657718438084 0.00851037364162126 -2.1758815379809477 0.06412116591613266 0.6262382942975143 0.6283732834978687
12.89473684210526 0.05135644694538826 0.008036795327187412 -2.142766037370619 0.060948007725876885 -0.3571531207212786 0.07226426950565212 -0.028065177243313144 0.008225817026163948 -2.146463054809914 0.062404311566084704 0.0010125844778787457 0.0020221098905059964 0.008222023112896727 -2.146701753534441 0.062369541536134554 0.6054424988225224 0.6075045901664202
12.969924812030072 0.0506128624198086 0.0077711419119352925 -2.113158786623746 0.059279902948792845 -0.3391716160945748 0.06784629469019876 -0.02654362623507467 0.007950999102078025 -2.1168589779017783 0.06067585338213306 0.0009392765214642384 0.001875921433881822 0.007947562137906464 -2.117084006119558 0.060644763463861634 0.585385040456855 0.587376825893098
13.045112781954884 0.049893430084162846 0.007518083186734721 -2.083176343149514 0.057637822131984394 -0.32198665994613407 0.06369006195427573 -0.025117500137106674 0.007689334789240776 -2.0868763628766525 0.05897578503276114 0.0008712735205455069 0.001740283243591212 0.007686220422409752 -2.0870878853427115 0.058947989866810255 0.5660458808718962 0.5679698849198721
13.120300751879697 0.04919702178555624 0.00727692878017505 -2.0528771262703436 0.05602287221339237 -0.30557199310177907 0.05978093182132227 -0.023780274821383784 0.007440094874010538 -2.056573626249774 0.05730512901879222 0.0008081919027448735 0.0016144364873418304 0.007437272145668238 -2.056771909657007 0.057280282494654146 0.5474048805526898 0.5492635594622824
13.195488721804509 0.04852257017731926 0.007047027737802155 -2.022318281339131 0.05443606321383107 -0.28990139595205733 0.05610499580443218 -0.02252588360386909 0.007202592464758589 -2.0260079385898067 0.055664814380693296 0.0007496757847078288 0.0014976765539000958 0.007200033463720739 -2.026193332492057 0.05564260583149154 0.5294418737295926 0.5312376149679172
13.27067669172932 0.047869065335366646 0.00682776633796698 -1.9915555010679138 0.0528783078711042 -0.27494878740736794 0.05264904893338951 -0.021348684879349378 0.006976180581948022 -1.9952350427333323 0.05405567606536862 0.0006953949795895849 0.001389349228839154 0.006973860135799176 -1.9954079626811214 0.05403582680363174 0.5121367355534648 0.513871857583392
13.345864661654133 0.04723555155301998 0.0066185660134758136 -1.96064286207531 0.051350421814525433 -0.2606883119543397 0.04940056227739831 -0.020243432047706733 0.00676024987173227 -1.9643090873648297 0.05247845485925984 0.000645043147046353 0.001288847133004145 0.006758145270292234 -1.964470000075959 0.05246071502669047 0.49546944207891236 0.4971461943973022
13.421052631578945 0.04662112430670559 0.006418881376075451 -1.9296326773247097 0.049853124258012145 -0.24709441581129 0.04634765562944665 -0.019205245589688502 0.00655422643875116 -1.9332824766376595 0.0509337978643705 0.0005983360756612963 0.0011956064066408478 0.006552317186386477 -1.9334318870322427 0.05091794357033887 0.47942012359141783 0.4810406869973787
13.496240601503757 0.04602492738500044 0.006228198340565829 -1.8985753649203438 0.04838703918526216 -0.2341419131032012 0.04347907047488775 -0.018229587120643487 0.006357569793656694 -1.9022057363065288 0.04942225948913882 0.0005550100884335874 0.0011091036230906903 0.00635583738731657 -1.902344176244563 0.04940809021431945 0.46396911178543154 0.46553559885161194
13.57142857142857 0.04544615017360359 0.006046032345155593 -1.8675193335289575 0.046952696996487686 -0.2218060429258628 0.040784143370856896 -0.017312235309105972 0.006169770910812761 -1.871127396641537 0.04794430292202256 0.0005148205626005645 0.001028852916895251 0.006168198641019652 -1.8712554152085963 0.04793163916516227 0.4490969812724507 0.45061143699443834
13.646616541353382 0.044884025088960694 0.005871926664552488 -1.8365108845037157 0.04555053658282523 -0.21006251810868548 0.03825277981735553 -0.01644926350660114 0.005990350391574664 -1.840093892202339 0.0465003020523069 0.0004775405556750986 0.0009544033120393314 0.005988923163910574 -1.840212047397775 0.04648898319965104 0.4347845858705209 0.4362489884717627
13.721804511278194 0.04433782515343067 0.005705450812202958 -1.8055941306067211 0.04418090779184613 -0.19888756642086491 0.0358754287051255 -0.015637018982246786 0.005818856728555916 -1.809149478369607 0.04509054379995811 0.0004429595301426483 0.0008853362369328323 0.0058175609034590405 -1.8092583300595946 0.04508042619829424 0.42101309009982313 0.42242935197133596
13.796992481203006 0.043806861705083536 0.005546199028056289 -1.774810931059341 0.04284407424557663 -0.1882579649315801 0.033643057400965404 -0.014872103644080426 0.005654864666326238 -1.7783361643631845 0.04371523081436076 0.0004108821697907078 0.00082126321353726 0.0056536879152548755 -1.7784362683694395 0.043706186030016095 0.40776399628293775 0.4091339650390669
13.872180451127818 0.04329048223541884 0.0053937888482230864 -1.7442008424979034 0.04154021647108557 -0.17815106815709214 0.03154712751657485 -0.014151356138441429 0.005497973654048434 -1.7476936623233275 0.042374484500454786 0.00038112728113963185 0.0007618237088424795 0.00549690483028328 -1.7477855655266743 0.042366397747886815 0.39501916762346745 0.39634462725657993
13.94736842105263 0.0427880683485264 0.005247859752918337 -1.7138010852760066 0.040269435302950386 -0.16854483061408132 0.029579571406031846 -0.013471835237936602 0.00534780638564853 -1.717259351894623 0.041068348330102956 0.0003535267738936407 0.0007066831376268956 0.005346835408193837 -1.7173435882407464 0.041061117054948935 0.3827608476124045 0.384043519731051
14.022556390977442 0.04229903383543085 0.005108071889124141 -1.6836465244370415 0.039031755516795816 -0.15941782431681872 0.02773276941317704 -0.01283080441513107 0.00520400742321885 -1.6870682596332893 0.0397967913964514 0.00032792471477120983 0.0006555310061443498 0.005203125172431152 -1.6871453469363387 0.03979032399907216 0.3709716760887519 0.37221322122531325
14.097744360902254 0.04182282285760584 0.004974104864468546 -1.6537696645790845 0.03782712965348133 -0.1507492517422122 0.025999527891883645 -0.01222571752418844 0.005066241899472393 -1.6571530524563718 0.03855971216949766 0.00030417644946052736 0.0006080791870534119 0.005065440123194095 -1.6572234899039509 0.038553926856142506 0.3596347022586237 0.3608367212338198
14.172932330827066 0.04135890823388295 0.0048456566088949425 -1.6242006577518837 0.03665544199441583 -0.14251895473705645 0.024373058015157767 -0.011654205510325255 0.0049341942951974666 -1.627544044268334 0.03735694241207209 0.0002821477878245867 0.0005640603165248947 0.0049334655243047565 -1.6276083105392627 0.03735176616182248 0.3487333949561824 0.34989743028908804
14.248120300751879 0.04090678982521509 0.0047224423007854064 -1.5949673234604524 0.03551651264981464 -0.13470741979406853 0.022846955368265753 -0.011114064063363571 0.004807567287799445 -1.5982692148339086 0.03618825121681959 0.0002617142478222726 0.0005232263050655162 0.004806904760191234 -1.598327766747757 0.036183618853440555 0.3382516504096893 0.33937918776304005
14.32330827067669 0.04046599301200267 0.0046041933542996915 -1.566095179801064 0.034410101723393864 -0.12729578010942078 0.0214151803428706 -0.010603242164407334 0.004686080667160665 -1.5693542399177673 0.03505334912657829 0.00024276035393565939 0.0004853469541508672 0.004685478259319277 -1.5694075115422492 0.0350492024853025 0.32817379775695243 0.3292662674086371
14.398496240601503 0.040036067258922683 0.004490656464797144 -1.5376074847238193 0.03333591351902596 -0.12026581478323806 0.020072039313646428 -0.010119831447156002 0.00456947031519676 -1.540822531678448 0.03395189230262939 0.00022517898618959088 0.00045020867129053066 0.004568922480543709 -1.540870933827837 0.03394817948275105 0.3184846025365466 0.3195433808691077
14.473684210526315 0.03961658476243462 0.004381592709319224 -1.5095252863989104 0.032293600757141196 -0.11359994549522412 0.018812166592425683 -0.009662056306254385 0.00445748724563719 -1.5126952882869733 0.03288348670765493 0.0002088707761311591 0.0004176132766386953 0.004456988958989863 -1.512739208351442 0.032880161402599535 0.3091692683641753 0.3101956793651227
14.548872180451127 0.03920713917636901 0.004276776699223878 -1.4818674816604311 0.0312827687711067 -0.10728123097871389 0.01763050715842951 -0.009228264731987679 0.004349896700707282 -1.4849915517368615 0.0318476922727771 0.00019374354639572434 0.00038737689473755665 0.0043494434082152296 -1.4850313537883921 0.03184471317003189 0.30021343698749303 0.30120875375391165
14.62406015037594 0.038807344411224826 0.004175995782178948 -1.4546508815114856 0.03030297965641941 -0.10129335955912211 0.016522300133232193 -0.0088169197693162 0.004246477301538273 -1.4577282728219065 0.03084402702073396 0.0001797117907233015 0.0003593289254011367 0.004246064875543562 -1.4577642979489438 0.030841357264721033 0.29160318689766246 0.2925686331395387
14.699248120300751 0.038416833503021254 0.004079049290838084 -1.4278902826946083 0.02935375634820895 -0.09562064002776083 0.01548306300443869 -0.00842659160672099 0.00414702024927867 -1.4309203822783236 0.029871971120003685 0.00016669619151496372 0.00033331108817069577 0.004146644947602465 -1.4309529491061403 0.02986957783158675 0.2833250306616867 0.28426178219890413
14.774436090225564 0.038035257547754324 0.003985747835639178 -1.4015985443624812 0.028434586605278412 -0.09024799107370995 0.014508576554305819 -0.008055950188548877 0.004051328574024892 -1.4045808671182374 0.02893097084747627 0.00015462317222923567 0.00030917653514439536 0.00405098700323469 -1.4046102724777336 0.02892882469439136 0.27536591112629843 0.27627509737497413
14.849624060150376 0.03766228469772099 0.00389591263928029 -1.375786668921962 0.027544926881596824 -0.08516092949022891 0.013594870504903156 -0.007703758387648918 0.003959216428830503 -1.3787208512204825 0.028020442440069866 0.00014342448210980798 0.0002867890273481333 0.003958905511088277 -1.3787473709320022 0.028018517253080737 0.2677131966316015 0.2685959020759338
14.924812030075188 0.03729759921615566 0.0038093749105417474 -1.350463886170197 0.026684206068823598 -0.08034555735483195 0.012738209824419755 -0.007368865606167674 0.003870508426190595 -1.3533496792895516 0.02713977581839535 0.00013303681091151898 0.00026602217014182195 0.003870225369323873 -1.3533735690335547 0.02713804824849204 0.26035467536105356 0.2612119410074623
15.0 0.0369409005868272 0.003725975255234447 -1.3256377398924708 0.025851829096032477 -0.07578854834838467 0.011935081704905315 -0.007050201860650418 0.003785039014531423 -1.3284750033452062 0.02628833816824712 0.00012340143146731026 0.00024675870347401485 0.003784781285005759 -1.328496499594618 0.02628678738063074 0.2532785489433974 0.2541113737540854
