-15.0 1.9750730005919053 0.0015744658381195756 0.6102135953072433 0.00661144109004289 -0.0012753197232768798 -0.00014375201055827347 -0.00028895405449702594 0.0015830196401877428 0.611589102976527 0.006653820857439703 3.999997781072524 1.9999954793614352 0.001583018676950223 0.6115890331486901 0.00665381678531694 0.08867493280196326 0.08898864190699213
-14.924812030075188 1.9749217831979442 0.0015943961658219288 0.6163006333849139 0.006734511985779356 -0.001362896867078689 -0.00015451667417210047 -0.00030626665125055297 0.0016031501047911259 0.6177072306381849 0.006778262324075033 3.999997607803838 1.999995126361032 0.0016031490503909153 0.6177071558423193 0.006778257845021067 0.08992394250058587 0.09024457035538139
-14.849624060150376 1.9747686495201038 0.0016147308834332235 0.6225423050275736 0.006861614555070215 -0.0014563918948340415 -0.00016607722636763356 -0.0003245223809358322 0.0016236911116672477 0.6239810277296258 0.006906794812199491 3.999997421005193 1.9999947457962408 0.001623689957381726 0.6239809476633904 0.0069067898844618275 0.09120351409318007 0.0915312764715392
-14.774436090225564 1.974613560617038 0.0016354819238774397 0.6289439776755142 0.006992919401823256 -0.0015561965330164185 -0.0001784916716474072 -0.0003437652376874212 0.001644654834392413 0.6304159005644132 0.00703959192077918 3.999997219620084 1.999994335514692 0.001644653570654281 0.6304158149145656 0.007039586498189803 0.09251478666367834 0.09284990883974899
-14.699248120300751 1.9744564763956591 0.0016566616971628579 0.6355111963790244 0.007128604726786695 -0.001662727742569814 -0.00019182219460844863 -0.0003640407840066473 0.0016660539352398812 0.6370174343179922 0.0071768350043886564 3.9999970025095073 1.9999938931959518 0.0016660525515542822 0.6370173427612787 0.007176829035881334 0.09385895393544907 0.09420167121260496
-14.62406015037594 1.974297355564974 0.0016782831142185908 0.6422496869282693 0.007268856630638237 -0.001776429277583702 -0.00020613547826542344 -0.00038539633357004277 0.001687901589682121 0.6437913961664818 0.007318713484429389 3.99999676844552 1.9999934163383999 0.0016879000745354817 0.6437912983706484 0.007318706913499894 0.09523726708786225 0.09558782535838557
-14.548872180451127 1.9741361555876136 0.0017003596121066623 0.6491653587407354 0.007413869424342933 -0.0018977733480767256 -0.00022150301077772383 -0.00040788086226939413 0.0017102115123122234 0.6507437381797715 0.007465425167986665 3.999996516104293 1.999992902245082 0.0017102098530720382 0.650743633805052 0.007465417932093797 0.096651037702776 0.09700969403992879
-14.473684210526315 1.9739728326289168 0.0017229051806959875 0.6562643074688266 0.00756384594641014 -0.0020272623491734976 -0.00023800138785645686 -0.00043154499684305847 0.0017329979842738267 0.6578805999297981 0.007617176573935818 3.999996244058626 1.9999923480084596 0.001732996167078421 0.6578804886307813 0.007617168603835184 0.09810164084471495 0.09846866412875456
-14.398496240601503 1.9738073415034332 0.0017459343908902303 0.6635528172864561 0.007718997886581448 -0.0021654307386427263 -0.0002557127337468046 -0.0004564411765386467 0.0017562758822950197 0.6652083107733422 0.007774183265860054 3.9999959507698755 1.9999917504939657 0.001756273891932292 0.6652081922012392 0.007774174484859561 0.09959051827851761 0.09996618985833684
-14.323308270676693 1.9736396356186847 0.0017694624245075796 0.6710373628106174 0.00787954611540726 -0.002312846979720007 -0.00027472507946413316 -0.0004826237379802478 0.0017800607094279968 0.6727333917651624 0.00793667019125338 3.9999956345792502 1.9999911063222817 0.001780058529201999 0.672733265570488 0.007936660514382552 0.10111918182811805 0.10150379622020232
-14.24812030075188 1.9734696669160359 0.0017935051059170322 0.6787246106109509 0.008045721019084993 -0.0024701156170578997 -0.000295132763710626 -0.0005101488320065073 0.001804368627602742 0.6804625571522542 0.00810487202635242 3.999995293698434 1.9999904118502267 0.001804366239186903 0.6804624229882741 0.008104861359438852 0.10268921688006731 0.10308308250654656
-14.172932330827068 1.9732973858084992 0.001818078935542508 0.6866214202557618 0.008217762838803778 -0.002637879479834737 -0.00031703697334251046 -0.0005390748416971292 0.0018292164921104592 0.6884027153982339 0.008279033525875053 3.9999949261994674 1.9999896631501555 0.0018292138753860073 0.6884025729246973 0.008279021764506563 0.10430228603533168 0.10470572600287582
-14.097744360902256 1.9731227411152918 0.0018432011253535546 0.6947348448398849 0.008395922013748128 -0.002816821942815295 -0.0003405460366252555 -0.0005694617968856619 0.0018546218881401563 0.6965609696827626 0.00845940987682346 3.999994530003847 1.9999888559877514 0.0018546190210183846 0.6965608185710606 0.008459396905204242 0.10596013291275655 0.10637348583428415
-14.022556390977444 1.9729456799929543 0.0018688896364691377 0.7030721309351405 0.008580459526768275 -0.003007669447498529 -0.0003657762022726274 -0.0006013723136106819 0.0018806031694996305 0.7049446178151468 0.008646267055346431 3.9999941028707684 1.9999879857980805 0.001880600027726112 0.7049444577534859 0.008646252745000603 0.10766458610753084 0.10808820696856399
-13.947368421052632 1.9727661478628284 0.0018951632190094745 0.7116407179009415 0.008771647251613748 -0.003211194010162899 -0.00039285199289906814 -0.0006348710631414178 0.00190717949966125 0.713561151499344 0.008839882185567268 3.9999936423844558 1.9999870476597816 0.0019071760566003826 0.7135609821994849 0.008839866393905335 0.1094175633078616 0.10985182437956327
-13.87218045112782 1.972584088334673 0.001922041454339693 0.720448236487697 0.0089697683004646 -0.0034282159683129976 -0.00042190688770915585 -0.0006700251348661368 0.001934370895282054 0.7224182548823325 0.009040543899114326 3.9999931459404956 1.9999860362672375 0.0019343671216797856 0.7224180760871988 0.009040526467825319 0.11122107557295718 0.11166636737389471
-13.796992481203008 1.9723994431261864 0.0019495447998585831 0.7295025066616236 0.009175117370346715 -0.003659606859315545 -0.0004530839733547509 -0.000706904183516599 0.0019621982723576187 0.7315238023131891 0.009248552693929058 3.999992610731112 1.9999849459005776 0.001962194136080127 0.7315236138056903 0.009248533447182569 0.11307723177527827 0.11353396408403468
-13.721804511278195 1.9722121519781954 0.001977694636495907 0.738811534575112 0.009388001086845356 -0.003906292414086465 -0.00048653657310637755 -0.0007455804360461116 0.001990683495179892 0.7408858552364915 0.009464221290771273 3.999992033729284 1.9999837703933356 0.001990678960925774 0.7408856568498563 0.009464200033210557 0.1149882432099358 0.1154568461307483
-13.646616541353383 1.9720221525652406 0.0020065133190923998 0.7483835086020196 0.009608738343348957 -0.004169255787815018 -0.0005224290841852053 -0.00078612914904852 0.002019849428280349 0.750512658138055 0.009687874985636008 3.9999914116716284 1.999982503097586 0.0020198444572634877 0.7505124497673712 0.009687851500124347 0.11695642837391444 0.11743735345760223
-13.571428571428571 1.9718293804012854 0.0020360242298482377 0.7582267943532142 0.009837660633869193 -0.004449540864925439 -0.0005609376222253104 -0.000828628326416947 0.002049719991552131 0.7604126334578222 0.009919851996131487 3.999990741039943 1.9999811368463576 0.002049714541152388 0.7604124150739148 0.009919826041243944 0.11898421791774255 0.11947793934031618
-13.496240601503759 1.9716337687402516 0.0020662518350380078 0.7683499285831915 0.010075112377283363 -0.004748255837910165 -0.0006022509945466936 -0.0008731593560469264 0.002080320218757538 0.7705943753787279 0.010160503799628582 3.999990018041312 1.999979663913114 0.002080314242135698 0.7705941470433982 0.010160475106830774 0.12107415977204636 0.12158117557334264
-13.421052631578947 1.9714352484710604 0.002097221745203107 0.7787616118929259 0.010321451230599419 -0.005066576906983755 -0.0006465715526360327 -0.0009198070666229796 0.0021116763196411224 0.781066642396641 0.01041019546079149 3.999989238586653 1.9999780759680728 0.002111669765314533 0.7810664042802746 0.010410163731285303 0.12322892445124814 0.12374975783616454
-13.345864661654135 1.9712337480068547 0.002128960779046666 0.7894707001310719 0.010577048388644936 -0.005405752185879464 -0.0006941161300915155 -0.0009686598754683473 0.0021438157458833714 0.7918383485721804 0.010669305945865754 3.999988398267596 1.9999763640311143 0.002143808557258181 0.7918381009739258 0.010669270847059435 0.12545131053657804 0.1259865112415559
-13.270676691729324 1.971029193168031 0.002161497031270891 0.8004861943909034 0.010842288867332798 -0.005767105827800378 -0.0007451171202887963 -0.0010198102274898702 0.0021767672611454005 0.802918553359603 0.010938228420831803 3.99998749233155 1.999974518421018 0.0021767593760007474 0.802918296729939 0.0109381895823786 0.1277442503403461 0.12829439606773518
-13.195488721804512 1.9708215070587158 0.0021948599446124126 0.8118172294954653 0.011117571767379637 -0.0061520423432739335 -0.0007998235851118807 -0.001073354874904453 0.0022105610154719954 0.8143164499049697 0.011217370530292927 3.9999865156548298 1.9999725287007337 0.002210552365391225 0.8143161848712563 0.011217327539651267 0.13011081575324282 0.13067651367642225
-13.1203007518797 1.970610609936266 0.0022290803863481935 0.8234730608603339 0.011403310515107542 -0.006562051114940459 -0.0008585023639966494 -0.0011293950117874374 0.002245228624338272 0.8260413517023242 0.011507154653710423 3.9999854627136773 1.9999703836183889 0.0022452191340816548 0.8260410790979026 0.011507107051173793 0.13255422427623745 0.13313611261848737
-13.045112781954888 1.9703964190733783 0.0022641907295626175 0.8354630496200303 0.011699933076688773 -0.006998711199003083 -0.0009214394661967162 -0.0011880370131507334 0.0022808032526436873 0.8381026774904886 0.011808018135257307 3.9999843275530296 1.9999680710436856 0.0022807928394562933 0.8381023983867005 0.011807965408364122 0.13507784523841934 0.13567659492848955
-12.969924812030076 1.9701788486123348 0.0023002249394851876 0.8477966458996865 0.012007882141871729 -0.007463696264409236 -0.0009889412779102713 -0.0012493924119212352 0.0023173197039781605 0.8505099342737266 0.012120413483357621 3.99998310375284 1.999965577899343 0.0023173082768263797 0.8505096500165527 0.012120355060638027 0.13768520620183566 0.13830152260956433
-12.894736842105264 1.9699578094109083 0.0023372186652289833 0.8604833701125749 0.012327615272975257 -0.007958779868374677 -0.001061336130590007 -0.0013135787000635446 0.0023548145155058904 0.8632726983431183 0.012444808535590142 3.9999817843917747 1.999962890087186 0.0023548019742347308 0.8632724105934036 0.012444743779532077 0.14037999955411284 0.1410146243093072
-12.819548872180452 1.969733208879398 0.002375209337281444 0.8735327921608655 0.012659605014603458 -0.008485840901158781 -0.001138975758038896 -0.0013807195662423055 0.0023933260588360717 0.8764005941765448 0.012781686584400615 3.999980362008075 1.99995999240847 0.0023933122932391225 0.8764003049552572 0.01278161478356555 0.1431660892892867 0.14381980218745014
-12.74436090225564 1.9695049508082492 0.0024142362711222294 0.8869545084162823 0.013004338959243154 -0.00904686932656773 -0.0012222369869903105 -0.0014509455471056754 0.0024328946472737846 0.8899032710917192 0.013131546458702773 3.9999788285573636 1.9999568684779943 0.00243287953606642 0.8899029828299283 0.01313146681886688 0.14604751797687274 0.14672113897534872
-12.669172932330827 1.969272935185666 0.0024543407773673794 0.9007581163565946 0.013362319763590674 -0.009643972172256099 -0.0013115234868621428 -0.001524394571532639 0.0024735626498707773 0.9037903775280192 0.013494902556172896 3.999977175367157 1.9999535006315117 0.0024735460595563803 0.9037900931222617 0.013494814190379128 0.14902851391872787 0.14972290522713252
-12.593984962406015 1.9690370580045895 0.002495566278865235 0.9149531867350104 0.013734065110159165 -0.010279379768803665 -0.0014072675976137816 -0.0016012124382598358 0.002515374612723418 0.9180715328321295 0.013872284820700199 3.9999753930878263 1.999949869825922 0.0025153563963413125 0.9180712557058497 0.01387218673809207 0.1521134984927734 0.15282956676165996
-12.518796992481203 1.968797211058373 0.002537958435197033 0.9295492331600699 0.014120107608387328 -0.010955452311492309 -0.0015099324282061843 -0.0016815537588001916 0.0025583773879949536 0.9327562964256223 0.014264238659173381 3.999973471639733 1.9999459555316803 0.0025583573837371664 0.9327560305960885 0.014264129752432738 0.1553070936819255 0.15604579229383395
-12.443609022556391 1.9685532817244449 0.0025815652750650563 0.9445556789685008 0.014520994629219403 -0.011674686630925635 -0.0016200138982469525 -0.0017655824482858407 0.002602620271170424 0.9478541342342759 0.014671324791452658 3.9999714001562356 1.99994173561682 0.002602598300853519 0.9478538843864684 0.01467120382269727 0.15861412978600462 0.15937646125319735
-12.368421052631579 1.9683051527352105 0.002626437337082038 0.9599818212758475 0.01493728806679415 -0.012439723300985861 -0.0017380430500679722 -0.0018534725817005437 0.002648155147086598 0.9633743822654767 0.015094119027130756 3.999969166922249 1.99993718622193 0.0026481310144628885 0.9633741538326803 0.015093984612059531 0.16203965331338144 0.16282667178687216
-12.293233082706767 1.9680527019353702 0.0026726278195091956 0.9758367920974825 0.015369564020652485 -0.013253354004547191 -0.001864588461899075 -0.001945409249600516 0.002695036645314485 0.9793262072243999 0.01553321196237433 3.9999667593080073 1.999932281625389 0.002695010134205335 0.9793260064758087 0.015533062552443919 0.16558893504832534 0.16640174894280485
-12.218045112781954 1.967795802024819 0.002720192739525556 0.9921295164400338 0.01581841239162518 -0.014118529197958196 -0.002000258826683421 -0.0020415894415748426 0.0027433223055103035 0.9957185640691486 0.015989208589919056 3.9999641636976575 1.9999269940981002 0.0027432931777423993 0.9957183982049381 0.015989042452307683 0.16926747828882865 0.17010725302843396
-12.142857142857142 1.967534320286198 0.002769191102648464 1.0088686672724259 0.016284436384326664 -0.015038366073554243 -0.0021457057164013804 -0.002142223083353656 0.002793072753391043 1.0125601504149848 0.01646272781507408 3.9999613654122834 1.9999212937468984 0.002793040746514234 1.0125600276687114 0.016462543010148385 0.17308102724838936 0.1739489881384078
-12.06766917293233 1.9672681182961405 0.002819685082965427 1.0260626172995126 0.01676825190904909 -0.016016156782598046 -0.0023016264684372345 -0.002247534001611484 0.0028443518880336164 1.029859357709961 0.016954401870404912 3.9999583486269135 1.9999151483457642 0.00284431671279679 1.0298592874588148 0.016954196226389034 0.17703557561391486 0.17793301084371183
-11.992481203007518 1.9669970516191755 0.002871740214879269 1.043719387474387 0.017270486875682542 -0.017055376984188797 -0.002468767319385279 -0.0023577611179348423 0.002897227081242188 1.0476242191194243 0.0174648756216399 3.999955096281065 1.9999085231538858 0.0028971884188007217 1.0476242120018489 0.017464646706123813 0.1811373752501814 0.18206563903278494
-11.917293233082706 1.9667209694831862 0.00292542559711331 1.061846592203025 0.01779178037222395 -0.018159694656560532 -0.002647926712086246 -0.002473159678572756 0.0029517693897767616 1.0658623540746521 0.0179948057572719 3.999951589982293 1.9999013807195514 0.002951726888602355 1.0658624221152178 0.017994550845167316 0.18539294503943662 0.18635346089351473
-11.842105263157894 1.9664397144352668 0.0029808141097709628 1.0804513812156913 0.01833278172043897 -0.019332979186771126 -0.002839958800620934 -0.0025940025470845285 0.003008053781287284 1.0845809094606673 0.018544859854299833 3.9999478099022268 1.9998936806687735 0.0030080070537476496 1.0845810662018895 0.01854457589180263 0.18980907984280537 0.190803344022827
-11.766917293233083 1.9661531219767285 0.00303798264529373 1.0995403781007935 0.018894149401260614 -0.020579310742618873 -0.003045777173241504 -0.002720581585066384 0.0030661593748520745 1.1037864974420175 0.0191157153126224 3.9999437346644844 1.9998853794774545 0.003066107993424308 1.1037867580825416 0.019115398876684953 0.19439285956763636 0.19542244464829478
-11.691729323308271 1.9658610201759288 0.0030970123542149977 1.119119615524277 0.019476549842678176 -0.021902989901036563 -0.0032663588365835494 -0.002853209212503316 0.0031261696970773197 1.1234851299521242 0.019708058150744473 3.999939341223848 1.9998764302258205 0.0031261131901546193 1.1234855114900384 0.01970770540349046 0.1991516583225308 0.2002182169436207
-11.61654135338346 1.9655632292575338 0.0031579889066628494 1.1391944671861156 0.020080656063082947 -0.023308547513153144 -0.0035027484078398174 -0.002992220013197766 0.0031881729547751296 1.14368214990065 0.02032258165566972 3.999934604736009 1.9998667823337488 0.003188110802022042 1.1436826712808201 0.020322188293130414 0.20409315363881847 0.20519842241688874
-11.541353383458647 1.965259561166708 0.003221002770624141 1.1597695765977893 0.02070714616336102 -0.024800754818699033 -0.0037560625845003415 -0.003137972479549944 0.003252262325302982 1.1643821591876007 0.020959984880218153 3.9999294984171554 1.9998563812755037 0.0032521939525092646 1.1643828414513309 0.02095954607468462 0.20922533573406243 0.2103711393474545
-11.466165413533835 1.9649498191066488 0.00328614950804477 1.1808487828014014 0.021356701661488793 -0.026384633743248287 -0.004027494865852077 -0.00329085087142289 0.0033185362657154986 1.1855889436488136 0.021620970981448637 3.9999239933926045 1.99984516827229 0.0033184610390929853 1.1855898100836282 0.021620481316653225 0.21455651678974616 0.21574477224361835
-11.390977443609023 1.9646337970477832 0.0033535300899064594 1.2024350431893582 0.022030005663923678 -0.028065467401262367 -0.004318320585412039 -0.003451267262676083 0.003387098841952054 1.2073053950974921 0.022306245394441503 3.999918058533628 1.9998330799609036 0.0033870160618124576 1.207306471384051 0.022305698792678377 0.22009534021133298 0.22132806128943333
-11.31578947368421 1.9643112792068298 0.003423251231489777 1.2245303536269112 0.022727740868802415 -0.02984881073541601 -0.004629902211405579 -0.003619663684247598 0.0034580600793603835 1.2295334306704262 0.02301651383642814 3.999911660281553 1.9998200480366328 0.0034579689731049574 1.2295347450233047 0.023015903476631138 0.2258507898346685 0.22713009174477042
-11.240601503759398 1.9639820394938325 0.0034954257491059603 1.2471356661259485 0.02345058739680032 -0.03174050126258976 -0.004963694955677056 -0.003796514409913243 0.0035315363359371636 1.2522739097345525 0.023752480137126178 3.9999047624581467 1.9998059988684163 0.003531436050281293 1.2522754930328028 0.023751798362802487 0.23183219903810323 0.23316030325811654
-11.165413533834586 1.963645840925135 0.0035701729396564563 1.2702508043673792 0.0241992204464958 -0.03374666991800268 -0.005321252739690863 -0.003982328495283127 0.003607650699751141 1.2755265486581886 0.024514843892117583 3.99989732606121 1.9997908530841164 0.0036075402920976063 1.2755284345600444 0.02451408210788899 0.23804925971458682 0.23942849904623176
-11.090225563909774 1.9633024350001633 0.0036476189844591458 1.2938743774212924 0.024974307772232526 -0.03587375189897557 -0.005704234472290182 -0.004177652434734114 0.003686533412105092 1.2992898338068042 0.025304297937368103 3.9998893090442404 1.9997745251236023 0.0036864118409702276 1.299292058842696 0.025303446492751226 0.24451203105242506 0.24594485488970422
-11.015037593984962 1.9629515610397406 0.0037278973788646232 1.3180036920698093 0.025776506983822046 -0.03812849747762925 -0.0061144106761901185 -0.004383073012490968 0.00376832231808593 1.323560933175868 0.026121525644257147 3.9998806660789157 1.9997569227571574 0.003768188432471498 1.3235635368124117 0.026120573703147174 0.25123094806751206 0.2527199278869332
-10.939849624060152 1.962592945483517 0.0038111493892731677 1.3426346641932778 0.026606462668891124 -0.040517982722946044 -0.006553670514961141 -0.004599220435636653 0.003853163346252419 1.3483356071336507 0.026967198036092713 3.9998713482990618 1.9997379465665426 0.003853015873843327 1.3483386317994193 0.02696613343022334 0.25821682982318317 0.25976466490281597
-10.86466165413534 1.962226301143966 0.0038975245392551443 1.3677617297400226 0.02746480334037132 -0.0430496200324626 -0.007024029159794054 -0.004826771603831048 0.003941211019313166 1.3736081188047817 0.02784197072875215 3.9998613030246686 1.9997174893858398 0.003941048553367518 1.3736116098682263 0.027840779793243654 0.26548088726692076 0.267090410641311
-10.789473684210527 1.9618513264142339 0.00398718112657263 1.3933777558588853 0.028352138213452636 -0.045731168411606404 -0.007527635582221137 -0.005066453701175533 0.004032628997756524 1.3993711446863704 0.02874648069998883 3.9998504734643983 1.9996954356989862 0.004032449982538194 1.3993751503733611 0.028745148088848448 0.2730347306054247 0.27470891526320956
-10.714285714285715 1.9614677044269764 0.004080286772999408 1.4194739528339957 0.029269053818336114 -0.048570743390286 -0.008066780746645463 -0.005319048025512529 0.004127590658507875 1.42561568614939 0.02968134289401194 3.9998387983949155 1.9996716609906708 0.004127393373094435 1.4256202573866792 0.02967985137323723 0.28089037613139867 0.28263234146244964
-10.639097744360903 1.9610751021611421 0.004177019008939383 1.4460397875210467 0.03021611045730491 -0.05157682646867556 -0.008643906219873543 -0.005585394107356478 0.0042262797108081306 1.452330982537833 0.0306471466701581 3.9998262118152383 1.999646031047021 0.0042260622510868736 1.4523361727062916 0.030645476885830306 0.28906025240659394 0.2908732709052285
-10.563909774436091 1.9606731694934976 0.004277565894949277 1.4730628990413581 0.03119383851692382 -0.054758273971174276 -0.009261613217091735 -0.005866394134415032 0.004328890851630805 1.4795044266367963 0.03164445210685798 3.9998126425741685 1.9996184012022347 0.00432865111027337 1.4795102912160405 0.031642582325332284 0.2975572056960356 0.2994447099267234
-10.488721804511279 1.960261538191488 0.004382126682381403 1.5005290175464367 0.0322027346486643 -0.05812432515867272 -0.009922672091249751 -0.006163017728539444 0.004435630463083195 1.5071214833364726 0.032673786174611266 3.9997980139687064 1.9995886155270255 0.004435366107263857 1.5071280794194764 0.03267169199159536 0.3063945045382827 0.30836009436984624
-10.413533834586467 1.959839820843854 0.004490912515474173 1.5284218869164146 0.03324325783379156 -0.0616846094647201 -0.010630032273752477 -0.006476307061575426 0.00454671735437 1.5351656123711723 0.03373563879432228 3.9997822433112087 1.9995565059544411 0.0045464258009647015 1.5351729980250826 0.033733292809309944 0.31558584332549927 0.3176332934397072
-10.338345864661655 1.9594076097252104 0.004604147177333247 1.5567231923031033 0.03431582535102549 -0.06544915263884832 -0.011386832663305313 -0.006807382359767189 0.004662383551034373 1.5636181960586963 0.034830458800049424 3.99976524146285 1.999521891338287 0.004662061939005487 1.563626429504489 0.03482783025220439 0.3251453447555471 0.3272786124353772
-10.263157894736842 1.9589644755905942 0.004722067882362616 1.585412493467876 0.0354208086681806 -0.06942838165559806 -0.012196412497189613 -0.0071574478478879655 0.004782875134332543 1.592458473005995 0.03595864982801025 3.9997469123307847 1.9994845764390299 0.004782520293968315 1.5924676115860317 0.035955704189188954 0.33508756100563636 0.3373107942081909
-10.18796992481203 1.9585099663957655 0.0048449261178233945 1.6144671648975688 0.03655852928173396 -0.07363312810812772 -0.013062322658612402 -0.007527798105627426 0.004908453133742258 1.6216634787789044 0.037120566156469414 3.9997271523261917 1.9994443508316841 0.0049080615523797 1.6216735776781377 0.037117264676662286 0.3454274734638587 0.34774501918234835
-10.112781954887218 1.95804360593883 0.004972988537316487 1.6438623437041102 0.03772925453096291 -0.0780746299020052 -0.013988337466827261 -0.007919824935157749 0.005039394475752377 1.6512079945563867 0.038316508523909394 3.9997058497801707 1.9994009877297754 0.005038962259566312 1.651219105238295 0.03831280772389091 0.35618049084054193 0.35859690375917996
-10.037593984962406 1.9575648924185127 0.0051065379091040815 1.6735708863267873 0.03893319341595813 -0.08276453092278757 -0.014978466898526221 -0.008335024713801431 0.0051759929922300454 1.6810645048013972 0.03954671995557831 3.9996828843142285 1.9993542427190483 0.005175515823619874 1.6810766731159343 0.03954257106107912 0.36736244546635344 0.3698824969113549
-9.962406015037594 1.957073296904184 0.005245874122301172 1.7035633350553507 0.04017049245130355 -0.08771487842389547 -0.016036969270970758 -0.008775006337671698 0.005318560491812085 1.7112031649797514 0.04081138163108721 3.9996581261618394 1.9993038523941264 0.005318033581858928 1.7112164288950744 0.04080672994223265 0.37898958756781725 0.3816182747569043
-9.887218045112782 1.9565682617124938 0.0053913152540831 1.7338078953800675 0.0414412315896012 -0.09293811776237249 -0.017168364326977326 -0.009241499721611035 0.005467427897917424 1.7415917803439387 0.042110608828122655 3.999631435437301 1.9992495328908402 0.005466845933319257 1.741606167249634 0.04210539301733834 0.39107857729396056 0.3938211328860693
-9.81203007518797 1.9560491986852104 0.005543198701164012 1.7642704251459884 0.042745420251098475 -0.09844708414831871 -0.01837744673471775 -0.0097363649640414 0.005622946457125765 1.7721957967690383 0.04344444697948306 3.999602661347809 1.999190978306421 0.005622303540942946 1.7722113202923677 0.04343859831041845 0.40364647424956746 0.4065083761954333
-9.736842105263158 1.9555154873626392 0.005701882378905162 1.7949144364456981 0.04408299349752374 -0.10425499096248814 -0.019669299937461915 -0.01026160217533345 0.005785489021813783 1.802978304582883 0.044812867882520695 3.99957164134437 1.9991278589992034 0.0057847786072735925 1.8029949608545321 0.04480630934190631 0.4167107242714815 0.4196977059648624
-9.661654135338345 1.9549664730467073 0.0058677459915064956 1.8257011111240125 0.04545380838969066 -0.11037541423357311 -0.02104931033665025 -0.010819362045921821 0.00595545141107993 1.8339000562693555 0.04621576610152888 3.9995382002068376 1.9990598197588898 0.005954666227592939 1.833917819568971 0.04620841143516727 0.4302891431641243 0.4334072038922962
-9.586466165413533 1.9544014647475771 0.006041192376819156 1.8565893306905814 0.04685764056949894 -0.11682227275127843 -0.022523181736332276 -0.011411957187021926 0.006133253854122702 1.864919498844412 0.04765295560470913 3.999502149057991 1.998986477837808 0.006132385824555702 1.8649383165502125 0.04764470824806838 0.4443998970891305 0.44765531278015414
-9.511278195488721 1.9538197330073794 0.0062226489293864375 1.8875357213408592 0.048294181107536624 -0.12360980328520554 -0.02409694999467149 -0.012041874305282363 0.006319342520359221 1.8959928216055664 0.04912416667788988 3.9994632843011995 1.998907420832929 0.006318382668486696 1.8960126083658553 0.04911491857098104 0.459061479281649 0.4624608135445944
-9.436090225563909 1.9532205075944227 0.006412569105373678 1.918494714673117 0.04976303365756476 -0.13075253031416878 -0.025776997799951573 -0.012711787267534191 0.0065141911406813024 1.9270740198406828 0.05062904315724092 3.9994213864757975 1.9988222044077186 0.006513129487597848 1.92709465087839 0.05061867343263642 0.47429268274242664 0.47784279819539527
-9.360902255639097 1.952602975060992 0.006611434013078417 1.949418624558392 0.051263711958635834 -0.13826522960695797 -0.02757006947172158 -0.013424571105176142 0.006718302724337625 1.9581149749478277 0.05216714002263713 3.999376219023851 1.9987303498421523 0.006717128172455671 1.9581362784025595 0.05215551355463159 0.49011256853019447 0.49382063840955337
-9.285714285714286 1.9519662761576102 0.006819754092718524 1.9802577404742188 0.0527956377244992 -0.1461628849494616 -0.029483285679617666 -0.014183317031346121 0.006932211376001714 1.989065551268679 0.05373792139215168 3.9993275269615203 1.9986313413984518 0.0069309115790785105 1.989087299473489 0.053724887194156704 0.5065404292535075 0.5104139492960745
-9.210526315789474 1.9513095030964493 0.007038070889169608 2.0109604374500383 0.054358138958152724 -0.15446063722689019 -0.0315241579354506 -0.014991348518279324 0.007156484217629829 2.0198737097729547 0.05534075895631278 3.9992750354477193 1.9985246234892862 0.007155045435063199 2.0198956093561975 0.055326148412655055 0.5235957473344159 0.5276425479228983
-9.135338345864662 1.9506316966563428 0.007266958921261368 2.041473302597417 0.055950448727000626 -0.16317372502314242 -0.03370060270601982 -0.015852238512273686 0.007391723419723619 2.0504856385520953 0.05697493088818834 3.9992184482422113 1.998409597634316 0.007390130353122299 2.050507319247169 0.05695855580550402 0.5412981475890941 0.5455264061491211
-9.06015037593985 1.9499318431217258 0.007507027651135643 2.071741278010334 0.05757170443095554 -0.1723174157995686 -0.03602095495644164 -0.01676982784692882 0.007638568346586178 2.0808458998914503 0.05863962126217598 3.9991574460447117 1.9982856191900857 0.007636803956354982 2.080866901929947 0.05862127172460476 0.5596673436420696 0.5640855972775776
-8.984962406015038 1.9492088710476514 0.007758923557011786 2.1017078196252648 0.05922094759208747 -0.1819069266486224 -0.0384939809024587 -0.017748244920788636 0.007897697820084551 2.110897593490474 0.060333920010418894 3.999091684705931 1.9981519938373198 0.007895743119461162 2.1109173534467778 0.06031336202178798 0.578723077661792 0.5833402360134458
-8.909774436090226 1.948461647842971 0.008023332312486265 2.1313150714282587 0.06089712419001696 -0.19195733353797095 -0.04112888972402118 -0.01879192671159302 0.008169832506302871 2.1405825351969527 0.06205682344123232 3.9990207933008177 1.998007973808725 0.008167666329936893 2.140600370144715 0.06203379633638511 0.5984850528755143 0.6033104111851189
-8.834586466165414 1.9476889761636784 0.008300981075206047 2.1605040541918212 0.0625990855622767 -0.2024834678414038 -0.04393534394093024 -0.019905641193908252 0.008455737429273783 2.1698414504138497 0.06380723533870479 3.998944372053554 1.997852753839409 0.008453336173043299 2.1698565402470917 0.06378144894509175 0.6189728582916163 0.6240161106533019
-8.759398496240602 1.9468895901084586 0.008592640887384831 2.1892148677200796 0.06432558988333566 -0.21349979889723159 -0.04692346811435755 -0.02109451122731798 0.008756224615703762 2.198614181132493 0.06558396865690748 3.998861990103079 1.9976854668209978 0.008753561944012172 2.1986255488964286 0.06555510018652037 0.64020588502711 0.6454771378042382
-8.68421052631579 1.946062151208527 0.008899129190168255 2.2173869053817024 0.06607530422999748 -0.22502030119230199 -0.05010385548402496 -0.022364039981937367 0.009072155874244453 2.2268399053451517 0.067385747815882 3.9987731830970996 1.9975051791394947 0.009069202390523268 2.226846395413987 0.0673534384665876 0.6622032336081278 0.6677130189927439
-8.609022556390979 1.9452052442040197 0.009221312453282175 2.2449590795194005 0.06784680723453251 -0.2370583046937611 -0.05348757209488042 -0.02372013796732375 0.009404445712395121 2.2544573673994743 0.0692112115999506 3.9986774506016856 1.997310885675875 0.009401168587945234 2.2544576213303866 0.06917506284427835 0.6849836115814681 0.6907429012710837
-8.533834586466167 1.944317372599444 0.00956010892070215 2.2718700561465597 0.06963859232026459 -0.24962632672506402 -0.05708615790085503 -0.02516915171635503 0.009754064393532455 2.2814051176793058 0.0710589166519475 3.998574253312587 1.9971015044473412 0.009750426949157943 2.2813975475640595 0.0710184861904408 0.7085652207463982 0.7145854397110682
-8.458646616541355 1.9433969539910407 0.00991649147224498 2.298058497180338 0.0714490715075648 -0.2627358836677729 -0.06091162426466212 -0.026717894186305102 0.010122041135834937 2.3076217598358033 0.07292734154984963 3.9984630100534555 1.9968758708661196 0.010118002369943601 2.3076045189627976 0.07288213890518408 0.7329656332884968 0.7392586735988985
-8.383458646616543 1.9424423151594299 0.010291490599983737 2.3234633083187965 0.07327657977138809 -0.27639728065841496 -0.06497644718739082 -0.02837367691204662 0.010509467453980407 2.3330462036532422 0.07481489144511562 3.9983430945450706 1.9966327315916494 0.01050498150993177 2.3330171542846903 0.07476437317239336 0.758201656071459 0.764779890757041
-8.30827067669173 1.9414516869215321 0.010686197497205617 2.348023890552245 0.0751193799247968 -0.2906193773242478 -0.06929355551771721 -0.030144343952073882 0.010917500643421927 2.3576179215184716 0.07671990323493913 3.998213831928557 1.9963707379510236 0.010912516207875726 2.357574599578342 0.07666346772286148 0.78428918231977 0.7911654792239864
-8.233082706766918 1.9404231987365592 0.011101767256241513 2.3716803932076327 0.07697566799645987 -0.30540932747720717 -0.07387631328094812 -0.03203830764032034 0.011347367405764279 2.3812772063750884 0.07864065123374528 3.9980744950244036 1.996088438901614 0.011341827028602163 2.3812167828344575 0.07857763307082422 0.8112430299050731 0.8184307655029962
-8.157894736842106 1.939354873061922 0.011539422169872322 2.394373966363012 0.0788435790640497 -0.3207722905641788 -0.0787384951617156 -0.034064586146349995 0.011800367612241978 2.4039654289851824 0.08057535330271223 3.997924300307814 1.9957842735089648 0.011794206937276964 2.4038846677219703 0.08050501718231183 0.8390767654333573 0.8465898385751571
-8.082706766917294 1.938244619456071 0.01200045512912879 2.4160470104381897 0.08072119349991375 -0.336711112563421 -0.08389425405178486 -0.03623284282508621 0.012277878200508066 2.425625292295144 0.08252217739005072 3.997762403579605 1.995456562912318 0.012271025094633067 2.42552050419498 0.08244371152790453 0.8678025133193825 0.8756553588614352
-8.007518796992482 1.9370902284268487 0.012486233108118834 2.436643420769272 0.08260654358050748 -0.3532259738718153 -0.08935807942272334 -0.03855342730138034 0.012781357197845868 2.4462010807084784 0.08447924842931745 3.9975878953104513 1.9951035017495502 0.012773730764472854 2.4460680737627074 0.08439175746732117 0.8974307490304864 0.9056383513140099
-7.93233082706767 1.935889365025647 0.012998200724002413 2.4561088250092147 0.08449762040695277 -0.3703140016489783 -0.09514474514361382 -0.04103741821177209 0.013312347861476066 2.4656389021084864 0.08644465553830324 3.997399795634799 1.9947231490129187 0.013303857322042872 2.4654729272536033 0.08634715290885833 0.927970075685216 0.9365479818204374
-7.857142857142858 1.9346395621898358 0.01353788385735286 2.4743908112636492 0.08639238108083949 -0.3879688439633924 -0.10126924518161218 -0.043696667474968365 0.013872482923805787 2.483886920546676 0.08841645945711603 3.9971970489692117 1.9943134183068716 0.013863026348737198 2.4836826129771827 0.08830785918321613 0.9594269832048313 0.9683913161165307
-7.7819548872180455 1.933338213838356 0.014106893314854683 2.4914391449704727 0.0882887560771318 -0.40618020301076285 -0.10774671543835268 -0.04654384592019056 0.014463488927211679 2.5008955776177935 0.0903927001610548 3.9969785182282784 1.9938720674793327 0.014452951794962988 2.500646893290886 0.09027180806871248 0.9918055892392587 1.0011730604267288
-7.706766917293233 1.931982567728308 0.014706928512546558 2.5072059726605476 0.09018465675478989 -0.4249333246073377 -0.11459233976958672 -0.04959249003987054 0.015087190629215447 2.5166178006778117 0.09237140458180713 3.9967429786095052 1.993396687598398 0.015075444188846522 2.5163179477139717 0.09223690890344062 1.0251073611255213 1.034895283086827
-7.631578947368421 1.9305697180836958 0.015339781153582472 2.521646010894216 0.09207798294561159 -0.444208441115876 -0.12182123799843225 -0.052857049561964686 0.015745515454647255 2.531009196224318 0.09435059436943208 3.9964891109168352 1.9928846912473375 0.015732414863703338 2.5306505608922234 0.09420105571957992 1.0593308181884726 1.0695571164542943
-7.556390977443609 1.9290965980113783 0.01600733886970164 2.5347167188497375 0.09396663056276829 -0.46398016495166416 -0.12944833348676354 -0.05635293545452669 0.016440497966545405 2.5440282269466183 0.0963282936275396 3.9962154943905914 1.9923333001123096 0.0164258801717843 2.543602293903969 0.09616213433588122 1.0944712137630244 1.105154438479491
-7.481203007518797 1.9275599717237195 0.01671158879022497 2.546378453243215 0.09584849917266414 -0.4842168298598608 -0.13748819755406316 -0.06009656787442097 0.017174284322052872 2.555636371161892 0.09830253655503651 3.9959205990097244 1.9917395318393032 0.017157965645667343 2.5551336376057523 0.09811802934633375 1.130520196407338 1.1416795333991203
-7.406015037593986 1.9259564265924947 0.01745462099637637 2.5565946044797165 0.0977214994769882 -0.5048797772121816 -0.14595486772775246 -0.0641054234532561 0.01794913667338468 2.5657982635794627 0.10027137492973653 3.9956027772302893 1.9911001861397373 0.017930910061724228 2.565208146940378 0.10006663094616175 1.1674654498902983 1.1791207311241965
-7.330827067669174 1.9242823650643959 0.01823863181201707 2.5653317131689235 0.09958356065619524 -0.5259225847287325 -0.15486163648779439 -0.06839808117553048 0.018767437466995596 2.5744818165738454 0.10223288537200946 3.9952602551220555 1.9904118301278884 0.01874706935227704 2.5737925553674565 0.10200584154059966 1.2052903116781242 1.2174620250323795
-7.255639097744361 1.922533996474983 0.0190659268744258 2.572559566380501 0.1014326375310404 -0.5472902352444748 -0.1642208068148392 -0.07299426594122949 0.019631693586316983 2.581658321393464 0.10418517633035837 3.99489112286312 1.989670782878139 0.019608920304296555 2.580856868821572 0.10393358208727761 1.243973369817784 1.2566826680421663
-7.180451127819549 1.9207073288052718 0.01993892392051443 2.578251273260289 0.10326671750516865 -0.5689182234178247 -0.1740434104637103 -0.07791488871044905 0.020544540274799683 2.5873025289816267 0.10612639473532091 3.994493324550326 1.988873099196044 0.02051906397271123 2.58637443885182 0.10584779812952134 1.283488038323649 1.2967567470483348
-7.105263157894737 1.918798160433399 0.02086015521479453 2.582383319873738 0.1050838272590336 -0.5907315987239201 -0.18433888448986124 -0.08318208191031573 0.021508744766444595 2.5913927103345555 0.10805473227324795 3.9940646472812427 1.988014552604621 0.021480228725516134 2.5903220148436614 0.10774646548528313 1.323802111423379 1.3376527360389894
-7.030075187969925 1.9168020719429442 0.021832269535469722 2.5849356033831627 0.10688203917349076 -0.6126439435734596 -0.1951147011084089 -0.08881922851833224 0.02252720954048207 2.5939106965636562 0.10996843123724412 3.993602709461437 1.9870906175562912 0.022495272825833797 2.5926797754656725 0.10962759556480842 1.3648772973145396 1.3793330284988183
-6.954887218045114 1.914714418059736 0.022858033624198856 2.5858914458966398 0.10865947747019167 -0.6345562860909979 -0.20637594551291727 -0.09485098293686178 0.023602975105340304 2.594841899061635 0.11186578991870406 3.9931049482887855 1.986096450891759 0.023567186442823303 2.5934313397156648 0.11148924029933628 1.4066687324312208 1.4217534500369309
-6.879699248120302 1.9125303198001717 0.023940332993342556 2.58523758854455 0.11041432406528513 -0.6563559479562286 -0.21812483580339403 -0.10130328142442124 0.02473922220450809 2.5941753103906464 0.11374516750934631 3.992568606364729 1.9850268725800928 0.024699092968818424 2.5925637581590144 0.11332949667310681 1.4491244776256706 1.464862752566176
-6.8045112781954895 1.9102446569264995 0.025082171971878123 2.582964166541966 0.11214482414279744 -0.677915328744291 -0.23036017866219538 -0.10820333943949478 0.0259392733233475 2.591903486712201 0.1156049884902929 3.991990717380617 1.9838763457896318 0.02589424950427333 2.5900674851538326 0.11514651086164769 1.4921849981412036 1.5086020918102603
-6.729323308270677 1.907852060818033 0.026286672857675077 2.5790646661782577 0.11384929146431909 -0.6990906295208106 -0.24307675391609962 -0.11557963279028982 0.02720659336137969 2.5880225127600274 0.11744374649144275 3.9913680908257545 1.9826389563573927 0.027156046355007436 2.585936333039654 0.1169384819906036 1.5357826297962645 1.5529044904323628
-6.654135338345865 1.9053469078819623 0.027557074029520297 2.5735358648373343 0.11552611344216424 -0.719720520019564 -0.256264620602181 -0.1234618589431129 0.028544789319113292 2.582531950516561 0.11926000761102708 3.990697295662471 1.9813083917457428 0.028488005367902077 2.5801674094272093 0.11870366554127479 1.5798410344232536 1.5976942896710462
-6.578947368421053 1.9027233136433164 0.028896726857264764 2.5663777552912252 0.11717375601387243 -0.7396247556014544 -0.269908336641862 -0.13188087422471284 0.029957608832216837 2.5754347728891847 0.12105241319170236 3.9899746429125638 1.979877919599542 0.029893776911687688 2.572761038864078 0.12044037644145583 1.6242746483181487 1.6428865930429593
-6.503759398496241 1.8999751276706673 0.03030909123286641 2.5575934556252196 0.11879076836672835 -0.7586027524848475 -0.28398608374936885 -0.14086860195030937 0.03144893736890795 2.5667372837930214 0.12281968205572787 3.9891961670988914 1.978340366045143 0.03137713528890181 2.5637206702646056 0.12214699189306934 1.6689881282659438 1.6883867064358116
-6.428571428571429 1.8970959295122658 0.03179772952911287 2.5471891062438625 0.12037578757176443 -0.7764321323927561 -0.29846868874652444 -0.15045790570270157 0.033022793889065656 2.5564490261322064 0.12456061220760446 3.9883576064858395 1.9766880939049 0.03294197234369233 2.5530527715811666 0.123821954001478 1.7138758006210577 1.7340895797757905
-6.353383458646617 1.8940790258364377 0.03336629877667535 2.535173755474208 0.12192754319740996 -0.7928672509145542 -0.3133185320740779 -0.16068242107307285 0.034683324746056586 2.5445826792313175 0.12627408201794846 3.9874543820629182 1.9749129810375576 0.03459228900816804 2.5407667132584404 0.12546377228519842 1.758821119950065 1.7798792564196932
-6.2781954887218046 1.8909174489899954 0.03501854083418662 2.521559235326016 0.12344486198348217 -0.8076377275887978 -0.3284883340044047 -0.17157633814017714 0.03643479559498856 2.5311539473034785 0.12795905090726956 3.9864815752170517 1.9730063990564126 0.036332184507833216 2.526874642053206 0.1270710261590125 1.80369614489354 1.8256283375007363
-6.203007518796992 1.8876039572090522 0.036758270310659154 2.5063600289894157 0.12492667266649275 -0.8204469999986088 -0.3439198089023847 -0.18317412579652625 0.03828158105454216 2.5161814405525145 0.1296145595526842 3.9854339040412894 1.9709591927237593 0.03816584292478513 2.5113913468205125 0.12864236749820515 1.848361040182585 1.8711974696555762
-6.12781954887218 1.8841310367375523 0.03858935998525899 2.4895931316502473 0.12637201105718956 -0.8309709291501122 -0.3595421779050838 -0.19551018772144602 0.04022815185428709 2.499686550494679 0.13123972964437539 3.9843056982308958 1.9687616603721114 0.04009751679642723 2.494334117864259 0.13017652340681102 1.892663615159421 1.9164348658847021
-6.052631578947368 1.8804909061298365 0.04051572345683174 2.4712779061836128 0.1277800254807844 -0.8388564891442627 -0.37527053065783633 -0.20861843834137517 0.042279059186192444 2.481693321052633 0.13283376322181023 3.9830908725222653 1.9664035357602208 0.04213150740825582 2.475722601428456 0.1316722993283347 1.9364389107047502 1.9611758707552434
-5.977443609022558 1.8766755230340983 0.0425412947453613 2.4514359352491217 0.12914998269934044 -0.8437205806978909 -0.3910040273102524 -0.22253178549744135 0.044438915968764155 2.4622283169221686 0.1343959416223338 3.981782898636023 1.9638739718350102 0.044272141422772596 2.45557865086625 0.13312858265339814 1.9795088481690786 2.0052425827465354
-5.902255639097746 1.8726765937731853 0.04467000456057954 2.4300908712591824 0.13048127444419783 -0.8451490155422334 -0.40662393295076527 -0.2372815047617216 0.04671237472592067 2.441320490642827 0.135925624076771 3.9803747756933046 1.9611615269391487 0.04652374347395139 2.4339261759700466 0.1345443469950676 2.0216819557393166 2.0484435482683945
-5.8270676691729335 1.8684855860571559 0.04690575295022324 2.40726828562676 0.13177342469398326 -0.8426957271563822 -0.4219914781219316 -0.2528964884007543 0.049104101781545444 2.419001049718891 0.1374222459881303 3.9788589990838013 1.958254154077784 0.04889060434931503 2.410790991879548 0.13591865731918792 2.062753189639095 2.0905735437454527
-5.751879699248121 1.8640937451775714 0.04925237804308455 2.382995518623606 0.13302609784053077 -0.835882272764394 -0.4369455411575629 -0.2694023498924025 0.051618747476001335 2.3953033250395555 0.13888531693041883 3.977227527775961 1.9551391939363834 0.05137694438122622 2.3862006689081943 0.137250676133706 2.1025038696487512 2.131413464155675
-5.676691729323309 1.859492114045788 0.051713620611295114 2.357301531096644 0.13423910789076335 -0.8241977020671527 -0.45130015094824216 -0.28682036267437994 0.05426091212428938 2.3702626417382686 0.14031441840498668 3.9754717500741696 1.951803372423804 0.05398687167731753 2.360184384544342 0.13853967095751404 2.140701750618411 2.1707303385236725
-5.601503759398497 1.854671557445452 0.05429308419363993 2.33021675920113 0.13541242885702875 -0.8070988798245793 -0.46484181256371926 -0.30516620947611983 0.05703510745867288 2.343916193513261 0.14170920139177648 3.9735824478450277 1.9482328035994012 0.0567243348392516 2.3327727787940704 0.13978502330548123 2.1771012539044334 2.208277495083801
-5.526315789473685 1.8496227908718306 0.05699419054865347 2.3017729732167145 0.13654620649133406 -0.7840113621094105 -0.4773266631264832 -0.32444851620394033 0.059945713333292544 2.316302921306133 0.14306938373237754 3.9715497592554487 1.9444129989283772 0.05959306985158148 2.303997813940089 0.14098623944168678 2.2114438849418643 2.2437949011165146
-5.451127819548873 1.8443364143262644 0.05982013024446203 2.2720031414187813 0.13764077152005544 -0.7543309397828324 -0.4884774716927396 -0.3446671419943854 0.06299692951647591 2.287463397104469 0.14439474738094088 3.969363140089584 1.9403288838934776 0.06259654087099056 2.2738926396977606 0.14214296316687677 2.2434588654152696 2.2770097047867837
-5.375939849624061 1.838802951421425 0.06277380824352068 2.2409412998843408 0.13869665453472294 -0.7174259773177738 -0.4979805049094992 -0.3658111948210987 0.06619272246005123 2.2574397134995 0.14568513555784396 3.9670113237399436 1.935964823070556 0.06573787471341515 2.2424914646567897 0.14325499091821564 2.2728640106284987 2.3076370086228613
-5.3007518796992485 1.833012894130746 0.06585778440630231 2.2086224290211027 0.1397146026910052 -0.672640690294088 -0.5054822901787048 -0.38785674007951343 0.06953676701591327 2.226275379492034 0.14694044983953244 3.964482280000965 1.9313046548468922 0.06901978892537725 2.209829434807498 0.1443222894686768 2.299366884599426 2.3353809064974698
-5.225563909774436 1.8269567534817501 0.06907420892034044 2.175082337521795 0.14069559836164 -0.6192995203510918 -0.5105863203086756 -0.41076416807877436 0.07303238317011314 2.194015222900307 0.14816064721628058 3.9617631728310894 1.9263317370200252 0.07244451343917059 2.175942519865152 0.14534501651892245 2.3226662669897213 2.3599358180186476
-5.150375939849624 1.8206251164464151 0.07242475276138964 2.1403575543647677 0.14164087987932333 -0.5567127815587156 -0.512849758503279 -0.43447518558636133 0.07668246798533576 2.160705299583092 0.14934573714772104 3.958840317292564 1.9210290045560487 0.07601370595210567 2.1408674080261423 0.14632354447513557 2.3424539670607105 2.380988155984037
-5.075187969924812 1.81400870922064 0.07591053341321974 2.104485229407547 0.14255196449202132 -0.4841837663428521 -0.511780220400226 -0.4589093968286768 0.08048942308482179 2.126392809550975 0.1504957786439445 3.955699135927045 1.915379040803714 0.07972836134024489 2.1046414097169195 0.1472584877006167 2.3584170202254837 2.398218363845593
-5.0 1.8070984670078092 0.07953203621270769 2.0675030430534713 0.14343067363527262 -0.4010175112397718 -0.5068327310533149 -0.48396044105694713 0.08445507817499977 2.0911260198988546 0.15161087739779286 3.952324114880032 1.9093641634474057 0.08358871561883599 2.0673023708313827 0.14815073351556457 2.3702403022046155 2.4113033607758756
-4.924812030075188 1.799885610327132 0.08328903184795787 2.029449125413625 0.14427916060335247 -0.30653143159317153 -0.49740697958363 -0.5094916574606323 0.08858061128987926 2.0549541943539262 0.1526911829916951 3.94869876014837 1.902966526430451 0.08759414519601919 2.028888595895951 0.14900147719661022 2.3776095940002926 2.419919431678254
-4.849624060150376 1.7923617277548625 0.08718049071902453 1.9903619853376646 0.14509994067313225 -0.20006803807201834 -0.4828450228963206 -0.5353312544690887 0.09286646664611975 2.0179275290961094 0.1537368862000431 3.9448055543927643 1.8961682389819905 0.09174306243323316 1.9894387815539107 0.14981226119360713 2.3802151275462937 2.4237455980373768
-4.774436090225564 1.7845188648750965 0.09120449507243995 1.9502804496484518 0.14589592370067833 -0.08100994448534493 -0.4624296224732376 -0.5612669700841053 0.09731227122079324 1.9800970943724563 0.15474821640568767 3.9406259148314136 1.888951502727228 0.09603280882345255 1.9489919607226662 0.1505850187339665 2.37775563658342 2.422467502495808
-4.699248120300753 1.7763496190666141 0.09535815004015981 1.9092436128869759 0.1466704491706582 0.05120263692300853 -0.4353834346333798 -0.5870402237004448 0.10191675139982954 1.9415147812941018 0.15572543914668346 3.9361401528112743 1.8812987676435573 0.10045954742342199 1.9075874577492193 0.15132212192265254 2.3699429296210766 2.4157818350237474
-4.624060150375941 1.7678472395837397 0.09963749494746939 1.8672907978561424 0.14742732363218297 0.1970517429026586 -0.4008693143425859 -0.612339778905028 0.10667765128781191 1.9022332530742023 0.15666885380690604 3.9313274357397887 1.8731929073357314 0.10501815652254846 1.8652648548706638 0.15202643436694097 2.356506991307031 2.403401321000798
-4.548872180451129 1.759005732204014 0.10403741649820696 1.8244615272448919 0.1481708604015804 0.35691872289231696 -0.35799203468701535 -0.6367949620835489 0.11159165451109068 1.8623058998389468 0.15757879146163747 3.92616575215133 1.8646174137346798 0.10970212689054704 1.8220639702776948 0.1527013682577183 2.3372016046511224 2.385060280850699
-4.473684210526317 1.7498199675159245 0.10855156569314951 1.7807955066176204 0.14890592135274908 0.5310584571849262 -0.30580176695043093 -0.659968514458086 0.11665431157601477 1.8217867960219305 0.15845561288664414 3.9206318807781364 1.8555566108714774 0.11450346530673454 1.7780248480797876 0.15335094572216085 2.3118104688517147 2.360520756391902
-4.398496240601505 1.7402857917095862 0.11317228058067696 1.7363326190682065 0.14963796054927045 0.7195707586150988 -0.24329970746195784 -0.68134919653426 0.12185997505034628 1.7807306592363565 0.15929970673666327 3.9147013645936424 1.8459958868375859 0.11941260742126002 1.7331877604805728 0.15397986412547712 2.28015376552091 2.3295791800677663
-4.3233082706766925 1.730400138516721 0.11789051716831647 1.6911129318626523 0.15037306939969294 0.9223691089370192 -0.16944627362885 -0.7003443148104758 0.1272017450047652 1.7391928094112064 0.1601114878965703 3.908348490894877 1.8359219424156883 0.12441834331446823 1.6875932224903765 0.15459356484201253 2.2420950995619275 2.2920735389686224
-4.24812030075188 1.7201611407294306 0.12269579102819772 1.645176715429367 0.15111802293884355 1.1391470394369065 -0.08317231821702364 -0.7162724015962496 0.13267142726746048 1.6972291268788222 0.16089139600579414 3.9015462785875243 1.8253230541576877 0.12950775938385758 1.6412820195293367 0.15519830483939884 2.19754870966425 2.2478909553755098
-4.172932330827068 1.7095682395170944 0.12757613229609063 1.5985644751008476 0.15188032675439012 1.3693426641933755 0.016606177994937354 -0.728356349925793 0.13825950709199947 1.6548960080147495 0.16163989415381927 3.8942664739292274 1.8141893489088103 0.1346662003749046 1.594295248308144 0.155801230225603 2.1464868074661148 2.1969755689131323
-4.097744360902256 1.698622289565498 0.13251805687858204 1.551316996064448 0.15266826399009786 1.6121021165209086 0.13096948709101852 -0.7357173859298634 0.143955140800766 1.6122503169592983 0.162357467741803 3.886479556070049 1.8025130859467517 0.1398772554567339 1.5466743714132358 0.15641045070098902 2.0889468643940727 2.1393365620538587
-4.022556390977444 1.68732565789101 0.13750655673138776 1.5034754020422474 0.15349094176635866 1.8662429245625773 0.2609711843786897 -0.7373703484357499 0.14974616782806613 1.5693493318975305 0.16304462350251828 3.878154753799296 1.7902889420471126 0.14512277219998862 1.498461286067978 0.1570351136405226 2.0250386220502286 2.0750561208887275
-3.947368421052632 1.675682314045155 0.14252511203894844 1.4550812282896717 0.1543583362657959 2.130218686748627 0.407610550415491 -0.7322208360273308 0.1556191453355816 1.5262506843444152 0.16370188866795757 3.8692600749601698 1.7775142939331479 0.1503829021170055 1.4496984075895447 0.15768547631102123 1.9549505574605537 2.0042970676926664
-3.8721804511278197 1.6636979093313085 0.14755572799712818 1.406176509578109 0.15528133563830987 2.402086762131013 0.571800146007778 -0.7190648691201105 0.16155940719889 1.4830122898790103 0.16432981027107027 3.8597623500223217 1.7641894917584753 0.1556361810512448 1.4004287681109544 0.15837297451222335 1.8789554909918065 1.927309842735386
-3.7969924812030076 1.6513798426155153 0.15257899866441743 1.3568038839064984 0.15627177978693257 2.67948105709727 0.7543285838426002 -0.6965917899657761 0.16755114866308393 1.4396922688006204 0.16492895456524637 3.849627291301249 1.750318116551819 0.16085964713687276 1.3506961311869305 0.1591102857268052 1.7974149856478807 1.8444384531453288
-3.7218045112781954 1.6387373103368272 0.1575741999925176 1.3070067127683935 0.15734249600430683 2.959592341985328 0.9558187943522718 -0.6633911752008714 0.17357753734041867 1.3963488552457357 0.1654999065423963 3.838819569276115 1.7359072139738816 0.16602899828119091 1.3005451229480334 0.1599113846825128 1.710782156049326 1.7561249510407346
-3.6466165413533833 1.6257813384171447 0.16251941366831554 1.2568292188813306 0.1585073293400975 3.239158831383506 1.1766824331706687 -0.6179645491205399 0.17962085048345447 1.3530402934120527 0.16604326952781398 3.827302907377522 1.720967496351543 0.17111879015328704 1.2500213805067146 0.16079158907853458 1.6196024888212992 1.6629119579024896
-3.571428571428573 1.6125247939423863 0.16739168279461675 1.2063166423605205 0.15978116649237603 3.5144699623265367 1.417071500621983 -0.5587426445816455 0.18566263763194776 1.3098247196894945 0.16655966482756604 3.815040196487494 1.7055135048165568 0.17610267450529524 1.1991717183472395 0.16176759311713426 1.524512279146028 1.5654427252637548
-3.496240601503761 1.5989823747394354 0.1721671997110823 1.155515416384016 0.16117995193050855 3.781386347593017 1.6768287277678375 -0.4841088446901267 0.19168390682830638 1.2667600297016521 0.16704973140198645 3.8019936302097657 1.689563723533236 0.18095367633558815 1.1480443134438296 0.16285748641790804 1.4262343168972742 1.4644582226407261
-3.4210526315789487 1.5851705753070922 0.1768215254208207 1.104473363445255 0.16272069487215624 4.03537870366134 1.955438803610889 -0.39242923572758315 0.19766533166075703 1.22390372951718 0.16751412553708098 3.788124861724411 1.67314063849181 0.18564450696855256 1.0966889098415922 0.16408075588142793 1.3255705157029494 1.3607907823943888
-3.3458646616541365 1.5711076279709777 0.1813298391605227 1.0532399133132309 0.16442146565059035 4.271588092429525 2.251983034090898 -0.282089397869111 0.20358747546888598 1.1813127706005269 0.1679535204843536 3.773395182733693 1.656270734197403 0.19014790863036932 1.0451570433949178 0.16545826811393452 1.2233912738873527 1.255353917686322
-3.2706766917293244 1.5568134186147968 0.18566721565885239 1.0018663438105986 0.1663013799177124 4.484909021499643 2.5651004798573354 -0.15153765088956206 0.20943102818155493 1.1390433684342967 0.16836860603890516 3.7577657246343126 1.6389844228072925 0.19443702461419515 0.9935022872785977 0.16701223012400673 1.1206214896830375 1.149128071631621
-3.1954887218045123 1.5423093768823832 0.18980892660211948 0.9504060454632568 0.16838056902914428 4.670095792522403 2.892958947057746 0.000666034779126079 0.21517705050364447 1.0971508051581762 0.16876008802569112 3.7411976816164563 1.6213159018482566 0.1984857877307936 0.9417805187560585 0.16876612615014408 1.0182233231721691 1.0431422567990707
-3.1203007518797 1.5276183413314046 0.19373076180741203 0.898914810956002 0.17068013484596734 4.821890981878674 3.2332393258434635 0.17579683157607917 0.22080721957586166 1.0556892170259367 0.16912868766470193 3.7236525548964208 1.6033029385444917 0.20226931851617352 0.8900502074924319 0.1707446286649135 0.9171759985372478 0.9384518015837467
-3.045112781954888 1.5127644006319765 0.1974093646355427 0.8474511501289722 0.17322208705808897 4.935173145412207 3.583136608407706 0.3749095341131543 0.226304069846428 1.0147113679732995 0.1694751407876268 3.705092416745357 1.5849865809433445 0.20576432369954947 0.8383727254202199 0.17297348181224556 0.8184531616990084 0.8361127224014323
-2.969924812030076 1.4977727125203317 0.20082257530635134 0.7960766309458248 0.17602926098162003 5.00511888180333 3.9393804099602967 0.5987832868147684 0.23165122275144853 0.9742684111033367 0.16980019688133532 3.6854801923935576 1.5664107983562494 0.20894948479850992 0.7868126777810243 0.17547935575144213 0.7229985343875266 0.7371535670465196
-2.8947368421052637 1.4826693028160312 0.20394977505445436 0.7448562464295503 0.17912521360228756 5.027372450578344 4.2982769298609345 0.8478695987381144 0.2368335989263103 0.9344096404169776 0.17010461793730813 3.6647799572837743 1.5476220560314644 0.21180582646488452 0.7354382544530997 0.17828967058389888 0.6317008156541428 0.6425458941747698
-2.8195488721804516 1.4674808473670884 0.20677222352925542 0.6938588069628102 0.1825340954251166 4.9982144519987735 4.6557730390327325 1.1222469742432182 0.24183760707233556 0.8951822356258403 0.17038917709094278 3.6429572465380295 1.5286688313253083 0.21431705439479143 0.6843216000019101 0.18143238870516817 0.545368952370389 0.5531748284566741
-2.7443609022556394 1.452234440277661 0.2092733815382997 0.6431573565484575 0.18628049544577316 4.914719890732574 5.007541632722827 1.4215855163863367 0.24665130427266233 0.8566310033622271 0.17065465704040034 3.6199793729135568 1.5096010808152336 0.21646985325433524 0.6335392000252315 0.18493577453610235 0.4647090076118545 0.4698113190972406
-2.6691729323308273 1.4369573521763763 0.21143921118874606 0.5928296105782327 0.1903892562825323 4.774895500653339 5.349085672510437 1.745124572275472 0.25126452346283756 0.8187981185244891 0.17090184824120666 3.595815748980707 1.490469669679594 0.2182541361441873 0.5831722802669469 0.18882812062702004 0.3903038792052817 0.3930877929536326
-2.593984962406015 1.4216767825818877 0.21325844571767338 0.5429584113134283 0.19488525620576114 4.577786680101861 5.675856636182987 2.0916658673008968 0.2556689648722664 0.7817228698422997 0.1711315468800205 3.570438208786347 1.471325776145846 0.21966323858824877 0.5333072136014027 0.19313743908974937 0.32259704592175964 0.32347880484234975
-2.518796992481203 1.4064196106022808 0.2147228218247441 0.4936321955851126 0.19979315448595525 4.323545846305499 5.9833816056645395 2.45958364514882 0.2598582495059291 0.7454414139937884 0.1713445526385751 3.543821323897889 1.4522202847925745 0.2206940518130076 0.48403592829686487 0.1978911171956495 0.2618813414270476 0.26128803681224877
-2.443609022556391 1.391212148258053 0.21582726812250758 0.44494546711377614 0.20513709617131615 4.0134564000705275 6.267392155977823 2.8468521687551647 0.2638279340652486 0.7099865427353721 0.17154166626651615 3.5159427084815538 1.433203182921008 0.2213470920919503 0.4354563089045591 0.20311553579757083 0.2082934836782424 0.20664259742333155
-2.3684210526315788 1.376079900642028 0.21657004437748845 0.3969992632677246 0.21094037213078898 3.649909590686752 6.523947727838259 3.2510896621627 0.26757548804125 0.6753874674995608 0.17172368698937077 3.4867833079762107 1.4143229740620356 0.2216265050550449 0.3876725786428437 0.2088356490194514 0.16181473984153744 0.1594950567969807
-2.2932330827067684 1.3610473369270595 0.21695282749198863 0.34990160296712247 0.21722502999921278 3.2363350584276382 6.749546366692263 3.669616529141331 0.271100234981235 0.6416696257654004 0.17189140978485465 3.4563276659984203 1.3956261219645354 0.2215400059916746 0.340795649214144 0.2150745234549731 0.1222777145352321 0.11963307813702757
-2.2180451127819563 1.3461376759130004 0.2169807416224053 0.3037678987451279 0.22401143159232398 2.7770893071938967 6.941216592275955 4.099524619118272 0.27440326106692287 0.6088545132062623 0.17204562256680556 3.4245641643653517 1.3771565371645254 0.22109875919365887 0.2949434205773905 0.22185283499042802 0.08937884986920772 0.08669593760100773
-2.142857142857144 1.3313726893824576 0.21666233138493912 0.2587213116643586 0.23131775249100914 2.277309414469506 7.096585628248048 4.537753550187622 0.2774872950926941 0.5769595451733601 0.17218710332091533 3.3914852315522124 1.3589551165380356 0.22031720119144726 0.25024100929356985 0.22918832139887646 0.06269585895585096 0.060196728323669284
-2.067669172932332 1.31677252602906 0.21600947869730672 0.21489302284912243 0.23915941991389136 1.7427415732223042 7.213921092360603 4.981169725087803 0.2803565646567207 0.5459979504913534 0.17231661723983402 3.357087515502474 1.3410593441941894 0.21921281424803535 0.20682087969129212 0.23709518914251773 0.041709016331515095 0.03954867680591553
-1.9924812030075199 1.3023555581541613 0.2150372653761963 0.17242238986809674 0.24754848581050354 1.1795553522121176 7.29214529460433 5.4266437152100195 0.283016633851294 0.515978699842876 0.17243491390694293 3.321372017466252 1.323502959785924 0.21780585763235796 0.1648228473334242 0.2455834734830435 0.025825026450181237 0.024093796754073898
-1.9172932330827077 1.2881382527217822 0.21376378508688132 0.13145695018769543 0.2564929334368808 0.5941547785581165 7.330823273801437 5.87112210841622 0.2854742279546616 0.48690647022675304 0.17254272457801012 3.284344184429239 1.306315697928413 0.21611906496427008 0.12439391923821719 0.25465835216263116 0.01440210030057638 0.013132078126012123
-1.8421052631578956 1.2741350677413708 0.21220990956123822 0.09215222759943444 0.2659959176590633 -0.007003438750463775 7.330127410841879 6.311690639015914 0.2877370505946111 0.4587816461207192 0.17264075960802822 3.2460139586784953 1.2895231000419958 0.2141773163010853 0.08568793023483998 0.26431941471435705 0.006774891816827533 0.005949544454455434
-1.7669172932330834 1.2603583743370435 0.21039901511013917 0.05467129120569491 0.27605494201441316 -0.6175758178778465 7.290782736549945 6.745626332319819 0.28981359859762656 0.4316003570979841 0.1727297060668604 3.20639578409317 1.2731463976893682 0.21200729364001353 0.04886493003345933 0.27455989202119435 0.0022780688108598765 0.001843776474314264
-1.6917293233082713 1.2468184042818167 0.20835667631456525 0.0191840106724603 0.2866609792913844 -1.2314755450983954 7.213997825930075 7.170437381554313 0.2917129792916088 0.4053545507743596 0.17281022558205777 3.165508569804879 1.257202464450951 0.20963712818128918 0.014090271508683352 0.28536585418439064 0.0002674962238029386 0.0001458494914866751
-1.6165413533834592 1.233523222244501 0.20611033435967294 -0.014134053356092073 0.2977975471942033 -1.8429892086268689 7.101386434951221 7.583890420950921 0.29344473443730823 0.38003209913473224 0.1728829524406138 3.1233756129002472 1.2417038316510078 0.20709604708788762 -0.018466652080052746 0.29671538917167056 0.00013826495108755417 0.00023801705193771594
-1.541353383458647 1.2204787215303736 0.20368894776537794 -0.04510318772056666 0.309439756629201 -2.4468649081407854 6.9548848499435385 7.984025678802858 0.2950186742698631 0.3556169355377974 0.17294849197380116 3.0800244827945984 1.2266587618593254 0.20441402665317554 -0.04863407393575631 0.30857778012885306 0.0013390778560545213 0.0015668497194818286
-1.466165413533835 1.2076886417054062 0.20112263326880864 -0.0735415581542816 0.3215533573037969 -3.038371887088879 6.776669383681252 8.369161132918322 0.2964447243832235 0.33208921905507094 0.17300741924096993 3.03548687075276 1.2120713730737525 0.20162145781438737 -0.07623997543388031 0.32091270561297636 0.003382778429089223 0.003651870208854589
-1.3909774436090228 1.195154606184543 0.19844230434524035 -0.09926779359951247 0.33409381357878637 -3.6133334985762358 6.5690776859143005 8.737887225128556 0.2977327874297497 0.30942552228695136 0.17306027801964546 2.989798408738727 1.197941805839556 0.19874882889228854 -0.10111470732837592 0.33366949419031844 0.0058530544686022975 0.006089992160905146
-1.3157894736842106 1.1828761776400651 0.19567931434401808 -0.12210417378101593 0.3470054526179554 -4.168136512376016 6.3345366578515065 9.089053926019707 0.29889262087228247 0.2875990384307649 0.1731075801008314 2.942998462316503 1.1842664252646158 0.19582642935435862 -0.12309414389076065 0.34678647254612893 0.008407553460092502 0.008556259376514695
-1.2406015037593985 1.1708509289455729 0.19286511050330868 -0.1418804538249642 0.36022073639374586 -4.699720500260033 6.075498872134019 9.421752000794402 0.2999337313467467 0.266579803161137 0.17314980488044124 2.8951299026851576 1.1710380499116766 0.19288407734005786 -0.14202338613558207 0.36019045400746463 0.010777799462767221 0.01080149589927535
-1.1654135338345881 1.1590745273104857 0.1900309042377922 -0.15843833486762818 0.37365971834654227 -5.205551348039868 5.794388579838362 9.735290248887802 0.30086528559217485 0.24633492682203942 0.17318739923054902 2.846238863106526 1.1582461998458413 0.1899508726915075 -0.1577610060355729 0.37379642151962567 0.012766401293326063 0.01264752329318733
-1.090225563909776 1.147540829272506 0.18720736211575548 -0.17163655546295514 0.38722975349663347 -5.683582913674856 5.493557684561681 10.02917031455547 0.3016960373962405 0.22682883251577432 0.17322077762789373 2.796374484977508 1.1458773566363807 0.18705497632976337 -0.17018379190161984 0.3875074647650212 0.014242091920892134 0.013980592767074538
-1.0150375939849638 1.1362419842926674 0.18442432090631175 -0.1813565347906031 0.4008255363347731 -6.132210571690979 5.175251506025712 10.30306043220859 0.3024342695948592 0.20802349589407024 0.1732503225119593 2.7455886586223404 1.1339152288035268 0.18422341602429865 -0.17919191598990933 0.4012150342044196 0.01513314623294061 0.014743631204963093
-0.9398496240601517 1.1251685448294297 0.18171052903143717 -0.18750844578501613 0.41432954240070335 -6.550219943384048 4.841583746717474 10.556769212253794 0.3030877498545847 0.1898786827928562 0.17327638484106173 2.6939357635516075 1.1223410170111103 0.1814819179309207 -0.18471439985969829 0.41479957415304275 0.015419697736803295 0.014927826023427938
-0.8646616541353396 1.1143095809443244 0.1790934157447571 -0.19003753629709152 0.4276129455048678 -6.936733587456048 4.494519804929067 10.790220316549203 0.3036636987516566 0.172352181284321 0.17329928481223142 2.641472412477486 1.1111336741864977 0.17885476272361567 -0.18671470311021973 0.42813159134663553 0.015125424008102203 0.014563986617328162
-0.7894736842105274 1.103652797701152 0.17659888841714014 -0.18893045286622875 0.4405370715188256 -7.291157878928987 4.135867427143577 11.00342863543285 0.30416876853305297 0.1554000252247196 0.17331931270923048 2.588257202815144 1.1002701566578588 0.17636466471578494 -0.18519621023462335 0.44107320370372366 0.014309005028354782 0.013714029946054404
-0.7142857142857153 1.0931846538533891 0.17425115746874195 -0.1842212600463799 0.4529554303308376 -7.613131780659076 3.767273638742952 11.196478371624089 0.30460903089170477 0.13897670693111733 0.17333672984270518 2.5343504787661146 1.089725663299829 0.17403267204927764 -0.1802073431309154 0.45348019538713186 0.013055686046291452 0.012462851798672799
-0.6390977443609032 1.0828904805606008 0.17207258777114773 -0.17599679564326276 0.4647163393444076 -7.902478741094749 3.3902269105544183 11.369503265330504 0.3049899720977844 0.12303537720242892 0.17335176954710432 2.4798141063985955 1.0794738605439758 0.17187808581655795 -0.17184598914839566 0.465204578628594 0.011469203776300476 0.010910768177537009
-0.563909774436091 1.072754599125552 0.17008357476704675 -0.16440096709046095 0.47566611517213514 -8.15916255039611 3.0060635876460498 11.522669060455907 0.3053164938880893 0.1075280314892918 0.17336463820045048 2.424711263437942 1.0694870919191872 0.16991839586210059 -0.16026291297030953 0.4760976307425648 0.009664266471608675 0.00916664565758188
-0.4887218045112789 1.0627604369917094 0.16830244312654616 -0.14963758529583598 0.48565276659595247 -8.383247660722986 2.6159777070058183 11.656158211812153 0.30559291861397164 0.0924056815952947 0.17337551623516506 2.3691062447820213 1.0597365715248865 0.16816923097328323 -0.14566382163996752 0.48601333796118756 0.007759717953029294 0.007341786482975043
-0.41353383458646675 1.0528906414794361 0.16674536548038815 -0.13197135745823835 0.4945300745099082 -8.574864224191721 2.221033446934807 11.770156763870506 0.30582299727413675 0.0776185128437705 0.17338455911076409 2.3130642840807774 1.0501925614983643 0.16664432120841627 -0.1283097810638511 0.49481213888763054 0.00587246492718673 0.005544593368426732
-0.3383458646616546 1.0431271909630144 0.16542629863696381 -0.11172672487775026 0.5021618978884852 -8.734177917812513 1.822179571434758 11.86484328822867 0.306009919202596 0.0631160271573591 0.1733918982222129 2.2566513910845805 1.0408245341128324 0.1653554702105675 -0.10851574257901155 0.5023648231747229 0.004112206658648784 0.0038760095506654535
-0.2631578947368425 1.0334515033953957 0.16435693469350993 -0.08928433678764623 0.5084265043112585 -8.861364500192147 1.420265349112791 11.94037974486133 0.3061563223364968 0.048847172962508505 0.17339764172092317 2.199934203885144 1.0316013196350986 0.16431253551157246 -0.08664702952187066 0.5085564098271569 0.002576976182584423 0.002425710242425042
-0.18796992481203034 1.0238445422699258 0.16354666458004227 -0.06507509241089339 0.5132206950689772 -8.956588970425573 1.0160575324097432 11.99690412689646 0.3062643031476222 0.03476046324129169 0.17340187522869557 2.1429798546561933 1.022491241483718 0.16352341503286139 -0.06311375191350013 0.5132898087598684 0.0013494820677677456 0.0012690107573373808
-0.1127819548872182 1.0142869202657232 0.16300255181259826 -0.03957185051087169 0.5164634836816335 -9.01998916591206 0.6102580756443059 12.034524756166315 0.3063354254809193 0.020804083403739466 0.173404662428272 2.085855847056145 1.0134622405645186 0.16299403823091363 -0.03836325376088824 0.5164890628240992 0.0004942281778744854 0.0004644526652622158
-0.03759398496240607 1.004759000954078 0.1627293145635782 -0.013279082970277856 0.5180990965290831 -9.051663633951714 0.20352234735356173 12.053316113786211 0.3063707277008976 0.006925990942578827 0.1734060455175105 2.0286299430867736 1.0044819909256808 0.1627283606081458 -0.012870839642755736 0.5181019780496426 5.53846134708083e-05 5.203095027850736e-05
0.03759398496240607 0.995240999045922 0.1627293145635782 0.013279082970277722 0.5180990965290831 -9.051663633951714 -0.20352234735356 12.053316113786211 0.3063707277008976 -0.006925990942578827 0.1734060455175105 1.9713700569132264 0.9955180090743192 0.1627283606081458 0.012870839642755452 0.5181019780496426 5.538461347080719e-05 5.2030950278505064e-05
0.11278195488721643 0.985713079734277 0.16300255181259832 0.03957185051087114 0.5164634836816335 -9.019989165912056 -0.6102580756442965 12.034524756166318 0.3063354254809193 -0.02080408340373896 0.173404662428272 1.9141441529438563 0.9865377594354816 0.16299403823091366 0.03836325376088823 0.5164890628240996 0.0004942281778744718 0.0004644526652622151
0.18796992481202857 0.9761554577300744 0.16354666458004227 0.06507509241089285 0.5132206950689773 -8.956588970425573 -1.0160575324097318 11.99690412689646 0.3062643031476222 -0.03476046324129152 0.17340187522869557 1.8570201453438082 0.9775087585162823 0.16352341503286139 0.0631137519134988 0.5132898087598684 0.0013494820677677228 0.0012690107573373273
0.2631578947368407 0.9665484966046045 0.16435693469350987 0.08928433678764533 0.5084265043112587 -8.86136450019215 -1.420265349112789 11.940379744861332 0.3061563223364968 -0.04884717296250765 0.17339764172092315 1.8000657961148565 0.9683986803649015 0.16431253551157246 0.0866470295218728 0.5085564098271569 0.0025769761825843694 0.0024257102424251626
0.33834586466165284 0.9568728090369857 0.16542629863696381 0.1117267248777504 0.5021618978884854 -8.734177917812513 -1.822179571434754 11.864843288228672 0.306009919202596 -0.06311602715735876 0.17339189822221293 1.7433486089154209 0.9591754658871677 0.16535547021056754 0.10851574257901206 0.5023648231747233 0.004112206658648793 0.0038760095506654873
0.413533834586465 0.9471093585205641 0.1667453654803881 0.1319713574582376 0.4945300745099082 -8.574864224191728 -2.2210334469347996 11.77015676387051 0.30582299727413675 -0.07761851284377015 0.1733845591107641 1.686935715919224 0.949807438501636 0.1666443212084162 0.12830978106385107 0.49481213888763104 0.005872464927186662 0.005544593368426722
0.4887218045112771 0.9372395630082907 0.16830244312654616 0.14963758529583598 0.4856527665959527 -8.383247660722988 -2.6159777070058072 11.656158211812155 0.30559291861397164 -0.09240568159529436 0.17337551623516503 1.63089375521798 0.9402634284751137 0.1681692309732832 0.1456638216399668 0.4860133379611875 0.007759717953029291 0.007341786482974972
0.5639097744360893 0.9272454008744482 0.1700835747670467 0.16440096709046087 0.47566611517213553 -8.159162550396116 -3.0060635876460347 11.522669060455915 0.30531649388808935 -0.10752803148929194 0.17336463820045045 1.57528873656206 0.9305129080808131 0.16991839586210047 0.16026291297030695 0.4760976307425651 0.009664266471608656 0.009166645657581572
0.6390977443609014 0.9171095194393996 0.1720725877711477 0.17599679564326287 0.46471633934440776 -7.9024787410947654 -3.390226910554409 11.369503265330508 0.3049899720977844 -0.12303537720242913 0.17335176954710427 1.5201858936014065 0.9205261394560246 0.17187808581655775 0.1718459891483936 0.4652045786285938 0.011469203776300485 0.010910768177536742
0.7142857142857135 0.9068153461466112 0.1742511574687419 0.18422126004637956 0.45295543033083785 -7.6131317806590735 -3.7672736387429486 11.196478371624085 0.30460903089170477 -0.13897670693111663 0.17333672984270518 1.4656495212338863 0.9102743367001712 0.17403267204927778 0.1802073431309166 0.4534801953871316 0.013055686046291395 0.01246285179867298
0.7894736842105257 0.8963472022988481 0.17659888841714008 0.1889304528662288 0.440537071518826 -7.291157878928996 -4.13586742714357 11.00342863543285 0.30416876853305297 -0.1554000252247194 0.17331931270923054 1.4117427971848577 0.8997298433421415 0.17636466471578485 0.18519621023462304 0.44107320370372394 0.014309005028354773 0.013714029946054345
0.8646616541353378 0.8856904190556757 0.17909341574475704 0.19003753629709128 0.42761294550486817 -6.936733587456055 -4.4945198049290624 10.790220316549215 0.30366369875165666 -0.17235218128432028 0.17329928481223142 1.3585275875225147 0.8888663258135026 0.17885476272361572 0.1867147031102212 0.42813159134663625 0.01512542400810215 0.01456398661732837
0.9398496240601499 0.8748314551705705 0.1817105290314371 0.1875084457850163 0.4143295424007036 -6.550219943384055 -4.841583746717464 10.556769212253801 0.3030877498545847 -0.18987868279285583 0.17327638484106173 1.3060642364483939 0.87765898298889 0.18148191793092064 0.18471439985969795 0.41479957415304314 0.015419697736803307 0.014927826023427865
1.0150375939849603 0.8637580157073331 0.1844243209063116 0.18135653479060365 0.4008255363347737 -6.132210571690997 -5.1752515060257025 10.303060432208605 0.30243426959485925 -0.20802349589406952 0.17325032251195926 1.2544113413776623 0.8660847711964738 0.18422341602429854 0.1791919159899099 0.40121503420442034 0.015133146232940669 0.014743631204963154
1.0902255639097724 0.8524591707274947 0.18720736211575534 0.1716365554629558 0.3872297534966341 -5.6835829136748846 -5.493557684561666 10.029170314555486 0.3016960373962406 -0.22682883251577401 0.17322077762789373 1.203625515022495 0.85412264336362 0.18705497632976306 0.17018379190161897 0.38750746476502196 0.01424209192089221 0.013980592767074345
1.1654135338345846 0.840925472689515 0.19003090423779204 0.15843833486762887 0.3736597183465428 -5.205551348039894 -5.7943885798383485 9.735290248887814 0.3008652855921749 -0.24633492682203842 0.17318739923054904 1.1537611368934764 0.8417538001541592 0.18995087269150734 0.15776100603557386 0.3737964215196263 0.012766401293326146 0.012647523293187456
1.2406015037593967 0.8291490710544274 0.1928651105033086 0.14188045382496478 0.36022073639374613 -4.699720500260042 -6.075498872134011 9.421752000794411 0.2999337313467467 -0.26657980316113633 0.17314980488044127 1.1048700973148433 0.8289619500883237 0.19288407734005786 0.14202338613558282 0.3601904540074651 0.010777799462767296 0.010801495899275449
1.3157894736842088 0.8171238223599351 0.19567931434401803 0.12210417378101662 0.34700545261795557 -4.168136512376035 -6.334536657851499 9.089053926019721 0.2988926208722824 -0.2875990384307648 0.17310758010083144 1.0570015376834985 0.8157335747353847 0.19582642935435837 0.12309414389076043 0.3467864725461296 0.008407553460092592 0.008556259376514634
1.390977443609021 0.804845393815457 0.1984423043452403 0.09926779359951338 0.33409381357878654 -3.613333498576237 -6.569077685914294 8.737887225128558 0.2977327874297497 -0.3094255222869503 0.1730602780196455 1.0102015912612736 0.8020581941604443 0.1987488288922887 0.10111470732837746 0.33366949419031866 0.0058530544686024 0.006089992160905332
1.4661654135338331 0.7923113582945941 0.20112263326880855 0.07354155815428239 0.32155335730379714 -3.03837188708889 -6.77666938368125 8.36916113291833 0.2964447243832235 -0.3320892190550704 0.17300741924096993 0.9645131292472413 0.7879286269262479 0.20162145781438734 0.07623997543388131 0.32091270561297663 0.0033827784290892922 0.0036518702088546807
1.5413533834586453 0.7795212784696267 0.20368894776537785 0.045103187720567484 0.3094397566292011 -2.4468649081408023 -6.954884849943536 7.984025678802862 0.29501867426986317 -0.35561693553779683 0.17294849197380116 0.9199755172054027 0.773341238140675 0.20441402665317546 0.04863407393575702 0.3085777801288531 0.0013390778560545694 0.001566849719481873
1.6165413533834574 0.7664767777554994 0.20611033435967288 0.014134053356092921 0.2977975471942035 -1.8429892086268813 -7.10138643495122 7.583890420950928 0.2934447344373083 -0.38003209913473157 0.1728829524406138 0.8766243870997537 0.7582961683489925 0.20709604708788756 0.018466652080053807 0.29671538917167084 0.00013826495108757065 0.00023801705193774304
1.6917293233082695 0.7531815957181838 0.20835667631456517 -0.01918401067245934 0.28666097929138457 -1.2314755450984083 -7.213997825930076 7.17043738155432 0.2917129792916088 -0.4053545507743592 0.17281022558205775 0.8344914301951224 0.7427975355490494 0.20963712818128905 -0.014090271508682809 0.2853658541843907 0.0002674962238029115 0.0001458494914866637
1.7669172932330817 0.7396416256629569 0.21039901511013917 -0.05467129120569393 0.27605494201441344 -0.6175758178778591 -7.290782736549941 6.7456263323198264 0.2898135985976267 -0.431600357097983 0.17272970606686036 0.7936042159068303 0.726853602310632 0.2120072936400136 -0.04886493003345803 0.27455989202119435 0.002278068810859793 0.0018437764743141662
1.8421052631578938 0.7258649322586297 0.2122099095612382 -0.09215222759943369 0.26599591765906355 -0.007003438750479804 -7.330127410841876 6.311690639015923 0.28773705059461113 -0.4587816461207183 0.17264075960802822 0.7539860413215053 0.7104768999580046 0.2141773163010853 -0.08568793023483887 0.26431941471435727 0.006774891816827412 0.0059495444544552765
1.917293233082706 0.7118617472782183 0.21376378508688124 -0.13145695018769468 0.2564929334368811 0.594154778558101 -7.330823273801438 5.871122108416236 0.2854742279546617 -0.48690647022675254 0.1725427245780101 0.7156558155707622 0.6936843020715875 0.21611906496427 -0.12439391923821659 0.2546583521626314 0.014402100300576192 0.013132078126011979
1.992481203007518 0.6976444418458392 0.21503726537619625 -0.17242238986809577 0.24754848581050382 1.1795553522120987 -7.292145294604332 5.426643715210041 0.2830166338512941 -0.5159786998428756 0.17243491390694288 0.6786279825337489 0.6764970402140765 0.2178058576323578 -0.1648228473334238 0.24558347348304374 0.025825026450180914 0.02409379675407374
2.06766917293233 0.6832274739709404 0.21600947869730672 -0.21489302284912146 0.23915941991389159 1.7427415732222915 -7.213921092360602 4.9811697250878115 0.28035656465672076 -0.5459979504913529 0.17231661723983407 0.6429124844975271 0.6589406558058111 0.21921281424803532 -0.2068208796912916 0.23709518914251798 0.041709016331514685 0.03954867680591528
2.1428571428571423 0.6686273106175429 0.21666233138493912 -0.25872131166435763 0.2313177524910093 2.277309414469492 -7.09658562824805 4.537753550187631 0.27748729509269426 -0.576959545173359 0.17218710332091536 0.608514768447788 0.6410448834619648 0.22031720119144732 -0.2502410092935684 0.22918832139887665 0.06269585895585045 0.06019672832366855
2.2180451127819545 0.6538623240870001 0.21698074162240527 -0.30376789874512683 0.22401143159232412 2.777089307193889 -6.9412165922759606 4.099524619118277 0.2744032610669229 -0.6088545132062614 0.17204562256680553 0.5754358356346488 0.622843462835475 0.22109875919365896 -0.29494342057738915 0.22185283499042804 0.08937884986920704 0.08669593760100697
2.2932330827067666 0.6389526630729406 0.21695282749198871 -0.34990160296712125 0.21722502999921287 3.236335058427625 -6.749546366692259 3.6696165291413294 0.27110023498123503 -0.6416696257653992 0.1718914097848547 0.54367233400158 0.6043738780354649 0.2215400059916747 -0.34079564921414246 0.2150745234549732 0.12227771453523124 0.11963307813702649
2.3684210526315788 0.6239200993579719 0.2165700443774885 -0.39699926326772456 0.21094037213078898 3.64990959068675 -6.523947727838249 3.2510896621626877 0.26757548804125003 -0.6753874674995606 0.1717236869893707 0.513216692023789 0.5856770259379644 0.221626505055045 -0.3876725786428439 0.20883564901945117 0.16181473984153744 0.1594950567969811
2.443609022556391 0.6087878517419467 0.2158272681225076 -0.4449454671137761 0.2051370961713161 4.0134564000705275 -6.267392155977823 2.846852168755168 0.2638279340652486 -0.7099865427353723 0.17154166626651604 0.48405729151844645 0.5667968170789921 0.22134709209195025 -0.4354563089045597 0.20311553579757075 0.2082934836782424 0.20664259742333216
2.518796992481203 0.5935803893977193 0.2147228218247441 -0.49363219558511273 0.1997931544859552 4.32354584630549 -5.983381605664536 2.45958364514882 0.2598582495059291 -0.7454414139937884 0.1713445526385751 0.4561786761021111 0.5477797152074255 0.22069405181300752 -0.48403592829686504 0.1978911171956495 0.2618813414270478 0.2612880368122489
2.593984962406015 0.5783232174181122 0.2132584457176734 -0.5429584113134281 0.19488525620576116 4.577786680101868 -5.675856636182996 2.091665867300904 0.2556689648722664 -0.7817228698422997 0.1711315468800205 0.429561791213653 0.528674223854154 0.21966323858824877 -0.5333072136014024 0.19313743908974948 0.32259704592175953 0.32347880484234937
2.6691729323308273 0.5630426478236239 0.21143921118874603 -0.5928296105782327 0.19038925628253237 4.774895500653339 -5.349085672510437 1.745124572275472 0.25126452346283756 -0.8187981185244894 0.17090184824120677 0.40418425101929306 0.509530330320406 0.21825413614418732 -0.5831722802669471 0.1888281206270202 0.3903038792052815 0.3930877929536327
2.7443609022556394 0.547765559722339 0.2092733815382997 -0.6431573565484575 0.18628049544577316 4.914719890732572 -5.00754163272282 1.421585516386326 0.24665130427266233 -0.8566310033622271 0.17065465704040034 0.3800206270864432 0.4903989191847663 0.21646985325433532 -0.6335392000252315 0.18493577453610224 0.4647090076118545 0.46981131909724105
2.8195488721804516 0.5325191526329115 0.20677222352925545 -0.6938588069628101 0.18253409542511656 4.99821445199877 -4.655773039032727 1.122246974243211 0.24183760707233556 -0.8951822356258403 0.17038917709094278 0.35704275346197045 0.4713311686746917 0.21431705439479143 -0.6843216000019101 0.1814323887051681 0.5453689523703891 0.5531748284566743
2.8947368421052637 0.5173306971839688 0.20394977505445436 -0.7448562464295503 0.17912521360228756 5.0273724505783495 -4.298276929860936 0.847869598738118 0.2368335989263103 -0.9344096404169776 0.17010461793730813 0.33522004271622563 0.4523779439685356 0.2118058264648846 -0.7354382544530998 0.17828967058389888 0.6317008156541428 0.6425458941747704
2.969924812030076 0.5022272874796685 0.20082257530635128 -0.7960766309458248 0.17602926098162003 5.00511888180332 -3.9393804099602914 0.5987832868147649 0.23165122275144853 -0.9742684111033364 0.16980019688133527 0.3145198076064422 0.43358920164375053 0.20894948479850978 -0.786812677781024 0.17547935575144205 0.7229985343875265 0.7371535670465188
3.0451127819548844 0.4872355993680243 0.19740936463554282 -0.8474511501289703 0.17322208705808914 4.935173145412206 -3.5831366084077203 0.3749095341131685 0.2263040698464283 -1.0147113679732973 0.1694751407876269 0.29490758325464395 0.41501341905665623 0.20576432369954964 -0.8383727254202173 0.1729734818122458 0.8184531616990045 0.8361127224014266
3.1203007518796966 0.47238165866859616 0.19373076180741222 -0.8989148109559998 0.17068013484596742 4.821890981878683 -3.233239325843485 0.17579683157609693 0.22080721957586194 -1.0556892170259347 0.1691286876647019 0.2763474451035801 0.39669706145550926 0.20226931851617375 -0.8900502074924297 0.1707446286649136 0.9171759985372437 0.9384518015837425
3.1954887218045087 0.45769062311761766 0.1898089266021196 -0.9504060454632541 0.16838056902914444 4.670095792522396 -2.8929589470577532 0.000666034779126079 0.2151770505036448 -1.0971508051581742 0.16876008802569112 0.2588023183835445 0.3786840981517442 0.19848578773079387 -0.9417805187560562 0.16876612615014408 1.018223323172163 1.0431422567990667
3.270676691729321 0.443186581385204 0.1856672156588525 -1.0018663438105961 0.16630137991771246 4.484909021499661 -2.565100479857346 -0.1515376508895656 0.20943102818155518 -1.1390433684342944 0.16836860603890522 0.2422342753656879 0.36101557719270816 0.19443702461419543 -0.9935022872785947 0.16701223012400673 1.1206214896830324 1.149128071631616
3.345864661654133 0.42889237202902314 0.1813298391605229 -1.0532399133132282 0.1644214656505904 4.271588092429546 -2.251983034090923 -0.2820893978690968 0.20358747546888628 -1.181312770600525 0.16795352048435352 0.22660481726630796 0.34372926580259794 0.1901479086303695 -1.0451570433949156 0.16545826811393455 1.2233912738873476 1.2553539176863178
3.421052631578945 0.41482942469290834 0.17682152542082094 -1.1044733634452528 0.16272069487215624 4.035378703661301 -1.955438803610864 -0.39242923572761157 0.19766533166075728 -1.2239037295171777 0.16751412553708106 0.21187513827558951 0.32685936150819084 0.18564450696855278 -1.0966889098415897 0.16408075588142776 1.325570515702946 1.3607907823943857
3.4962406015037573 0.40101762526056517 0.1721671997110826 -1.1555154163840136 0.1611799519305087 3.781386347593074 -1.6768287277678802 -0.48410884469010895 0.19168390682830658 -1.26676002970165 0.16704973140198662 0.19800636979023534 0.31043627646676486 0.18095367633558823 -1.148044313443826 0.16285748641790834 1.426234316897269 1.4644582226407146
3.5714285714285694 0.38747520605761426 0.167391682794617 -1.2063166423605176 0.1597811664923762 3.5144699623265794 -1.4170715006220078 -0.5587426445816313 0.1856626376319481 -1.3098247196894923 0.16655966482756596 0.18495980351250638 0.2944864951834437 0.17610267450529574 -1.199171718347237 0.1617675931171343 1.5245122791460208 1.5654427252637528
3.6466165413533815 0.37421866158285577 0.16251941366831565 -1.2568292188813288 0.15850732934009756 3.239158831383566 -1.1766824331707078 -0.6179645491205221 0.17962085048345458 -1.353040293412052 0.16604326952781392 0.1726970926224784 0.27903250364845744 0.17111879015328704 -1.250021380506713 0.16079158907853466 1.6196024888212952 1.662911957902485
3.7218045112781937 0.36126268966317304 0.15757419999251768 -1.3070067127683926 0.15734249600430658 2.959592341985328 -0.9558187943522647 -0.6633911752008821 0.17357753734041886 -1.3963488552457346 0.16549990654239644 0.1611804307238849 0.26409278602611874 0.1660289982811911 -1.3005451229480318 0.15991138468251284 1.7107821560493273 1.7561249510407322
3.796992481203006 0.3486201573844851 0.15257899866441754 -1.356803883906497 0.1562717797869326 2.6794810570972345 -0.7543285838425824 -0.6965917899657832 0.1675511486630841 -1.439692268800619 0.1649289545652465 0.15037270869875144 0.24968188344818154 0.16085964713687284 -1.3506961311869294 0.15911028572680525 1.797414985647878 1.844438453145326
3.872180451127818 0.3363020906686919 0.1475557279971283 -1.4061765095781078 0.15528133563830984 2.402086762130999 -0.5718001460077886 -0.7190648691200998 0.16155940719889017 -1.4830122898790092 0.1643298102710704 0.14023764997767815 0.23581050824152505 0.15563618105124505 -1.400428768110954 0.15837297451222357 1.8789554909918054 1.9273098427353854
3.94736842105263 0.3243176859548452 0.14252511203894855 -1.4550812282896701 0.15435833626579581 2.1302186867487194 -0.4076105504155443 -0.7322208360272953 0.15561914533558172 -1.5262506843444141 0.16370188866795776 0.13073992503983053 0.22248570606685267 0.15038290211700575 -1.4496984075895436 0.15768547631102167 1.9549505574605524 2.004297067692661
4.022556390977442 0.31267434210899003 0.13750655673138792 -1.5034754020422463 0.1534909417663585 1.8662429245625276 -0.2609711843786471 -0.7373703484357783 0.14974616782806627 -1.5693493318975298 0.16304462350251805 0.12184524620070403 0.2097110579528877 0.1451227721999889 -1.4984612860679776 0.1570351136405222 2.0250386220502294 2.075056120888736
4.097744360902254 0.30137771043450234 0.13251805687858212 -1.5513169960644473 0.1526682639900977 1.6121021165209015 -0.13096948709102207 -0.7357173859298634 0.1439551408007661 -1.6122503169592972 0.16235746774180307 0.11352044392995093 0.1974869140532486 0.13987725545673402 -1.5466743714132347 0.15641045070098908 2.088946864394075 2.1393365620538565
4.1729323308270665 0.290431760482906 0.12757613229609072 -1.5985644751008465 0.1518803267543898 1.369342664193418 -0.016606177994951565 -0.7283563499257859 0.1382595070919996 -1.6548960080147488 0.16163989415381935 0.10573352607077303 0.18581065109118988 0.13466620037490482 -1.5942952483081434 0.15580123022560313 2.146486807466117 2.1969755689131323
4.248120300751879 0.27983885927056995 0.12269579102819783 -1.645176715429366 0.15111802293884363 1.13914703943707 0.08317231821695259 -0.7162724015962141 0.1326714272674606 -1.6972291268788215 0.1608913960057942 0.09845372141247606 0.1746769458423126 0.12950775938385778 -1.6412820195293354 0.15519830483939914 2.1975487096642476 2.247890955375505
4.323308270676691 0.26959986148327925 0.11789051716831656 -1.6911129318626514 0.15037306939969286 0.9223691089371187 0.16944627362879316 -0.7003443148104473 0.12720174500476533 -1.7391928094112057 0.16011148789657034 0.09165150910512297 0.16407805758431182 0.12441834331446829 -1.6875932224903756 0.15459356484201284 2.242095099561928 2.2920735389686167
4.398496240601503 0.2597142082904142 0.11317228058067709 -1.736332619068206 0.14963796054927014 0.7195707586150561 0.24329970746197915 -0.6813491965342706 0.12185997505034643 -1.780730659236355 0.1592997067366634 0.08529863540635774 0.15400411316241436 0.11941260742126009 -1.7331877604805712 0.15397986412547718 2.2801537655209163 2.3295791800677623
4.473684210526315 0.25018003248407544 0.1085515656931496 -1.7807955066176195 0.1489059213527491 0.5310584571849688 0.3058017669504025 -0.6599685144580683 0.11665431157601489 -1.8217867960219296 0.15845561288664406 0.07936811922186392 0.14444338912852306 0.11450346530673458 -1.7780248480797867 0.1533509457221609 2.311810468851713 2.3605207563919
4.548872180451127 0.24099426779598612 0.10403741649820708 -1.8244615272448903 0.14817086040158034 0.3569187228922459 0.35799203468702956 -0.6367949620835596 0.11159165451109083 -1.8623058998389457 0.15757879146163759 0.07383424784867018 0.1353825862653203 0.10970212689054704 -1.8220639702776937 0.1527013682577183 2.3372016046511224 2.3850602808506958
4.624060150375939 0.2321527604162606 0.09963749494746948 -1.8672907978561422 0.1474273236321828 0.19705174290257332 0.4008693143426072 -0.6123397789050316 0.10667765128781202 -1.9022332530742014 0.15666885380690612 0.06867256426021143 0.12680709266426893 0.10501815652254853 -1.8652648548706636 0.15202643436694102 2.3565069913070356 2.403401321000798
4.6992481203007515 0.22365038093338596 0.09535815004015992 -1.909243612886975 0.14667044917065825 0.05120263692305116 0.4353834346333585 -0.5870402237004413 0.10191675139982968 -1.9415147812941005 0.15572543914668355 0.06385984718872574 0.11870123235644282 0.10045954742342204 -1.9075874577492171 0.15132212192265262 2.369942929621076 2.415781835023742
4.774436090225564 0.21548113512490355 0.09120449507243995 -1.9502804496484518 0.14589592370067833 -0.0810099444854302 0.4624296224732731 -0.561266970084116 0.09731227122079324 -1.9800970943724563 0.15474821640568767 0.05937408516858639 0.1110484972727721 0.0960328088234526 -1.9489919607226667 0.1505850187339664 2.37775563658342 2.4224675024958118
4.849624060150376 0.20763827224513765 0.08718049071902452 -1.9903619853376646 0.14509994067313225 -0.20006803807211782 0.4828450228963419 -0.5353312544690887 0.09286646664611978 -2.0179275290961094 0.15373688620004308 0.0551944456072354 0.1038317610180094 0.09174306243323314 -1.989438781553912 0.14981226119360713 2.3802151275462937 2.42374559803738
4.924812030075188 0.200114389672868 0.08328903184795788 -2.029449125413625 0.1442791606033525 -0.3065314315931289 0.49740697958358027 -0.5094916574606003 0.08858061128987926 -2.0549541943539262 0.1526911829916951 0.05130123985163029 0.09703347356954906 0.08759414519601912 -2.0288885958959515 0.14900147719661044 2.377609594000292 2.41991943167825
5.0 0.19290153299219095 0.07953203621270767 -2.0675030430534713 0.14343067363527262 -0.4010175112397576 0.5068327310533149 -0.48396044105694713 0.08445507817499977 -2.0911260198988546 0.15161087739779286 0.04767588511996783 0.09063583655259433 0.08358871561883602 -2.0673023708313827 0.14815073351556457 2.370240302204615 2.4113033607758765
5.075187969924812 0.18599129077936 0.07591053341321974 -2.104485229407547 0.14255196449202132 -0.48418376634280946 0.5117802204002118 -0.4589093968286697 0.08048942308482179 -2.126392809550975 0.1504957786439445 0.04430086407295503 0.0846209591962862 0.07972836134024498 -2.10464140971692 0.14725848770061675 2.3584170202254837 2.398218363845596
5.150375939849624 0.17937488355358497 0.07242475276138964 -2.1403575543647677 0.14164087987932333 -0.556712781558943 0.5128497585033642 -0.4344751855863862 0.07668246798533576 -2.160705299583092 0.14934573714772104 0.041159682707436036 0.07897099544395114 0.07601370595210574 -2.140867408026144 0.1463235444751354 2.3424539670607105 2.3809881559840456
5.225563909774436 0.17304324651825007 0.06907420892034044 -2.1750823375217947 0.14069559836164003 -0.6192995203509497 0.5105863203086258 -0.41076416807876015 0.07303238317011314 -2.194015222900307 0.14816064721628058 0.038236827168910414 0.07366826297997475 0.0724445134391705 -2.1759425198651505 0.14534501651892257 2.32266626698972 2.35993581801864
5.3007518796992485 0.16698710586925417 0.06585778440630231 -2.2086224290211023 0.13971460269100525 -0.6726406902942017 0.5054822901787688 -0.3878567400795454 0.06953676701591327 -2.226275379492034 0.14694044983953244 0.03551771999903502 0.06869534515310771 0.06901978892537726 -2.2098294348074976 0.1443222894686766 2.2993668845994244 2.335380906497473
5.375939849624061 0.161197048578575 0.06277380824352068 -2.2409412998843408 0.13869665453472294 -0.7174259773178733 0.4979805049095276 -0.3658111948211129 0.06619272246005123 -2.2574397134995 0.14568513555784396 0.03298867626005632 0.06403517692944394 0.06573787471341512 -2.2424914646567897 0.14325499091821556 2.2728640106284987 2.307637008622862
5.451127819548873 0.1556635856737353 0.05982013024446205 -2.2720031414187813 0.13764077152005538 -0.7543309397826476 0.48847747169266853 -0.34466714199436765 0.06299692951647591 -2.287463397104469 0.14439474738094088 0.03063685991041612 0.05967111610652254 0.0625965408709905 -2.2738926396977592 0.14214296316687688 2.243458865415271 2.277009704786777
5.526315789473681 0.15037720912816965 0.056994190548653595 -2.301772973216713 0.13654620649133414 -0.7840113621095526 0.4773266631264974 -0.3244485162039332 0.05994571333329272 -2.316302921306132 0.14306938373237754 0.028450240744551405 0.05558700107162318 0.0595930698515817 -2.30399781394009 0.14098623944168684 2.2114438849418656 2.243794901116524
5.6015037593984935 0.14532844255454835 0.05429308419364004 -2.3302167592011287 0.13541242885702884 -0.8070988798247356 0.4648418125637974 -0.30516620947614825 0.05703510745867299 -2.3439161935132597 0.14170920139177662 0.026417552154972546 0.0517671964005989 0.056724334839251794 -2.3327727787940695 0.13978502330548115 2.1771012539044343 2.2082774950838076
5.676691729323306 0.14050788595421204 0.051713620611295245 -2.357301531096643 0.13423910789076351 -0.8241977020672238 0.45130015094824927 -0.28682036267437283 0.05426091212428952 -2.3702626417382673 0.14031441840498676 0.024528249925830508 0.04819662757619614 0.053986871677317666 -2.3601843845443415 0.13853967095751415 2.140701750618412 2.1707303385236756
5.751879699248118 0.13590625482242877 0.04925237804308469 -2.3829955186236047 0.1330260978405309 -0.8358822727639392 0.43694554115737816 -0.26940234989232437 0.051618747476001474 -2.395303325039554 0.138885316930419 0.02277247222403903 0.044860806063616976 0.05137694438122633 -2.386200668908193 0.13725067613370667 2.1025038696487526 2.131413464155666
5.82706766917293 0.13151441394284397 0.046905752950223395 -2.4072682856267598 0.1317734246939832 -0.842695727156439 0.4219914781219529 -0.25289648840076495 0.04910410178154556 -2.419001049718889 0.13742224598813058 0.02114100091619868 0.04174584592221586 0.04889060434931517 -2.4107909918795465 0.13591865731918812 2.062753189639101 2.0905735437454536
5.902255639097742 0.1273234062268148 0.044670004560579644 -2.4300908712591816 0.13048127444419794 -0.8451490155420345 0.4066239329506942 -0.2372815047617003 0.04671237472592079 -2.441320490642827 0.135925624076771 0.019625224306695485 0.03883847306085131 0.04652374347395146 -2.4339261759700457 0.13454434699506773 2.021681955739318 2.0484435482683936
5.977443609022554 0.12332447696590215 0.0425412947453614 -2.4514359352491217 0.12914998269934042 -0.8437205806976351 0.3910040273102027 -0.2225317854974307 0.04443891596876426 -2.4622283169221677 0.13439594162233384 0.018217101363977223 0.036126028164989665 0.044272141422772714 -2.4555786508662476 0.13312858265339825 1.9795088481690837 2.0052425827465354
6.052631578947366 0.11950909387016355 0.040515723456831805 -2.4712779061836128 0.12778002548078443 -0.8388564891441206 0.3752705306577866 -0.20861843834136806 0.042279059186192514 -2.481693321052631 0.13283376322181017 0.01690912747773461 0.033596464239779245 0.042131507408255844 -2.4757226014284535 0.13167229932833474 1.9364389107047526 1.96117587075524
6.1278195488721785 0.11586896326244737 0.038589359985259045 -2.4895931316502473 0.12637201105718956 -0.8309709291500269 0.3595421779050696 -0.1955101877214389 0.040228151854287145 -2.499686550494679 0.1312397296443754 0.01569430176910422 0.031238339627888356 0.04009751679642733 -2.4943341178642595 0.13017652340681113 1.8926636151594236 1.916434865884706
6.203007518796991 0.1123960427909479 0.03675827031065921 -2.506360028989415 0.12492667266649296 -0.8204469999991204 0.3439198089025268 -0.18317412579655823 0.038281581054542185 -2.5161814405525136 0.12961455955268436 0.014566095958710954 0.0290408072762407 0.038165842924785136 -2.511391346820514 0.12864236749820515 1.8483610401825827 1.8711974696555786
6.278195488721803 0.10908255101000518 0.035018540834186665 -2.521559235326015 0.1234448619834823 -0.8076377275887978 0.3284883340044047 -0.17157633814017714 0.0364347955949886 -2.531153947303479 0.12795905090726947 0.013518424782948296 0.02699360094358727 0.03633218450783325 -2.5268746420532064 0.12707102615901242 1.803696144893539 1.8256283375007398
6.353383458646615 0.10592097416356253 0.0333662987766754 -2.5351737554742066 0.12192754319741013 -0.79286725091427 0.31331853207399973 -0.16068242107305153 0.034683324746056614 -2.544582679231317 0.1262740820179484 0.0125456179370821 0.025087018962442476 0.03459228900816808 -2.540766713258439 0.12546377228519848 1.7588211199500632 1.7798792564196928
6.428571428571427 0.10290407048773398 0.031797729529112896 -2.547189106243861 0.12037578757176452 -0.7764321323926424 0.2984686887464818 -0.15045790570268025 0.0330227938890657 -2.556449026132206 0.1245606122076045 0.01164239351416052 0.023311906095100032 0.03294197234369237 -2.553052771581166 0.12382195400147814 1.7138758006210562 1.7340895797757903
6.503759398496239 0.10002487232933276 0.03030909123286644 -2.557593455625219 0.11879076836672835 -0.7586027524853307 0.28398608374951095 -0.14086860195035555 0.031448937368908 -2.5667372837930205 0.12281968205572799 0.01080383290110855 0.021659633954856927 0.03137713528890185 -2.5637206702646056 0.12214699189306925 1.668988128265945 1.6883867064358145
6.578947368421051 0.09727668635668334 0.028896726857264805 -2.566377755291226 0.1171737560138726 -0.7396247556011986 0.26990833664180514 -0.13188087422469152 0.02995760883221685 -2.575434772889184 0.12105241319170244 0.010025357087436645 0.020122080400458375 0.029893776911687733 -2.572761038864077 0.12044037644145598 1.6242746483181498 1.6428865930429588
6.6541353383458635 0.09465309211803767 0.027557074029520314 -2.5735358648373334 0.11552611344216433 -0.7197205200197914 0.25626462060223787 -0.12346185894313422 0.028544789319113327 -2.582531950516562 0.11926000761102712 0.009302704337529456 0.018691608254257308 0.028488005367902077 -2.58016740942721 0.11870366554127473 1.5798410344232525 1.5976942896710475
6.729323308270676 0.09214793918196675 0.026286672857675112 -2.579064666178257 0.11384929146431928 -0.6990906295210664 0.24307675391617067 -0.11557963279031469 0.027206593361379733 -2.58802251276003 0.11744374649144287 0.00863190917424571 0.017361043642607266 0.027156046355007464 -2.5859363330396565 0.11693848199060361 1.5357826297962627 1.5529044904323672
6.804511278195488 0.08975534307350073 0.02508217197187815 -2.5829641665419656 0.11214482414279753 -0.6779153287439215 0.2303601786620959 -0.10820333943946281 0.02593927332334753 -2.5919034867121997 0.11560498849029295 0.008009282619382654 0.016123654210367988 0.025894249504273385 -2.590067485153831 0.11514651086164789 1.4921849981412034 1.508602091810259
6.8796992481203 0.08746968019982847 0.02394033299334257 -2.5852375885445484 0.11041432406528531 -0.6563559479563992 0.21812483580345088 -0.10130328142442124 0.024739222204508114 -2.5941753103906455 0.11374516750934631 0.007431393635270831 0.014973127419906973 0.02469909296881848 -2.5925637581590157 0.11332949667310681 1.4491244776256675 1.4648627525661808
6.954887218045112 0.08528558194026395 0.022858033624198876 -2.5858914458966398 0.10865947747019165 -0.6345562860909411 0.20637594551288885 -0.09485098293684402 0.02360297510534034 -2.5948418990616355 0.11186578991870416 0.006895051711214724 0.013903549108240987 0.023567186442823337 -2.5934313397156656 0.11148924029933645 1.4066687324312221 1.4217534500369318
7.030075187969924 0.08319792805705581 0.021832269535469722 -2.5849356033831627 0.10688203917349076 -0.6126439435732607 0.19511470110826679 -0.08881922851826118 0.0225272095404821 -2.5939106965636576 0.10996843123724405 0.006397290538562996 0.012909382443708761 0.022495272825833818 -2.5926797754656756 0.10962759556480864 1.3648772973145396 1.3793330284988203
7.105263157894736 0.08120183956660079 0.020860155214794535 -2.5823833198737374 0.10508382725903363 -0.5907315987240906 0.1843388844899323 -0.08318208191033705 0.021508744766444595 -2.5913927103345555 0.10805473227324795 0.0059353527187569815 0.0119854473953791 0.02148022872551614 -2.590322014843662 0.10774646548528304 1.3238021114233784 1.3376527360389914
7.180451127819548 0.07929267119472813 0.01993892392051443 -2.578251273260289 0.10326671750516861 -0.5689182234177679 0.1740434104636961 -0.0779148887104597 0.020544540274799683 -2.5873025289816267 0.10612639473532091 0.005506675449673906 0.011126900803956064 0.020519063972711218 -2.586374438851818 0.1058477981295213 1.2834880383236498 1.2967567470483328
7.2556390977443606 0.07746600352501713 0.0190659268744258 -2.572559566380501 0.10143263753104041 -0.5472902352443043 0.16422080681476814 -0.07299426594120817 0.01963169358631699 -2.5816583213934634 0.1041851763303584 0.005108877136879876 0.010329217121861078 0.019608920304296555 -2.580856868821571 0.1039335820872777 1.2439733698177837 1.2566826680421643
7.330827067669173 0.07571763493560403 0.01823863181201707 -2.5653317131689235 0.09958356065619524 -0.5259225847289883 0.15486163648790807 -0.06839808117559443 0.018767437466995596 -2.5744818165738454 0.10223288537200946 0.004739744877944563 0.00958816987211164 0.018747069352277032 -2.573792555367455 0.10200584154059947 1.2052903116781242 1.2174620250323802
7.406015037593985 0.07404357340750543 0.01745462099637637 -2.5565946044797165 0.0977214994769882 -0.5048797772122384 0.14595486772770982 -0.0641054234531957 0.01794913667338468 -2.5657982635794627 0.10027137492973653 0.004397222769710986 0.008899813860262729 0.017930910061724238 -2.5652081469403814 0.10006663094616194 1.1674654498902983 1.1791207311241982
7.481203007518797 0.07244002827628059 0.01671158879022497 -2.546378453243215 0.09584849917266414 -0.4842168298598608 0.13748819755406316 -0.06009656787442097 0.017174284322052872 -2.555636371161892 0.09830253655503651 0.0040794009902756405 0.008260468160696921 0.017157965645667343 -2.5551336376057523 0.09811802934633375 1.130520196407338 1.1416795333991203
7.556390977443609 0.07090340198862159 0.01600733886970164 -2.5347167188497375 0.09396663056276829 -0.4639801649514652 0.1294483334867209 -0.05635293545453379 0.016440497966545384 -2.544028226946615 0.0963282936275394 0.003784505609408596 0.007666699887690753 0.016425880171784268 -2.5436022939039638 0.09616213433588101 1.0944712137630244 1.1051544384794867
7.631578947368421 0.06943028191630435 0.015339781153582468 -2.5216460108942162 0.09207798294561156 -0.4442084411156486 0.1218212379983612 -0.05285704956191495 0.015745515454647255 -2.531009196224318 0.09435059436943208 0.0035108890831647673 0.00711530875266253 0.015732414863703355 -2.530650560892225 0.09420105571958007 1.059330818188473 1.0695571164542952
7.706766917293233 0.0680174322716919 0.014706928512546558 -2.5072059726605476 0.09018465675478989 -0.4249333246073377 0.11459233976958672 -0.049592490039877646 0.015087190629215447 -2.516617800677814 0.09237140458180719 0.003257021390495034 0.006603312401602501 0.015075444188846522 -2.5163179477139734 0.09223690890344066 1.0251073611255213 1.034895283086828
7.7819548872180455 0.06666178616164402 0.014106893314854683 -2.4914391449704727 0.0882887560771318 -0.4061802030106776 0.10774671543831005 -0.04654384592017635 0.014463488927211679 -2.5008955776177935 0.0903927001610548 0.0030214817717215897 0.006127932520667345 0.01445295179496298 -2.500646893290885 0.0902718080687125 0.9918055892392587 1.0011730604267273
7.857142857142854 0.06536043781016444 0.013537883857352884 -2.47439081126365 0.08639238108083963 -0.38796884396325027 0.10126924518155533 -0.04369666747497547 0.01387248292380583 -2.4838869205466803 0.0884164594571162 0.0028029510307882423 0.005686581693128412 0.013863026348737227 -2.483682612977185 0.08830785918321628 0.9594269832048322 0.968391316116533
7.932330827067666 0.064110634974353 0.012998200724002418 -2.456108825009211 0.08449762040695252 -0.3703140016493194 0.09514474514378435 -0.04103741821186446 0.013312347861476111 -2.46563890210849 0.08644465553830344 0.002600204365200916 0.005276850987081083 0.01330385732204292 -2.465472927253606 0.08634715290885832 0.9279700756852164 0.9365479818204432
8.007518796992478 0.06290977157315177 0.012486233108118862 -2.4366434207692755 0.08260654358050767 -0.3532259738719006 0.08935807942269491 -0.03855342730135902 0.012781357197845896 -2.446201080708479 0.08447924842931757 0.002412104689548744 0.00489649825044991 0.012773730764472876 -2.4460680737627087 0.08439175746732135 0.8974307490304887 0.9056383513140107
8.08270676691729 0.06175538054392903 0.012000455129128805 -2.416047010438189 0.0807211934999137 -0.33671111256336417 0.08389425405177064 -0.036232842825093314 0.012277878200508095 -2.4256252922951473 0.08252217739005095 0.002237596420394788 0.004543437087682234 0.012271025094633093 -2.4255205041949828 0.08244371152790474 0.8678025133193834 0.875655358861437
8.157894736842103 0.06064512693807844 0.01153942216987234 -2.3943739663630135 0.07884357906404983 -0.32077229056386614 0.07873849516165876 -0.03406458614630736 0.011800367612241996 -2.4039654289851815 0.08057535330271227 0.0020756996921860236 0.004215726491035188 0.011794206937276992 -2.4038846677219707 0.08050501718231196 0.8390767654333583 0.8465898385751581
8.233082706766915 0.05957680126344069 0.011101767256241537 -2.371680393207637 0.0769756679964601 -0.30540932747706506 0.0738763132807918 -0.03203830764019244 0.01134736740576431 -2.3812772063750933 0.07864065123374556 0.0019255049755966481 0.003911561098385974 0.011341827028602196 -2.381216782834466 0.07857763307082476 0.8112430299050756 0.8184307655029985
8.308270676691727 0.058548313078468105 0.010686197497205634 -2.348023890552245 0.07511937992479682 -0.2906193773247594 0.06929355551780247 -0.03014434395205967 0.010917500643421955 -2.3576179215184747 0.07671990323493928 0.0017861680714429573 0.0036292620489762895 0.010912516207875757 -2.357574599578349 0.07666346772286167 0.7842891823197709 0.7911654792239912
8.383458646616539 0.05755768484056972 0.010291490599983747 -2.3234633083187926 0.0732765797713879 -0.2763972806582444 0.06497644718727713 -0.028373676911975565 0.010509467453980428 -2.333046203653244 0.07481489144511566 0.0016569054549294636 0.0033672684083505544 0.010504981509931793 -2.3330171542846934 0.07476437317239353 0.7582016560714588 0.7647798907570428
8.458646616541351 0.0566030460089596 0.009916491472244993 -2.2980584971803384 0.07144907150756485 -0.2627358836677729 0.06091162426449159 -0.026717894186113256 0.01012204113583496 -2.307621759835806 0.07292734154984983 0.0015369899465442316 0.0031241291338802712 0.010118002369943634 -2.3076045189628065 0.07288213890518458 0.7329656332884973 0.7392586735989014
8.533834586466163 0.05568262740055621 0.009560108920702162 -2.2718700561465583 0.06963859232026459 -0.24962632672509244 0.05708615790086924 -0.02516915171632661 0.00975406439353246 -2.281405117679301 0.07105891665194729 0.0014257466874131478 0.002898495552658531 0.009750426949157957 -2.281397547564057 0.07101848619044064 0.7085652207463983 0.7145854397110692
8.609022556390975 0.054794755795980234 0.009221312453282185 -2.2449590795193997 0.06784680723453254 -0.2370583046938748 0.053487572094809366 -0.02372013796707506 0.009404445712395125 -2.254457367399471 0.06921121159995045 0.0013225493983145878 0.002689114324124886 0.009401168587945262 -2.2544576213303937 0.06917506284427859 0.6849836115814681 0.6907429012710878
8.684210526315788 0.053937848791473314 0.008899129190168267 -2.2173869053817072 0.0660753042299977 -0.22502030119184724 0.0501038554838118 -0.022364039981781048 0.009072155874244453 -2.226839905345151 0.06738574781588198 0.0012268169029006678 0.0024948208605054534 0.009069202390523277 -2.2268463954139888 0.0673534384665878 0.6622032336081296 0.6677130189927435
8.7593984962406 0.053110409891541255 0.008592640887384836 -2.189214867720079 0.0643255898833357 -0.21349979889734527 0.04692346811440018 -0.021094511227325086 0.00875622461570378 -2.1986141811324984 0.06558396865690772 0.001138009896921435 0.0023145331790020984 0.008753561944012191 -2.198625548896435 0.0655551001865206 0.6402058850271095 0.6454771378042409
8.834586466165412 0.05231102383632143 0.008300981075206057 -2.1605040541918243 0.06259908556227693 -0.2024834678413754 0.04393534394081655 -0.01990564119372351 0.00845573742927379 -2.1698414504138515 0.06380723533870485 0.001055627946445685 0.002147246160590699 0.008453336173043318 -2.1698565402470997 0.06378144894509204 0.6189728582916165 0.6240161106533051
8.909774436090224 0.05153835215702918 0.008023332312486265 -2.1313150714282543 0.060897124190016826 -0.1919573335380278 0.04112888972410644 -0.018791926711571705 0.008169832506302876 -2.1405825351969523 0.06205682344123232 0.0009792066991820372 0.0019920261912748094 0.008167666329936908 -2.1406003701447176 0.06203379633638513 0.5984850528755131 0.6033104111851213
8.984962406015036 0.0507911289523485 0.00775892355701179 -2.1017078196252643 0.05922094759208752 -0.18190692664842345 0.03849398090240186 -0.017748244920710476 0.007897697820084558 -2.110897593490477 0.06033392001041898 0.0009083152940689954 0.0018480061626802158 0.007895743119461172 -2.110917353446782 0.06031336202178816 0.5787230776617917 0.5833402360134473
9.060150375939848 0.05006815687827436 0.007507027651135657 -2.0717412780103377 0.05757170443095561 -0.1723174157995686 0.03602095495661217 -0.016769827847134877 0.007638568346586183 -2.0808458998914503 0.058639621262175964 0.0008425539552882953 0.0017143808099142621 0.007636803956354984 -2.0808669019299417 0.05862127172460451 0.5596673436420718 0.5640855972775771
9.13533834586466 0.04936830334365713 0.007266958921261368 -2.041473302597414 0.055950448727000515 -0.16317372502356875 0.03370060270627562 -0.015852238512415795 0.007391723419723633 -2.0504856385521 0.05697493088818853 0.0007815517577888332 0.001590402365684196 0.00739013035312231 -2.0505073192471723 0.05695855580550405 0.5412981475890936 0.5455264061491234
9.210526315789473 0.04869049690355103 0.00703807088916962 -2.0109604374500445 0.05435813895815288 -0.15446063722689019 0.031524157935322705 -0.01499134851803774 0.007156484217629829 -2.019873709772951 0.05534075895631267 0.0007249645522805916 0.0014753765107138328 0.0071550454350632064 -2.0198956093562006 0.05532614841265519 0.5235957473344186 0.5276425479228992
9.285714285714285 0.04803372384238988 0.006819754092718524 -1.9802577404742168 0.05279563772449918 -0.1461628849497174 0.029483285679987148 -0.01418331703181508 0.006932211376001718 -1.9890655512686806 0.053737921392151757 0.0006724730384795723 0.0013686586015478897 0.006930911579078507 -1.9890872994734812 0.05372488719415634 0.5065404292535066 0.5104139492960736
9.360902255639097 0.04739702493900816 0.006611434013078417 -1.949418624558392 0.051263711958635834 -0.13826522960721377 0.02757006947172158 -0.013424571104934557 0.006718302724337625 -1.9581149749478288 0.05216714002263711 0.0006237809761494537 0.001269650157847857 0.006717128172455683 -1.9581362784025687 0.05215551355463178 0.49011256853019447 0.49382063840955703
9.436090225563909 0.046779492405576925 0.006412569105373678 -1.9184947146731173 0.04976303365756476 -0.13075253031382772 0.025776997799482615 -0.012711787266582064 0.0065141911406813024 -1.9270740198406828 0.05062904315724092 0.0005786135242025569 0.001177795592281372 0.006513129487597875 -1.927094650878412 0.05061867343263721 0.47429268274242675 0.47784279819540076
9.511278195488721 0.046180266992620324 0.0062226489293864375 -1.8875357213408595 0.04829418110753661 -0.12360980328557503 0.02409694999482781 -0.012041874305232625 0.006319342520359221 -1.8959928216055664 0.04912416667788988 0.0005367156988003932 0.0010925791670710616 0.006318382668486701 -1.8960126083658593 0.04911491857098108 0.45906147928164925 0.46246081354459634
9.586466165413533 0.045598535252422565 0.006041192376819156 -1.8565893306905814 0.04685764056949894 -0.11682227275116475 0.02252318173640333 -0.011411957187220878 0.006133253854122702 -1.8649194988444107 0.04765295560470916 0.0004978509420086566 0.001013522162191971 0.006132385824555699 -1.8649383165502065 0.04764470824806827 0.4443998970891305 0.447655312780152
9.661654135338345 0.045033526953292574 0.0058677459915064956 -1.8257011111240125 0.04545380838969066 -0.11037541423365838 0.021049310337105 -0.010819362046845526 0.00595545141107993 -1.8339000562693542 0.04621576610152887 0.0004617997931622802 0.0009401802411102 0.005954666227592921 -1.833917819568951 0.046208411435166616 0.4302891431641243 0.4334072038922916
9.736842105263158 0.044484512637360855 0.005701882378905162 -1.7949144364456981 0.04408299349752374 -0.1042549909623176 0.01966929993736244 -0.01026160217514871 0.005785489021813783 -1.802978304582883 0.044812867882520695 0.00042835865563006396 0.000872141000796689 0.005784778607273598 -1.8029949608545357 0.04480630934190642 0.4167107242714815 0.4196977059648634
9.81203007518797 0.043950801314789435 0.005543198701164013 -1.7642704251459884 0.04274542025109848 -0.09844708414837555 0.018377446734660907 -0.009736364964126665 0.005622946457125765 -1.7721957967690383 0.04344444697948306 0.00039733865219121207 0.0008090216935789929 0.005622303540942941 -1.7722113202923648 0.0434385983104184 0.40364647424956746 0.406508376195432
9.887218045112782 0.04343173828750614 0.0053913152540831 -1.7338078953800675 0.0414412315896012 -0.09293811776271355 0.017168364327091012 -0.009241499721582613 0.005467427897917424 -1.7415917803439411 0.042110608828122696 0.00036856456269936187 0.0007504671091598247 0.0054668459333192575 -1.7416061672496383 0.042105393017338386 0.39107857729396056 0.393821132886071
9.962406015037594 0.0429267030958156 0.005245874122301173 -1.703563335055351 0.04017049245130355 -0.0877148784231565 0.016036969270629697 -0.00877500633752959 0.005318560491812085 -1.7112031649797514 0.04081138163108721 0.0003418738381607608 0.0006961476058735538 0.005318033581858928 -1.711216428895073 0.04080672994223273 0.3789895875678174 0.38161827475690313
10.037593984962406 0.04243510758148731 0.0051065379091040815 -1.6735708863267873 0.03893319341595813 -0.08276453092273073 0.014978466898810439 -0.008335024714313022 0.0051759929922300454 -1.6810645048013972 0.03954671995557831 0.0003171156857715675 0.0006457572809517309 0.00517551582361987 -1.6810766731159272 0.03954257106107886 0.36736244546635344 0.36988249691135383
10.112781954887218 0.0419563940611697 0.0049729885373164875 -1.6438623437041104 0.0377292545309629 -0.07807462990169256 0.013988337466741996 -0.007919824934944586 0.005039394475752377 -1.6512079945563867 0.038316508523909394 0.0002941502198291786 0.0005990122702247413 0.005038962259566318 -1.6512191052382985 0.038312807723891014 0.35618049084054215 0.3585969037591809
10.18796992481203 0.04149003360423411 0.004844926117823395 -1.6144671648975688 0.036558529281733955 -0.07363312810767297 0.013062322659322945 -0.00752779810736115 0.004908453133742258 -1.6216634787789044 0.037120566156469414 0.00027284767380838387 0.0005556491683159637 0.004908061552379685 -1.6216735776781128 0.03711726467666152 0.34542747346385877 0.3477450191823437
10.263157894736842 0.041035524409405506 0.004722067882362616 -1.585412493467876 0.03542080866818061 -0.06942838165508647 0.012196412497019082 -0.007157447847774279 0.004782875134332543 -1.592458473005995 0.03595864982801025 0.0002530876692151335 0.0005154235609701185 0.004782520293968316 -1.592467611586032 0.035955704189189 0.33508756100563625 0.33731079420819055
10.338345864661651 0.04059239027478954 0.004604147177333256 -1.5567231923031108 0.034315825351025744 -0.06544915263859252 0.011386832663191626 -0.0068073823594261285 0.0046623835510343865 -1.563618196058709 0.03483045880004981 0.00023475853714992705 0.0004781086617129393 0.0046620619390055065 -1.5636264295045061 0.034827830252204914 0.32514534475554846 0.3272786124353808
10.413533834586463 0.04016017915614598 0.004490912515474182 -1.5284218869164203 0.03324325783379169 -0.0616846094640664 0.010630032272757717 -0.006476307060040654 0.004546717354370009 -1.5351656123711779 0.03373563879432244 0.00021775668879104234 0.0004434940455587677 0.004546425800964719 -1.5351729980251028 0.03373329280931066 0.3155858433255011 0.31763329343971003
10.488721804511275 0.03973846180851194 0.004382126682381398 -1.5005290175464239 0.032202734648663925 -0.05812432515918431 0.009922672091704499 -0.006163017729591047 0.0044356304630832 -1.507121483336471 0.03267378617461115 0.0002019860312933762 0.0004113844729743965 0.004435366107263853 -1.5071280794194628 0.03267169199159487 0.3063945045382807 0.308360094369845
10.563909774436087 0.03932683050650226 0.00427756589494929 -1.4730628990413708 0.031193838516924113 -0.054758273970804794 0.009261613217120157 -0.0058663941354097915 0.0043288908516308094 -1.4795044266367967 0.03164445210685801 0.00018735742583163656 0.0003815987977653368 0.0043286511102733636 -1.4795102912160263 0.03164258232533201 0.2975572056960389 0.2994447099267199
10.6390977443609 0.038924897838857685 0.004177019008939384 -1.4460397875210398 0.030216110457304688 -0.051576826468732406 0.008643906219930386 -0.005585394107015418 0.004226279710808136 -1.4523309825378345 0.030647146670158203 0.00017378818476141084 0.0003539689529790113 0.004226062251086883 -1.4523361727062987 0.030645476885830514 0.28906025240659344 0.29087327090523013
10.714285714285712 0.03853229557302367 0.004080286772999417 -1.4194739528340037 0.029269053818336322 -0.04857074339076917 0.008066780747185476 -0.005319048026905193 0.004127590658507881 -1.4256156861493916 0.029681342894012044 0.00016120160508457338 0.0003283390093291594 0.00412739337309443 -1.4256202573866672 0.02967985137323694 0.2808903761314004 0.2826323414624473
10.789473684210524 0.038148673585766076 0.00398718112657263 -1.3933777558588798 0.028352138213452484 -0.04573116841174851 0.007527635582789571 -0.005066453702880835 0.004032628997756524 -1.3993711446863637 0.02874648069998869 0.00014952653560197735 0.0003045643010136656 0.004032449982538184 -1.3993751503733378 0.028745148088847854 0.273034730605424 0.2747089152632054
10.864661654135336 0.0377736988560341 0.003897524539255162 -1.3677617297400502 0.027464803340372112 -0.04304962003320156 0.00702402915956668 -0.004826771602751023 0.003941211019313174 -1.3736081188047922 0.027841970728752455 0.00013869697533116262 0.00028251061416006973 0.003941048553367531 -1.3736116098682478 0.027840779793244227 0.26548088726692504 0.2670904106413147
10.939849624060148 0.03740705451648312 0.0038111493892731677 -1.3426346641932698 0.026606462668890912 -0.040517982723144996 0.006553670515700105 -0.0045992204370435275 0.003853163346252419 -1.348335607133645 0.026967198036092592 0.00012865170093826007 0.00026205343345753196 0.0038530158738433224 -1.3483386317994035 0.0269661334302229 0.25821682982318217 0.25976466490281386
11.01503759398496 0.03704843896025934 0.0037278973788646232 -1.3180036920698046 0.025776506983821886 -0.038128497478510326 0.006114410678065951 -0.004383073016384742 0.00376832231808593 -1.3235609331758647 0.02612152564425701 0.00011933392108440388 0.00024307724284255983 0.0037681884324714866 -1.3235635368123815 0.02612057370314619 0.25123094806751184 0.2527199278869304
11.090225563909772 0.036697564999836646 0.0036476189844591458 -1.2938743774212877 0.024974307772232366 -0.03587375189832187 0.005704234470897518 -0.004177652431692991 0.003686533412105092 -1.2992898338067993 0.025304297937367926 0.00011069095575965976 0.0002254748763975689 0.003686411840970237 -1.2992920588427117 0.02530344649275167 0.24451203105242486 0.24594485488970655
11.165413533834585 0.03635415907486513 0.0035701729396564606 -1.2702508043673864 0.024199220446496028 -0.0337466699180311 0.005321252740856153 -0.003982328497556864 0.003607650699751141 -1.2755265486581886 0.024514843892117583 0.00010267393879041613 0.00020914691588358458 0.0036075402920976046 -1.2755284345600308 0.024514082107888555 0.23804925971458749 0.2394284990462308
11.240601503759397 0.03601796050616737 0.0034954257491059634 -1.247135666125957 0.023450587396800584 -0.031740501262362386 0.004963694955108622 -0.003796514408463736 0.003531536335937155 -1.2522739097345281 0.023752480137125494 9.523754185344286e-05 0.0001940011315837431 0.003531436050281288 -1.2522754930327877 0.02375179836280206 0.23183219903810398 0.23316030325811476
11.315789473684209 0.035688720793169926 0.0034232512314897805 -1.2245303536269179 0.022727740868802578 -0.029848810734705467 0.0046299022105529275 -0.0036196636824854522 0.003458060079360388 -1.2295334306704335 0.023016513836428335 8.833971844674559e-05 0.00017995196336717534 0.003457968973104966 -1.2295347450233216 0.02301590347663163 0.22585078983466958 0.22713009174477236
11.390977443609021 0.03536620295221699 0.003353530089906463 -1.202435043189366 0.022030005663923904 -0.028065467402342392 0.004318320587145763 -0.0034512672665698574 0.003387098841952054 -1.2073053950974921 0.022306245394441503 8.19414663723137e-05 0.0001669200390963521 0.0033870160618124485 -1.20730647138403 0.022305698792677763 0.22009534021133376 0.2213280612894312
11.466165413533833 0.035050180893351074 0.0032861495080447833 -1.1808487828014298 0.021356701661489546 -0.026384633743361974 0.004027494866363668 -0.0032908508721902763 0.0033185362657155073 -1.1855889436488318 0.021620970981449134 7.600660739571848e-05 0.0001548317277101363 0.0033184610390929957 -1.1855898100836437 0.021620481316653607 0.2145565167897498 0.21574477224362087
11.541353383458645 0.03474043883329177 0.003221002770624145 -1.1597695765977973 0.020707146163361254 -0.02480075481850008 0.003756062584074016 -0.00313797247898151 0.003252262325302982 -1.1643821591875925 0.02095998488021787 7.050158284446812e-05 0.0001436187244963083 0.0032521939525092646 -1.1643828414513244 0.020959546074684417 0.20922533573406327 0.2103711393474542
11.616541353383457 0.034436770742465914 0.0031579889066628533 -1.1391944671861245 0.020080656063083107 -0.023308547512641553 0.00350274840721454 -0.002992220012345115 0.003188172954775125 -1.143682149900635 0.020322581655669313 6.539526399082184e-05 0.00013321766625107312 0.003188110802022038 -1.1436826712808077 0.020322188293130122 0.20409315363882033 0.20519842241688696
11.69172932330827 0.03413897982407127 0.0030970123542150055 -1.1191196155242984 0.019476549842678752 -0.02190298990183237 0.0032663588381467434 -0.002853209215629704 0.0031261696970773236 -1.123485129952133 0.019708058150744716 6.0658776151811334e-05 0.00012356977417948833 0.0031261131901546193 -1.1234855114900346 0.01970770540349031 0.19915165832253298 0.20021821694362088
11.766917293233082 0.03384687802327141 0.00303798264529373 -1.0995403781007917 0.018894149401260628 -0.020579310744039958 0.0030457771750320717 -0.0027205815871411687 0.0030661593748520792 -1.1037864974420246 0.019115715312622517 5.626533551528494e-05 0.00011462052254540556 0.0030661079934243126 -1.1037867580825458 0.019115398876684835 0.19439285956763558 0.19542244464829775
11.842105263157894 0.03356028556473297 0.0029808141097709628 -1.0804513812156913 0.01833278172043897 -0.019332979187623778 0.002839958800365139 -0.002594002546146612 0.003008053781287284 -1.0845809094606673 0.018544859854299833 5.219009777318931e-05 0.00010631933122640103 0.0030080070537476487 -1.0845810662018938 0.018544575891802726 0.18980907984280537 0.19080334402282742
11.917293233082706 0.03327903051681386 0.00292542559711331 -1.061846592203025 0.01779178037222395 -0.018159694658947956 0.002647926716662141 -0.002473159687696125 0.0029517693897767616 -1.0658623540746521 0.0179948057572719 4.8410017706911064e-05 9.861928044851975e-05 0.0029517268886023467 -1.0658624221151884 0.01799455084516638 0.18539294503943662 0.18635346089351362
11.992481203007518 0.033002948380824244 0.002871740214879269 -1.043719387474387 0.017270486875682542 -0.017055376984160375 0.0024687673186178927 -0.002357761114836876 0.002897227081242188 -1.0476242191194243 0.0174648756216399 4.490371893518607e-05 9.147684611421347e-05 0.002897188418800727 -1.0476242120018628 0.017464646706124118 0.1811373752501814 0.182065639032787
12.06766917293233 0.032731881703859184 0.002819685082965427 -1.0260626172995126 0.01676825190904909 -0.01601615678268331 0.0023016264675561615 -0.002247533998286144 0.0028443518880336164 -1.029859357709961 0.016954401870404912 4.165137308618211e-05 8.485165423566254e-05 0.002844316712796794 -1.0298592874588288 0.01695419622638934 0.17703557561391486 0.17793301084371374
12.142857142857142 0.03246567971380217 0.002769191102648464 -1.0088686672724256 0.016284436384326664 -0.015038366072616327 0.002145705716742441 -0.0021422230864232006 0.002793072753391043 -1.0125601504149848 0.01646272781507408 3.8634587716730036e-05 7.870625310146817e-05 0.0027930407465142303 -1.012560027668697 0.01646254301014812 0.1730810272483893 0.1739489881384054
12.218045112781954 0.032204197975181155 0.002720192739525556 -0.9921295164400338 0.015818412391625177 -0.0141185291990098 0.002000258827933976 -0.002041589445070713 0.0027433223055103035 -0.9957185640691486 0.015989208589919056 3.583630234222679e-05 7.300590189973644e-05 0.0027432931777423945 -0.9957183982049268 0.0159890424523074 0.16926747828882865 0.17010725302843283
12.293233082706767 0.0319472980646298 0.0026726278195091956 -0.9758367920974825 0.015369564020652485 -0.013253354002841888 0.001864588457578975 -0.0019454092387718447 0.002695036645314485 -0.9793262072243999 0.01553321196237433 3.3240691992648445e-05 6.771837461083674e-05 0.0026950101342053433 -0.9793260064758397 0.01553306255244475 0.16558893504832534 0.166401748942807
12.368421052631579 0.03169484726478965 0.002626437337082038 -0.9599818212758476 0.014937288066794148 -0.01243972329979215 0.0017380430480784526 -0.0018534725788867945 0.002648155147086598 -0.9633743822654767 0.015094119027130756 3.083307775073938e-05 6.281377807015875e-05 0.0026481310144628885 -0.9633741538326838 0.015093984612059736 0.16203965331338152 0.1628266717868711
12.443609022556391 0.03144671827555505 0.0025815652750650563 -0.9445556789685009 0.014520994629219403 -0.011674686632801468 0.0016200139027375826 -0.001765582459995585 0.002602620271170424 -0.9478541342342759 0.014671324791452658 2.8599843764218503e-05 5.8264383179795765e-05 0.0026025983008535103 -0.9478538843864375 0.014671203822696467 0.15861412978600462 0.15937646125319513
12.518796992481203 0.031202788941627316 0.0025379584351970324 -0.92954923316007 0.014120107608387323 -0.010955452310980718 0.0015099324276661719 -0.001681553758174914 0.0025583773879949536 -0.9327562964256223 0.014264238659173381 2.652836026697285e-05 5.404446831958065e-05 0.0025583573837371664 -0.9327560305960885 0.014264129752432776 0.15530709368192558 0.15604579229383353
12.593984962406015 0.030962941995410283 0.002495566278865235 -0.9149531867350104 0.013734065110159165 -0.010279379770366859 0.0014072675997169881 -0.00160121244098832 0.002515374612723418 -0.9180715328321295 0.013872284820700199 2.460691217381768e-05 5.013017407806686e-05 0.0025153563963413125 -0.918071255705848 0.013872186738091903 0.1521134984927734 0.1528295667616612
12.669172932330824 0.030727064814334133 0.0024543407773673833 -0.9007581163566034 0.013362319763590872 -0.009643972168589698 0.0013115234765166406 -0.0015243945447878104 0.0024735626498707795 -0.9037903775280202 0.013494902556172934 2.2824632843030794e-05 4.6499368488328585e-05 0.002473546059556396 -0.9037900931223222 0.013494814190380719 0.14902851391872882 0.14972290522713588
12.744360902255636 0.030495049191751004 0.002414236271122227 -0.8869545084162672 0.013004338959242759 -0.009046869327420382 0.001222236990940928 -0.0014509455608902044 0.0024328946472737915 -0.8899032710917404 0.013131546458703285 2.117144263628837e-05 4.313152200574599e-05 0.0024328795360664176 -0.8899029828299149 0.013131466818866634 0.14604751797687207 0.1467211389753469
12.819548872180448 0.03026679112060226 0.0023752093372814463 -0.8735327921608683 0.012659605014603482 -0.008485840902324071 0.0011389757608526452 -0.0013807195746835532 0.0023933260588360717 -0.8764005941765337 0.012781686584400357 1.963799192485472e-05 4.00075915298892e-05 0.002393312293239117 -0.8764003049552275 0.012781614783564849 0.14316608928928745 0.14381980218744791
12.89473684210526 0.030042190589091782 0.0023372186652289807 -0.8604833701125569 0.012327615272974803 -0.007958779869966293 0.001061336132153201 -0.0013135787018541123 0.0023548145155058964 -0.8632726983431385 0.012444808535590622 1.821560822543771e-05 3.710991281424825e-05 0.002354801974234737 -0.863272410593424 0.01244474377953247 0.140379999554112 0.14101462430930975
12.969924812030072 0.02982115138766507 0.002300224939485185 -0.8477966458996699 0.012007882141871349 -0.00746369626563137 0.0009889412807524423 -0.0012493924170371429 0.0023173197039781626 -0.8505099342737297 0.012120413483357653 1.6896247159933137e-05 3.442210065696116e-05 0.002317308276826382 -0.85050965001655 0.012120355060637819 0.13768520620183441 0.13830152260956596
13.045112781954884 0.02960358092662182 0.0022641907295626175 -0.8354630496200226 0.011699933076688597 -0.006998711196899876 0.0009214394614218691 -0.001188037001156772 0.0022808032526436916 -0.8381026774905006 0.011808018135257607 1.5672446970081662e-05 3.192895631431991e-05 0.0022807928394563024 -0.8381023983867324 0.011807965408364955 0.1350778452384189 0.13567659492849085
13.120300751879697 0.029389390063734172 0.002229080386348198 -0.8234730608603457 0.011403310515107828 -0.0065620511155941585 0.0008585023648493006 -0.0011293950128674624 0.0022452286243382705 -0.8260413517023033 0.011507154653709892 1.4537286322674227e-05 2.9616381611252685e-05 0.002245219134081652 -0.8260410790978815 0.011507107051173217 0.13255422427623817 0.13313611261848707
13.195488721804509 0.029178492941284287 0.002194859944612417 -0.8118172294954774 0.011117571767379889 -0.0061520423425918125 0.0007998235839465906 -0.0010733548702432927 0.002210561015471997 -0.8143164499049749 0.011217370530293081 1.3484345170651976e-05 2.7471299266168536e-05 0.0022105523653912296 -0.8143161848712709 0.011217327539651607 0.130110815753244 0.13067651367642324
13.27067669172932 0.028970806831968884 0.0021614970312708952 -0.8004861943909181 0.010842288867333174 -0.005767105831296249 0.0007451171304637683 -0.0010198102590379676 0.0021767672611454005 -0.8029185533595949 0.010938228420831614 1.250766845006415e-05 2.548157898218939e-05 0.002176759376000736 -0.802918296729878 0.010938189582377208 0.12774425034034662 0.12829439606773138
13.345864661654133 0.0287662519931454 0.0021289607790466705 -0.7894707001310866 0.010577048388645188 -0.0054057521848847045 0.0006941161254019335 -0.0009686598608595887 0.0021438157458833736 -0.7918383485721858 0.010669305945865779 1.1601732404139384e-05 2.3635968885549197e-05 0.0021438085572581876 -0.7918381009739546 0.010669270847059986 0.12545131053657996 0.12598651124155893
13.421052631578945 0.028564751528939374 0.002097221745203116 -0.7787616118929642 0.01032145123060019 -0.005066576908575371 0.0006465715568992891 -0.0009198070767411082 0.0021116763196411268 -0.781066642396652 0.010410195460791671 1.0761413347014181e-05 2.1924031927134102e-05 0.0021116697653145366 -0.7810664042802735 0.010410163731285135 0.12322892445125158 0.12374975783616637
13.496240601503757 0.028366231259748305 0.0020662518350380143 -0.7683499285832226 0.010075112377284031 -0.004748255839075455 0.0006022509957688271 -0.0008731593553648054 0.002080320218757536 -0.7705943753787118 0.010160503799628243 9.98195868829823e-06 2.033608688623012e-05 0.002080314242135697 -0.7705941470433877 0.010160475106830456 0.1210741597720485 0.12158117557334305
13.57142857142857 0.028170619598714305 0.0020360242298482377 -0.7582267943532122 0.009837660633869148 -0.004449540864271739 0.0005609376185020665 -0.0008286283153893237 0.0020497199915521396 -0.760412633457864 0.009919851996132309 9.258960056733026e-06 1.88631536424122e-05 0.0020497145411523987 -0.7604124150739714 0.009919826041245111 0.11898421791774247 0.11947793934032055
13.646616541353382 0.027977847434759482 0.0020065133190924067 -0.7483835086020497 0.009608738343349637 -0.004169255783722292 0.0005224290738112813 -0.000786129119319412 0.002019849428280349 -0.7505126581380485 0.009687874985635853 8.588328371618576e-06 1.749690241414914e-05 0.0020198444572634947 -0.7505124497674015 0.009687851500125081 0.11695642837391598 0.11743735345760323
13.721804511278194 0.02778784802180472 0.0019776946364959067 -0.7388115345751097 0.00938800108684536 -0.003906292412921175 0.0004865365690136514 -0.0007455804275195987 0.0019906834951798963 -0.7408858552365076 0.00946422129077166 7.96627071577487e-06 1.6229606664364127e-05 0.0019906789609257783 -0.7408856568498792 0.009464200033211188 0.114988243209935 0.115456846130748
13.796992481203006 0.02760055687381377 0.001949544799858581 -0.7295025066616087 0.009175117370346415 -0.00365960685823552 0.00045308397073995366 -0.0007069041749900862 0.001962198272357621 -0.7315238023131997 0.00924855269392929 7.389268887772346e-06 1.5054099422262546e-05 0.001962194136080131 -0.7315236138057115 0.00924853344718303 0.11307723177527723 0.11353396408403581
13.872180451127818 0.02741591166532702 0.0019220414543396932 -0.7204482364876944 0.008969768300464608 -0.003428215966323478 0.000421906880262668 -0.0006700251111055877 0.001934370895282052 -0.7224182548823173 0.009040543899114023 6.8540595042710105e-06 1.3963732762412029e-05 0.001934367121679788 -0.7224180760872115 0.009040526467825633 0.11122107557295635 0.1116663673738949
13.94736842105263 0.027233852137171447 0.001895163219009479 -0.7116407179009628 0.00877164725161416 -0.003211194011498719 0.0003928519990665791 -0.0006348710890051734 0.00190717949966125 -0.7135611514993394 0.00883988218556715 6.3576155443923545e-06 1.2952340218252978e-05 0.0019071760566003765 -0.7135609821994457 0.008839866393904572 0.10941756330786327 0.10985182437956033
14.022556390977442 0.027054320007045527 0.0018688896364691373 -0.7030721309351408 0.008580459526768275 -0.003007669448578554 0.00036577620176103665 -0.0006013723104842938 0.0018806031694996305 -0.7049446178151468 0.008646267055346431 5.897129231370506e-06 1.2014201919430256e-05 0.0018806000277261118 -0.7049444577534906 0.00864625274500068 0.1076645861075309 0.10808820696856447
14.097744360902254 0.026877258884708138 0.0018432011253535546 -0.6947348448398849 0.008395922013748128 -0.0028168219432700425 0.0003405460365684121 -0.0005694617921108147 0.0018546218881401563 -0.6965609696827626 0.00845940987682346 5.46999615316121e-06 1.1144012248553992e-05 0.0018546190210183867 -0.6965608185710694 0.008459396905204352 0.10596013291275655 0.1063734858342856
14.172932330827066 0.026702614191500836 0.0018180789355425084 -0.6866214202557617 0.00821776283880378 -0.0026378794759125412 0.0003170369622580438 -0.0005390748042941595 0.0018292164921104592 -0.6884027153982339 0.008279033525875053 5.0738005327848085e-06 1.0336849844638785e-05 0.001829213875386014 -0.688402572924736 0.008279021764507379 0.10430228603533163 0.10470572600287764
14.248120300751879 0.026530333083964026 0.0017935051059170322 -0.6787246106109509 0.008045721019084993 -0.0024701156188200457 0.000295132772123452 -0.0005101488666809928 0.001804368627602742 -0.6804625571522542 0.00810487202635242 4.706301566057496e-06 9.588149773365195e-06 0.0018043662391868966 -0.6804624229882351 0.008104861359438128 0.10268921688006731 0.10308308250654358
14.32330827067669 0.026360364381315327 0.0017694624245075796 -0.6710373628106174 0.00787954611540726 -0.0023128469824200693 0.000274725084466354 -0.00048262374826890664 0.0017800607094279968 -0.6727333917651624 0.00793667019125338 4.365420749689589e-06 8.893677718391224e-06 0.0017800585292019988 -0.6727332655704832 0.007936660514382344 0.10111918182811805 0.10150379622020352
14.398496240601503 0.02619265849656688 0.0017459343908902303 -0.6635528172864561 0.007718997886581448 -0.0021654307411722584 0.000255712744660741 -0.0004564412187733069 0.0017562758822950197 -0.6652083107733422 0.007774183265860054 4.049230124502e-06 8.249506034174736e-06 0.0017562738919322854 -0.6652081922011968 0.007774174484858749 0.09959051827851761 0.0999661898583342
14.473684210526315 0.026027167371083206 0.0017229051806959875 -0.6562643074688266 0.00756384594641014 -0.002027262349344028 0.000238001385298503 -0.00043154498234798666 0.0017329979842738224 -0.657880599929764 0.0076171765739350685 3.7559413738297246e-06 7.65199154051377e-06 0.0017329961670784191 -0.6578804886307641 0.007617168603834702 0.09810164084471495 0.0984686641287555
14.548872180451127 0.0258638444123868 0.0017003596121066618 -0.6491653587407354 0.007413869424342933 -0.0018977733491851723 0.0002215030145862329 -0.0004078808776171172 0.0017102115123122234 -0.6507437381797715 0.007465425167986665 3.4838957071863345e-06 7.09775491791742e-06 0.0017102098530720358 -0.6507436338050373 0.007465417932093525 0.09665103770277599 0.09700969403992782
14.62406015037594 0.02570264443502614 0.0016782831142185908 -0.6422496869282694 0.007268856630638235 -0.0017764292807385118 0.00020613548542769422 -0.00038539634829248826 0.001687901589682121 -0.6437913961664818 0.007318713484429389 3.2315544801330165e-06 6.583661600112478e-06 0.0016879000745354817 -0.643791298370643 0.007318706913499643 0.0952372670878623 0.09558782535838725
14.699248120300751 0.02554352360434073 0.0016566616971628579 -0.6355111963790245 0.007128604726786696 -0.0016627277434793086 0.00019182219807589718 -0.00036404079833118885 0.0016660539352398812 -0.6370174343179922 0.0071768350043886564 2.9974904926339206e-06 6.106804048333636e-06 0.0016660525515542798 -0.6370173427612656 0.007176829035881099 0.09385895393544909 0.09420167121260405
14.774436090225564 0.025386439382962093 0.0016354819238774392 -0.6289439776755144 0.006992919401823258 -0.0015561965315100679 0.00017849166312089437 -0.0003437652006823555 0.001644654834392413 -0.6304159005644132 0.00703959192077918 2.7803799161712625e-06 5.664485308032319e-06 0.0016446535706542858 -0.6304158149145987 0.007039586498190388 0.09251478666367832 0.09284990883975132
14.849624060150376 0.02523135047989638 0.001614730883433223 -0.6225423050275738 0.006861614555070215 -0.0014563918977046342 0.00016607723756578707 -0.00032452242237468454 0.0016236911116672477 -0.6239810277296258 0.006906794812199491 2.5789948069974577e-06 5.254203759186282e-06 0.0016236899573817216 -0.6239809476633583 0.006906789884461199 0.09120351409318012 0.09153127647153787
14.924812030075188 0.025078216802055953 0.0015943961658219288 -0.6163006333849139 0.006734511985779354 -0.0013628968676187014 0.00015451667985644235 -0.00030626667523847573 0.0016031501047911259 -0.6177072306381849 0.006778262324075033 2.392196162012035e-06 4.8736389679504555e-06 0.0016031490503909133 -0.6177071558422995 0.006778257845020718 0.0899239425005859 0.09024457035538017
15.0 0.024926999408094605 0.0015744658381195756 -0.6102135953072434 0.0066114410900428916 -0.0012753197263748461 0.00014375202232486117 -0.00028895409928964 0.0015830196401877428 -0.611589102976527 0.006653820857439703 2.218927475970321e-06 4.5206385647089675e-06 0.0015830186769502188 -0.6115890331486568 0.006653816785316308 0.08867493280196327 0.08898864190699066
