-15.0 1.9716923282307257 0.002060006141678825 0.768052028459686 0.010043786098056612 -0.00747237091886177 -0.0009676800569309307 -0.0012767994255682424 0.002078772405646136 0.7700784375849923 0.010148259029573515 6.9999898791951605 1.9999797402230826 0.0020787631358993074 0.7700783873359212 0.010148217173922388 0.12099079800025564 0.12147450098132506
-14.924812030075188 1.9714947512528798 0.0020908374272889385 0.7784638169677511 0.010289175801703227 -0.007965845446847197 -0.0010366557759482475 -0.0013418275955245917 0.002110090063862889 0.7805359652610455 0.010397489746125053 6.999989088898421 1.9999781582368836 0.0021100799091247815 0.7805359298848938 0.010397443571655047 0.12314493126122825 0.12363975313049039
-14.849624060150376 1.9712942157978801 0.002122433666258502 0.7891732272581866 0.010543786771377014 -0.008491079999970452 -0.001110470325187407 -0.00140971525331679 0.002142189643472254 0.7912924825598259 0.010656119995253748 6.999988236890656 1.9999764527240806 0.002142178518200138 0.7912924655094062 0.010656069041327498 0.12536670111919124 0.1258730325008255
-14.774436090225564 1.9710906483606823 0.0021548227900330657 0.8001892781887289 0.010808002442377418 -0.009050048758922458 -0.0011894597709556365 -0.0014805713342411764 0.00217509984071469 0.8023570418993631 0.01092454222516872 6.9999873183531625 1.9999746140397896 0.0021750876509828584 0.8023570471604002 0.010924485980194345 0.12765904224244537 0.12817729254391746
-14.699248120300751 1.970883972747177 0.002188034070171941 0.8115211234068288 0.011082220269736764 -0.009644842634997985 -0.0012739834390060878 -0.001554509610457444 0.0022088507343756745 0.813738830009393 0.011203163349149503 6.999986328090981 1.9999726317861337 0.0022088373770413183 0.8137388621702687 0.011203101244735577 0.13002502912013494 0.1305556275041593
-14.62406015037594 1.9706741099450578 0.002222098194403963 0.8231780382509938 0.011366851966761047 -0.010277675685415488 -0.0013644256216025497 -0.0016316494234729362 0.002243473864591829 0.8254471546719332 0.011492405002982996 6.999985260503515 1.9999704947534724 0.002243459226376383 0.8254472190009545 0.011492336407387293 0.13246788211611846 0.1330112785162174
-14.548872180451127 1.97046097798737 0.0022570473474160546 0.8351694049151621 0.011662323716971389 -0.010950891775280525 -0.0014611972839020382 -0.0017121161292834586 0.0022790023165885865 0.8374914297085525 0.01179270377621478 6.999984109552861 1.99996819085704 0.0022789862730659407 0.8374915322400132 0.011792627987012859 0.13499097371058513 0.13554763989157023
-14.473684210526315 1.9702444918082898 0.002292915296681841 0.8475046957561484 0.011969076355462342 -0.011666971580069685 -0.0015647378719165772 -0.0017960415041784472 0.0023154708096730574 0.8498811580973555 0.012104511413286813 6.9999828687296635 1.9999657070686405 0.002315453224155041 0.8498813057274799 0.012104427649169011 0.13759783493045455 0.13816826559548323
-14.398496240601503 1.9700245630906437 0.0023297374836587347 0.8601934546258814 0.012287565515493645 -0.012428539906920832 -0.0016755173455464956 -0.0018835645636841036 0.002352915791826498 0.8626259130965259 0.01242829498025369 6.999981531016306 1.999963029343019 0.002352896514134848 0.8626261136894469 0.012428202371826711 0.1402921619696394 0.140876875915145
-14.323308270676693 1.9698011001046662 0.002367551120702441 0.8732452761035022 0.012618261735726643 -0.01323837333808342 -0.001794038255866326 -0.0019748321189752005 0.002391375540264586 0.8757353172533675 0.012764536992558723 6.999980088847228 1.9999601425384839 0.0023913544053777514 0.8757355797587212 0.012764434572043269 0.1430778229995859 0.14367736431986314
-14.24812030075188 1.96957400753744 0.002406395294071616 0.8866697825051647 0.012961650523304382 -0.014099408205794361 -0.001920837958721222 -0.002069999414487711 0.0024308902683571375 0.889219019171794 0.013113735498929534 6.999978534066146 1.999957030331341 0.0024308670949188924 0.8892193537548992 0.013113622188617127 0.1459588651703995 0.14657380451331925
-14.172932330827068 1.9693431863124395 0.002446311073419137 0.9004765985458264 0.013318232367593177 -0.015014748946953205 -0.002056491088637813 -0.0021692311447054635 0.002471502239325889 0.90308666791518 0.013476404116242223 6.999976857879927 1.9999536751236553 0.002471476828001176 0.9030870861001611 0.01347627871553996 0.1489395218022155 0.1495704576777621
-14.097744360902256 1.9691085333985605 0.0024873416281927354 0.9146753235296428 0.01368852269913806 -0.01598767676779289 -0.0022016120338150813 -0.002272702079181954 0.002513255887166089 0.917347884919389 0.013853072009825704 6.999975050808879 1.999950057943816 0.0025132280188283783 0.9173483997473243 0.013852933180738651 0.15202421976606625 0.1526717799094843
-14.022556390977444 1.9688699416079738 0.0025295323513950985 0.9292755009463997 0.014073051788060554 -0.017021658701281694 -0.00235685769271754 -0.002380598081657581 0.002556197945267292 0.932012233293132 0.01424428381338501 6.9999731026331355 1.9999461583393523 0.0025561673789996344 0.9320128594956719 0.014244130064223677 0.15521758705283117 0.1558824298440873
-13.947368421052632 1.9686272993821021 0.002572930991183066 0.9442865853551076 0.014472364575849469 -0.018120357024997702 -0.002522930377949706 -0.002493117130313749 0.0026003775832403827 0.9470891843868045 0.01465059948244071 6.999971002334881 1.9999419542613888 0.002600344054130629 0.9470899385765273 0.014650429149536072 0.1585244605282026 0.15920727646960672
-13.87218045112782 1.9683804905649747 0.002617587790816278 0.959717906439104 0.014887020434180982 -0.01928763904007269 -0.0027005808635749418 -0.002610470264983178 0.0026458465524909374 0.9625880815139238 0.015072594074857606 6.999968738036051 1.9999374219400958 0.002645809769199592 0.962588982393059 0.015072405302045665 0.1619498938707041 0.16265140712460263
-13.796992481203008 1.9681293941631623 0.0026635556374991613 0.9755786301245783 0.01531759284417701 -0.020527587251478963 -0.0028906117120470753 -0.0027328828760744273 0.0026926593411150256 0.9785181007172967 0.01551085745180725 6.999966296931169 1.999932535750431 0.0026926189831915407 0.978519169305257 0.01551064816738668 0.1654991656889545 0.1662201356773636
-13.721804511278195 1.9678738840914498 0.002710890220694743 0.9918777166608503 0.015764668989229833 -0.021844509901853826 -0.0030938807375662236 -0.0028605958426908273 0.002740873338731051 0.9948882084787051 0.015965993892229125 6.999963665214956 1.9999272680674172 0.0027408290536521914 0.9948894683602847 0.01596576178309346 0.16917778781318982 0.16991901088142655
-13.646616541353383 1.9676138289033431 0.002759650200526499 1.0086238755721721 0.016228849254348077 -0.023242951906212284 -0.0033113047317669952 -0.0029938669012494756 0.002790549011901619 1.0117071162816313 0.016438621613651987 6.999960828004272 1.999921589110142 0.0027905004118022794 1.0117085938765704 0.016438364096233143 0.17299151375492033 0.17375382490117106
-13.571428571428571 1.9673490915054577 0.0028098973869235136 1.0258255174014794 0.016710746624763257 -0.02472770616046205 -0.003543863413682402 -0.003132972052327432 0.0028417500908422067 1.0289832319491372 0.01692937219206522 6.9999577692539745 1.9999154667736057 0.00284169674890613 1.028984956804335 0.016929086379694622 0.17694634732710096 0.17773062200004078
-13.496240601503759 1.9670795288547636 0.0028616969302063624 1.0434907021821285 0.01721098597643517 -0.026303825220338695 -0.0037926036144710906 -0.0032782070635164473 0.0028945437681587405 1.0467246076932268 0.01743888987338087 6.999954471666216 1.999908866447468 0.002894485214632876 1.0467266127985524 0.01743857253962176 0.18104855141563891 0.18185570738216147
-13.421052631578947 1.9668049916376102 0.002915117523855304 1.0616270845899172 0.017730203250988615 -0.027976633371366688 -0.004058643757304026 -0.0034298891521018504 0.002949000910404486 1.064938884830033 0.017967830768962367 6.999950916592653 1.9999017508206798 0.0029489366281967603 1.0649412069583335 0.01796747830640369 0.18530465689122946 0.18613565617640068
-13.345864661654135 1.9665253239293718 0.0029702316202496405 1.0802418557487934 0.018269044507632153 -0.029751739050453807 -0.004343178569058637 -0.00358835866671825 0.003005196283297768 1.0836332351348292 0.018516861927662498 6.999947083929025 1.9998940796709015 0.0030051257031137955 1.0836359152071937 0.01851647030161998 0.18972147164853403 0.19057732254988552
-13.270676691729324 1.9662403628334943 0.003027115660216309 1.099341681684687 0.018828164844609682 -0.03163504762838443 -0.0046474841209089846 -0.0037539810071791635 0.0030632087914964226 1.1028142988346035 0.019086660276882446 6.999942952001522 1.9998858096375294 0.0030631312864655437 1.102817382310818 0.019086224973360905 0.19430608975732785 0.1951878489355886
-13.195488721804512 1.9659499380986325 0.0030858503172789113 1.118932638449796 0.019408227182925585 -0.03363277453814817 -0.004972923163109044 -0.003927148622693721 0.0031231217338824635 1.1224881192620872 0.019677911425295846 6.9999384974442656 1.9998768939770537 0.0031230366136182266 1.1224916565565841 0.019677427392504186 0.19906590070782076 0.19997467535620092
-13.1203007518797 1.965653871712504 0.003146520757553369 1.1390201439672336 0.020009900905263476 -0.035751458722529605 -0.005320950758687104 -0.004108283097593812 0.0031850230753711455 1.1426600742242818 0.020291308320099743 6.999933695067246 1.9998672822993837 0.003184929579405273 1.142664121147517 0.020290769902725252 0.2040085987294041 0.20494554882350335
-13.045112781954888 1.9653519774709722 0.003209216916295445 1.1596088866794254 0.02063386034336818 -0.037997976391835664 -0.005693120308109201 -0.004297837522614145 0.0032490057363237066 1.1633348041725773 0.020927549752014846 6.999928517713952 1.9998569202836594 0.0032489030268455666 1.1633394223964442 0.020926950617342763 0.2091421921590474 0.21010853278935343
-12.969924812030076 1.9650440605208073 0.0032740337921670676 1.1807027511194959 0.02128078310760196 -0.04037955505984314 -0.006091089878225375 -0.004496298876034643 0.0033151679007108674 1.1845161372969535 0.021587338701680486 6.999922936107892 1.9998457493719655 0.0033150550545373225 1.1845213948436217 0.0215866717565709 0.21447501283204637 0.21547201662102217
-12.894736842105264 1.9647299168744545 0.0033410717603533655 1.2023047405634695 0.02195134825292046 -0.042903787822382355 -0.006516628954699399 -0.004704190717632173 0.0033836133442465693 1.2062070117069477 0.022271380521670558 6.999916918687152 1.9998337064392326 0.0033834893439382047 1.206212983458368 0.022270637819246635 0.22001572546397463 0.22104472506947884
-12.819548872180452 1.9644093328950498 0.0034104369057312857 1.2244168969651041 0.022646234276244615 -0.045578647859514376 -0.006971625549681448 -0.004922075947888516 0.003454451783788023 1.2284093949062938 0.022980380949090818 6.999910431426038 1.9998207234374858 0.0034543155078188017 1.2284161631322055 0.022979553583892264 0.22577333698858998 0.22683572769548033
-12.74436090225564 1.9640820847498 0.0034822413773624885 1.247040218420312 0.023366116941011917 -0.04841250309556244 -0.007458093758572204 -0.005150559865484183 0.0035277992493780263 1.2511242008133443 0.023715043944537724 6.999903437642823 1.9998067270124575 0.0035276494612545774 1.2511318557134457 0.0237141219347125 0.2317572058117937 0.23285444821315948
-12.669172932330827 1.9637479378297495 0.0035566037656592033 1.2701745744582364 0.024111666925707508 -0.05141413098283465 -0.007978181723217403 -0.005390293374262001 0.003603778480390875 1.274351204630456 0.024476069354239075 6.999895897792489 1.9997916380904288 0.0036036138166061537 1.2743598448861904 0.024475041509204057 0.23797705093677074 0.2391106737062119
-12.593984962406015 1.9634066461338104 0.0036336495036507865 1.2938186195073438 0.02488354729429245 -0.05459273335571879 -0.008534180075940867 -0.005641976468837129 0.003682519347332423 1.2980889559181228 0.02526415039337178 6.99988776924332 1.9997753714330018 0.0036823383040252996 1.2980986892476811 0.025263004165170504 0.24444296090993192 0.24561456366607776
-12.518796992481203 1.9630579516148239 0.003713511293862338 1.3179697049409802 0.02568241078780196 -0.05795795127684755 -0.009128530845231353 -0.005906361947353389 0.0037641593009387127 1.3223346902849302 0.026079970949892835 6.999879006036071 1.9997578351573297 0.0037639602191164956 1.3223456339939033 0.026078692266285317 0.25116540253143865 0.2523766587955829
-12.443609022556391 1.9627015834852755 0.003796329562403325 1.3426237901630542 0.02650889693784414 -0.06151987980459239 -0.009763836865886333 -0.006184259413174686 0.003848843850316401 1.3470842401621732 0.02692420270974334 6.999869558624367 1.9997389302191462 0.0038486248994809126 1.3470965216803672 0.02692277578682901 0.25815522926760126 0.2594078895150333
-12.368421052631579 1.9623372574801479 0.0038822529419549347 1.367775353253738 0.02736362900440432 -0.06528908260997923 -0.010442871710154122 -0.0064765395576245055 0.003936727071971861 1.372331945191768 0.027797502105998375 6.999859373594868 1.9997185498557282 0.003936486231971542 1.3723457025850239 0.027795909237929007 0.26542368929550636 0.26671958410085783
-12.293233082706767 1.9619646750742425 0.0039714387854391875 1.3934173017546343 0.028247210742181027 -0.06927660633121491 -0.01116859016252647 -0.006784138774293069 0.004027972151683926 1.3980705628158558 0.02870050709639473 6.9998483933656255 1.999696578985712 0.004027707192593884 1.3980859452592511 0.02869872841945279 0.27298243310268383 0.2743234763791259
-12.218045112781954 1.9615835226511542 0.004064053712251347 1.4195408842340245 0.0291602230017077 -0.07349399456595052 -0.01194413926052107 -0.007108064117659296 0.004122751961288986 1.4242911797180267 0.02963383377573938 6.9998365558609414 1.999672893562457 0.004122460421098084 1.4243083479145173 0.02963184700375618 0.28084352055664896 0.2822317128883315
-12.142857142857142 1.9611934706209009 0.004160274189037902 1.4461356033309143 0.030103220173628695 -0.07795330137753353 -0.012772869914186913 -0.007449398614113534 0.004221249672564852 1.4509831248254765 0.03059807283189703 6.999823794160887 1.9996473598773885 0.004220928832423418 1.4510022513514678 0.03059585295965727 0.28901942735020114 0.29045685941690974
-12.06766917293233 1.9607941724830569 0.004260287147108468 1.473189131036894 0.031076726486868912 -0.08266710419323431 -0.013658349153985228 -0.007809307013630473 0.004323659410523394 1.4781338846409646 0.03159378585645095 6.999810036123536 1.9996198338094935 0.004323306267276177 1.4781551541967555 0.031591304827348884 0.29752305071927504 0.29901190681158163
-11.992481203007518 1.9603852638320503 0.004364290638677024 1.500687227028671 0.032081232173825164 -0.08764851591800493 -0.014604372987832903 -0.00818904193471326 0.004430186948549078 1.5057290217283983 0.03262150152360854 6.999795203977769 1.9995901600168553 0.004429798184246223 1.5057526312687368 0.03261872785744244 0.30636771431982446 0.3079102759424776
-11.917293233082706 1.9599663613010905 0.004472494534239461 1.528613660917359 0.03311718951830248 -0.09291119611572185 -0.015614979922474959 -0.00858995051129341 0.004541050447953302 1.5337520972289795 0.03368171165357624 6.99977921388438 1.999558171065806 0.0045406223959956775 1.5337782559445818 0.03367861002990985 0.3155671721396121 0.3171658217001023
-11.842105263157894 1.9595370614410106 0.0045851212635072865 1.5569501393268634 0.034185008804542026 -0.09846936107317106 -0.01669446515342088 -0.009013481530374179 0.004656481244650556 1.5621845983311784 0.03477486717932098 6.999761975463018 1.9995236864929382 0.0046560098521855105 1.5622135274485294 0.034771397971378154 0.32513561130913493 0.3267928358876856
-11.766917293233083 1.9590969395300952 0.0047024066024327635 1.58567623875473 0.03528505418839763 -0.10433779251729902 -0.01784739543887781 -0.009461193121794054 0.004776724685803089 1.5910058716587465 0.03590137403842291 6.999743391282323 1.9994865117948888 0.004776205471941046 1.591037804020753 0.03589749279195642 0.3350876536636937 0.3368060488599371
-11.691729323308271 1.9586455483107594 0.004824600508976745 1.614769345201008 0.03641763951442158 -0.11053184478362255 -0.019078624687210777 -0.009934761047929896 0.004902041019424125 1.6201930635729995 0.037061589014499755 6.99972335631038 1.9994464373403993 0.004901469028795268 1.6202282429583033 0.03705724586551026 0.3454383558953336 0.34722062974600343
-11.61654135338346 1.9581824166487243 0.004951968010387712 1.6442046015749552 0.0375830241053378 -0.11706745016073228 -0.020393310253922436 -0.010435987619246134 0.005032706340076743 1.6497210684094574 0.03825581555547946 6.999701757322447 1.9994032371987882 0.005032076091189681 1.6497597485432254 0.038250954580058005 0.3562032081195176 0.35805218508040765
-11.541353383458647 1.957707048110112 0.0050847901448763545 1.6739548639012938 0.0387814085529762 -0.12396112214875643 -0.02179692998188898 -0.01096681131568289 0.005169013593953625 1.6795624856803402 0.03948429959867069 6.999678472262626 1.9993566678785184 0.005168319021753011 1.679604928883516 0.039478858087566675 0.36739813066635607 0.36931675565059563
-11.466165413533835 1.957218919451652 0.005223364960685157 1.7039906673492209 0.04001293054227766 -0.13122995630894252 -0.023295299967202254 -0.011529317133593509 0.005311273646772994 1.7096875872752615 0.04074722543519796 6.999653369555916 1.9993064669690994 0.005310508038720504 1.7097340626937083 0.040741133085017485 0.3790394688904995 0.38103081135391537
-11.390977443609023 1.9567174790189605 0.005368008575663766 1.7342802030937992 0.04127766074228387 -0.1388916283827939 -0.024894593083473637 -0.012125747755391103 0.0054598164180749715 1.7400642956775263 0.04204471164872833 6.999626307366822 1.999252351679069 0.005458972342995686 1.7401150770258011 0.042037889660884224 0.3911439857769126 0.3932112438397259
-11.31578947368421 1.9562021450475986 0.0055190563005682244 1.7647893069920986 0.04257559880013582 -0.1469643892934016 -0.02660135823450105 -0.01275851556479779 0.005614992085651668 1.7706581741861298 0.04337680716563292 6.999597132800381 1.9991940172622864 0.005614061314495719 1.7707135369344675 0.04336916724336416 0.40372885210202736 0.40587535669472047
-11.240601503759398 1.9556723038614017 0.005676863829403098 1.7954814610130756 0.043906669475908405 -0.1554670566460743 -0.028422540362043947 -0.013430215618953412 0.005777172363988302 1.8014324300874733 0.044743487455549465 6.999565681041155 1.9991311353242116 0.0057761457815528865 1.8014926480130817 0.044734930688423435 0.41681163389104825 0.4190408529102954
-11.165413533834586 1.9551273079622948 0.005841808500216966 1.8263178082993112 0.045270718957538016 -0.1644190022589953 -0.030365501162407327 -0.014143639597122615 0.005946751860733303 1.8323479316600912 0.046144650922850895 6.999531774425416 1.9990633519992684 0.005945619367273089 1.8324132726773805 0.04613506654724879 0.4304102768922195 0.4327258193511802
-11.090225563909774 1.9545664740055926 0.006014290629843442 1.8572571826618438 0.04666751139615372 -0.17384013526745434 -0.032438040521000744 -0.014901790854793262 0.006124149515347439 1.8633632398159627 0.04758011553059083 6.999495221441372 1.9989902859897528 0.006122899916867527 1.8634339609920298 0.047569379553642904 0.444543087768219 0.4469487079231852
-11.015037593984962 1.9539890806545264 0.006194734926145939 1.8882561532132551 0.04809672570265906 -0.1837508802550758 -0.034648418623277166 -0.015707900635945293 0.006309810124204532 1.8944346550852118 0.049049615699110156 6.999455815651885 1.998911526456113 0.006308431010080415 1.8945109967396747 0.049037589372494986 0.4592287116827992 0.46172831311618384
-10.939849624060152 1.953394366307505 0.00638359198137419 1.9192690847315155 0.04955795264645582 -0.19417214984596853 -0.03700537869787013 -0.0165654455315547 0.0065042059565249425 1.9255162805357147 0.050552799521534963 6.999413334533729 1.9988266307477074 0.006502683562923621 1.9255984593160542 0.05053932765042443 0.4744861059380145 0.4770837455751605
-10.86466165413534 1.9527815266913988 0.0065813398502676534 1.9502482142160322 0.051050692296636925 -0.20512531114613353 -0.039518170361006355 -0.0174781663027872 0.00670783846561511 1.956560101087157 0.05208922633788771 6.999367538226986 1.998735121962433 0.006706157522998698 1.9566483019022403 0.05207413540910027 0.49033450929331385 0.4930344013280623
-10.789473684210527 1.952149712313904 0.006788485716543038 1.9811437439507606 0.05257435184482599 -0.21663214533998598 -0.042196573478761934 -0.018450088141051424 0.006921240099956368 1.9875160795297937 0.05365836470836216 6.999318168187656 1.998636486322833 0.006919383662731978 1.9876104462165867 0.0536414608205379 0.506793406573022 0.5095999262742049
-10.714285714285715 1.9514980257678616 0.007005567651373151 2.011903951226197 0.05412824384701085 -0.2287147997257648 -0.04505092248342635 -0.019485542499225517 0.0071449762187301424 2.0183322693939427 0.055259590824498175 6.99926494573611 1.998530170355488 0.007142925474861867 2.0184328939835656 0.05524065740174973 0.523882488142759 0.5268001755107107
-10.639097744360903 1.9508255188802026 0.007233156467397422 2.042475314696131 0.05571158491924359 -0.24139573139251524 -0.048092131037790864 -0.020589190588317763 0.007379647116377797 2.0489549446381976 0.05689218739448555 6.9992075704933825 1.9984155778596397 0.00737738117449672 2.049061855079665 0.056870982663586894 0.5416216038087169 0.5446551670478013
-10.563909774436091 1.9501311896980613 0.007471857671693552 2.0728026571571077 0.05732349491891596 -0.2546976416932978 -0.0513317169439631 -0.02176604868616039 0.007625890160765773 2.0793287459350234 0.05855534303563525 6.9991457186967665 1.9982920666501132 0.007623385811994554 2.079441892126065 0.05853159724530922 0.5600307106662478 0.5631850294358105
-10.488721804511279 1.949413979304461 0.0077223135209767615 2.102829304341603 0.0589629966394939 -0.2686434005848355 -0.05478182714617219 -0.023021515368036205 0.007884382049451853 2.109396843133787 0.060248152203165116 6.999079041385487 1.9981589450586792 0.00788161350079915 2.1095160811003297 0.06022156456249927 0.5791298143960474 0.5824099427986678
-10.413533834586467 1.9486727684558962 0.007985205182070045 2.132497259113031 0.06062901604212478 -0.28325595985472773 -0.05845526267258094 -0.024361400814363776 0.00815584118841881 2.1391011132775373 0.06196961567992712 6.999007162446602 1.9980154681770412 0.008152779764186492 2.139226187334737 0.06193985099131093 0.5989389034776871 0.602350072739628
-10.338345864661655 1.9479063740341127 0.008261255000394528 2.161747390244691 0.06232038304244892 -0.2985582541667213 -0.06236550332512536 -0.025791958344363763 0.008441030197445288 2.168382333342555 0.06371864164651213 6.99892967651048 1.99786083382364 0.008437644004622852 2.168512856061952 0.06368532660679412 0.6194778757612585 0.6230254965558719
-10.263157894736842 1.9471135453044 0.008551228878854044 2.190519634760012 0.06403583286533478 -0.31457308879177504 -0.0665267318842524 -0.027319918323954084 0.008740758546011904 2.1971803866647113 0.06549404734547022 6.998846146684505 1.9976941782154651 0.008737012099098744 2.1973158164640743 0.06545676648728171 0.6407664568089926 0.6444561211695253
-10.18796992481203 1.946292959972813 0.008855938769017573 2.218753212610811 0.06577400797414722 -0.33132301280457455 -0.0709538575807187 -0.028952524632430254 0.009055885323277389 2.22543448181566 0.06729456134713956 6.9987561021127505 1.9975145713250149 0.00905173912336468 2.225574097979377 0.06725285259047882 0.6628241093898791 0.6666615921534791
-10.112781954887218 1.9454432200349143 0.009176245275925012 2.246386852278555 0.06753346057467449 -0.3488301764421351 -0.07566253851858562 -0.030697573851213633 0.009387322145192847 2.2530833825006193 0.06911882641796625 6.998659035348531 1.997321011901518 0.00938273220744261 2.2532262574305495 0.06907217620025403 0.6856699334821456 0.689661193202119
-10.037593984962406 1.9445628474088996 0.009513060377139011 2.273359025704455 0.06931265568707468 -0.3671161712491937 -0.08066920271232902 -0.032563457374919835 0.009736036201234132 2.2800656468709417 0.07096540298526789 6.998554399525763 1.9971124221344598 0.009730953524099886 2.2802106153589508 0.07091324093610335 0.7093225561111915 0.7134737353695575
-9.962406015037594 1.9436502793463575 0.009867350255820456 2.299608190791364 0.07110997477225414 -0.3862018515279715 -0.08599106733063877 -0.03455920663883916 0.010103053442504353 2.306319874483031 0.0728327731852746 6.998441605314069 1.9968876419364383 0.01009742341113159 2.3064654997879237 0.07277446631009643 0.7338000103247642 0.7381174353719195
-9.887218045112782 1.9427038636144234 0.010240138246598309 2.325073039577868 0.07292371989210264 -0.40610713554119116 -0.0916461556904693 -0.036694541672119385 0.010489461912071035 2.331784958994595 0.0747193454741154 6.998320017641485 1.9966454228213348 0.010483223627279763 2.3319294954974206 0.0746541918088867 0.759119602583314 0.7636097822264476
-9.81203007518797 1.9417218534437557 0.010632507891814358 2.3496927500663425 0.0747521183761245 -0.4268507848164518 -0.09765331147838197 -0.038979923199676136 0.010896415217330216 2.356400344572354 0.07662345977430322 6.998188952167483 1.996384421352829 0.010889500740395455 2.356541696774727 0.07655068147119223 0.7852977678223385 0.7899673914786697
-9.736842105263158 1.9407024022376074 0.011045606104324398 2.37340723959436 0.0765933279603099 -0.44845015981607617 -0.10403220960031945 -0.04142660852208735 0.011325136142909519 2.380106283896247 0.0785433931223827 6.998047671487822 1.996103192137352 0.011317469644997316 2.38024196151668 0.07846212892422867 0.8123499114257816 0.817205846251274
-9.661654135338345 1.9396435580382814 0.011480646431404439 2.3961574175761124 0.07844544235779226 -0.47092095014693314 -0.1108033629828924 -0.04404671141243455 0.011776920401102346 2.402844095585202 0.0804773657768363 6.997895381051438 1.9958001803347578 0.011768417204662391 2.4029711644982514 0.08038666283597114 0.8402902373360351 0.8453395243348015
-9.586466165413533 1.938543257748552 0.011938912412413485 2.4178854354088126 0.08030649721500302 -0.49427687740455895 -0.11798812455708685 -0.04685326628328568 0.01225314051503691 2.424556418841719 0.0824235477392674 6.997731224768252 1.9954737136592724 0.01224370601266677 2.4246714475934947 0.0823223527340169 0.8691315615180621 0.8743814105321175
-9.511278195488721 1.937399321107117 0.012421761020671315 2.438534931339904 0.08217447640184168 -0.5185293686581645 -0.12560868355436128 -0.04986029687964333 0.012755249827690184 2.445187463117326 0.08438006563639128 6.997554280285317 1.9951219938427256 0.012744778261937624 2.4452864647390284 0.08426721513633696 0.8988851099934279 0.9043428934672533
-9.436090225563909 1.9362094444189923 0.012930626177486098 2.4580512681247306 0.0840473185799061 -0.5436871985226048 -0.1336880551346411 -0.05308288976629427 0.013284786627420117 2.4646832506391356 0.0863450099055841 6.9973635539072205 1.9947430875316976 0.013273159712636727 2.464761619467078 0.08621921993443199 0.9295603006662132 0.9352335460754716
-9.360902255639097 1.934971194043862 0.013467022323374798 2.4763817613712003 0.08592292398920658 -0.5697560976767022 -0.14225006223873038 -0.056537272881513445 0.01384337837786931 2.4829918497092707 0.08831644222278676 6.99715797513507 1.9943349165901052 0.013830463742525735 2.483044292905391 0.08817629696550235 0.9611645081782895 0.9670608890072748
-9.285714285714286 1.9336819996479442 0.014032548028219167 2.493475896566692 0.0877991613910887 -0.5967383256602261 -0.15131930842181873 -0.06024089943428379 0.014432746036843214 2.5000635967923586 0.09029240310848055 6.996936390796724 1.9938952477789122 0.014418395461608615 2.5000840602433385 0.09013634270723649 0.9937028110579484 0.999830136206048
-9.210526315789474 1.9323391472278177 0.014628889618347659 2.5092855329114845 0.08967387510337732 -0.6246322057205873 -0.16092114027338766 -0.0642125374242184 0.015054708445038383 2.5158513055402922 0.0922709196453438 6.996697558739159 1.993421681785217 0.015038755868354403 2.515832893795862 0.09209722702683078 1.0271777204654382 1.0335439219591565
-9.135338345864662 1.9309397719180685 0.015257824794285047 2.523765092240055 0.09154489206310003 -0.6534316194701262 -0.17108159785725263 -0.06847236506313692 0.015711186761240524 2.5303104610653464 0.09425001324007565 6.996440141052086 1.9929116415739467 0.015693446020009383 2.530245350956917 0.09405679991489704 1.0615888898936428 1.0682020087776385
-9.06015037593985 1.9294808505984913 0.015921226208117163 2.53687173149338 0.09341002885253938 -0.6831254591137963 -0.18182735142308104 -0.07304207237189786 0.016404208915772756 2.5433993979595435 0.09622770736177456 6.996162696789982 1.992362360036926 0.01638447118405012 2.5432787455190016 0.09601289813504442 1.0969328052544391 1.1038009755328864
-8.984962406015038 1.9279591943210552 0.016621064964030492 2.548565497408831 0.09526709862584277 -0.713697035046124 -0.19318562243829263 -0.077944969218386 0.017135914048495418 2.555079460766143 0.09820203519016127 6.995863674157781 1.991770866916251 0.01711394493163658 2.554893301041234 0.09796335172112251 1.1332024548739834 1.140333885372384
-8.909774436090226 1.9263714405819412 0.017359413999554027 2.558809462314883 0.09711391787594088 -0.7451234366577069 -0.20518408675849287 -0.08320610004686557 0.017908556891482505 2.5653151458343886 0.1001710471088284 6.995541402123424 1.991133974981816 0.017884093126926823 2.5650522851714155 0.09990599025639817 1.1703869790361383 1.1777899330536625
-8.834586466165414 1.9247140454697216 0.01813845129830308 2.5675698401516525 0.09894831298505515 -0.7773748443281931 -0.21785075751876093 -0.08885236552928077 0.018724512049566294 2.574074223726562 0.10213281798151681 6.995194081418416 1.9904482654466522 0.018697257758236895 2.5737221240633055 0.10183864887224481 1.208471298856055 1.2161540714798749
-8.759398496240602 1.9229832757272973 0.018960462877553735 2.5748160820805905 0.10076812650657206 -0.8104137907069173 -0.23121384505353149 -0.09491265134187898 0.019586278124193994 2.5813278415926346 0.10408545415310574 6.994819774885401 1.98971007260859 0.019555900548195043 2.580872496273981 0.1037591739082229 1.2474357244389618 1.2554066173948017
-8.68421052631579 1.9211752007725404 0.019827845485714393 2.5805209512929665 0.1025712231314229 -0.8441943696119552 -0.24530159086287995 -0.1014179642283004 0.020496481617422242 2.5870506051773647 0.106027100121466 6.994416397129665 1.9889154677128016 0.020462606270176733 2.586476405773767 0.10566542818066456 1.2872555424868997 1.2955228364045372
-8.609022556390979 1.9192856847308193 0.020743108935664858 2.584660576872161 0.1043554952982624 -0.8786613911492509 -0.2601420723263175 -0.10840157546735796 0.021457880543335594 2.5912206403731965 0.10795594483145741 6.993981703429319 1.9880602420372635 0.021420085687335434 2.590510233946986 0.10755529581291785 1.3279005837622415 1.3364725077407869
-8.533834586466167 1.917310378541745 0.021708877989970666 2.5872144868054208 0.10611886841358792 -0.9137494820150778 -0.27576297451967946 -0.11589917179655274 0.02247336766367208 2.593819634475264 0.10987022754805863 6.9935132778568185 1.9871398892122247 0.02243117801840785 2.5929537707028736 0.10942668658725276 1.3693347711067474 1.378219469472607
-8.458646616541355 1.915244712212648 0.02272789370312202 2.5881656204718517 0.10785930565535497 -0.9493821303975949 -0.2921913251227153 -0.12394901376893941 0.023545973252936968 2.5948328575277815 0.11176824327174448 6.993008520562396 1.9861495867957244 0.02349885282110204 2.5937902250466953 0.11127753978589275 1.4115156490531224 1.420721145213412
-8.383458646616543 1.9130838873025025 0.02380301411418329 2.5875003211516105 0.109574812341528 -0.9854706754462086 -0.309453187998713 -0.1325921014221123 0.02467886728577199 2.594249164370639 0.11364834766569226 6.992464634168029 1.9850841771402183 0.024626211169233296 2.5930062156788103 0.11310582749671928 1.4543938964581213 1.463928053763775
-8.30827067669173 1.91082286973236 0.02493721417057527 2.5852083093031784 0.11126343985324574 -1.0219132419742323 -0.3275733106088836 -0.14187234702501073 0.025875360925820157 2.592060978197503 0.11550896147102674 6.991878609218701 1.9839381476008278 0.025816485983828887 2.5905917423902767 0.11490955736771186 1.4979128240377766 1.507783303584006
-8.233082706766918 1.9084563830318053 0.026133584750174084 2.5812826375382043 0.11292328911073447 -1.0585936218774634 -0.3465747199602305 -0.15183675452336942 0.027138907180818933 2.5882642566194494 0.11734857439302535 6.991247208636049 1.9827056101538438 0.027073041361174877 2.5865401392050495 0.11668677480314024 1.5420078592020139 1.5522220745083517
-8.157894736842106 1.9059789021455704 0.0273953306345565 2.5757196283848254 0.11455251360869553 -1.0953801047540423 -0.366478261308572 -0.16253560513803222 0.028473100573228376 2.5828584413887548 0.11916574844784936 6.990566951118073 1.981380280515305 0.028399370722260193 2.5808480103784444 0.11843556460376327 1.586606021173812 1.5971710897014642
-8.082706766917294 1.9033846479402072 0.028725767271140613 2.568518796068448 0.11614932202649524 -1.1321242613803975 -0.38730207332561406 -0.17402264836407966 0.029881675659460476 2.575846393074367 0.120959120765841 6.989834093427432 1.9799554568740056 0.029799093588359426 2.5735151504980864 0.12015405206279481 1.6316253900426891 1.642548081522943
-8.007518796992482 1.90066758256764 0.030128316146296207 2.559682753653219 0.11771198043700772 -1.1686596851169782 -0.4090609929141493 -0.18635529738024914 0.03136850421388089 2.5672343120925354 0.12272740585364289 6.989044611510175 1.9784239983815666 0.03127595076671354 2.564544450045663 0.1218404035390872 1.6769745741498827 1.6882612557127339
-7.93233082706767 1.897821405860361 0.03160649857541653 2.549217106976773 0.11923881414631207 -1.2048006979275954 -0.43176588230033985 -0.1995948275890882 0.03293759087641913 2.557031647582647 0.12446939732324233 6.9881941803864285 1.9767783035745943 0.03283379770861552 2.553941787865228 0.12349282653883663 1.7225521810379534 1.7342087591441373
-7.857142857142858 1.8948395529519872 0.03316392769969595 2.5371303368757374 0.12072820920454862 -1.2403410296413142 -0.45542287047859986 -0.21380657667558367 0.03459306704514555 2.545250995679414 0.1261839691014639 6.987278152754998 1.9750102889407763 0.03447659577995531 2.5417159120464885 0.1251095693470717 1.7682462981256537 1.780278157316398
-7.7819548872180455 1.8917151933366325 0.0348042984632631 2.5234336712403644 0.12217861363601572 -1.2750524812864796 -0.4800325005155557 -0.2290601441751896 0.036339182777933424 2.531907988768788 0.12787007613836088 6.986291536254851 1.973111367882435 0.03620840116181332 2.5278783107703653 0.12668892026027725 1.813933990293624 1.8263459287793296
-7.706766917293233 1.8884412316009216 0.036531375328773784 2.5081409484544643 0.1235885384439818 -1.30868358590061 -0.5055887736623959 -0.2454295880826045 0.03818029645080133 2.5170211773270488 0.12952675463733912 6.985228969328408 1.9710724303777951 0.03803335107649347 2.512443074679809 0.12822920648168262 1.8594808226900166 1.8722769847995253
-7.631578947368421 1.8850103100831668 0.038348977475063876 2.491268473773095 0.12495655845263617 -1.3409582831733076 -0.5320780806901197 -0.262993615499596 0.04012086190533103 2.500611905932 0.13115312183366631 6.984084695634548 1.9688838236923736 0.03995564701309259 2.4954267523330995 0.12972879275102842 1.9047404182883902 1.917924223792562
-7.556390977443609 1.8814148137349138 0.04026096120759683 2.4728348701667815 0.12628131305505189 -1.371574627646794 -0.5594780103582195 -0.28183576369830377 0.04216541280440097 2.4827041850034135 0.13274837535124448 6.982852536963396 1.966535334550577 0.041979534607103686 2.476848200271456 0.13118607979104185 1.9495540610514974 1.963128131356026
-7.481203007518797 1.8776468774803081 0.04227119930192721 2.452860925119588 0.12756150694193477 -1.4002035540362385 -0.5877560244877955 -0.3020445672642076 0.04431854390524679 2.463324559778834 0.13431179217015948 6.981525864610596 1.9640161732408439 0.04410927981160922 2.4567284291894556 0.13259950266337361 1.993750356969423 2.0077164381393358
-7.406015037593986 1.8736983963879623 0.04438355699308208 2.4313694348110433 0.12879591089123632 -1.426487727588409 -0.6168679887569795 -0.32371370616270667 0.046584888952584426 2.4425019779624138 0.1358427272395709 6.980097569176049 1.9613149601964748 0.046349140984516375 2.4350904476380784 0.1339675291374061 2.037144966740445 2.051503849270103
-7.330827067669174 1.8695610389876236 0.046601864320612627 2.4083850470412584 0.1299833627033501 -1.4500405122658435 -0.6467565480918154 -0.34694212863249163 0.04896909489340792 2.4202676574006956 0.1373406117719921 6.978560028761285 1.9584197156682461 0.04870333650841815 2.4119591046180537 0.13528865818613314 2.0795404254353334 2.094291860609898
-7.255639097744361 1.8652262640791228 0.04892988454121066 2.3839341041767863 0.1311227683705346 -1.4704450950547425 -0.6773493354570093 -0.3718341417434665 0.051475792120468385 2.3966549550423957 0.13880495125594988 6.976905075551069 1.9553178531835205 0.05117600755866365 2.3873609323384244 0.1365614187341495 2.1207260661124225 2.1358686787177623
-7.180451127819549 1.8606853413929887 0.051371278329478 2.358044487304141 0.132213103572341 -1.4872538107738364 -0.7085570029709842 -0.3984994612423556 0.05410956046488729 2.371699238331065 0.14023532322445675 6.9751239607787925 1.951996177568938 0.053771175642989145 2.3613239903236094 0.13778436879368922 2.16047806600613 2.176009263031744
-7.105263157894737 1.8559293764696758 0.05392956350408677 2.330745462680806 0.1332534155910771 -1.499987718519023 -0.7402710646623305 -0.42705321094173954 0.05687489068154297 2.3454377600622385 0.14163137481669308 6.973207318091995 1.948440888398628 0.05649269455473979 2.333877711954535 0.13895609513544438 2.1985596355636536 2.2144755104068805
-7.030075187969925 1.8509493401264283 0.05660807004270338 2.302067531472115 0.13424282574261245 -1.508136488312772 -0.7723615409155613 -0.4576158603763716 0.05977614120561889 2.3179095376120142 0.14299282016985992 6.971145125354458 1.9446375898154735 0.05934419641370308 2.305052754427463 0.14007521365145495 2.234721372211175 2.2510166037313817
-6.954887218045114 1.8457361028761412 0.05940989018630812 2.2720422836585774 0.1351805324180263 -1.5111586645850537 -0.8046743957789033 -0.49031308773262694 0.06281749000692245 2.289155237313651 0.144319437677323 6.968926664944979 1.9405713077570255 0.06232903151649847 2.2748808530101 0.1411403705774865 2.2687018022395407 2.285369547831053
-6.879699248120302 1.8402804746496928 0.062337823483634466 2.240702256894033 0.13606581483053815 -1.5084823818911133 -0.8370287599661879 -0.5252755531646791 0.06600288143222824 2.259217064624226 0.14561106714802066 6.9665404826406805 1.9362265156972496 0.0654502017851265 2.243394680370287 0.14215024475163926 2.3002281355469614 2.3172599172053934
-6.8045112781954895 1.8345732501507623 0.0653943166911203 2.20808080099198 0.13689803755976057 -1.499506617584018 -0.8692139346329384 -0.5626385655167461 0.06933596800686263 2.2281386605860303 0.14686760690066478 6.963974345204891 1.9315871700867864 0.06871028769058202 2.2106277116496496 0.14310355109418818 2.32901725908444 2.346402841242132
-6.729323308270677 1.8286052601383855 0.06858139852471078 2.174211948617132 0.13767665598133988 -1.4836030760708496 -0.9009861740212273 -0.6025416231953571 0.0728200472667975 2.195965004948165 0.1480890108245847 6.961215196836713 1.9266367567334135 0.0721113686413013 2.1766140958545748 0.14399904550024809 2.35477699562804 2.37250425334584
-6.654135338345865 1.8223674288860106 0.0719006093586619 2.1391302926629825 0.13840122266436905 -1.4601188095451079 -0.9320652489501811 -0.6451278074715638 0.07645799381311459 2.1627423261738676 0.14927528543717836 6.958249114681749 1.9213583494056672 0.07565493696642474 2.141388534040972 0.1448355313412926 2.3772076548433096 2.3952624307883177
-6.578947368421053 1.8158508380049705 0.07535292608454076 2.10287087070488 0.13907139481138833 -1.428379690620858 -0.962130798068479 -0.6905430038662317 0.08025218692288981 2.1285180184190247 0.1504264869658982 6.955061263651465 1.915734681960031 0.07934180579387104 2.1049861646785444 0.1456118677731012 2.396003903387985 2.4143698519283383
-6.503759398496241 1.80904679674367 0.07893868248192477 2.0654690568328515 0.13968694280611169 -1.3876948627933672 -0.9908184799444797 -0.7389349245062498 0.0842044342147221 2.0933405654278467 0.15154271848052528 6.9516358508527185 1.909748235278848 0.08317201132497007 2.0674424564956126 0.14632698004557398 2.4108569798813027 2.429515396625376
-6.428571428571429 1.8019469187801487 0.08265748561140943 2.0269604610897565 0.1402477599221172 -1.3373623048167076 -1.017715946651336 -0.7904519014828466 0.08831589205286504 2.057259471153264 0.15262412709920745 6.947956079989241 1.9033813402544624 0.0871447102419732 2.028793109027573 0.14697987200313908 2.421457278795612 2.4403869140398187
-6.353383458646617 1.794543205414099 0.08650812892034172 1.9873808366688828 0.14075387323142685 -1.2766756544709637 -1.0423586687120547 -0.84524141835848 0.09258698357968759 2.0203251967726916 0.1536709012893957 6.9440041061635425 1.896616297956794 0.09125807325210743 1.9890739610212302 0.14756964095222172 2.427497324530382 2.446674179410572
-6.2781954887218046 1.7868281349343065 0.09048850295126272 1.9467659949611187 0.14120545573509333 -1.2049324452768388 -1.064225652331963 -0.9034483441493428 0.09701731548917211 1.982589103634853 0.15468326828238696 6.9397609915808465 1.889435517968007 0.09550917607038047 1.948320906784085 0.14809549505335645 2.428675152928232 2.448072257658828
-6.203007518796992 1.7787947577888785 0.09459550476042801 1.9051517284856234 0.14160283971855167 -1.1214439157590448 -1.0827351029702044 -0.965212831472698 0.10160559488994858 1.9441034015407594 0.15566149161773823 6.935206662735973 1.881821675650445 0.09989388946962548 1.906569820512008 0.14855677336903095 2.424698112099301 2.4442852866016533
-6.12781954887218 1.7704367970191761 0.09882494738581528 1.8625737416895694 0.14194653131259757 -1.0255465540759303 -1.097240104718587 -1.030667838256221 0.10634954784881324 1.9049211016323917 0.15660586883130032 6.930319869749289 1.8737578888244566 0.10440677037447588 1.8638564885811237 0.14895296866314098 2.415287087443591 2.4350306859873627
-6.052631578947368 1.7617487532355678 0.1031714709461928 1.8190675895619546 0.14223722621653748 -0.9166155401340177 -1.1070244028448712 -1.0999362306578995 0.11124584144669061 1.8650959730366765 0.15751672929809582 6.925078148608189 1.865227913963941 0.10904095633761424 1.8202165497496388 0.14928375300319693 2.4001811470173138 2.420043790300848
-5.977443609022558 1.7527260132163773 0.10762845719902454 1.7746686239737488 0.14247582651354684 -0.7940802414938162 -1.111298397381205 -1.1731274238993699 0.11629001140845831 1.8246825022911177 0.15839443223868604 6.919457787164916 1.8562163615640945 0.11378806610023173 1.7756854431830769 0.14954900616137634 2.3791425927120966 2.3990828931601027
-5.902255639097746 1.7433649610042132 0.11218794962751236 1.7294119476314176 0.14266345847991915 -0.6574419069746469 -1.109195478874014 -1.250333517882055 0.12147639757388672 1.783735854462107 0.15923936489506094 6.913433795838637 1.8467089297952433 0.11863810928938474 1.730298364191468 0.14974884674481276 2.351962389969287 2.371934678980831
-5.8270676691729335 1.73366309016081 0.1168405813564913 1.683332375513107 0.1428014912601861 -0.5062936812152685 -1.0997688633557345 -1.3316248861180071 0.1267980896452571 1.742311834759101 0.16005194087943575 6.906979884067375 1.8366926549296654 0.1235794086248295 1.684090227549392 0.14988366590913882 2.3184659338465456 2.338420003308579
-5.751879699248121 1.723619115628423 0.12157551340215757 1.6364644036461382 0.14289155624969155 -0.3403430326484056 -1.08198911209643 -1.4170451801154762 0.13224688576271174 1.7004668493496191 0.1608325986966316 6.900068443651361 1.8261561763205032 0.12859853827570472 1.6370956382590598 0.1499541634228118 2.278519092168574 2.2983999667392214
-5.676691729323309 1.71323308343964 0.1263803859291433 1.5888421850807561 0.14293556699591828 -0.15943664428417748 -1.0547425523994889 -1.5066057174330076 0.1378132665048968 1.658257863993848 0.16158180043796946 6.892670540220531 1.815090012934316 0.13368028219931863 1.5893488696126143 0.14996138575441736 2.23203444729493 2.2517822086741637
-5.601503759398497 1.7025064763262538 0.1312412853065201 1.5404995129180676 0.1429357394006489 0.03641224084393713 -1.0168308480469257 -1.6002792307582752 0.14348638687380147 1.6157423590465674 0.16230003064180723 6.884755914141431 1.8034868476091084 0.13880761638446973 1.540883848412229 0.14990676575290343 2.17897763690815 2.198527326383995
-5.526315789473685 1.6914423131105598 0.1361427298073867 1.4914698102594586 0.14289461197800635 0.24699410209949235 -0.9669720010602916 -1.69799296822805 0.14925408868369686 1.5729782793216478 0.16298779531300692 6.876292992248565 1.7913418143525484 0.14396171888387543 1.4917341472151242 0.14979216338447207 2.1193736714881917 2.1386553022035297
-5.451127819548873 1.6800452396287089 0.14106767677009632 1.4417861269604402 0.14281506589975684 0.47187122752925603 -0.9038030989439285 -1.7996211524900723 0.15510293552181983 1.530023977284496 0.16364562109074018 6.867248911837123 1.7786527831427588 0.14912201132886135 1.4419329834851167 0.14961990688338703 2.0533130822897943 2.0722517975211057
-5.375939849624061 1.668321608845511 0.14599755391883457 1.3914811430934697 0.14270034454026817 0.7103438946489575 -0.8258851517588113 -1.904976828430467 0.16101827207364847 1.486938148034997 0.16427405455116828 6.857589558382427 1.7654206358859723 0.15426623525200403 1.3915132255524671 0.14939283357193575 1.9809577293689196 1.9994741471085953
-5.3007518796992485 1.6562795477830938 0.1509123173145955 1.3405871790518478 0.14255407222047198 0.9614150737399427 -0.7317103889434904 -2.0138031577321485 0.16698430910413942 1.4437797545724234 0.164873661628657 6.847279618450446 1.751649526467498 0.15937056598259247 1.340507405309656 0.14911432951267511 1.902546075427411 1.9205568620343376
-5.225563909774436 1.643929008911228 0.1557905380646081 1.2891362122600882 0.1423802718443672 1.2237542426195063 -0.6197124038610831 -2.12576425308119 0.1729842347605054 1.4006079418993402 0.16544502713640744 6.836282649226712 1.7373471172556547 0.16440976611606306 1.2889477376019474 0.14878836708000479 1.8183977091132215 1.8358164249260154
-5.150375939849624 1.631281803742681 0.16060951945254262 1.2371599004952187 0.14218338112409093 1.4956610860323778 -0.48827954106193516 -2.240435686291171 0.17900035212211082 1.3574819386286088 0.1659887543647095 6.824561166011505 1.722524784036109 0.16935737959262187 1.2368661463084143 0.1484195394845123 1.728916882327374 1.745655138998564
-5.075187969924812 1.6183516165486702 0.16534544556174915 1.1846896118682355 0.14196826710134594 1.7750300582460454 -0.3357719130458072 -2.3572948529797273 0.18501424208754327 1.3144609449105842 0.16650546473255803 6.812076748900806 1.7071977812191543 0.17418596626524135 1.1842942971513515 0.1480130912588206 1.6345948116859974 1.650563773625012
-5.0 1.605153996360619 0.1699735617534609 1.131756461565574 0.141740238694574 2.059317009983829 -0.16054240512893614 -2.475711431364637 0.19100694978544985 1.2716040057004292 0.16699579746619161 6.798790169689377 1.691385359323307 0.17886737552039134 1.1312636373200495 0.1475749437238137 1.5360104864183417 1.5511227362001982
-4.924812030075188 1.591706325755397 0.17446838654208421 1.078391355506954 0.14150505703296073 2.3455093136106413 0.03903802629149311 -2.594938233328154 0.19695919176039178 1.22896986864075 0.1674604092763111 6.7846615397895595 1.675110827234624 0.1833730560784805 1.07780544204857 0.14711171450396893 1.4338297256600931 1.448001494809764
-4.849624060150376 1.5780277653286343 0.1788039534982954 1.0246250411386308 0.14126894337992948 2.6301011532876366 0.26455054055148963 -2.7141028104258496 0.20285158026119804 1.1866168261438763 0.16789997400443246 6.769650479653472 1.6584015525983915 0.1876743976019117 1.0239508683471887 0.1466307302534413 1.3288022394145065 1.3419559811909572
-4.774436090225564 1.5641391732375298 0.1829540808329576 0.9704881656500342 0.14103858449948006 2.9090758656472318 0.5174939823831863 -2.832200243359047 0.20866486009582158 1.144602541620186 0.16831518220813055 6.753716309815975 1.641288894926545 0.19174309824673216 0.9697310161533544 0.14614003189167496 1.22175647145048 1.2338237212275969
-4.699248120300753 1.5500629997295992 0.18689266530317822 0.9160113419774013 0.14082113537729232 3.177897403281275 0.7992458912635243 -2.9480876068595983 0.21438015276476416 1.102983860211021 0.16870674065495553 6.736818263242056 1.623808067587094 0.19555155088856785 0.9151769972411906 0.14564837182725032 1.113592040940783 1.1245164733373556
-4.624060150375941 1.5358231571522378 0.19059399607474353 0.8612252230405204 0.14062421927308713 3.4315131257687597 1.1110192088262885 -3.060480658043197 0.2199792019950101 1.0618166048408908 0.1690753716956578 6.718915718169582 1.6059979267438738 0.19907323951950656 0.8603200123087273 0.14516520286705945 1.005269654182933 1.0150102059640582
-4.548872180451129 1.5214448665413707 0.19403308321608773 0.8061605847485085 0.14045592514899496 3.6643701752290294 1.4538151870035705 -3.167953338960295 0.225444614413479 1.021155358895055 0.1694218124891398 6.699968450094511 1.5879006874744368 0.20228313633357647 0.8051914367498924 0.14470065875740598 0.8977984291460751 0.9063323158871109
-4.473684210526317 1.5069544824949213 0.19718599463421127 0.7508484184079403 0.14032480258779287 3.8704476370505265 1.8283732834474513 -3.2689407061503815 0.23076008895984906 0.9810532373429139 0.16974681405431696 6.679936900962284 1.5695615696259302 0.20515808937077573 0.749822915713924 0.14426552657392214 0.7922206638476839 0.7995460802951729
-4.398496240601505 1.4923792986254587 0.20003019453934207 0.695320033271998 0.14023985438166134 4.043306492416706 2.2351191467036546 -3.3617458935644144 0.2359106287672656 0.9415616486497111 0.17005114012786887 6.658782463022185 1.5510283783689314 0.20767719033518442 0.6942464691587545 0.14387121145557202 0.689594183569735 0.6957324474191017
-4.3233082706766925 1.4777473364327933 0.20254487598713497 0.6396071700828605 0.14021052703320155 4.1761590104593544 2.6741121286918155 -3.4445516721431453 0.24088272964459728 0.9027300503304492 0.17033556581166126 6.636467774190465 1.5323510267591163 0.20982211238278217 0.6384946077171214 0.14352969444982455 0.5909725192126416 0.5959694012195804
-4.24812030075188 1.4630871209186322 0.20471127973409856 0.5837421265814857 0.1402466994623126 4.261958682901665 3.1449940975375092 -3.51543708208332 0.24566453996693458 0.8646057014801374 0.17060087599938273 6.612957021176166 1.5135810097919373 0.21157740830472604 0.5826004603146726 0.14325348448582892 0.4973832956609154 0.501309281373609
-4.172932330827068 1.4484274466607872 0.20651299158482356 0.5277578960893101 0.14035867025178414 4.293511061413808 3.6469416349845076 -3.5723994764494584 0.25024598769572176 0.8272334160410947 0.17084786357852608 6.588216246076707 1.4947708413145533 0.21293076059864283 0.5265979146079103 0.14305556570472938 0.4098053392696327 0.41275459443558377
-4.097744360902256 1.4337971383561519 0.20793621062881704 0.4716883204049937 0.14055714378788475 4.263604920717363 4.178623959506355 -3.6133821241774626 0.25461887136349654 0.7906553209183964 0.17107732741109097 6.562213651675824 1.4759734666326678 0.21387317638116032 0.4705217714458528 0.14294934153697197 0.32914514024958436 0.3312330068888824
-4.022556390977444 1.419224810016308 0.20896998126776917 0.4155682584057156 0.14085321565704806 4.165162060909933 4.738169085207767 -3.6363072776327066 0.25877691311404954 0.754910623306573 0.17129007010404948 6.53491990030193 1.45724166462926 0.21439912187924592 0.41440791470176974 0.142948577013838 0.2562134202102178 0.2575723547878479
-3.947368421052632 1.4047386270489224 0.20960638271411708 0.3594337718957613 0.14125835764364972 3.991402825220134 5.323140773076 -3.6391143209726096 0.2627157732204048 0.7200353917245258 0.17148689558841773 6.506308400856576 1.4386274536374872 0.21450659325318477 0.35829349796873394 0.14306734082595549 0.19170264780410817 0.1924766248335864
-3.8721804511278197 1.3903660753794993 0.20984067067731552 0.30332233040379025 0.14178440263509876 3.7360231131883377 5.930528723300968 -3.61980229297966 0.26643302683887443 0.6860623552552731 0.17166860653339575 6.476355578523184 1.4201815151549972 0.21419712264182403 0.3022171497627824 0.14331994859059263 0.1361664063340532 0.13650394400855964
-3.7969924812030076 1.3761337415648733 0.20967136720962432 0.24727303679207294 0.14244352967791718 3.3933774056003907 6.556754170690363 -3.5764757405176155 0.2699281050266028 0.6530207253414677 0.17183600162912285 6.445041121733246 1.4019526487611056 0.21347572046566649 0.24621919902728184 0.1437209086617394 0.0900015368381476 0.09004764555908729
-3.7218045112781954 1.3620671075310247 0.2091002961102075 0.19132687570300216 0.14324824934167227 2.9586611957796176 7.197692567227307 -3.5073925308904705 0.27320220318729244 0.6209360441921148 0.1719898727778157 6.412348201211536 1.3839872703464053 0.21235075706212775 0.19034192287754442 0.14428487161611878 0.05343395054017697 0.0533214463241063
-3.6466165413533833 1.3481903631475192 0.20813256282656536 0.13552698702598642 0.14421138943655143 2.4280853606156594 7.848714370639615 -3.4110119620202255 0.27625816106060747 0.5898300634129535 0.17213100223807706 6.378263656346252 1.366328964062317 0.2108337885574307 0.13462981866060783 0.14502658428179274 0.026508920185379505 0.026349666087664106
-3.571428571428573 1.3345262393473771 0.2067764793806277 0.07991896671558546 0.14534608099560256 1.7990345193926398 8.504744129289831 -3.286041289114941 0.27910031909465344 0.5597206558928751 0.1722601597707206 6.342778144727941 1.3490180963464538 0.20893933341705787 0.07912990252472053 0.14596084885443916 0.009086518827359488 0.008963241252152797
-3.496240601503761 1.3210958639359462 0.20504343641509526 0.02455119742160805 0.14666574427498713 1.0702014166694753 9.160337106390983 -3.131478664356454 0.2817343565139908 0.5306217632791316 0.17237809983632843 6.305886251456775 1.3320914980955325 0.20668460730115223 0.023892036787695314 0.14710248728208986 0.0008426797125797034 0.0008020371176170477
-3.4210526315789487 1.3079186416285946 0.20294772593677496 -0.030524788506278495 0.14818407434607697 0.2416898917360874 9.80977168427362 -2.9466504855771376 0.2841671166110936 0.5025433805795593 0.172485558894828 6.267586555706631 1.315582218665203 0.20408922464914195 -0.031030711547863753 0.14846631070551666 0.0012761096266393967 0.0013236575085769334
-3.3458646616541365 1.2950121592385055 0.200506319665727 -0.08525391101638385 0.14991502565295187 -0.6849199201693057 10.447154810298453 -2.7312412851239323 0.28640642475661404 0.47549157857070007 0.17258325285560938 6.227881653023891 1.299519352997724 0.2011748758225139 -0.08558167877524281 0.15006709333171173 0.009721013019356926 0.009818606924930352
-3.2706766917293244 1.282392116325572 0.1977386090287336 -0.1395771067297838 0.15187279468881396 -1.7065489072718967 11.066536874859795 -2.4853145630234543 0.2884609043671565 0.4494685638007118 0.17267187472317044 6.18677813289043 1.2839279409257376 0.1979649886642316 -0.13970017666043164 0.1519195497040167 0.025365292425218053 0.025431304361370817
-3.1954887218045123 1.270072281036329 0.19466611372117232 -0.19343085314359382 0.15407179970592555 -2.818641544975837 11.662031730643248 -2.2093233670677357 0.29033979562355156 0.4244727750912102 0.17275209247814605 6.144286512151474 1.2688289356680975 0.19448438302662474 -0.19332102666077364 0.15403831392458445 0.04727360236172837 0.04718610860363664
-3.1203007518797 1.2580644703313213 0.19131216637479495 -0.24674665029735357 0.15652665611650576 -4.015234116759942 12.227937139495065 -1.904109920651532 0.29205278114041455 0.4004990145984178 0.17282454722710205 6.100421125956333 1.2542392367946535 0.19075892623072663 -0.24637405429096262 0.15643791899066023 0.0744143706891531 0.07401722171145463
-3.045112781954888 1.2463785533249157 0.1877015811968209 -0.29945045785932234 0.15925214596717252 -5.289066593226494 12.758850814935437 -1.570894159584693 0.29360982209524156 0.3775386107243762 0.1728898516469699 6.055199978841284 1.2401717815397253 0.18681519661229146 -0.2987835421480503 0.1591327740308721 0.10568968432722009 0.10480111688161585
-2.969924812030076 1.235022476064109 0.18386031448954301 -0.35146208609128965 0.16226317957742317 -6.631733854888971 13.249777431237359 -1.2112516165422775 0.2950210075786133 0.35557960950227874 0.17294858874183988 6.008644559461125 1.2266356873129103 0.1826801613496485 -0.35046764069881575 0.16213713687407383 0.1399667832684851 0.13839000874614565
-2.8947368421052637 1.2240023057540488 0.17981512473448372 -0.40269453988102216 0.1655747471241189 -8.033869916355076 13.696222478772768 -0.8270816387783952 0.29629641916922783 0.33460699053888715 0.1730013109213939 5.960779623217295 1.2136364375923037 0.17838087372083716 -0.401337736756773 0.1654650790521269 0.17610983099579028 0.17364485908903185
-2.8195488721804516 1.2133222922014997 0.1755932394581674 -0.4530533160497298 0.1692018576302378 -9.48535723061195 14.09426961432502 -0.42056739698232093 0.2974460120058878 0.31460290319718365 0.17304853940193404 5.911632947612077 1.201176103070936 0.17394419386060525 -0.45129778068794973 0.16913044002900077 0.21301063709124093 0.20946648922313113
-2.7443609022556394 1.2029849440925404 0.17122203542447967 -0.5024356555176616 0.17315946247985373 -10.97555213571226 14.440639114162721 0.005870495090025685 0.29847951295345093 0.2955469184516503 0.17309076392309433 5.861235065565625 1.1892535899285377 0.16939653603159596 -0.5002435748494558 0.1731467671611609 0.24961709798057657 0.24482354183536525
-2.6691729323308273 1.1929911176432966 0.16672873786470757 -0.5507297537256838 0.17746236023661233 -12.493517106545564 14.732726101411917 0.44962470279640954 0.299406335863362 0.27741629174732074 0.17312844276620845 5.80961898215965 1.1778649073728233 0.16476364442744382 -0.5480620276577937 0.17752723762874123 0.2849582860041629 0.27877628123291576
-2.593984962406015 1.1833401151560676 0.16214014350774403 -0.5978139350577621 0.18212507919696666 -14.028250683695621 14.968618297549241 0.9079541025844513 0.3002355134259542 0.2601862322350869 0.17316200305419066 5.756819880322215 1.1670034470861086 0.16007039861696773 -0.5946303800895734 0.1822845583361296 0.318165340580337 0.3104955167899029
-2.518796992481203 1.1740297910693118 0.15748237115733071 -0.6435557999934329 0.18716173377292392 -15.568906705362933 15.147094056458002 1.3780368453053349 0.3009756447079955 0.24383017392679127 0.1731918413078217 5.702874820853842 1.1566602678706497 0.15534064893627758 -0.6398154144291004 0.18743083957067116 0.3484875787136668 0.3392762524057952
-2.443609022556391 1.1650566631990238 0.15278064252645138 -0.6878113574548909 0.19258585048795349 -17.10499565882287 15.267602308885744 1.8570216468265954 0.3016348571652278 0.2283200445968826 0.1732183242296111 5.647822441934044 1.1468243795571633 0.15059708144845557 -0.6834726587946206 0.19297743804084677 0.37530352365511765 0.36454597791404875
-2.3684210526315788 1.1564160270207986 0.14805909502272585 -0.7304241594202672 0.19841015910665494 -18.626562459569442 15.330226726288167 2.342075670892484 0.30222078171095773 0.21362652863168238 0.17324178968394754 5.591702662862951 1.1374830210771072 0.14586111152044812 -0.725445605499129 0.19893476480906747 0.39812682825433693 0.38586780306522983
-2.2932330827067684 1.1481020710260021 0.14334062721872087 -0.7712244604725919 0.20464634423473055 -20.124336614620475 15.33563687997167 2.8304277014296133 0.30274053929925515 0.19971932047007995 0.1732625478409974 5.5345563963109985 1.128621928457761 0.14115280461004281 -0.765564966728675 0.20531205361624857 0.416607323738901 0.40293887295717035
-2.2180451127819563 1.1401079913920107 0.13864677686633745 -0.8100284316516453 0.21130475266206875 -21.589852393998463 15.285029420517219 3.3194056647055383 0.30320073743362674 0.18656736576756888 0.17328088245167297 5.47642527279843 1.1202255893443192 0.13649082250475336 -0.803647997431505 0.2121170852030326 0.4305276395258601 0.41558468425466066
-2.142857142857144 1.1324261044262742 0.1339976305462136 -0.8466374658571254 0.21839405183169563 -23.015538203637803 15.180062349119826 3.8064679260661283 0.30360747502642094 0.17413908792684057 0.17329705222182515 5.417351380533054 1.1122774814568592 0.1318923929990939 -0.8394979227556623 0.21935586351500708 0.43979600448484174 0.4237500396570965
-2.067669172932332 1.1250479554687542 0.12941176339521895 -0.8808376211539067 0.22592083516837252 -24.394775734391082 15.022785326275283 4.289228126555697 0.30396635409765005 0.16240259815247846 0.17331129225545638 5.357377023124656 1.1047602931313 0.12737330082592957 -0.872903515850707 0.22703224019865742 0.4444359495605548 0.4274874353131501
-1.9924812030075199 1.117964423160107 0.12490620683435555 -0.912399258617227 0.2338891706750577 -25.721930597214524 14.81556870232942 4.765473623159126 0.3042824969018129 0.15132588768713667 0.1733238155390236 5.296544497090762 1.0976561247582994 0.12294789755994827 -0.9036388812842835 0.23514748462656576 0.4445736857682182 0.4269436785103767
-1.9172932330827077 1.1111658181980102 0.12049644182610797 -0.9410769426809958 0.2423000903011139 -26.99235701623153 14.561033600120261 5.233177841191987 0.3045605671961671 0.14087700135751713 0.17333481444162885 5.234895890490218 1.0909466705144286 0.11862912817572982 -0.9314635095296401 0.2436997979230171 0.44042393466820356 0.4223454904854652
-1.8421052631578956 1.104641975906717 0.11619641491955886 -0.9666096840139994 0.25115101921474553 -28.20237973786418 14.261984972353774 5.690507033456976 0.3048047945036593 0.13102419198954987 0.173344462208913 5.1724729034835795 1.084613380272983 0.11442857195903537 -0.9561226786186877 0.2526837711938123 0.43227494817569656 0.4139847727835294
-1.7669172932330834 1.098382342131923 0.11201857418423393 -0.988721617235935 0.2604351463954995 -29.349256644836558 13.921349130929954 6.135822068604135 0.3050190003699313 0.12173605563555097 0.17335291443162174 5.109316691134191 1.0786376019885886 0.11035649552839535 -0.9773482895931622 0.26208979050196757 0.42047338066548867 0.402204116712008
-1.6917293233082713 1.092376052142073 0.1079739220774183 -1.0071232175185374 0.2701407410254008 -30.43112567193788 13.54211683105104 6.567675945238186 0.3052066257596786 0.11298164788730036 0.17336031047297398 5.04546772833822 1.0730007051745596 0.10642191581630688 -0.9948602320441199 0.2719033941775688 0.4054095792796361 0.38738302476901126
-1.6165413533834592 1.0866120023670338 0.10407208232038596 -1.0215131701880689 0.2802504231145361 -31.446939547172647 13.127292611038378 6.984807756010099 0.30537075887799037 0.10473058182592576 0.17336677484202542 4.98096569640998 1.0676841863411553 0.10263267097784853 -1.0083683837340394 0.2821045918948161 0.3875037483514521 0.36992519964268705
-1.541353383458647 1.0810789149351396 0.10032137796143044 -1.0315810143625104 0.2907404017363934 -32.39639167102071 12.679850753485882 7.38613381596131 0.30551416283338934 0.09695310838277636 0.17337241850309718 4.915849390551333 1.0626697574442638 0.09899549733255984 -1.0175753526419367 0.2926671596504484 0.3671933300527291 0.3502471477303513
-1.466165413533835 1.0757653950802037 0.09672891796249362 -1.037010683512906 0.30157970020514707 -33.27983614008036 12.202697952268736 7.770736630879444 0.30563930267869693 0.08962018005730085 0.17337734011397712 4.850156647199252 1.0579394185161157 0.09551611059713888 -1.0221800690103564 0.30355793033911255 0.3449218332729955 0.3287682453467481
-1.3909774436090228 1.0706599815819289 0.09330068984687168 -1.0374850603171946 0.31272939445161574 -34.09820455708473 11.69864254521422 8.137852323057428 0.3057483714721594 0.08270349906209347 0.17338162718796 4.7839242900700505 1.0534755157210915 0.09219928982667788 -1.0218823270336368 0.3147361059633897 0.3211292420106 0.30590233019954155
-1.3157894736842106 1.0657511904774277 0.09004165617433578 -1.0326916476222943 0.32414189857325926 -34.85292187887019 11.170370002045955 8.486857061342642 0.3058433150939667 0.07617555104648079 0.17338535717684364 4.71718809359729 1.0492607861090417 0.08904896264622464 -1.0163883584026647 0.32615262444327575 0.296244046977327 0.2820508099602989
-1.2406015037593985 1.0610275523396888 0.08695585285493394 -1.0223294289163956 0.3357603397061984 -35.54582316244357 10.620424236858126 8.817252966164927 0.3059258556325015 0.07000962559337488 0.17338859847375457 4.649982762387055 1.0452783903337644 0.0860682905185232 -1.0054174906382651 0.33774962115434976 0.2706768717483105 0.2575972241606775
-1.1654135338345881 1.0564776434624712 0.08404648756329133 -1.0061169477169858 0.347518072446103 -36.17907269546046 10.051194237491167 9.128653883435955 0.30599751322095575 0.0641798246954427 0.17339141133612113 4.582341925282451 1.0415119345726946 0.0832597529544138 -0.9887098998308574 0.34946003219539035 0.24481560822567808 0.23290315450115875
-1.090225563909776 1.0520901113219445 0.0813160367627391 -0.9838015735143533 0.359338390243481 -36.755086653928515 9.464905463640157 9.420771347580436 0.3060596262593006 0.058661060401065335 0.17339384873028454 4.51429814263252 1.0379454828319812 0.08062522972680229 -0.9660354084783834 0.361207392231446 0.21902193488830068 0.20830535059949498
-1.0150375939849638 1.047853694705216 0.07876634008615732 -0.9551698412963194 0.37113449648412683 -37.27646012454265 8.863615454127192 9.693400986076753 0.3061133700000875 0.05342904278379029 0.17339595710014394 4.445882925392455 1.0345635607546015 0.07816608029494858 -0.9372032040895434 0.37290588364327426 0.19362906392320695 0.18411392145283076
-0.9398496240601517 1.0437572389063265 0.07639869104275719 -0.9200586529408433 0.38280980008621673 -37.74589906546774 8.24921309471934 9.946409557325815 0.3061597735104376 0.04846025933562414 0.17339777706290235 4.377126764736073 1.031351151972874 0.07588321978132041 -0.9020722642850756 0.38446069453993953 0.1689405480251445 0.16061143549573723
-0.8646616541353396 1.039789706393055 0.07421392322341784 -0.8783670151672408 0.39425859801582946 -38.16615755829979 7.623421025092111 10.17972276120556 0.3061997350480725 0.0437319468191165 0.17339934403544807 4.308059170932544 1.02829368796469 0.07377719096704273 -0.860562172749406 0.3957687397779653 0.1452299723145831 0.1380527721605949
-0.7894736842105274 1.0359401833443918 0.07221249135922124 -0.8300678667615464 0.4053671987709492 -38.53998052386694 6.9878007017949955 10.393313917469722 0.3062340359075561 0.03922205653997835 0.17340068879518888 4.238708720321695 1.025377032288321 0.07184823188311419 -0.812663903788756 0.4067197903538779 0.1227413593285123 0.11666557346219697
-0.7142857142857153 1.0321978824502804 0.07039454674723272 -0.7752194275233676 0.4160155254727217 -38.87005193255102 6.343759679054227 10.587193570937128 0.30626335280519357 0.03490921392382523 0.17340183797929218 4.1691031093123065 1.022587459986436 0.07009633867262514 -0.7584500506781598 0.4171980415230691 0.10169012336258978 0.09665115370917847
-0.6390977443609032 1.0285521423533635 0.06876000669403123 -0.713975396424285 0.42607921410762944 -39.15894843216313 5.692560717483645 10.76140005363518 0.3062882688782803 0.030772673201088736 0.17340281452628975 4.099269214420974 1.019911632868043 0.06852132348397984 -0.6980838864660166 0.4270841283585019 0.08226442277876317 0.07818573760047637
-0.563909774436091 1.024992424098182 0.06730861774143253 -0.6465932531371429 0.4354321918795992 -39.409098238945006 5.035332379604672 10.915991011975406 0.30630928337754565 0.026792267925066213 0.17340363806391001 4.029233157462887 1.0173365712990725 0.0671228672268435 -0.6318265894850352 0.4362575695434012 0.06462677369802047 0.06142191055769478
-0.4887218045112789 1.02150830493751 0.0660400125312849 -0.5734398927429425 0.4439496838449329 -39.6227450858039 4.373080818508362 11.051035890842662 0.30632682013147683 0.022948357971849437 0.17340432524681917 3.9590203750971296 1.0148496230593846 0.06590056708160898 -0.5600419540010445 0.44459958728325255 0.04891580452074195 0.04649017927939194
-0.41353383458646675 1.018089469829073 0.06495376023858833 -0.4949938638914446 0.4515115555642127 -39.80191699239457 3.706702510609327 11.166609355348713 0.30634123485843195 0.01922177359873605 0.17340489004770726 3.888655692016097 1.0124384297570066 0.06485397870031714 -0.483197952016411 0.45199621567030035 0.03524804699035371 0.03350055451358805
-0.3383458646616546 1.0147257009395922 0.06404941055624183 -0.41184359714197316 0.45800585919987163 -39.948399610430926 3.0369977242750323 11.262785624145215 0.3063528213976205 0.015593757071189956 0.17340534400485977 3.818163397149348 1.0100908912299063 0.06398265307300573 -0.40186462368801157 0.4583415749862761 0.023719675338327115 0.022544081463016768
-0.2631578947368425 1.0114068654574322 0.06332653125238838 -0.324681205815968 0.4633324150558775 -40.063713901306436 2.3646845525544604 11.33963368487538 0.30636181692363507 0.01204590230811946 0.17340569642901663 3.747567322325739 1.0077951283120046 0.0632861680594279 -0.3167079525927309 0.4635411593677472 0.01440811995460969 0.013694255769441083
-0.18796992481203034 1.008122902000683 0.06278473934465584 -0.23429170896007356 0.467406235126934 -40.149097918806696 1.690413369921639 11.397213361908477 0.30636840620162775 0.008560092942227423 0.17340595457196178 3.6768909229025577 1.0055394442935932 0.0627641546030672 -0.22847962061537302 0.4675149643073981 0.007373495753368887 0.007008274517479509
-0.1127819548872182 1.0048638058946462 0.06242372594667906 -0.1415378455638985 0.4701605845200629 -40.20549249487707 1.0147815997294276 11.435572208361151 0.3063727249317612 0.005118439146483044 0.17340612375889813 3.6061573599265087 1.00331228536699 0.06241631765359074 -0.13800281815812712 0.47020027252019925 0.0026597978518658216 0.002528082120535601
-0.03759398496240607 1.0016196135817594 0.06224327484323695 -0.047340990652749215 0.4715494840376936 -40.233530658901856 0.3383487008824598 11.454743198055887 0.30637486222246213 0.0017032135403353046 0.1734062074862679 3.5353895834374756 1.00110220031613 0.06224245182654869 -0.046154582428278135 0.4715539244958297 0.0002958283857931509 0.0002811803586517816
0.03759398496240607 0.9983803864182406 0.06224327484323695 0.047340990652749215 0.4715494840376936 -40.233530658901856 -0.33834870088245866 11.454743198055887 0.30637486222246213 -0.0017032135403353046 0.1734062074862679 3.4646104165625244 0.9988977996838699 0.06224245182654869 0.04615458242827796 0.4715539244958297 0.0002958283857931509 0.00028118035865177946
0.11278195488721643 0.9951361941053539 0.06242372594667904 0.14153784556389523 0.470160584520063 -40.20549249487708 -1.0147815997293979 11.435572208361153 0.3063727249317612 -0.005118439146484073 0.17340612375889813 3.3938426400734945 0.9966877146330101 0.06241631765359071 0.1380028181581199 0.47020027252019936 0.002659797851865697 0.002528082120535335
0.18796992481202857 0.9918770979993172 0.06278473934465584 0.23429170896007032 0.467406235126934 -40.14909791880669 -1.6904133699216064 11.39721336190848 0.30636840620162775 -0.008560092942228795 0.17340595457196178 3.323109077097446 0.9944605557064069 0.06276415460306717 0.2284796206153646 0.46751496430739836 0.0073734957533686816 0.007008274517478984
0.2631578947368407 0.9885931345425679 0.06332653125238835 0.3246812058159653 0.4633324150558775 -40.06371390130644 -2.364684552554426 11.339633684875384 0.30636181692363507 -0.01204590230812049 0.1734056964290166 3.252432677674264 0.9922048716879955 0.06328616805942786 0.316707952592723 0.4635411593677473 0.01440811995460945 0.013694255769440389
0.33834586466165284 0.9852742990604078 0.06404941055624182 0.4118435971419705 0.45800585919987197 -39.948399610430926 -3.0369977242750323 11.262785624145215 0.3063528213976205 -0.015593757071188583 0.17340534400485974 3.181836602850652 0.9899091087700937 0.06398265307300575 0.401864623688015 0.45834157498627587 0.023719675338326786 0.022544081463017167
0.413533834586465 0.9819105301709271 0.0649537602385883 0.4949938638914424 0.4515115555642129 -39.80191699239457 -3.7067025106093276 11.166609355348719 0.30634123485843195 -0.01922177359873502 0.17340489004770732 3.1113443079839036 0.9875615702429934 0.06485397870031717 0.4831979520164144 0.45199621567030096 0.03524804699035335 0.03350055451358848
0.4887218045112771 0.97849169506249 0.06604001253128489 0.5734398927429406 0.44394968384493333 -39.622745085803885 -4.373080818508349 11.051035890842666 0.30632682013147683 -0.022948357971848403 0.17340432524681917 3.040979624902871 0.9851503769406154 0.065900567081609 0.5600419540010456 0.44459958728325283 0.04891580452074157 0.04649017927939211
0.5639097744360893 0.975007575901818 0.0673086177414325 0.6465932531371406 0.4354321918795996 -39.40909823894503 -5.03533237960464 10.91599101197541 0.30630928337754565 -0.026792267925067243 0.17340363806391004 2.9707668425371163 0.9826634287009276 0.06712286722684338 0.6318265894850289 0.43625756954340167 0.06462677369801993 0.06142191055769337
0.6390977443609014 0.9714478576466365 0.06876000669403118 0.713975396424283 0.4260792141076296 -39.15894843216315 -5.692560717483619 10.761400053635185 0.3062882688782803 -0.03077267320108942 0.17340281452628972 2.9007307855790287 0.980088367131957 0.06852132348397971 0.6980838864660115 0.42708412835850196 0.08226442277876261 0.07818573760047506
0.7142857142857135 0.9678021175497195 0.07039454674723268 0.775219427523366 0.41601552547272197 -38.87005193255105 -6.3437596790542 10.587193570937135 0.30626335280519357 -0.03490921392382625 0.17340183797929215 2.8308968906876966 0.9774125400135641 0.07009633867262498 0.7584500506781543 0.41719804152306944 0.10169012336258926 0.09665115370917675
0.7894736842105257 0.9640598166556084 0.07221249135922121 0.8300678667615453 0.4053671987709493 -38.53998052386694 -6.987800701794993 10.393313917469722 0.30623403590755616 -0.03922205653997698 0.17340068879518888 2.7612912796783053 0.9746229677116789 0.07184823188311425 0.8126639037887589 0.4067197903538779 0.12274135932851186 0.11666557346219793
0.8646616541353378 0.9602102936069452 0.0742139232234178 0.8783670151672391 0.3942585980158298 -38.166157558299794 -7.623421025092108 10.17972276120556 0.3061997350480725 -0.043731946819115124 0.17339934403544807 2.6919408290674562 0.97170631203531 0.0737771909670428 0.8605621727494093 0.39576873977796545 0.14522997231458232 0.138052772160596
0.9398496240601499 0.9562427610936732 0.07639869104275715 0.9200586529408432 0.38280980008621673 -37.745899065467725 -8.249213094719343 9.946409557325815 0.3061597735104376 -0.048460259335622764 0.17339777706290238 2.622873235263927 0.968648848027126 0.07588321978132054 0.9020722642850795 0.3844606945399397 0.16894054802514433 0.1606114354957388
1.0150375939849603 0.9521463052947843 0.07876634008615721 0.9551698412963185 0.3711344964841275 -37.27646012454269 -8.863615454127146 9.693400986076774 0.3061133700000875 -0.05342904278379098 0.1733959571001439 2.554117074607549 0.9654364392453987 0.07816608029494833 0.9372032040895386 0.3729058836432751 0.193629063923206 0.1841139214528279
1.0902255639097724 0.9479098886780558 0.08131603676273896 0.9838015735143525 0.35933839024348163 -36.75508665392855 -9.46490546364014 9.420771347580445 0.3060596262593006 -0.05866106040106431 0.17339384873028454 2.485701857367482 0.9620545171680189 0.08062522972680224 0.9660354084783845 0.3612073922314464 0.2190219348882996 0.20830535059949506
1.1654135338345846 0.943522356537529 0.0840464875632912 1.0061169477169853 0.3475180724461034 -36.179072695460505 -10.051194237491131 9.128653883435977 0.30599751322095575 -0.06417982469544374 0.1733914113361211 2.417658074717554 0.9584880654273056 0.0832597529544135 0.9887098998308532 0.349460032195391 0.2448156082256772 0.23290315450115545
1.2406015037593967 0.9389724476603111 0.08695585285493387 1.0223294289163953 0.33576033970619856 -35.54582316244358 -10.62042423685811 8.817252966164942 0.3059258556325015 -0.07000962559337488 0.17338859847375457 2.3500172376129465 0.9547216096662358 0.08606829051852312 1.0054174906382651 0.33774962115435037 0.27067687174831 0.2575972241606768
1.3157894736842088 0.9342488095225725 0.0900416561743357 1.0326916476222945 0.3241418985732594 -34.852921878870184 -11.170370002045951 8.486857061342645 0.30584331509396673 -0.07617555104647976 0.1733853571768436 2.2828119064027104 0.9507392138909583 0.08904896264622474 1.016388358402666 0.32615262444327575 0.29624404697732676 0.2820508099602999
1.390977443609021 0.9293400184180712 0.09330068984687158 1.0374850603171941 0.31272939445161607 -34.09820455708473 -11.698642545214202 8.137852323057439 0.3057483714721594 -0.08270349906209314 0.17338162718795996 2.216075709929951 0.9465244842789086 0.09219928982667785 1.0218823270336361 0.3147361059633899 0.3211292420105991 0.30590233019954094
1.4661654135338331 0.9242346049197965 0.09672891796249355 1.0370106835129058 0.30157970020514735 -33.27983614008039 -12.202697952268725 7.770736630879444 0.305639302678697 -0.0896201800573005 0.17337734011397715 2.1498433528007497 0.9420605814838844 0.0955161105971388 1.022180069010356 0.3035579303391126 0.3449218332729947 0.3287682453467475
1.5413533834586453 0.9189210850648605 0.1003213779614303 1.0315810143625102 0.2907404017363938 -32.39639167102074 -12.67985075348587 7.386133815961323 0.30551416283338934 -0.09695310838277636 0.17337241850309718 2.0841506094486686 0.9373302425557363 0.0989954973325597 1.0175753526419367 0.2926671596504488 0.36719333005272786 0.35024714773035037
1.6165413533834574 0.9133879976329664 0.10407208232038588 1.0215131701880686 0.28025042311453635 -31.446939547172704 -13.127292611038376 6.984807756010108 0.30537075887799037 -0.10473058182592612 0.17336677484202542 2.0190343035900224 0.932315813658845 0.1026326709778483 1.0083683837340394 0.2821045918948163 0.3875037483514513 0.369925199642686
1.6917293233082695 0.9076239478579273 0.10797392207741821 1.0071232175185383 0.27014074102540103 -30.43112567193792 -13.54211683105102 6.567675945238214 0.3052066257596786 -0.11298164788730124 0.17336031047297396 1.9545322716617826 0.9269992948254406 0.10642191581630653 0.9948602320441188 0.2719033941775694 0.405409579279636 0.3873830247690082
1.7669172932330817 0.901617657868077 0.11201857418423386 0.988721617235935 0.2604351463954997 -29.3492566448366 -13.921349130929942 6.135822068604149 0.30501900036993124 -0.12173605563555147 0.17335291443162174 1.890683308865811 0.9213623980114116 0.11035649552839506 0.9773482895931618 0.26208979050196785 0.42047338066548806 0.4022041167120061
1.8421052631578938 0.8953580240932831 0.11619641491955875 0.9666096840140003 0.25115101921474564 -28.20237973786419 -14.261984972353773 5.690507033456976 0.3048047945036593 -0.13102419198954865 0.17334446220891309 1.8275270965164208 0.9153866197270171 0.11442857195903557 0.9561226786186902 0.25268377119381247 0.43227494817569667 0.41398477278353196
1.917293233082706 0.88883418180199 0.1204964418261079 0.9410769426809962 0.24230009030111427 -26.992357016231523 -14.561033600120243 5.233177841192008 0.3045605671961671 -0.1408770013575168 0.17333481444162882 1.765104109509783 0.9090533294855715 0.1186291281757298 0.9314635095296404 0.24369979792301746 0.44042393466820295 0.4223454904854649
1.992481203007518 0.8820355768398931 0.12490620683435545 0.912399258617228 0.23388917067505766 -25.721930597214573 -14.815568702329422 4.7654736231591315 0.3042824969018129 -0.15132588768713667 0.1733238155390236 1.7034555029092395 0.9023438752417008 0.12294789755994806 0.903638881284284 0.23514748462656584 0.44457368576821893 0.42694367851037623
2.06766917293233 0.8749520445312459 0.12941176339521887 0.8808376211539074 0.2259208351683727 -24.394775734391143 -15.022785326275297 4.289228126555692 0.30396635409765005 -0.16240259815247846 0.17331129225545638 1.6426229768753462 0.8952397068687001 0.12737330082592935 0.8729035158507078 0.22703224019865736 0.4444359495605548 0.4274874353131502
2.1428571428571423 0.867573895573726 0.1339976305462135 0.8466374658571262 0.21839405183169577 -23.01553820363784 -15.180062349119837 3.8064679260661247 0.303607475026421 -0.17413908792683977 0.17329705222182515 1.5826486194669467 0.8877225185431409 0.13189239299909394 0.8394979227556637 0.21935586351500702 0.43979600448484196 0.42375003965709823
2.2180451127819545 0.8598920086079898 0.1386467768663373 0.8100284316516465 0.2113047526620687 -21.589852393998502 -15.285029420517244 3.319405664705517 0.30320073743362674 -0.18656736576756816 0.173280882451673 1.523574727201571 0.879774410655681 0.13649082250475345 0.8036479974315065 0.21211708520303235 0.430527639525861 0.41558468425466305
2.2932330827067666 0.8518979289739981 0.14334062721872082 0.7712244604725929 0.2046463442347309 -20.124336614620482 -15.33563687997165 2.83042770142964 0.30274053929925515 -0.19971932047007943 0.17326254784099743 1.4654436036890026 0.8713780715422392 0.14115280461004284 0.7655649667286759 0.20531205361624896 0.4166073237389012 0.4029388729571705
2.3684210526315788 0.8435839729792013 0.14805909502272585 0.7304241594202672 0.19841015910665494 -18.626562459569435 -15.330226726288167 2.342075670892484 0.30222078171095773 -0.21362652863168238 0.17324178968394754 1.408297337137049 0.8625169789228928 0.14586111152044814 0.725445605499129 0.19893476480906747 0.39812682825433693 0.38586780306522994
2.443609022556391 0.8349433368009762 0.15278064252645138 0.6878113574548909 0.19258585048795349 -17.10499565882287 -15.267602308885749 1.8570216468265883 0.3016348571652278 -0.2283200445968828 0.17321832422961111 1.3521775580659565 0.8531756204428367 0.15059708144845557 0.6834726587946205 0.19297743804084672 0.37530352365511765 0.3645459779140487
2.518796992481203 0.8259702089306882 0.15748237115733071 0.6435557999934329 0.18716173377292392 -15.56890670536292 -15.147094056458005 1.3780368453053349 0.3009756447079955 -0.24383017392679074 0.1731918413078217 1.297125179146157 0.8433397321293502 0.15534064893627786 0.6398154144291012 0.18743083957067116 0.3484875787136668 0.3392762524057966
2.593984962406015 0.8166598848439324 0.16214014350774403 0.5978139350577621 0.18212507919696666 -14.028250683695624 -14.968618297549245 0.9079541025844478 0.3002355134259542 -0.26018623223508675 0.17316200305419066 1.2431801196777845 0.8329965529138913 0.16007039861696779 0.5946303800895738 0.1822845583361296 0.318165340580337 0.3104955167899035
2.6691729323308273 0.8070088823567035 0.16672873786470757 0.5507297537256838 0.17746236023661233 -12.493517106545589 -14.732726101411938 0.4496247027963918 0.299406335863362 -0.27741629174732085 0.1731284427662084 1.1903810178403502 0.8221350926271768 0.16476364442744368 0.5480620276577939 0.17752723762874098 0.2849582860041629 0.27877628123291615
2.7443609022556394 0.7970150559074596 0.17122203542447967 0.5024356555176616 0.17315946247985373 -10.975552135712249 -14.440639114162732 0.00587049508999371 0.298479512953451 -0.2955469184516497 0.17309076392309436 1.1387649344343747 0.8107464100714622 0.1693965360315963 0.5002435748494563 0.17314676716116062 0.24961709798057657 0.24482354183536656
2.8195488721804516 0.7866777077985001 0.17559323945816743 0.4530533160497298 0.1692018576302378 -9.485357230611953 -14.094269614325018 -0.4205673969823174 0.29744601200588777 -0.3146029031971838 0.17304853940193404 1.0883670523879234 0.7988238969290641 0.1739441938606052 0.45129778068794957 0.1691304400290008 0.21301063709124096 0.20946648922313088
2.8947368421052637 0.7759976942459511 0.17981512473448372 0.40269453988102216 0.16557474712411888 -8.033869916355059 -13.69622247877275 -0.8270816387783917 0.29629641916922783 -0.33460699053888693 0.17300131092139387 1.0392203767827044 0.7863635624076963 0.17838087372083725 0.4013377367567722 0.1654650790521269 0.1761098309957903 0.17364485908903127
2.969924812030076 0.7649775239358907 0.18386031448954307 0.3514620860912896 0.1622631795774232 -6.631733854888942 -13.249777431237339 -1.211251616542274 0.2950210075786134 -0.3555796095022781 0.17294858874183994 0.9913554405388745 0.7733643126870896 0.1826801613496489 0.35046764069881553 0.16213713687407388 0.13996678326848508 0.13839000874614574
3.0451127819548844 0.753621446675085 0.18770158119682065 0.299450457859325 0.15925214596717255 -5.289066593226563 -12.758850814935467 -1.5708941595847001 0.2936098220952416 -0.37753861072437533 0.17288985164696996 0.9448000211587188 0.7598282184602753 0.1868151966122912 0.29878354214805275 0.1591327740308721 0.10568968432722181 0.10480111688161743
3.1203007518796966 0.7419355296686793 0.1913121663747948 0.2467466502973558 0.15652665611650612 -4.01523411675998 -12.22793713949508 -1.9041099206514858 0.29205278114041466 -0.4004990145984164 0.17282454722710205 0.8995788740436685 0.745760763205347 0.1907589262307267 0.24637405429096518 0.15643791899066062 0.0744143706891542 0.07401722171145601
3.1954887218045087 0.7299277189636717 0.19466611372117218 0.1934308531435965 0.15407179970592544 -2.818641544975899 -11.662031730643278 -2.2093233670677144 0.2903397956235516 -0.4244727750912092 0.17275209247814605 0.8557134878485279 0.7311710643319033 0.19448438302662446 0.19332102666077625 0.15403831392458464 0.04727360236172967 0.04718610860363778
3.270676691729321 0.7176078836744286 0.19773860902873347 0.13957710672978635 0.151872794688814 -1.7065489072719469 -11.066536874859818 -2.4853145630234543 0.2884609043671566 -0.4494685638007104 0.17267187472317047 0.813221867109572 0.7160720590742632 0.1979649886642315 0.13970017666043416 0.1519195497040167 0.025365292425218955 0.025431304361371723
3.345864661654133 0.7049878407614951 0.20050631966572688 0.08525391101638657 0.14991502565295178 -0.6849199201693507 -10.447154810298487 -2.731241285123943 0.28640642475661415 -0.47549157857069857 0.17258325285560938 0.7721183469761106 0.7004806470022767 0.2011748758225138 0.08558167877524572 0.15006709333171164 0.009721013019357546 0.009818606924931021
3.421052631578945 0.692081358371406 0.20294772593677488 0.030524788506280938 0.14818407434607728 0.24168989173604696 -9.809771684273644 -2.946650485577088 0.28416711661109373 -0.5025433805795578 0.17248555889482797 0.732413444293371 0.6844177813347977 0.20408922464914186 0.031030711547866123 0.148466310705517 0.001276109626639598 0.0013236575085771318
3.4962406015037573 0.6789041360640543 0.20504343641509518 -0.024551197421605452 0.14666574427498727 1.070201416669439 -9.160337106391012 -3.1314786643564503 0.2817343565139909 -0.5306217632791302 0.17237809983632849 0.6941137485432273 0.6679085019044683 0.2066846073011521 -0.02389203678769266 0.1471024872820899 0.000842679712579524 0.0008020371176168687
3.5714285714285694 0.6654737606526235 0.20677647938062765 -0.07991896671558295 0.14534608099560276 1.7990345193926105 -8.504744129289861 -3.286041289114909 0.27910031909465355 -0.5597206558928737 0.1722601597707206 0.657221855272061 0.6509819036535469 0.20893933341705784 -0.07912990252471806 0.14596084885443938 0.009086518827358904 0.008963241252152223
3.6466165413533815 0.6518096368524811 0.20813256282656534 -0.13552698702598506 0.14421138943655137 2.4280853606156385 -7.848714370639625 -3.4110119620202433 0.27625816106060763 -0.5898300634129529 0.17213100223807706 0.621736343653749 0.6336710359376834 0.21083378855743057 -0.1346298186606067 0.1450265842817926 0.026508920185378974 0.02634966608766367
3.7218045112781937 0.6379328924689754 0.20910029611020756 -0.1913268757030008 0.14324824934167227 2.9586611957795945 -7.197692567227311 -3.5073925308904776 0.27320220318729255 -0.6209360441921139 0.17198987277781572 0.5876517987884645 0.6160127296535951 0.2123507570621277 -0.19034192287754334 0.14428487161611875 0.05343395054017621 0.053321446324105695
3.796992481203006 0.623866258435127 0.20967136720962426 -0.24727303679207158 0.14244352967791726 3.393377405600382 -6.556754170690381 -3.576475740517605 0.2699281050266029 -0.653020725341467 0.17183600162912288 0.5549588782667544 0.5980473512388947 0.21347572046566643 -0.24621919902728048 0.14372090866173948 0.09000153683814655 0.09004764555908623
3.872180451127818 0.6096339246205009 0.2098406706773156 -0.3033223304037888 0.14178440263509876 3.7360231131883386 -5.930528723300999 -3.6198022929796423 0.2664330268388745 -0.6860623552552724 0.17166860653339575 0.5236444214768169 0.5798184848450032 0.21419712264182397 -0.3022171497627805 0.14331994859059274 0.13616640633405194 0.13650394400855778
3.94736842105263 0.5952613729510778 0.20960638271411708 -0.3594337718957601 0.14125835764364977 3.991402825220136 -5.323140773076026 -3.6391143209725954 0.2627157732204048 -0.7200353917245255 0.17148689558841773 0.4936915991434249 0.5613725463625131 0.21450659325318464 -0.3582934979687327 0.14306734082595557 0.1917026478041068 0.1924766248335849
4.022556390977442 0.5807751899836923 0.20896998126776917 -0.4155682584057142 0.14085321565704795 4.165162060909948 -4.7381690852077885 -3.636307277632717 0.2587769131140496 -0.7549106233065722 0.17129007010404945 0.46508009969807046 0.5427583353707404 0.214399121879246 -0.414407914701768 0.14294857701383795 0.2562134202102163 0.257572354787846
4.097744360902254 0.5662028616438486 0.20793621062881704 -0.47168832040499226 0.14055714378788478 4.263604920717371 -4.178623959506385 -3.6133821241774555 0.2546188713634966 -0.7906553209183957 0.17107732741109105 0.43778634832417657 0.5240265333673328 0.2138731763811602 -0.47052177144585083 0.14294934153697206 0.32914514024958225 0.3312330068888793
4.1729323308270665 0.5515725533392133 0.2065129915848236 -0.5277578960893088 0.14035867025178425 4.293511061413794 -3.646941634984513 -3.572399476449455 0.2502459876957219 -0.8272334160410939 0.1708478635785261 0.4117837539232939 0.5052291586854474 0.21293076059864274 -0.5265979146079094 0.14305556570472944 0.40980533926963053 0.41275459443558205
4.248120300751879 0.536912879081368 0.20471127973409864 -0.5837421265814843 0.14024669946231255 4.261958682901663 -3.1449940975375146 -3.5154370820833343 0.24566453996693466 -0.8646057014801367 0.17060087599938273 0.3870429788238344 0.4864189902080631 0.21157740830472607 -0.5826004603146715 0.14325348448582884 0.49738329566091327 0.5013092813736075
4.323308270676691 0.5222526635672069 0.20254487598713505 -0.6396071700828591 0.14021052703320158 4.176159010459347 -2.674112128691812 -3.4445516721431666 0.24088272964459742 -0.9027300503304482 0.1703355658116612 0.36353222580953504 0.4676489732408841 0.20982211238278226 -0.6384946077171202 0.14352969444982436 0.590972519212639 0.5959694012195792
4.398496240601503 0.5076207013745416 0.2000301945393421 -0.6953200332719967 0.14023985438166134 4.043306492416722 -2.2351191467036777 -3.3617458935644002 0.23591062876726573 -0.9415616486497097 0.17005114012786887 0.341217536977816 0.4489716216310692 0.20767719033518453 -0.6942464691587527 0.1438712114555721 0.6895941835697326 0.6957324474190979
4.473684210526315 0.49304551750507897 0.19718599463421135 -0.7508484184079389 0.14032480258779287 3.870447637050537 -1.828373283447462 -3.2689407061503815 0.23076008895984912 -0.9810532373429136 0.1697468140543169 0.32006309903771685 0.43043843037407026 0.2051580893707757 -0.7498229157139232 0.14426552657392208 0.7922206638476815 0.7995460802951713
4.548872180451127 0.47855513345862966 0.19403308321608778 -0.8061605847485072 0.1404559251489951 3.6643701752290117 -1.4538151870035776 -3.1679533389602916 0.22544461441347916 -1.021155358895054 0.16942181248913973 0.3000315499054891 0.4120993125255636 0.2022831363335764 -0.8051914367498912 0.14470065875740598 0.8977984291460716 0.9063323158871082
4.624060150375939 0.4641768428477626 0.19059399607474362 -0.8612252230405189 0.14062421927308705 3.4315131257688094 -1.1110192088263169 -3.060480658043204 0.21997920199501023 -1.0618166048408901 0.16907537169565773 0.2810842818304183 0.3940020732561268 0.19907323951950665 -0.8603200123087252 0.14516520286705936 1.00526965418293 1.0150102059640542
4.6992481203007515 0.449937000270401 0.1868926653031783 -0.9160113419774001 0.14082113537729243 3.1778974032813103 -0.7992458912635421 -2.948087606859609 0.21438015276476427 -1.1029838602110205 0.16870674065495553 0.2631817367579447 0.37619193241290627 0.19555155088856793 -0.915176997241189 0.14564837182725027 1.1135920409407793 1.1245164733373525
4.774436090225564 0.43586082676247045 0.18295408083295758 -0.9704881656500342 0.1410385844994801 2.909075865647239 -0.5174939823831899 -2.8322002433590434 0.2086648600958215 -1.1446025416201864 0.16831518220813055 0.24628369018402496 0.35871110507345494 0.191743098246732 -0.9697310161533548 0.14614003189167502 1.2217564714504796 1.2338237212275964
4.849624060150376 0.42197223467136563 0.1788039534982954 -1.0246250411386308 0.14126894337992943 2.6301011532876366 -0.26455054055148963 -2.7141028104258496 0.20285158026119804 -1.1866168261438763 0.16789997400443246 0.23034952034652809 0.3415984474016085 0.1876743976019117 -1.0239508683471887 0.1466307302534413 1.328802239414507 1.3419559811909572
4.924812030075188 0.40829367424460317 0.1744683865420842 -1.0783913555069542 0.14150505703296073 2.345509313610581 -0.039038026291457584 -2.594938233328172 0.19695919176039178 -1.22896986864075 0.1674604092763111 0.21533846021044034 0.3248891727653761 0.18337305607848042 -1.0778054420485708 0.14711171450396876 1.4338297256600938 1.4480014948097666
5.0 0.394846003639381 0.1699735617534609 -1.131756461565574 0.141740238694574 2.0593170099838396 0.16054240512893259 -2.475711431364637 0.19100694978544985 -1.271604005700429 0.16699579746619153 0.20120983031062312 0.308614640676693 0.1788673755203913 -1.131263637320049 0.1475749437238136 1.5360104864183417 1.5511227362001974
5.075187969924812 0.3816483834513301 0.16534544556174913 -1.1846896118682355 0.14196826710134589 1.7750300582460419 0.33577191304580367 -2.3572948529797166 0.18501424208754325 -1.3144609449105842 0.16650546473255803 0.18792325109919458 0.29280221878084545 0.1741859662652413 -1.1842942971513517 0.14801309125882062 1.6345948116859976 1.6505637736250112
5.150375939849624 0.3687181962573192 0.1606095194525426 -1.2371599004952185 0.14218338112409099 1.495661086032385 0.48827954106194227 -2.2404356862911854 0.17900035212211074 -1.3574819386286088 0.16598875436470942 0.17543883398849516 0.2774752159638909 0.16935737959262187 -1.2368661463084138 0.14841953948451214 1.7289168823273724 1.7456551389985646
5.225563909774436 0.3560709910887723 0.15579053806460808 -1.2891362122600882 0.1423802718443672 1.2237542426194565 0.6197124038611008 -2.12576425308119 0.1729842347605054 -1.400607941899341 0.16544502713640735 0.1637173507732881 0.2626528827443453 0.16440976611606295 -1.2889477376019487 0.1487883670800047 1.818397709113221 1.8358164249260187
5.3007518796992485 0.34372045221690595 0.15091231731459553 -1.3405871790518475 0.1425540722204721 0.9614150737399498 0.7317103889434833 -2.013803157732145 0.16698430910413942 -1.443779754572423 0.16487366162865708 0.15272038154955375 0.24835047353250195 0.15937056598259247 -1.3405074053096555 0.14911432951267523 1.902546075427409 1.920556862034335
5.375939849624061 0.33167839115448894 0.14599755391883457 -1.3914811430934697 0.14270034454026817 0.7103438946489078 0.825885151758829 -1.9049768284304704 0.16101827207364847 -1.486938148034997 0.16427405455116828 0.14241044161757274 0.23457936411402747 0.15426623525200409 -1.3915132255524678 0.1493928335719357 1.9809577293689196 1.9994741471085988
5.451127819548873 0.31995476037129106 0.14106767677009632 -1.4417861269604402 0.14281506589975684 0.47187122752912813 0.9038030989439818 -1.79962115249009 0.15510293552181983 -1.530023977284496 0.16364562109074018 0.13275108816287684 0.22134721685724157 0.14912201132886135 -1.4419329834851182 0.14961990688338692 2.0533130822897943 2.0722517975211123
5.526315789473681 0.30855768688944096 0.13614272980738693 -1.491469810259456 0.14289461197800649 0.24699410209944972 0.9669720010602916 -1.6979929682280464 0.14925408868369708 -1.5729782793216458 0.16298779531300686 0.1237070077514351 0.20865818564745223 0.14396171888387543 -1.4917341472151227 0.14979216338447207 2.119373671488185 2.1386553022035257
5.6015037593984935 0.29749352367374676 0.13124128530652032 -1.5404995129180648 0.1429357394006489 0.036412240844001076 1.0168308480469221 -1.600279230758293 0.14348638687380175 -1.6157423590465654 0.16230003064180726 0.11524408585856931 0.1965131523908921 0.13880761638447 -1.5408838484122254 0.14990676575290332 2.178977636908145 2.1985273263839913
5.676691729323306 0.2867669165603606 0.12638038592914352 -1.5888421850807537 0.1429355669959184 -0.1594366442841988 1.0547425523995102 -1.506605717433029 0.13781326650489711 -1.658257863993846 0.16158180043796946 0.10732945977946852 0.18490998706568448 0.133680282199319 -1.589348869612612 0.1499613857544172 2.232034447294926 2.251782208674165
5.751879699248118 0.2763808843715773 0.12157551340215782 -1.6364644036461355 0.14289155624969155 -0.3403430326483843 1.081989112096423 -1.4170451801154833 0.13224688576271193 -1.7004668493496176 0.1608325986966316 0.09993155634863979 0.17384382367949766 0.12859853827570492 -1.6370956382590578 0.14995416342281176 2.2785190921685707 2.29839996673922
5.82706766917293 0.26633690983919034 0.11684058135649156 -1.6833323755131044 0.14280149126018624 -0.5062936812153467 1.099768863355763 -1.3316248861180213 0.12679808964525735 -1.7423118347590987 0.16005194087943575 0.09302011593262596 0.16330734507033534 0.12357940862482966 -1.6840902275493903 0.14988366590913874 2.3184659338465416 2.338420003308579
5.902255639097742 0.25663503899578716 0.11218794962751259 -1.7294119476314154 0.1426634584799193 -0.65744190697459 1.1091954788740068 -1.250333517882062 0.121476397573887 -1.7837358544621054 0.15923936489506096 0.0865662041613627 0.15329107020475718 0.1186381092893852 -1.7302983641914658 0.14974884674481273 2.351962389969284 2.3719346789808347
5.977443609022554 0.24727398678362308 0.10762845719902477 -1.7746686239737468 0.14247582651354695 -0.7940802414939441 1.1112983973812618 -1.1731274238994018 0.11629001140845859 -1.8246825022911164 0.1583944322386861 0.08054221283508405 0.14378363843590602 0.11378806610023189 -1.7756854431830753 0.14954900616137615 2.3791425927120944 2.3990828931601054
6.052631578947366 0.23825124676443243 0.10317147094619292 -1.8190675895619528 0.14223722621653756 -0.9166155401338614 1.1070244028448144 -1.0999362306578782 0.11124584144669075 -1.8650959730366754 0.15751672929809585 0.07492185139181098 0.1347720860360593 0.10904095633761447 -1.820216549749637 0.14928375300319716 2.4001811470173102 2.4200437903008454
6.1278195488721785 0.22956320298082392 0.09882494738581542 -1.8625737416895685 0.14194653131259752 -1.025546554075902 1.0972401047185585 -1.030667838256207 0.10634954784881336 -1.904921101632391 0.15660586883130032 0.06968013025071078 0.1262421111755434 0.10440677037447588 -1.863856488581123 0.1489529686631411 2.415287087443593 2.4350306859873596
6.203007518796991 0.2212052422111219 0.09459550476042808 -1.9051517284856225 0.14160283971855156 -1.1214439157589737 1.0827351029701973 -0.965212831472698 0.10160559488994866 -1.9441034015407581 0.15566149161773818 0.06479333726402754 0.11817832434955533 0.09989388946962585 -1.9065698205120067 0.14855677336903092 2.424698112099302 2.4442852866016596
6.278195488721803 0.2131718650656939 0.09048850295126283 -1.946765994961118 0.1412054557350931 -1.2049324452769525 1.0642256523320128 -0.9034483441493641 0.09701731548917228 -1.9825891036348522 0.1546832682823871 0.06023900841915329 0.11056448203199341 0.09550917607038058 -1.9483209067840845 0.14809549505335645 2.4286751529282373 2.4480722576588296
6.353383458646615 0.20545679458590124 0.08650812892034183 -1.9873808366688819 0.14075387323142685 -1.276675654470992 1.0423586687120547 -0.8452414183584835 0.09258698357968773 -2.0203251967726907 0.15367090128939576 0.05599589383645772 0.10338370204320603 0.09125807325210754 -1.9890739610212296 0.14756964095222175 2.4274973245303824 2.4466741794105733
6.428571428571427 0.19805308121985132 0.08265748561140955 -2.0269604610897556 0.14024775992211724 -1.3373623048166934 1.0177159466513501 -0.7904519014828573 0.08831589205286514 -2.0572594711532624 0.15262412709920767 0.05204392001075928 0.09661865974553763 0.0871447102419734 -2.028793109027571 0.1469798720031392 2.4214572787956126 2.4403869140398173
6.503759398496239 0.19095320325632997 0.07893868248192486 -2.065469056832851 0.13968694280611169 -1.3876948627935946 0.990818479944565 -0.7389349245062853 0.08420443421472223 -2.093340565427845 0.1515427184805253 0.048364149147281106 0.09025176472115193 0.08317201132497024 -2.0674424564956118 0.14632698004557376 2.410856979881304 2.4295153966253826
6.578947368421051 0.18414916199502954 0.07535292608454083 -2.10287087070488 0.13907139481138825 -1.4283796906208863 0.9621307980685074 -0.690543003866253 0.0802521869228899 -2.1285180184190247 0.15042648696589817 0.044938736348535055 0.08426531803996928 0.07934180579387114 -2.1049861646785435 0.145611867773101 2.396003903387989 2.4143698519283427
6.6541353383458635 0.17763257111398945 0.07190060935866197 -2.139130292662982 0.13840122266436916 -1.4601188095451931 0.9320652489502166 -0.645127807471578 0.07645799381311474 -2.162742326173867 0.14927528543717836 0.041750885318250545 0.0786416505943327 0.07565493696642492 -2.141388534040972 0.14483553134129248 2.3772076548433088 2.3952624307883252
6.729323308270676 0.1713947398616144 0.06858139852471085 -2.1742119486171307 0.13767665598134002 -1.483603076070736 0.9009861740211988 -0.60254162319535 0.07282004726679758 -2.195965004948165 0.14808901082458462 0.03878480316328698 0.0733632432665866 0.07211136864130142 -2.1766140958545743 0.14399904550024806 2.354776995628038 2.3725042533458436
6.804511278195488 0.16542674984923775 0.06539431669112036 -2.208080800991979 0.13689803755976088 -1.4995066175841316 0.8692139346329881 -0.5626385655167674 0.0693359680068627 -2.2281386605860294 0.1468676069006648 0.036025654795109545 0.06841282991321385 0.06871028769058213 -2.210627711649649 0.14310355109418807 2.3290172590844342 2.3464028412421363
6.8796992481203 0.15971952535030756 0.062337823483634515 -2.2407022568940325 0.13606581483053812 -1.5084823818911133 0.837028759966195 -0.5252755531646862 0.06600288143222831 -2.2592170646242256 0.1456110671480205 0.033459517359319756 0.06377348430275054 0.06545020178512662 -2.2433946803702867 0.14215024475163904 2.300228135546963 2.3172599172054005
6.954887218045112 0.15426389712385905 0.05940989018630817 -2.2720422836585756 0.13518053241802644 -1.5111586645853947 0.8046743957790241 -0.4903130877326731 0.06281749000692254 -2.2891552373136497 0.144319437677323 0.031073335055021162 0.059428692242974535 0.06232903151649851 -2.274880853010099 0.14114037057748618 2.268701802239537 2.285369547831058
7.030075187969924 0.14905065987357147 0.056608070042703386 -2.3020675314721144 0.13424282574261254 -1.5081364883128145 0.7723615409155826 -0.4576158603763716 0.059776141205618846 -2.3179095376120142 0.14299282016985976 0.028854874645542147 0.05536241018452659 0.0593441964137031 -2.305052754427464 0.14007521365145478 2.2347213722111734 2.251016603731387
7.105263157894736 0.1440706235303242 0.05392956350408677 -2.330745462680806 0.1332534155910771 -1.4999877185189376 0.7402710646623163 -0.42705321094173243 0.05687489068154297 -2.3454377600622385 0.14163137481669308 0.026792681908005128 0.051559111601372054 0.05649269455473986 -2.333877711954535 0.1389560951354444 2.1985596355636536 2.2144755104068827
7.180451127819548 0.13931465860701114 0.051371278329478 -2.3580444873041415 0.132213103572341 -1.4872538107737796 0.7085570029709487 -0.3984994612423307 0.05410956046488729 -2.371699238331065 0.14023532322445675 0.02487603922120737 0.04800382243106194 0.05377117564298917 -2.3613239903236103 0.13778436879368935 2.1604780660061307 2.176009263031745
7.2556390977443606 0.1347737359208774 0.04892988454121065 -2.383934104176786 0.13112276837053455 -1.4704450950549983 0.6773493354570945 -0.37183414174350204 0.051475792120468385 -2.3966549550423957 0.13880495125594997 0.023094924448930732 0.04468214681647953 0.05117600755866365 -2.387360932338425 0.1365614187341494 2.1207260661124225 2.135868678717766
7.330827067669173 0.1304389610123767 0.04660186432061262 -2.4083850470412584 0.1299833627033501 -1.4500405122659288 0.6467565480918438 -0.34694212863250584 0.04896909489340792 -2.4202676574006956 0.1373406117719921 0.021439971238715407 0.04158028433175387 0.04870333650841815 -2.4119591046180537 0.13528865818613306 2.0795404254353334 2.0942918606098995
7.406015037593985 0.12630160361203788 0.04438355699308207 -2.431369434811043 0.1287959108912364 -1.4264877275884658 0.616867988757015 -0.32371370616272443 0.046584888952584426 -2.4425019779624138 0.1358427272395709 0.019902430823950875 0.03868503980352522 0.046349140984516375 -2.435090447638078 0.13396752913740598 2.0371449667404424 2.051503849270104
7.481203007518797 0.12235312251969205 0.0422711993019272 -2.452860925119588 0.1275615069419347 -1.4002035540364943 0.5877560244878879 -0.30204456726423956 0.04431854390524679 -2.463324559778834 0.13431179217015948 0.018474135389404015 0.035983826759156234 0.04410927981160924 -2.4567284291894564 0.13259950266337342 1.9937503569694244 2.007716438139341
7.556390977443609 0.11858518626508634 0.040260961207596827 -2.472834870166781 0.1262813130550519 -1.3715746276465097 0.5594780103581272 -0.2818357636982718 0.04216541280440097 -2.4827041850034135 0.13274837535124448 0.017147463036603878 0.03346466544942295 0.041979534607103686 -2.476848200271455 0.131186079791042 1.9495540610514959 1.9631281313560225
7.631578947368421 0.11498968991683332 0.038348977475063876 -2.491268473773095 0.12495655845263617 -1.3409582831732507 0.5320780806900984 -0.26299361549959954 0.04012086190533103 -2.500611905932 0.13115312183366631 0.015915304365451816 0.03111617630762631 0.03995564701309253 -2.4954267523330977 0.1297287927510284 1.9047404182883902 1.9179242237925567
7.706766917293233 0.11155876839907851 0.036531375328773784 -2.5081409484544643 0.1235885384439818 -1.3086835859005816 0.5055887736623816 -0.24542958808259385 0.03818029645080133 -2.5170211773270488 0.12952675463733912 0.014771030671592106 0.028927569622204996 0.03803335107649347 -2.5124430746798097 0.12822920648168268 1.8594808226900166 1.8722769847995253
7.7819548872180455 0.10828480666336766 0.03480429846326309 -2.5234336712403644 0.12217861363601572 -1.275052481286508 0.4800325005155486 -0.22906014417517895 0.036339182777933424 -2.531907988768788 0.12787007613836088 0.013708463745149401 0.02688863211756487 0.03620840116181334 -2.527878310770366 0.1266889202602773 1.8139339902936238 1.826345928779331
7.857142857142854 0.10516044704801268 0.033163927699696026 -2.5371303368757365 0.1207282092045488 -1.240341029641371 0.45542287047859986 -0.21380657667558012 0.03459306704514563 -2.5452509956794125 0.12618396910146393 0.012721847245001984 0.02498971105922354 0.03447659577995536 -2.5417159120464876 0.1251095693470718 1.7682462981256537 1.7802781573163984
7.932330827067666 0.10217859413963869 0.0316064985754166 -2.5492171069767715 0.11923881414631217 -1.2048006979274248 0.431765882300283 -0.19959482758905978 0.032937590876419204 -2.557031647582646 0.12446939732324241 0.011805819613571614 0.023221696425405836 0.032833797708615615 -2.553941787865228 0.12349282653883686 1.7225521810379545 1.7342087591441389
8.007518796992478 0.0993324174323599 0.030128316146296272 -2.5596827536532176 0.1177119804370078 -1.1686596851171203 0.40906099291419196 -0.1863552973802669 0.03136850421388099 -2.567234312092535 0.12272740585364297 0.010955388489824778 0.021576001618433316 0.03127595076671361 -2.5645444500456627 0.1218404035390872 1.6769745741498832 1.6882612557127372
8.08270676691729 0.0966153520597928 0.028725767271140668 -2.5685187960684464 0.11614932202649528 -1.132124261380767 0.38730207332572775 -0.1740226483641365 0.029881675659460545 -2.575846393074367 0.12095912076584113 0.010165906572567805 0.020044543125994574 0.02979909358835946 -2.5735151504980855 0.1201540520627947 1.6316253900426894 1.6425480815229452
8.157894736842103 0.09402109785442993 0.027395330634556556 -2.575719628384825 0.11455251360869563 -1.0953801047539002 0.36647826130852934 -0.16253560513799314 0.028473100573228435 -2.582858441388754 0.11916574844784941 0.009433048881927426 0.018619719484694985 0.028399370722260297 -2.5808480103784457 0.1184355646037635 1.5866060211738136 1.5971710897014684
8.233082706766915 0.09154361696819474 0.026133584750174153 -2.5812826375382056 0.11292328911073465 -1.0585936218774918 0.34657471996021627 -0.15183675452334455 0.02713890718081899 -2.588264256619448 0.11734857439302543 0.008752791363950251 0.017294389846156277 0.027073041361174964 -2.586540139205051 0.11668677480314046 1.5420078592020174 1.5522220745083555
8.308270676691727 0.08917713026764033 0.024937214170575334 -2.5852083093031784 0.1112634398532459 -1.0219132419742323 0.32757331060891204 -0.14187234702501428 0.025875360925820205 -2.5920609781975026 0.11550896147102671 0.008121390781298664 0.016061852399172127 0.025816485983828952 -2.5905917423902767 0.11490955736771181 1.4979128240377786 1.5077833035840105
8.383458646616539 0.0869161126974976 0.023803014114183348 -2.587500321151612 0.1095748123415281 -0.9854706754460381 0.30945318799859933 -0.13259210142206967 0.024678867285772038 -2.5942491643706385 0.11364834766569233 0.007535365831970678 0.014915822859781769 0.024626211169233324 -2.59300621567881 0.11310582749671952 1.4543938964581251 1.4639280537637733
8.458646616541351 0.0847552877873519 0.02272789370312207 -2.588165620471851 0.10785930565535504 -0.9493821303975665 0.29219132512265844 -0.12394901376890033 0.02354597325293703 -2.5948328575277815 0.11176824327174453 0.006991479437603908 0.013850413204275935 0.02349885282110209 -2.5937902250466967 0.11127753978589294 1.4115156490531238 1.4207211452134139
8.533834586466163 0.08268962145825508 0.021708877989970718 -2.5872144868054208 0.10611886841358802 -0.9137494820151062 0.27576297451969367 -0.11589917179655629 0.02247336766367213 -2.5938196344752638 0.10987022754805865 0.006486722143181083 0.012860110787774937 0.0224311780184079 -2.5929537707028736 0.10942668658725278 1.3693347711067494 1.3782194694726098
8.609022556390975 0.08071431526918071 0.0207431089356649 -2.5846605768721624 0.10435549529826228 -0.8786613911493362 0.26014207232627484 -0.10840157546733309 0.02145788054333565 -2.591220640373196 0.10795594483145753 0.006018296570680418 0.011939757962736386 0.02142008568733549 -2.5905102339469868 0.10755529581291805 1.3279005837622468 1.336472507740789
8.684210526315788 0.07882479922745997 0.019827845485714417 -2.5805209512929683 0.10257122313142295 -0.8441943696118699 0.24530159086289416 -0.10141796422831106 0.02049648161742228 -2.587050605177366 0.10602710012146604 0.005583602870334913 0.01108453228719819 0.0204626062701768 -2.586476405773768 0.10566542818066456 1.2872555424869025 1.2955228364045428
8.7593984962406 0.07701672427270248 0.018960462877553774 -2.574816082080593 0.10076812650657228 -0.8104137907070594 0.23121384505358833 -0.09491265134188254 0.019586278124194025 -2.581327841592637 0.10408545415310591 0.005180225114598968 0.010289927391410214 0.019555900548195088 -2.5808724962739844 0.10375917390822305 1.247435724438964 1.2554066173948062
8.834586466165412 0.0752859545302782 0.018138451298303118 -2.5675698401516547 0.09894831298505531 -0.7773748443283353 0.21785075751878935 -0.08885236552931985 0.018724512049566308 -2.5740742237265604 0.10213281798151674 0.004805918581583984 0.009551734553347568 0.018697257758236878 -2.573722124063301 0.10183864887224459 1.2084712988560573 1.216154071479872
8.909774436090224 0.07362855941805892 0.01735941399955405 -2.5588094623148856 0.0971139178759409 -0.7451234366577069 0.20518408675849287 -0.08320610004682649 0.017908556891482522 -2.5653151458343886 0.10017104710882843 0.004458597876576026 0.00886602501818401 0.01788409312692686 -2.565052285171418 0.0999059902563983 1.1703869790361423 1.1777899330536656
8.984962406015036 0.072040805678945 0.01662106496403051 -2.548565497408832 0.09526709862584289 -0.713697035046124 0.19318562243836368 -0.07794496921847127 0.017135914048495446 -2.555079460766146 0.09820203519016144 0.004136325842219195 0.008229133083749063 0.01711394493163659 -2.554893301041232 0.09796335172112243 1.133202454873984 1.1403338853723832
9.060150375939848 0.0705191494015087 0.015921226208117183 -2.5368717314933815 0.09341002885253942 -0.6831254591142795 0.1818273514232942 -0.07304207237200444 0.01640420891577276 -2.543399397959542 0.09622770736177459 0.0038373032100179716 0.007637639963074094 0.016384471184050113 -2.5432787455189985 0.09601289813504413 1.0969328052544411 1.1038009755328864
9.13533834586466 0.06906022808193124 0.015257824794285073 -2.5237650922400565 0.09154489206310011 -0.6534316194702114 0.17108159785721 -0.06847236506303744 0.015711186761240545 -2.5303104610653473 0.09425001324007579 0.0035598589479139096 0.007088358426053376 0.015693446020009442 -2.530245350956925 0.09405679991489747 1.0615888898936447 1.0682020087776445
9.210526315789473 0.06766085277218242 0.014628889618347678 -2.5092855329114867 0.08967387510337742 -0.6246322057205589 0.16092114027345872 -0.06421253742424682 0.015054708445038386 -2.5158513055402905 0.09227091964534372 0.003302441260841235 0.006578318214782941 0.015038755868354422 -2.5158328937958605 0.09209722702683062 1.0271777204654404 1.0335439219591582
9.285714285714285 0.06631800035205612 0.01403254802821918 -2.4934758965666943 0.08779916139108875 -0.5967383256601693 0.15131930842183294 -0.06024089943431932 0.014432746036843223 -2.5000635967923586 0.0902924031084805 0.0030636092032762896 0.006104752221087528 0.014418395461608611 -2.500084060243336 0.09013634270723633 0.9937028110579508 0.9998301362060474
9.360902255639097 0.06502880595613801 0.013467022323374798 -2.4763817613712003 0.08592292398920658 -0.5697560976763327 0.14225006223858827 -0.0565372728814566 0.01384337837786931 -2.4829918497092707 0.08831644222278676 0.002842024864929618 0.0056650834098948 0.01383046374252574 -2.4830442929053915 0.0881762969655025 0.9611645081782895 0.9670608890072738
9.436090225563909 0.06379055558100764 0.012930626177486098 -2.4580512681247306 0.0840473185799061 -0.5436871985227754 0.13368805513471216 -0.05308288976628006 0.013284786627420117 -2.4646832506391356 0.0863450099055841 0.0026364460927797238 0.005256912468302399 0.013273159712636743 -2.464761619467081 0.08621921993443202 0.9295603006662132 0.9352335460754746
9.511278195488721 0.06260067889288293 0.012421761020671315 -2.438534931339904 0.08217447640184168 -0.5185293686585908 0.12560868355443233 -0.04986029687965754 0.012755249827690184 -2.445187463117326 0.08438006563639128 0.002445719714683383 0.004878006157274517 0.012744778261937612 -2.4452864647390293 0.08426721513633693 0.8988851099934279 0.9043428934672535
9.586466165413533 0.061456742251448225 0.011938912412413485 -2.4178854354088126 0.08030649721500302 -0.4942768774046442 0.1179881245571579 -0.04685326628337805 0.01225314051503691 -2.424556418841719 0.0824235477392674 0.0022687752317481864 0.004526286340727603 0.012243706012666757 -2.4246714475934907 0.08232235273401671 0.869131561518062 0.8743814105321157
9.661654135338345 0.06035644196171873 0.011480646431404439 -2.3961574175761124 0.07844544235779226 -0.47092095014718893 0.11080336298297766 -0.044046711412484285 0.011776920401102346 -2.402844095585202 0.0804773657768363 0.00210461894856213 0.004199819665242188 0.011768417204662384 -2.4029711644982505 0.08038666283597103 0.8402902373360351 0.8453395243348015
9.736842105263158 0.05929759776239267 0.011045606104324398 -2.37340723959436 0.0765933279603099 -0.4484501598159909 0.10403220960029103 -0.04142660852199498 0.011325136142909519 -2.380106283896247 0.0785433931223827 0.0019523285121773766 0.0038968078626480107 0.011317469644997337 -2.3802419615166848 0.07846212892422884 0.8123499114257816 0.817205846251277
9.81203007518797 0.05827814655624407 0.010632507891814358 -2.3496927500663416 0.07475211837612455 -0.42685078481642336 0.09765331147828249 -0.038979923199569555 0.01089641521733023 -2.3564003445723567 0.07662345977430329 0.001811047832515977 0.0036155786471708806 0.010889500740395474 -2.356541696774733 0.07655068147119251 0.7852977678223375 0.7899673914786725
9.887218045112782 0.057296136385576714 0.010240138246598309 -2.325073039577868 0.07292371989210264 -0.4061071355408217 0.09164615569031298 -0.036694541671948855 0.010489461912071035 -2.331784958994595 0.0747193454741154 0.0016799823585146652 0.0033545771786651635 0.010483223627279782 -2.3319294954974263 0.074654191808887 0.759119602583314 0.7636097822264495
9.962406015037594 0.056349720653642535 0.009867350255820456 -2.299608190791364 0.07110997477225414 -0.38620185152808517 0.08599106733059614 -0.03455920663880363 0.010103053442504353 -2.306319874483031 0.0728327731852746 0.0015583946859307834 0.003112358063561582 0.010097423411131587 -2.3064654997879246 0.0727744663100965 0.7338000103247642 0.7381174353719191
10.037593984962406 0.055437152591100616 0.00951306037713901 -2.273359025704455 0.06931265568707466 -0.3671161712491653 0.08066920271231481 -0.032563457374919835 0.009736036201234132 -2.2800656468709417 0.07096540298526789 0.0014456004742368284 0.0028875778655401696 0.009730953524099886 -2.2802106153589503 0.07091324093610335 0.7093225561111917 0.7134737353695573
10.112781954887218 0.054556779965085796 0.00917624527592501 -2.246386852278555 0.06753346057467448 -0.34883017644244774 0.0756625385186851 -0.030697573851242055 0.009387322145192847 -2.2530833825006193 0.06911882641796625 0.001340964651468629 0.0026789880984821046 0.009382732207442608 -2.25322625743055 0.06907217620025399 0.6856699334821456 0.6896611932021195
10.18796992481203 0.05370704002718708 0.008855938769017573 -2.218753212610811 0.06577400797414722 -0.3313230128045461 0.0709538575805766 -0.028952524632167354 0.009055885323277389 -2.22543448181566 0.06729456134713956 0.0012438978872492965 0.002485428674985135 0.009051739123364697 -2.2255740979793863 0.0672528525904792 0.6628241093898791 0.6666615921534822
10.263157894736842 0.05288645469560001 0.008551228878854044 -2.190519634760012 0.06403583286533478 -0.3145730887921445 0.06652673188435188 -0.027319918324018033 0.008740758546011904 -2.1971803866647113 0.06549404734547022 0.001153853315495059 0.002305821784534978 0.008737012099098738 -2.1973158164640734 0.06545676648728163 0.6407664568089926 0.6444561211695254
10.338345864661651 0.05209362596588726 0.008261255000394542 -2.161747390244691 0.06232038304244896 -0.29855825416663606 0.062365503324883775 -0.025791958344179022 0.008441030197445295 -2.168382333342553 0.06371864164651204 0.0010703234895203908 0.002139166176359897 0.008437644004622855 -2.168512856061953 0.06368532660679427 0.6194778757612591 0.6230254965558712
10.413533834586463 0.05132723154410398 0.007985205182070054 -2.13249725911303 0.060629016042124784 -0.2832559598549267 0.05845526267263779 -0.024361400814321144 0.008155841188418828 -2.1391011132775404 0.06196961567992723 0.0009928375533985697 0.0019845318229588793 0.008152779764186519 -2.1392261873347436 0.061939850991311086 0.5989389034776872 0.6023500727396319
10.488721804511275 0.05058602069553924 0.007722313520976782 -2.102829304341611 0.058962996639494225 -0.2686434005849776 0.054781827146058504 -0.023021515367865675 0.007884382049451865 -2.1093968431337893 0.06024815220316525 0.0009209586145126031 0.0018410549413209187 0.007881613500799165 -2.109516081100337 0.060221564562499594 0.5791298143960502 0.5824099427986696
10.563909774436087 0.04986881030193869 0.007471857671693563 -2.0728026571571125 0.05732349491891615 -0.2546976416935536 0.05133171694414784 -0.021766048686224337 0.007625890160765779 -2.0793287459350194 0.05855534303563513 0.0008542813032337654 0.0017079333498868365 0.007623385811994566 -2.0794418921260625 0.05853159724530904 0.5600307106662494 0.5631850294358117
10.6390977443609 0.049174481119797685 0.007233156467397444 -2.0424753146961385 0.05571158491924397 -0.24139573139237314 0.04809213103776244 -0.02058919058833908 0.007379647116377815 -2.0489549446382034 0.05689218739448578 0.0007924295066171402 0.0015844221403602532 0.007377381174496736 -2.0490618550796698 0.0568709826635871 0.5416216038087189 0.544655167047803
10.714285714285712 0.04850197423213849 0.007005567651373155 -2.011903951226196 0.05412824384701092 -0.22871479972545217 0.04505092248331266 -0.01948554249912604 0.007144976218730146 -2.018332269393939 0.05525959082449806 0.0007350542638903304 0.0014698296445119219 0.007142925474861874 -2.0184328939835634 0.0552406574017497 0.523882488142758 0.5268001755107102
10.789473684210524 0.04785028768609596 0.00678848571654306 -1.981143743950771 0.05257435184482635 -0.21663214533990072 0.04219657347880457 -0.018450088141122478 0.006921240099956368 -1.987516079529788 0.05365836470836193 0.0006818318123440213 0.0013635136771670275 0.006919383662731976 -1.9876104462165791 0.05364146082053761 0.5067934065730254 0.5095999262742037
10.864661654135336 0.047218473308601495 0.006581339850267666 -1.9502482142160367 0.0510506922966371 -0.20512531114576404 0.03951817036079319 -0.017478166302410614 0.006707838465615114 -1.9565601010871538 0.0520892263378876 0.0006324617730140158 0.0012648780375669189 0.0067061575229987146 -1.9566483019022458 0.05207413540910047 0.49033450929331523 0.4930344013280645
10.939849624060148 0.046605633692495006 0.006383591981374195 -1.9192690847315126 0.04955795264645569 -0.19417214984542852 0.03700537869787013 -0.016565445531561807 0.006504205956524952 -1.925516280535716 0.050552799521535075 0.0005866654662705177 0.001173369252292611 0.006502683562923639 -1.9255984593160551 0.050539327650424536 0.47448610593801455 0.47708374557516137
11.01503759398496 0.04601091934547357 0.006194734926145943 -1.888256153213257 0.04809672570265905 -0.1837508802543084 0.0346484186231919 -0.015707900635831606 0.0063098101242045415 -1.8944346550852187 0.049049615699110434 0.0005441843481157206 0.0010884735438870807 0.0063084310100804345 -1.8945109967396836 0.04903758937249535 0.45922871168280044 0.4617283131161862
11.090225563909772 0.04543352599440708 0.006014290629843442 -1.8572571826618394 0.0466675113961536 -0.17384013526850595 0.03243804052173971 -0.01490179085560328 0.0061241495153474485 -1.8633632398159685 0.04758011553059105 0.0005047785586278707 0.0010097140102471869 0.006122899916867525 -1.8634339609920243 0.04756937955364254 0.44454308776821805 0.44694870792318575
11.165413533834585 0.04487269203770509 0.0058418085002169716 -1.8263178082993123 0.0452707189575381 -0.16441900225945005 0.03036550116244996 -0.014143639597065771 0.005946751860733308 -1.832347931660093 0.04614465092285093 0.0004682255745839688 0.0009366480007316769 0.005945619367273092 -1.832413272677384 0.04613506654724885 0.4304102768922196 0.43272581935118154
11.240601503759397 0.0443276961385983 0.005676863829403093 -1.7954814610130674 0.04390666947590808 -0.15546705664610272 0.028422540362385007 -0.013430215619479213 0.005777172363988307 -1.8014324300874751 0.04474348745554955 0.00043431895884522826 0.0008688646757883944 0.005776145781552886 -1.8014926480130746 0.044734930688423186 0.4168116338910472 0.4190408529102944
11.315789473684209 0.04379785495240118 0.005519056300568233 -1.7647893069921043 0.042575598800136026 -0.14696438929374267 0.026601358235069483 -0.012758515565707285 0.0056149920856516725 -1.7706581741861316 0.043376807165633004 0.00040286719961895147 0.0008059827377137063 0.005614061314495711 -1.7707135369344553 0.043369167243363704 0.4037288521020287 0.4058753566947186
11.390977443609021 0.043282520981039435 0.005368008575663766 -1.7342802030937958 0.04127766074228372 -0.13889162838208335 0.024894593082791516 -0.01212574775416897 0.0054598164180749715 -1.740064295677524 0.04204471164872824 0.0003736926331779136 0.0007476483209308826 0.005458972342995707 -1.7401150770258185 0.04203788966088483 0.3911439857769125 0.39321124383972955
11.466165413533833 0.04278108054834742 0.00522336496068517 -1.7039906673492322 0.04001293054227799 -0.13122995630914147 0.023295299967372785 -0.011529317133735617 0.005311273646772994 -1.7096875872752582 0.04074722543519785 0.0003466304440841709 0.0006935330309005838 0.005310508038720502 -1.709734062693704 0.0407411330850173 0.3790394688905024 0.3810308113539151
11.541353383458645 0.0422929518898881 0.00508479014487635 -1.673954863901286 0.03878140855297605 -0.12396112214850064 0.02179692998140581 -0.010966811315398672 0.005169013593953638 -1.6795624856803513 0.03948429959867112 0.00032152773737386314 0.000643332121481599 0.005168319021753019 -1.6796049288835273 0.03947885808756725 0.3673981306663539 0.36931675565059574
11.616541353383457 0.041817583351275806 0.004951968010387712 -1.64420460157495 0.03758302410533768 -0.11706745016095965 0.020393310254377184 -0.010435987620383003 0.005032706340076743 -1.6497210684094512 0.0382558155554793 0.0002982426775524502 0.0005967628012119031 0.005032076091189667 -1.649759748543202 0.03825095458005732 0.35620320811951645 0.35805218508040293
11.69172932330827 0.041354451689240616 0.00482460050897675 -1.6147693452010088 0.03641763951442159 -0.11053184478336675 0.019078624686869716 -0.009934761047389884 0.004902041019424129 -1.620193063573003 0.03706158901449999 0.0002766436896201178 0.0005535626596006038 0.004901469028795277 -1.6202282429583132 0.037057245865510735 0.3454383558953342 0.34722062974600404
11.766917293233082 0.04090306046990496 0.004702406602432767 -1.5856762387547305 0.03528505418839754 -0.10433779251755482 0.017847395439076763 -0.009461193121666156 0.004776724685803089 -1.5910058716587427 0.035901374038422744 0.0002566087176775197 0.0005134882051113232 0.004776205471941051 -1.5910378040207538 0.03589749279195631 0.3350876536636949 0.33680604885993887
11.842105263157894 0.04046293855898942 0.0045851212635072865 -1.5569501393268634 0.034185008804542026 -0.09846936107345527 0.016694465153705096 -0.00901348153089998 0.004656481244650556 -1.5621845983311784 0.03477486717932098 0.00023802453698198328 0.00047631350706178743 0.004656009852185505 -1.5622135274485234 0.034771397971377946 0.32513561130913493 0.3267928358876846
11.917293233082706 0.040033638698909434 0.004472494534239461 -1.528613660917359 0.033117189518302476 -0.09291119611583554 0.01561497992298655 -0.008589950512217115 0.004541050447953289 -1.5337520972289636 0.03368171165357575 0.00022078611562062695 0.00044182893419431046 0.004540622395995659 -1.533778255944556 0.03367861002990903 0.31556717213961216 0.3171658217000981
11.992481203007518 0.039614736167949714 0.004364290638677024 -1.500687227028671 0.032081232173825164 -0.08764851591800493 0.014604372988515024 -0.008189041936503827 0.004430186948549078 -1.5057290217283983 0.03262150152360854 0.00020479602223080043 0.0004098399831445887 0.00442979818424621 -1.5057526312687157 0.032618727857441826 0.30636771431982446 0.30791027594247383
12.06766917293233 0.039205827516943105 0.004260287147108468 -1.473189131036894 0.031076726486868912 -0.08266710419380274 0.013658349154667349 -0.007809307014653655 0.004323659410523394 -1.4781338846409646 0.03159378585645095 0.0001899638764634046 0.00038016619050651457 0.004323306267276172 -1.4781551541967473 0.031591304827348565 0.29752305071927504 0.299011906811581
12.142857142857142 0.038806529379099175 0.004160274189037902 -1.4461356033309143 0.030103220173628695 -0.07795330137753353 0.012772869914499552 -0.0074493986149235525 0.004221249672564852 -1.4509831248254765 0.03059807283189703 0.0001762058391125802 0.0003526401226114917 0.004220928832423415 -1.4510022513514595 0.030595852959657034 0.28901942735020114 0.29045685941690846
12.218045112781954 0.03841647734884566 0.004064053712251347 -1.4195408842340245 0.0291602230017077 -0.07349399456495576 0.011944139258957875 -0.007108064114746071 0.004122751961288986 -1.4242911797180267 0.02963383377573938 0.000163444139058895 0.00032710643754296775 0.004122460421098097 -1.4243083479145418 0.02963184700375699 0.28084352055664896 0.2822317128883344
12.293233082706767 0.03803532492575723 0.003971438785439188 -1.3934173017546343 0.02824721074218103 -0.0692766063325223 0.011168590164942316 -0.006784138778513693 0.004027972151683926 -1.3980705628158558 0.02870050709639473 0.00015160663437459792 0.00030342101428820767 0.00402770719259387 -1.3980859452592194 0.02869872841945168 0.27298243310268383 0.2743234763791231
12.368421052631579 0.037662742519852146 0.0038822529419549347 -1.367775353253738 0.02736362900440432 -0.06528908261034871 0.01044287171026781 -0.0064765395576245055 0.003936727071971861 -1.372331945191768 0.027797502105998375 0.00014062640513239 0.0002814501442718331 0.003936486231971542 -1.3723457025850248 0.027795909237929007 0.26542368929550636 0.26671958410085816
12.443609022556391 0.03729841651472446 0.003796329562403325 -1.3426237901630542 0.02650889693784414 -0.061519879804478705 0.009763836866369502 -0.006184259414865778 0.003848843850316401 -1.3470842401621732 0.02692420270974334 0.00013044137563338463 0.0002610697808538287 0.003848624899480905 -1.3470965216803519 0.026922775786828623 0.25815522926760126 0.25940788951503063
12.518796992481203 0.03694204838517622 0.003713511293862338 -1.3179697049409802 0.02568241078780196 -0.057957951277074926 0.009128530846112426 -0.005906361949158168 0.0037641593009387127 -1.3223346902849302 0.026079970949892835 0.00012099396392895938 0.00024216484267036709 0.003763960219116491 -1.3223456339938904 0.02607869226628492 0.25116540253143865 0.2523766587955816
12.593984962406015 0.03659335386618984 0.0036336495036507857 -1.2938186195073438 0.024883547294292443 -0.054592733355946166 0.008534180076196662 -0.005641976469718202 0.003682519347332427 -1.2980889559181286 0.025264150393371893 0.00011223075668003923 0.00022462856699834166 0.0036823383040252987 -1.2980986892476796 0.02526300416517044 0.24444296090993195 0.24561456366607773
12.669172932330824 0.036252062170250496 0.0035566037656592033 -1.2701745744582278 0.02411166692570721 -0.05141413098300518 0.00797818172333109 -0.005390293375057809 0.003603778480390875 -1.2743512046304426 0.02447606935423859 0.00010410220751110925 0.0002083619095712974 0.003603613816606148 -1.27435984488617 0.02447504150920342 0.2379770509367704 0.2391106737062101
12.744360902255636 0.03591791525019974 0.0034822413773624972 -1.2470402184203269 0.023366116941012365 -0.04841250309570455 0.007458093758458517 -0.005150559864659954 0.0035277992493780263 -1.2511242008133368 0.02371504394453753 9.656235717721589e-05 0.0001932729875424588 0.00352764946125458 -1.251131855713445 0.02371412193471245 0.23175720581179535 0.2328544482131599
12.819548872180448 0.035590667104950235 0.0034104369057312775 -1.2244168969650766 0.022646234276243866 -0.045578647859514376 0.006971625550818317 -0.004922075951157012 0.0034544517837880317 -1.2284093949063084 0.022980380949091248 8.956857396176914e-05 0.00017927656251415236 0.003454315507818803 -1.228416163132199 0.02297955358389214 0.22577333698858676 0.22683572769547927
12.89473684210526 0.03527008312554526 0.0033410717603533707 -1.2023047405634728 0.021951348252920597 -0.04290378782212656 0.006516628954159387 -0.00470419071692163 0.0033836133442465693 -1.206207011706941 0.022271380521670395 8.308131284808735e-05 0.00016629356076736101 0.0033834893439382047 -1.2062129834583635 0.022270637819246587 0.22001572546397485 0.2210447250694777
12.969924812030072 0.03495593947919279 0.0032740337921670676 -1.1807027511194894 0.021280783107601817 -0.04037955505992841 0.006091089878680123 -0.004496298877540994 0.0033151679007108674 -1.1845161372969495 0.021587338701680475 7.706389210745492e-05 0.0001542506280345357 0.0033150550545373177 -1.1845213948436084 0.021586671756570662 0.2144750128320455 0.21547201662101936
13.045112781954884 0.03464802252902758 0.0032092169162954488 -1.1596088866794296 0.020633860343368334 -0.03799797639229041 0.00569312030742708 -0.004297837521107795 0.0032490057363237113 -1.1633348041725824 0.02092754975201506 7.148228604782023e-05 0.00014307971634053285 0.0032489030268455714 -1.1633394223964566 0.020926950617343187 0.20914219215904767 0.21010853278935399
13.120300751879697 0.03434612828749583 0.003146520757553364 -1.1390201439672134 0.02000990090526291 -0.03575145872329699 0.005320950760761889 -0.004108283102766563 0.0031850230753711494 -1.1426600742242832 0.02029130832009973 6.630493275369241e-05 0.00013271770061629162 0.003184929579405267 -1.1426641211474933 0.02029076990272456 0.20400859872940236 0.2049455488235014
13.195488721804509 0.034050061901367105 0.0030858503172789117 -1.118932638449792 0.019408227182925532 -0.03363277453837554 0.0049729231625974535 -0.003927148621784227 0.0031231217338824635 -1.12248811926208 0.01967791142529559 6.150255573437278e-05 0.00012310602294618445 0.0031230366136182253 -1.12249165655658 0.019677427392504044 0.19906590070781996 0.1999746753562008
13.27067669172932 0.033759637166505825 0.0030271156602163134 -1.0993416816846915 0.018828164844609824 -0.031635047628867596 0.00464748412233007 -0.003753981010476082 0.0030632087914964313 -1.102814298834622 0.019086660276882925 5.7047998477921604e-05 0.00011419036247051206 0.0030631312864655485 -1.102817382310823 0.019086224973361 0.1943060897573282 0.19518784893558966
13.345864661654133 0.03347467607062805 0.0029702316202496405 -1.0802418557487934 0.018269044507632153 -0.02975173904985695 0.004343178567296491 -0.003588358661431812 0.003005196283297768 -1.0836332351348323 0.018516861927662522 5.2916070974868275e-05 0.00010592032909850779 0.003005125703113804 -1.0836359152072201 0.018516470301620576 0.18972147164853406 0.19057732254988918
13.421052631578945 0.033195008362389866 0.002915117523855304 -1.0616270845899172 0.017730203250988612 -0.027976633370997206 0.004058643754916602 -0.0034298891435753376 0.002949000910404486 -1.064938884830033 0.017967830768962367 4.908340734792519e-05 9.824917932033106e-05 0.002948936628196774 -1.064941206958372 0.017967478306404567 0.1853046568912295 0.18613565617640587
13.496240601503757 0.03292047114523654 0.0028616969302063624 -1.0434907021821285 0.01721098597643517 -0.02630382521928709 0.003792603612765788 -0.0032782070597932034 0.0028945437681587405 -1.0467246076932268 0.01743888987338087 4.552833378386375e-05 9.113355253209665e-05 0.002894485214632881 -1.0467266127985646 0.01743857253962212 0.18104855141563891 0.18185570738216225
13.57142857142857 0.03265090849454255 0.0028098973869235136 -1.0258255174014794 0.016710746624763257 -0.02472770616063258 0.0035438634136539804 -0.0031329720523558535 0.0028417500908422067 -1.0289832319491372 0.01692937219206522 4.22307460252331e-05 8.453322639423444e-05 0.0028416967489061293 -1.0289849568043348 0.016929086379694622 0.176946347327101 0.17773062200004067
13.646616541353382 0.032386171096657076 0.002759650200526499 -1.008623875572172 0.016228849254348074 -0.0232429519058428 0.0033113047296637887 -0.0029938668958777725 0.0027905490119016145 -1.01170711628162 0.016438621613651706 3.917199572852779e-05 7.841088985804934e-05 0.002790500411802279 -1.0117085938765764 0.016438364096233327 0.17299151375492028 0.17375382490117114
13.721804511278194 0.03212611590855039 0.0027108902206947425 -0.9918777166608503 0.015764668989229833 -0.021844509901654874 0.0030938807393283696 -0.002860595848289904 0.002740873338731051 -0.9948882084787051 0.015965993892229125 3.633478504349925e-05 7.273193258283683e-05 0.002740829053652186 -0.9948894683602654 0.015965761783093006 0.16917778781318982 0.16991901088142444
13.796992481203006 0.031870605836837713 0.0026635556374991613 -0.9755786301245783 0.01531759284417701 -0.02052758725162107 0.0028906117120186536 -0.0027328828739712208 0.0026926593411150256 -0.9785181007172967 0.01551085745180725 3.370306883042681e-05 6.746424956904917e-05 0.0026926189831915446 -0.9785191693052671 0.015510648167386839 0.1654991656889545 0.16622013567736554
13.872180451127818 0.03161950943502526 0.0026175877908162777 -0.9597179064391042 0.014887020434180982 -0.019287639041181137 0.002700580865592883 -0.0026104702700138205 0.0026458465524909374 -0.9625880815139238 0.015072594074857606 3.126196394925018e-05 6.257805990417253e-05 0.002645809769199587 -0.9625889823930454 0.015072405302045299 0.1619498938707041 0.16265140712460166
13.94736842105263 0.03137270061789777 0.0025729309911830655 -0.9442865853551077 0.014472364575849469 -0.018120357024599798 0.0025229303771823197 -0.002493117129148459 0.0026003775832403827 -0.9470891843868045 0.01465059948244071 2.8997665118654774e-05 5.804573861134532e-05 0.002600344054130629 -0.9470899385765291 0.014650429149536154 0.1585244605282026 0.15920727646960642
14.022556390977442 0.031130058392026247 0.0025295323513950985 -0.9292755009463997 0.014073051788060554 -0.017021658701509068 0.002356857695644976 -0.0023805980925999393 0.002556197945267292 -0.932012233293132 0.01424428381338501 2.6897366864566873e-05 5.384166064770213e-05 0.0025561673789996253 -0.9320128594956387 0.014244130064222968 0.15521758705283117 0.15588242984408338
14.097744360902254 0.030891466601439394 0.0024873416281927354 -0.9146753235296428 0.01368852269913806 -0.01598767676759394 0.0022016120349519497 -0.0022727020843547052 0.002513255887166089 -0.917347884919389 0.013853072009825704 2.494919112133013e-05 4.9942056183915895e-05 0.0025132280188283744 -0.9173483997473083 0.013852933180738335 0.15202421976606625 0.15267177990948222
14.172932330827066 0.030656813687560378 0.002446311073419137 -0.9004765985458264 0.013318232367593177 -0.01501474894638477 0.002056491086960932 -0.002169231140243255 0.002471502239325889 -0.90308666791518 0.013476404116242223 2.3142120072465672e-05 4.63248763447055e-05 0.0024714768280011783 -0.9030870861001712 0.013476278715540219 0.1489395218022155 0.14957045767776267
14.248120300751879 0.03042599246255999 0.002406395294071616 -0.8866697825051647 0.012961650523304382 -0.014099408204828023 0.0019208379590622826 -0.002069999417614099 0.0024308902683571375 -0.889219019171794 0.013113735498929534 2.1465933854666226e-05 4.2969668659020854e-05 0.0024308670949188898 -0.8892193537548889 0.013113622188616957 0.1459588651703995 0.1465738045133176
14.32330827067669 0.03019889989533369 0.002367551120702441 -0.8732452761035021 0.012618261735726643 -0.013238373338651854 0.0017940382577990022 -0.0019748321259100976 0.002391375540264586 -0.8757353172533637 0.012764536992558608 1.991115277167242e-05 3.9857461516024095e-05 0.0023913544053777466 -0.8757355797587006 0.012764434572042793 0.14307782299958588 0.14367736431986144
14.398496240601503 0.02997543690935642 0.002329737483658735 -0.8601934546258813 0.012287565515493646 -0.012428539909791425 0.0016755173554372504 -0.001883564594351128 0.002352915791826498 -0.8626259130965259 0.01242829498025369 1.846898369412914e-05 3.6970656980939154e-05 0.0023528965141348334 -0.8626261136893814 0.012428202371825205 0.14029216196963934 0.14087687591513978
14.473684210526315 0.02975550819171027 0.002292915296681841 -0.8475046957561484 0.011969076355462342 -0.011666971582798169 0.0015647378789083177 -0.0017960415262905371 0.0023154708096730574 -0.8498811580973555 0.012104511413286813 1.713127033654862e-05 3.429293135936984e-05 0.002315453224155029 -0.8498813057274344 0.012104427649167979 0.13759783493045455 0.13816826559547948
14.548872180451127 0.029539022012629954 0.0022570473474160546 -0.8351694049151621 0.011662323716971389 -0.010950891773433113 0.0014611972775924187 -0.0017121161091608883 0.002279002316588595 -0.8374914297085958 0.011792703776215786 1.589044713863915e-05 3.180914295997095e-05 0.0022789862730659585 -0.837491532240096 0.011792627987014755 0.13499097371058513 0.13554763989157634
14.62406015037594 0.029325890054942367 0.002222098194403963 -0.8231780382509937 0.011366851966761045 -0.010277675685642862 0.0013644256264910837 -0.0016316494409807092 0.002243473864591829 -0.8254471546719332 0.011492405002982996 1.4739496484867837e-05 2.950524652756137e-05 0.0022434592263763766 -0.8254472190009196 0.011492336407386557 0.13246788211611843 0.13301127851621425
14.699248120300751 0.029116027252822804 0.002188034070171941 -0.8115211234068291 0.011082220269736764 -0.009644842635537998 0.0012739834363912905 -0.0015545095994866642 0.002208850734375679 -0.8137388300094094 0.011203163349149878 1.3671909018729201e-05 2.7368213866174607e-05 0.002208837377041327 -0.8137388621703077 0.01120310124473639 0.13002502912013503 0.13055562750416286
14.774436090225564 0.02890935163931747 0.0021548227900330657 -0.800189278188729 0.010808002442377418 -0.009050048758979301 0.0011894597722914568 -0.0014805713399823617 0.00217509984071469 -0.8023570418993631 0.01092454222516872 1.2681646837462635e-05 2.5385960210511094e-05 0.0021750876509828558 -0.8023570471603889 0.010924485980194127 0.12765904224244543 0.12817729254391627
14.849624060150376 0.0287057842021197 0.002122433666258502 -0.7891732272581867 0.010543786771377014 -0.008491080002613671 0.0011104703345381495 -0.0014097152844101402 0.002142189643472254 -0.7912924825598217 0.010656119995253675 1.1763109344047001e-05 2.354727591935557e-05 0.0021421785182001276 -0.7912924655093504 0.0106560690413263 0.1253667011191913 0.12587303250082124
14.924812030075188 0.028505248747120418 0.0020908374272889385 -0.7784638169677509 0.010289175801703227 -0.00796584544522716 0.0010366557711734004 -0.0013418275812000502 0.002110090063862889 -0.7805359652610455 0.010397489746125053 1.091110157879073e-05 2.184176311648134e-05 0.0021100799091247854 -0.7805359298849148 0.010397443571655538 0.12314493126122816 0.12363975313049143
15.0 0.02830767176927433 0.002060006141678825 -0.768052028459686 0.010043786098056612 -0.007472370922727123 0.0009676800678448672 -0.0012767994581395214 0.002078772405646136 -0.7700784375849923 0.010148259029573515 1.0120804839933014e-05 2.0259776917552763e-05 0.0020787631358992987 -0.7700783873358754 0.01014821717392132 0.12099079800025564 0.12147450098132291
