1.0 0.6763649992999571 0.2045389108233296 -0.014715764129233729 0.13341281123562737 1.0682794962554216 -9.367245606522696 -5.222715562895782 0.28156859916542526 -0.532490605620316 0.1723707271117215 0.6928117741870495 0.666815744497943 0.20597668479192757 -0.014406729877724561 0.1339783749290432 0.00033200455313923987 0.00031909072795992374 -1.1102230246251565e-16 0.6928117741870494
1.011608643249581 0.6763956743149971 0.2027529360305228 -0.015424076897629552 0.1333966716409512 1.1663798443786413 -9.45225933365003 -5.031568477567543 0.2789831803118515 -0.5339906265492685 0.17106979385362223 0.7008217614414052 0.6668300764753977 0.2041798421735444 -0.015099682940909366 0.1339448772402745 0.00036579103135666 0.0003515887279014076 -1.1102230246251565e-16 0.7008217614414051
1.0233520470972581 0.6764279176411785 0.20097889090837112 -0.01616779697026175 0.13342006204374135 1.267265550293131 -9.53767841809337 -4.83571198785145 0.27641531173755696 -0.5354770496590926 0.16977201856047844 0.7089216179463392 0.6668455975341753 0.20239500480540704 -0.015827242885980287 0.13395036494050908 0.0004029545493210655 0.0003873392305349643 0.0 0.7089216179463392
1.0352317759307386 0.6764618112365003 0.1992168402447142 -0.016948309279025107 0.13348400949347494 1.371002338697952 -9.623498775978963 -4.635188766218964 0.2738650131988632 -0.5369497429990207 0.16847753429856524 0.7171121304005371 0.6668623887039168 0.2006222359890295 -0.016590760778358027 0.1339958486613033 0.0004437998585234152 0.00042663641304066475 -1.1102230246251565e-16 0.717112130400537
1.0472494122981486 0.6764974405240253 0.1974668472481592 -0.017767017855763165 0.13358951291670018 1.477656892955735 -9.709717523802755 -4.430060961945521 0.2713323017598606 -0.5384085675280691 0.16718647121699606 0.7253940773285233 0.6668805350882802 0.19886159733958925 -0.01739160612347018 0.13408231112428126 0.0004886535169731438 0.0004697955990290984 2.220446049250313e-16 0.7253940773285236
1.0594065571188513 0.6765348944619292 0.19572897353152977 -0.018625343652924786 0.1337375395621931 1.587296829965012 -9.796333075343702 -4.220410587756651 0.26881719183965874 -0.5398533768402917 0.16589895656082884 0.7337682281311314 0.6669001259665491 0.19711314876966182 -0.018231164734288582 0.13421070364810309 0.0005378646911011495 0.0005171540493040946 -1.1102230246251565e-16 0.7337682281311313
1.071704829896711 0.6765742656098694 0.19400327909188025 -0.019524722207855585 0.1339290213960319 1.6999906728734047 -9.88334523099737 -4.006339757469972 0.26631969525857996 -0.5412840168966444 0.16461511468518022 0.7422353421051145 0.666921254891143 0.19537694846983802 -0.019110836447835587 0.13438194260817796 0.0005918058994857154 0.0005690716976499205 -1.1102230246251565e-16 0.7422353421051144
1.0841458689358348 0.6766156501913382 0.19228982228706168 -0.02046660115167917 0.1341648514583855 1.8158078216887423 -9.970755258011813 -3.787970764861607 0.26383982128323585 -0.5427003257644801 0.1633350670703137 0.7507961674325625 0.666944019780572 0.19365305288622417 -0.020032032691799203 0.13459690586085343 0.0006508736885776388 0.0006259318220548378 -2.220446049250313e-16 0.7507961674325623
1.0967313315588179 0.6766591481516655 0.19058865980884346 -0.02145243756436327 0.13444588019433826 1.934818521853621 -10.058565960164493 -3.5654459959390894 0.26137757667043077 -0.5441021333657199 0.16205893233766805 0.7594514401408892 0.6669685230073771 0.19194151669483903 -0.02099617390304253 0.13485642914431434 0.0007154892308586925 0.0006881416420008192 2.220446049250313e-16 0.7594514401408894
1.109462894327522 0.6767048632113349 0.18889984665260873 -0.022483695178230872 0.1347729117715587 2.057093830854191 -10.146781735508418 -3.338927669017414 0.2589329657098403 -0.5454892612347484 0.16078682626679144 0.7682018830342783 0.6669948714805973 0.1902423927729324 -0.0220046868004301 0.13516130246889602 0.0007860988363053174 0.0007561328328391563 3.3306690738754696e-16 0.7682018830342786
1.1223422532664178 0.6767529029142848 0.18722343608365494 -0.023561841432857063 0.13514670039806562 2.1827055829376087 -10.235408620936608 -3.1085973994327945 0.25650599026541926 -0.5468615222870915 0.15951886181314814 0.777048204597587 0.6670231767223108 0.18855573216726956 -0.023059001515072695 0.13551226650993914 0.0008631743686466152 0.000830361948837606 3.3306690738754696e-16 0.7770482045975873
1.1353711240885187 0.6768033786708678 0.18555947960015146 -0.02468834438497658 0.13556794665372413 2.311726352013028 -10.324454322466519 -2.8746555883437623 0.2540966498154976 -0.5482187205999404 0.15825514912676555 0.7859910978738304 0.6670535549377974 0.18688158405943636 -0.024160548581745492 0.1359100090166743 0.0009472135586963634 0.0009113107472185704 -2.220446049250313e-16 0.7859910978738301
1.1485512424239381 0.6768564057951468 0.18390802689281482 -0.025864669477742856 0.13603729384946475 2.4442294128087574 -10.413928230325949 -2.637320637797692 0.2517049414915284 -0.5495606512055817 0.15699579557168858 0.7950312393164793 0.6670861270788799 0.1852199957282323 -0.025310755795950622 0.1363551612509593 0.0010387402079936002 0.0009994864064059 2.220446049250313e-16 0.7950312393164796
1.1618843640511005 0.6769121035362182 0.18226912580138596 -0.02709227617438044 0.1365553244284922 2.580288700353661 -10.503841418128694 -2.3968279970288764 0.24933086011545866 -0.5508870998987894 0.15574090574620963 0.8041692876179346 0.6671210189000102 0.18357101250924068 -0.026511044941749617 0.13684829446994567 0.0011383042770866142 0.001095421632737763 3.3306690738754696e-16 0.8041692876179349
1.1753722651306362 0.6769705951032524 0.1806428222680028 -0.028372614462003037 0.1371225564239997 2.7199787678429437 -10.594206625654286 -2.153429047725462 0.2469743982356977 -0.5521978430592241 0.15449058150384404 0.8134058825156436 0.6671583610066719 0.1819346777516722 -0.027762828396218686 0.13738991646697246 0.0012464818540221796 0.0011996746510741308 0.0 0.8134058825156436
1.1890167424419895 0.6770320076839625 0.17902916028758045 -0.02970712123208693 0.13773943998807772 2.863374742938258 -10.68503822498993 -1.907389838693463 0.24463554616166525 -0.5534926474898713 0.1532449219750187 0.8227416435774545 0.6671982888956911 0.1803110327725949 -0.029067505617054637 0.13798046818513385 0.001363874999927445 0.0013128290759974826 1.1102230246251565e-16 0.8227416435774546
1.2028196136227776 0.6770964724562145 0.1774281818553267 -0.031097216544819357 0.1384063540066322 3.010552282540138 -10.776352170046197 -1.6589896828826285 0.24231429199690588 -0.554771270272538 0.15200402358944526 0.8321771689679219 0.6672409429870536 0.17870011680867753 -0.030426459520564036 0.13862032041806915 0.0014911114699681398 0.0014354936616524077 0.0 0.8321771689679219
1.2167827174109234 0.6771641245925054 0.1758399269115359 -0.03254429978526131 0.13912360281518504 3.1615875260557735 -10.868165929715769 -1.4085196320586109 0.24001062167076492 -0.5560334586413891 0.15076798009914708 0.8417130341973762 0.6672864686468483 0.17710196696558925 -0.031841052757953826 0.13930977061255037 0.001628844309400139 0.0015683019296600614 -1.1102230246251565e-16 0.8417130341973761
1.2309079138896024 0.6772351032570627 0.17426443328381566 -0.03404974571998991 0.13989141303044078 3.316557047169784 -10.960498405200964 -1.1562808464418153 0.23772451896862312 -0.5572789498754963 0.14953688260211218 0.8513497908557003 0.6673350162009709 0.1755166181652058 -0.03331262389852825 0.14004903978742914 0.00177775132586933 0.0017119116759459947 0.0 0.8513497908557003
1.2451970847350329 0.6773095515953063 0.1727017366269233 -0.03561490046358833 0.14070993051243028 3.4755378041087925 -11.053369832283312 -0.9025828783385291 0.23545596556069776 -0.5585074712113299 0.14831081956654218 0.8610879653328596 0.6673867409392443 0.17394410309079308 -0.03484248352906329 0.14083826958340287 0.0019385344405210567 0.0018670043587004988 -2.220446049250313e-16 0.8610879653328594
1.2596521334671402 0.6773876167154645 0.17115187036039348 -0.03724107736506342 0.14157921747193392 3.6386070883729826 -11.14680166954135 -0.647741890113293 0.2332049410294199 -0.5597187397760861 0.1470898768556713 0.8709280575283332 0.6674418031096303 0.1723844521303456 -0.036431910279291886 0.1416775194579236 0.0021119189218243126 0.0020342843710178336 0.0 0.8709280575283332
1.2742749857031337 0.6774694496621226 0.1696148656041607 -0.0389295528249434 0.14249924973768208 3.8058424718911255 -11.240816473736198 -0.3920788277677279 0.23097142289540792 -0.5609124625427133 0.14587413775312588 0.8808705395517128 0.6675003679022331 0.1708376933182727 -0.038082146784067926 0.14256676403934074 0.002298652507262571 0.0022144782030025455 -1.1102230246251565e-16 0.8808705395517127
1.2890675894140264 0.6775552053815193 0.1680907511123884 -0.040681562054488175 0.14346991419759264 3.977321752538596 -11.335437763771171 -0.13591757187331674 0.22875538664205833 -0.5620883363074424 0.14466368298879945 0.8909158544168155 0.6675626054228174 0.1693038522756353 -0.03979439559340293 0.14350589065410366 0.002499504419168526 0.002408333499261004 4.440892098500626e-16 0.890915854416816
1.304031915184131 0.6776450426784205 0.16657955320573095 -0.04249829478908348 0.1444910064279783 4.153122897942863 -11.43068987478994 0.12041691234708016 0.22655680573878623 -0.5632460476905922 0.14345859076521608 0.9010644147317736 0.6676286906555916 0.16778295214914699 -0.04156981504215841 0.14449469704049595 0.0027152642819566085 0.0026166180186881455 3.3306690738754696e-16 0.9010644147317739
1.3191699564735717 0.6777391241644182 0.1650812957022665 -0.04438089096851353 0.1455622285242761 4.333323987487441 -11.526597804102003 0.37660040437912157 0.22437565166294854 -0.5643852731613522 0.1422589367843565 0.9113166013876378 0.6676988034150301 0.16627501354916682 -0.04340951509173994 0.14553288926196897 0.0029467409488184767 0.002840118504294611 1.1102230246251565e-16 0.9113166013876379
1.3344837298838386 0.6778376161975264 0.16359599984734993 -0.04633043639739516 0.14668318714639783 4.518003152413619 -11.623187050713527 0.6323112166036498 0.2222118939204926 -0.5655056790872109 0.14106479427492158 0.9216727622481259 0.6677731282865433 0.16478005448691324 -0.045314553156693055 0.1466200798326616 0.0031947612465780205 0.0030796394714866604 3.3306690738754696e-16 0.9216727622481262
1.3499752754264305 0.6779406888129672 0.1621236842426455 -0.04834795839961717 0.14785339179128826 4.707238513910633 -11.720483450294337 0.8872319218729317 0.22006550006537626 -0.5666069218086098 0.13987623402000932 0.9321332108432232 0.6678518545558288 0.16329809031114578 -0.047285929929567115 0.14775578606716433 0.0034601686478475946 0.003336001923692058 4.440892098500626e-16 0.9321332108432236
1.3656466567946106 0.678048515645065 0.16066436477460885 -0.050434421481144236 0.14907225330469162 4.901108119079515 -11.818513007428008 1.141051002553928 0.21793643571781177 -0.5676886477393679 0.1386933243851799 0.9426982250694155 0.6679351761267673 0.16182913364456525 -0.04932458521790794 0.14893942866597235 0.003743821879883135 0.003610042004531763 6.661338147750939e-16 0.9426982250694161
1.3814999616383223 0.6781612738401844 0.1592180545426959 -0.052590723016026714 0.15033908264348356 5.099689874652262 -11.917301726972429 1.3934644049225804 0.2158246645813896 -0.568750493493335 0.1375161313468863 0.953368045899405 0.6680232914277648 0.16037319432018768 -0.051431393807636665 0.1501703305474199 0.004046593479608568 0.003902609595856331 -4.440892098500626e-16 0.9533680458994046
1.3975373018422914 0.6782791439606801 0.1577847637875861 -0.05481768897088184 0.15165308989920756 5.303061478349544 -12.016875446305487 1.6441769848309422 0.21373014845914642 -0.5697920860376727 0.13634471852124616 0.9641428761042097 0.6681164033064668 0.15893027931796086 -0.0536071613674494 0.15144771593614625 0.004369368304176553 0.0042145668709163454 1.1102230246251565e-16 0.9641428761042098
1.4137608138073605 0.6784023098798448 0.15636449981971032 -0.057116069683506854 0.15301338359269082 5.511300347762942 -12.117259670146835 1.8929038327845649 0.2116528472686408 -0.5708130428730865 0.13517914719313368 0.9750228789906156 0.6682147189128114 0.157500392701888 -0.05585262040918933 0.15277070971738113 0.004713042006171392 0.0045467868117238745 5.551115123125783e-16 0.9750228789906161
1.4301726587350876 0.6785309586678693 0.15495726694838602 -0.05948653571159233 0.15441897024876022 5.724483546656009 -12.218479409535956 2.1393714688905985 0.20959271905611068 -0.5718129722412555 0.13401947634556757 0.9860081771569731 0.6683184495704152 0.15608353555793825 -0.05816842631942084 0.15413833706545987 0.0050785194821521525 0.00490015169930965 -1.1102230246251565e-16 0.986008177156973
1.446775022915648 0.678665280468856 0.15356306641185963 -0.06192967376779276 0.15586875425920146 5.942687708587533 -12.320559026413502 2.383318900518041 0.20754972000978597 -0.572791473359632 0.13286576268937506 0.9970988512703804 0.6684278106363252 0.15467970593301777 -0.060555153477627355 0.15554952335411462 0.005466713302709698 0.005275551585097192 -4.440892098500626e-16 0.99709885127038
1.46357011801908 0.6788054683689471 0.15218189630856638 -0.06444598275759908 0.15736153804112646 6.1659889577743865 -12.423522085100936 2.6244985378797296 0.20552380447243637 -0.5737481366837046 0.13171806069310918 1.0082949388683256 0.6685430213492024 0.15328889877528273 -0.06301329147661501 0.15700309435510007 0.00587854213158395 0.005673882751035293 2.220446049250313e-16 1.0082949388683258
1.4805601813899107 0.6789517182556606 0.15081375152991636 -0.06703586993660927 0.15889602249691934 6.394462827126773 -12.52739121180787 2.8626769650579513 0.2035149249532354 -0.5746825441967345 0.13057642261319963 1.019596433187863 0.668664304666038 0.15191110587607579 -0.06554324146078663 0.15849777673072787 0.006314929140689632 0.0060960461654667696 2.220446049250313e-16 1.0195964331878633
1.4977474763452012 0.6791042286685516 0.1494586236949189 -0.0696996472038564 0.1604708077808554 6.628184173406631 -12.632187963122151 3.097635566196265 0.20152303213902817 -0.5755942697268875 0.12944089852431565 1.0310032820254185 0.6687918870875375 0.15054631581376804 -0.06814531259796461 0.16003219882482023 0.006776800427148869 0.006542945940992031 -4.440892098500626e-16 1.031003282025418
1.515134292476053 0.6792632006413364 0.1481165010869578 -0.07243752754784494 0.1620843943763703 6.867227089480792 -12.737932704259274 3.3291710086311133 0.19954807490508977 -0.5764828792916169 0.12831153634992265 1.0425153866303196 0.6689259984723434 0.14919451389978855 -0.07081971870038088 0.1616048917554934 0.007265083437652839 0.007015487799831887 0.0 1.0425153866303196
1.5327229459526137 0.6794288375356541 0.14678736859302718 -0.07524962166187155 0.16373518448680063 7.111664813660641 -12.84464449766836 3.557095586604918 0.197590000325465 -0.5773479314690475 0.12718838189301096 1.0541326006351364 0.6690668718403037 0.1478556821271162 -0.07356657501035244 0.1632142908120458 0.007780705404696197 0.007514577551434024 2.220446049250313e-16 1.0541326006351366
1.5505157798326246 0.6796013448666515 0.14547120764573915 -0.07813593474502877 0.16542148374119758 7.361569636144827 -12.95234100241788 3.781237430858861 0.1956487536829841 -0.5781889777960386 0.126071478866979 1.0658547290258826 0.6692147431650228 0.14652979912151726 -0.0763858951659125 0.16485873715703928 0.008324591798462665 0.00804111958630364 2.220446049250313e-16 1.0658547290258826
1.5685151643735473 0.6797809301206205 0.14416799616840692 -0.08109636350506153 0.1671415032155874 7.617012802603346 -13.061038384616001 4.001440590835203 0.19372427847904575 -0.5790055631925127 0.12496086892665158 1.0776815271551254 0.669369851155971 0.14521684009579552 -0.07927758836144042 0.1665364798334643 0.008897664797413378 0.008596015389317677 0.0 1.0776815271551254
1.5867234973483177 0.6799678025649151 0.14287770852350723 -0.08413069337889116 0.16889336176875272 7.878064414966631 -13.170751238964003 4.2175649974105545 0.19181651644326642 -0.5797972264115605 0.12385659169941542 1.0896126998009905 0.6695324370304582 0.143916776807324 -0.08224145671793706 0.16824567807562724 0.009500841779946026 0.00918016207508778 0.0 1.0896126998009905
1.605143204364762 0.6801621730504307 0.1416003154648153 -0.08723859598622025 0.1706750886903187 8.144793329506696 -13.281492521396062 4.429486315035573 0.18992540754308934 -0.5805635005147286 0.12275868481645263 1.1016479002750026 0.6697027442758118 0.14262957751912 -0.08527719287716937 0.16998440392114705 0.010135033838876215 0.009794450947305635 0.0 1.1016479002750026
1.6237767391887217 0.6803642538069301 0.14033578409350217 -0.09041962683111136 0.17248462665758646 8.417267052321552 -13.393273492628696 4.637095692872306 0.18805088999345274 -0.5813039133718354 0.1216671839440566 1.113786729581648 0.6698810184021304 0.14135520696471604 -0.0883843778333922 0.17175064512016897 0.010801144319941822 0.010439766083435553 6.661338147750939e-16 1.1137867295816486
1.6426265840709315 0.6805742582315268 0.13908407781847557 -0.09367322326583215 0.17431983499620946 8.695551632357414 -13.506103672328683 4.8402994250101 0.1861929002666118 -0.5820179881845611 0.12058212281501071 1.1260287356324723 0.670067506686015 0.14009362631707256 -0.09156247901574538 0.1735423083366087 0.011500067385057614 0.01111698294561827 2.220446049250313e-16 1.1260287356324725
1.661695250077689 0.6807924006706652 0.13784515632123379 -0.09699870273057386 0.176178493238452 8.979711552125558 -13.619990803509497 5.039018530117131 0.1843513731022133 -0.5827052440329791 0.11950353326001509 1.1383734125174354 0.6702624579057087 0.13884479316177012 -0.0948108486337462 0.17535722263495296 0.012232686600654435 0.011826967018226704 0.0 1.1383734125174354
1.6809852774253642 0.6810188961959539 0.13661897552549426 -0.1003952612818692 0.1780583049714089 9.269809616292275 -13.734940826684774 5.233188260965655 0.18252624151771574 -0.5833651964441253 0.11843144523914334 1.1508201998361738 0.6704661220681085 0.13760866147470197 -0.09812872229754667 0.17719314324484972 0.01299987355112347 0.012570572472168915 4.440892098500626e-16 1.1508201998361742
1.7004992358187931 0.6812539603742281 0.13540548757184487 -0.10386197242165894 0.17995690196619638 9.56590683834063 -13.850957863241245 5.422757554173783 0.18071743681925206 -0.583997357981609 0.11736588687331384 1.1633684820917014 0.6706787501281333 0.13638518160448604 -0.10151521792376529 0.1790477555944301 0.013802486477149748 0.013348640855758948 2.220446049250313e-16 1.1633684820917016
1.7202397247935985 0.6814978090322372 0.13420464079765385 -0.1073977862380113 0.18187184857779282 9.868062325522102 -13.968044207443807 5.607688430259656 0.17892488861302547 -0.5846012388552058 0.11630688447575971 1.176017588148976 0.670900593700964 0.1351743002597958 -0.1049693349367959 0.1809186796020517 0.014641368938561003 0.014161999811778786 0.0 1.176017588148976
1.7402093740624849 0.6817506580163748 0.13301637972246 -0.11100152886744363 0.18380064640386107 10.176333162332734 -14.086200326449427 5.787955353724263 0.17714852481733065 -0.5851763475492929 0.1152544625834811 1.1887667907606414 0.6711319047676941 0.13397596050179725 -0.10848995377451723 0.1828034742148868 0.015517348501226096 0.015011461820230863 -2.220446049250313e-16 1.188766790760641
1.760410843865553 0.6820127229478773 0.1318406450390494 -0.1146719022876832 0.18574073918960002 10.490774292765645 -14.205424867685325 5.963544562394276 0.17538827167528714 -0.5857221914689245 0.11420864398866601 1.201615306162115 0.6713729353749502 0.13279010174186737 -0.11207583570623991 0.184699642181588 0.016431235447512935 0.015897822966207766 4.440892098500626e-16 1.2016153061621153
1.780846825324682 0.6822842189739429 0.13067737361040954 -0.1184074844484901 0.18768951796438924 10.811438401605209 -14.325714672936876 6.1344533746840435 0.1736440537683715 -0.5862382776022653 0.11316944977006384 1.2145622937380645 0.6716239373290668 0.13161665974475248 -0.11572562296961032 0.1866046350450675 0.017383821509844955 0.016821861732302427 2.220446049250313e-16 1.214562293738065
1.8015200408020253 0.6825653605152314 0.12952649847273293 -0.12220672974690473 0.18964432639478854 11.138375795041743 -14.447064798492075 6.300689482801531 0.1719157940308295 -0.5867241131980535 0.11213689932429682 1.2276068557621516 0.6718851618854146 0.13045556663730862 -0.11943783923201289 0.18851585834030832 0.018375878626977246 0.017784337815027935 0.0 1.2276068557621516
1.8224332442626665 0.6828563610102177 0.12838794884462634 -0.12606796985192104 0.19160246633726036 11.471634280896485 -14.569468540700347 6.462270239243059 0.17020341376504666 -0.5871792064566915 0.11111101039709614 1.2407480372117816 0.6721568594335049 0.1293067509229514 -0.12321089038072885 0.19043067698104185 0.019408157722731814 0.01878599096479267 6.661338147750939e-16 1.2407480372117823
1.8435892216414884 0.6831574326568929 0.12726165014266058 -0.12998941488220087 0.19356120357289672 11.811259048756328 -14.692917466321815 6.619221943216686 0.1685068326579528 -0.58760306723352 0.11009179911444794 1.2539848256594313 0.6724392791785031 0.12817013750192086 -0.12704306564485293 0.1923464208181112 0.020481387507088777 0.019827539849109604 2.220446049250313e-16 1.2539848256594317
1.8649907912142971 0.6834687861522938 0.1261475240033785 -0.1339691549389642 0.19551777370536935 12.157292550326094 -14.81740144706869 6.771579132918316 0.1668259687985295 -0.587995207752761 0.1090792800136363 1.2673161512419242 0.6727326688198002 0.12704564769745694 -0.13093253905057242 0.19426039035138956 0.021596273299706183 0.020909680938853793 4.440892098500626e-16 1.2673161512419246
1.8866408039732578 0.6837906304303927 0.1250454883118549 -0.1380051619947062 0.19746938820237886 12.509774380312829 -14.942908697770909 6.919383888873176 0.165160738696487 -0.5883551433305984 0.10807346607416941 1.280740886708906 0.6730372742273061 0.12593319928795252 -0.13487737121007873 0.19616986257625474 0.022753495876143195 0.02203308741756456 6.661338147750939e-16 1.280740886708907
1.908542144006686 0.6841231723988339 0.12395545723688495 -0.14209529213682362 0.19941324055998177 12.868741158161013 -15.069425817631995 7.06268515285854 0.16351105730217128 -0.5886823931057918 0.10707436874857576 1.2942578475515172 0.6733533391161323 0.12483270654513841 -0.13887551144294374 0.19807209694481634 0.023953710337265018 0.023198408113968703 -2.220446049250313e-16 1.294257847551517
1.93069772888325 0.6844666166750585 0.12287734127285213 -0.14623728816367637 0.2013465125684013 13.234226410962894 -15.196937834079211 7.201538066253625 0.16187683802775588 -0.5889764807762047 0.1060819979930591 1.3078657922121188 0.6736811047203451 0.12374408027833746 -0.1429248002273206 0.19996434142141287 0.02519754500252531 0.024406266458078498 0.0 1.3078657922121186
1.953110510040632 0.6848211653223263 0.12181104728830756 -0.15042878252900016 0.20326638065723274 13.606260457868034 -15.325428248749589 7.336003331023754 0.1602579927697703 -0.5892369353395901 0.10509636229799778 1.3215634223757147 0.6740208094664744 0.1226672278847931 -0.14702297197697456 0.20184383861125918 0.026485600328029983 0.02565725946144535 -2.220446049250313e-16 1.3215634223757144
1.975783473178701 0.6851870175861733 0.12075647858126759 -0.15466730062898745 0.20517002229737633 13.984870296319542 -15.45487908519414 7.466146595947712 0.15865443193300796 -0.5894632918369455 0.10411746871827816 1.335349383343499 0.674372688647463 0.12160205340607391 -0.151167658138571 0.20370783194064057 0.02781844785049401 0.026951956722301166 -4.440892098500626e-16 1.3353493833434986
1.9987196386572506 0.6855643696318282 0.11971353494121467 -0.1589502644247496 0.20705462243656725 14.370079490442633 -15.58527093792165 7.592037870141393 0.157066064455853 -0.5896550920967384 0.10314532290344997 1.3492222644887795 0.6747369740977515 0.1205484575905218 -0.15535639060228637 0.20555357186664303 0.029196629158397863 0.028290899456531834 4.440892098500626e-16 1.3492222644887797
2.021922061898354 0.6859534142831103 0.11868211271776426 -0.16327499639126272 0.2089173799450078 14.761908061909574 -15.716583022442165 7.7137509654205285 0.1554927978370584 -0.5898118854782802 0.10217992912769094 1.363180599795299 0.6751138938701838 0.11950633796169752 -0.15958660541733394 0.20737832209409915 0.03062065489182723 0.029674599555592377 0.0 1.363180599795299
2.0453938337933892 0.6863543407633548 0.11766210489593412 -0.16763872378235084 0.2107555140473962 15.16037238360305 -15.848793226008612 7.831362968583548 0.153934538164002 -0.5899332296125213 0.10122129031957275 1.3772228684777712 0.6755036719154227 0.11847558889275661 -0.1638556468025561 0.2091793657772893 0.0320910037726491 0.031103538672619155 2.220446049250313e-16 1.3772228684777714
2.0691380811147897 0.6867673344388652 0.11665340117793332 -0.1720385831996891 0.2125662707175245 15.565485076395113 -15.981878158790263 7.944953744279779 0.15239119014243963 -0.5900186911385368 0.10026940809161355 1.3913474956842493 0.675906527764556 0.11745610168666597 -0.16816077144090924 0.21095401168382408 0.03360812166681286 0.03257816733816459 -2.220446049250313e-16 1.391347495684249
2.0931579669325737 0.6871925765654265 0.11565588807136144 -0.17647162545233827 0.2143469290116594 15.977254909353583 -16.115813205246265 8.054605468761123 0.15086265712777006 -0.5900678464339694 0.09932428276961068 1.405552853279706 0.6763226762155705 0.1164477646621529 -0.17249915304525412 0.2126996002982437 0.03517242068069417 0.03409890410707226 2.220446049250313e-16 1.4055528532797061
2.1174566910357124 0.6876302440383975 0.11466944898368676 -0.1809348206918622 0.2160948073170611 16.39568670368261 -16.25057257549937 8.160402194492304 0.14934884115781785 -0.5900802823377145 0.09838591342173962 1.4198372607100262 0.6767523270243596 0.11545046324525736 -0.17686788718162819 0.21441350984300162 0.0367842782934934 0.03566613473814117 6.661338147750939e-16 1.419837260710027
2.1420374903583843 0.6880805091468625 0.11369396432285142 -0.1854250638067028 0.2178072694922895 16.820781240694522 -16.38612935653843 8.262429445316108 0.14784964298713543 -0.5900555968631329 0.097454297887414 1.4341989859453708 0.6771956846009193 0.11446408006633972 -0.18126399633490603 0.21609316219482635 0.03844403652777639 0.03728021140829359 -2.220446049250313e-16 1.4341989859453705
2.1669036394111827 0.6885435393323724 0.11272931160382474 -0.1899391800582 0.21948173087636424 17.25253517410449 -16.522455563106636 8.360773841632932 0.1463649621228177 -0.5899933999001045 0.09652943280589243 1.448636246501674 0.6776529477113774 0.11348849506237771 -0.18568443520060593 0.21773602867485672 0.040152001160300224 0.038941451963031455 4.440892098500626e-16 1.4486362465016744
2.1920584507173255 0.6890194969527279 0.11177536556090953 -0.19447393093940632 0.2211156641443837 17.69094094692663 -16.659522188155073 8.455522754853753 0.14489469686181689 -0.5898933139042652 0.0956113136446272 1.463147210538844 0.6781243091864849 0.11252358558436157 -0.190126096185534 0.2193396356914801 0.041908440975288376 0.040650139205014105 0.0 1.463147210538844
2.217505275253932 0.6895085390513012 0.11083199826558081 -0.19902602023674285 0.22270660498789166 18.13598671324259 -16.79729925276427 8.546763990222654 0.14343874432973897 -0.5897549745717828 0.09469993472734377 1.4777299980339937 0.6786099556371801 0.11156922650958989 -0.19458581509890702 0.2209015702154575 0.043713587062328536 0.04240652022259283 4.440892098500626e-16 1.4777299980339942
2.243247502898419 0.6900108171323511 0.10989907924961796 -0.20359210027351812 0.22425215759906778 18.587656265100737 -16.935755855455362 8.634585496973182 0.14199700052109557 -0.5895780314980897 0.0937952892618434 1.4923826820278818 0.6791100671778195 0.11062529035863782 -0.19906037701474683 0.2224194850676781 0.04556763216104422 0.04421080576015741 6.661338147750939e-16 1.4923826820278825
2.2692885628800803 0.6905264769427638 0.10897647563327192 -0.20816877831342415 0.22574999993874073 19.04592896479129 -17.07486022082915 8.71907510468049 0.1405693603409797 -0.5893621488190048 0.09289736936752217 1.5071032899424965 0.6796248171576527 0.1096916474167634 -0.20354652228547607 0.22389110400075607 0.047470730054649794 0.04606316963211053 0.0 1.5071032899424965
2.2956319242369094 0.6910556582606782 0.10806405225818831 -0.21275262310135265 0.2271978887692504 19.510779682730938 -17.214579747486678 8.800320284595479 0.13915571764812762 -0.5891070058327467 0.09200616610259624 1.5218898049675698 0.6801543719010882 0.1087681658594956 -0.20804095268600825 0.22531422655664618 0.04942299501444029 0.047963748182273204 2.220446049250313e-16 1.52188980496757
2.322281096277725 0.6915984946913747 0.10716167182479396 -0.2173401715181901 0.22859366443431964 19.98217874117452 -17.35488105519715 8.878407934694026 0.13775596529932296 -0.588812297601374 0.09112166949102882 1.5367401675135999 0.6806988904572862 0.10785471188213519 -0.2125403376669618 0.22668673268354073 0.05142450129717753 0.049912639790433914 4.440892098500626e-16 1.5367401675136003
2.3492396290496593 0.6921551134708489 0.10626919503383217 -0.22192793532574662 0.22993525536933543 20.460091863958176 -17.495730031290172 8.95342418714202 0.13636999519509233 -0.58847773553026 0.09024386854915038 1.5516522767287964 0.6812585243595773 0.1069511498328859 -0.21704132069520768 0.22800658709644928 0.05347528269724147 0.051909904427707 2.220446049250313e-16 1.5516522767287966
2.3765111138110746 0.6927256352774395 0.1053864807317214 -0.2265124079775633 0.23122068232676637 20.944480132460807 -17.637091876257514 9.02545423686185 0.1349976983266386 -0.5881030479242562 0.08937275131196633 1.5666239920771934 0.6818334173951914 0.10605734234931855 -0.22154052565959223 0.22927184336711096 0.05557533215529287 0.053955563262269995 2.220446049250313e-16 1.5666239920771936
2.4040991835099716 0.693310174051863 0.1045133860593955 -0.23109007147109273 0.23244806230285245 21.43529994795659 -17.778931148557913 9.09458218988674 0.13363896482394919 -0.5876879805192806 0.08850830485914561 1.5816531349750251 0.6824237053857444 0.10517315049786154 -0.22603456331942673 0.2304806477302067 0.05772460142506167 0.05604959831693809 0.0 1.5816531349750251
2.432007513267948 0.6939088368259906 0.10364976660427232 -0.23565740321662298 0.23361561215318136 21.932503000511478 -17.921211808623195 9.160890930201736 0.13229368400501484 -0.5872322969881184 0.08765051534068459 1.59673749048229 0.6830295159789102 0.10429843391599762 -0.2305200377732423 0.23163124259420442 0.0599230007997262 0.05819195217992798 4.440892098500626e-16 1.5967374904822904
2.460239820869776 0.6945217235606902 0.10279547655498451 -0.24021088289835216 0.23472165188631594 22.43603624456131 -18.063897262069172 9.224462003794539 0.1309617444260879 -0.5867357794193117 0.08679936800224225 1.6118748090463169 0.6836509684516707 0.1034330509568407 -0.23499355292530905 0.23272196974662285 0.06217039889919185 0.06038252777002561 8.881784197001252e-16 1.6118748090463177
2.488799867258667 0.6951489269930163 0.10195036885849797 -0.24474699930317279 0.23576460762622561 22.945841881290256 -18.20695040211823 9.285375518671751 0.129643033932904 -0.5861982287680807 0.08595484721013882 1.6270628082939993 0.6842881735255081 0.10257685883575576 -0.23945171892756179 0.2337512732449554 0.06446662251940372 0.06262118815724349 0.0 1.6270628082939993
2.517691457037277 0.6957905324930241 0.10111429537923418 -0.24926225709303307 0.23674301423591082 23.461857347908833 -18.350333651242142 9.343710059635507 0.12833743971278808 -0.5856194652783073 0.08511693647601672 1.6422991748692495 0.6849412331938721 0.1017297137786791 -0.2438911585748325 0.23471770198603134 0.06681145654464912 0.0649077564399007 2.220446049250313e-16 1.6422991748692497
2.5469184389745405 0.6964466179304427 0.10028710705980692 -0.253753183497172 0.2376555175962696 23.98401531391278 -18.494009002036037 9.399542616661009 0.1270448483475622 -0.5849993288746872 0.08428561848115694 1.6575815663121323 0.6856102405622272 0.1008914711717898 -0.24830851363166212 0.23561991194811718 0.06920464392361565 0.06724201567890557 -4.440892098500626e-16 1.6575815663121318
2.576484706518376 0.6971172535514476 0.09946865408297596 -0.258216334901113 0.23850087653593627 24.512243684384966 -18.637938057334672 9.452948525764448 0.1257651458671666 -0.5843376795242479 0.08346087510044853 1.67290761297602 0.6862952797009426 0.10006198571218164 -0.2527004510694531 0.23645666810161953 0.07164588570978248 0.06962370888985889 0.0 1.67290761297602
2.6063941983143493 0.6978025018657044 0.0986587860344209 -0.26264830330996225 0.23927796440949622 25.046465610381112 -18.782082069582263 9.50400142130324 0.12449821780390563 -0.5836343975665145 0.08264268742600758 1.688274919979054 0.6869964255112685 0.09924111155917784 -0.2570636691933438 0.23722684598580857 0.07413484116651177 0.0720525390934346 -2.220446049250313e-16 1.6882749199790539
2.636650898730358 0.6985024175438808 0.09785735206593202 -0.2670457226644119 0.2399857703231638 25.58659950642305 -18.926401979467254 9.552773198704735 0.12324394924722437 -0.5828893840116921 0.0818310357904421 1.7036810691861006 0.6877137436045956 0.09842870248593381 -0.2613949036388646 0.23792943295052962 0.0766711279370199 0.07452816942431376 -2.220446049250313e-16 1.7036810691861004
2.667258838387406 0.6992170473257556 0.09706420105861695 -0.2714052749887451 0.24062340000865723 26.132559075100815 -19.070858453831896 9.599333986674806 0.12200222489892137 -0.5821025608063328 0.08102589978976074 1.7191236212173668 0.6884472901951718 0.09762461203096878 -0.2656909332193029 0.23856352906340478 0.0792543222791901 0.07705022329880222 6.661338147750939e-16 1.7191236212173675
2.698222094696537 0.6999464299390629 0.09627918178572337 -0.2757236963511898 0.24119007634763318 26.68425333876734 -19.215411922866224 9.643752127993336 0.12077292912870066 -0.5812738710660351 0.08022725830592328 1.734600117479763 0.6891971120064099 0.09682869364927343 -0.2699485856055179 0.23912834768453167 0.08188395936499271 0.07961828464104392 1.3322676295501878e-15 1.7346001174797643
2.7295447924020064 0.7006905960291482 0.09550214307467933 -0.27999778261808644 0.24168513955062057 27.241586678287536 -19.36002261659388 9.686094168059132 0.1195559460299635 -0.5804032792748266 0.07943508952902997 1.7501080822170842 0.6899632461908899 0.09604080086263728 -0.2741647428210539 0.23962321571215675 0.08455953364406886 0.08223189816763102 2.220446049250313e-16 1.7501080822170845
2.761231104130753 0.701449568099529 0.09473293396795815 -0.2842243949845645 0.24210804699593322 27.804458878786345 -19.50465060065646 9.726424850400972 0.11835115947574029 -0.5794907714509628 0.0786493709791495 1.7656450245750694 0.6907457202641247 0.09526078740885054 -0.27833634653633643 0.24004757350422032 0.08728049927083747 0.08489056973016774 -4.440892098500626e-16 1.765645024575069
2.7932852509482538 0.7022233604634022 0.09397140388238007 -0.2884004652657066 0.24245837273550236 28.372765182319018 -19.64925581140103 9.764807118425209 0.11715845317466174 -0.5785363552789816 0.07787007952778363 1.7812084406773796 0.6915445520521246 0.09448850738943354 -0.2824604031469944 0.24040097448204892 0.0900462705942828 0.08759376671523854 -2.220446049250313e-16 1.7812084406773794
2.825711502920828 0.7030119792060997 0.09321740276647211 -0.29252300093352857 0.24273580667596906 28.946396347368307 -19.79379809027363 9.801302122721477 0.1159777107268688 -0.5775400602079279 0.07709719141896772 1.7967958157085462 0.6923597496527659 0.09372381541555783 -0.2865339886224836 0.24068308442374992 0.09285622270938201 0.09034091850103539 4.440892098500626e-16 1.7967958157085466
2.8585141796844735 0.7038154221585285 0.09247078125551271 -0.2965890898865493 0.24294015344470668 29.52523871505635 -19.938237217520868 9.83596923329852 0.1148088156797589 -0.5765019375157678 0.07633068229000733 1.8124046259999655 0.6931913114109302 0.09296656675183027 -0.2905542531124139 0.2408936804561394 0.0957096920689545 0.09313141696970649 -6.661338147750939e-16 1.8124046259999649
2.8916976510202996 0.7046336788815238 0.09173139082390327 -0.3005959049401432 0.24307133095166503 30.109174281938493 -20.082532945198853 9.868866056169436 0.11365165158346936 -0.575422060340095 0.07557052719184976 1.8280323411150383 0.6940392259073557 0.09221661745762 -0.2945184252993628 0.24103264975514438 0.09860597715451518 0.0959646170743986 0.0 1.8280323411150383
2.9252663374366454 0.7054667306611044 0.09099908393451482 -0.3045407080274006 0.24312936865908222 30.69808077922937 -20.22664502948797 9.90004845375152 0.11250610204599694 -0.5743005236753231 0.07481670060909229 1.8436764259296117 0.6949034719611086 0.09147382452561537 -0.29842381648819166 0.2410999879657381 0.10154433920455537 0.0988398374597382 -1.3322676295501878e-15 1.8436764259296103
2.959224710757956 0.7063145505145215 0.09027371418467584 -0.3084208541017 0.24311440557214434 31.29183175829677 -20.370533262310612 9.92957056858925 0.11137205078785542 -0.5731374443366405 0.07406917647962595 1.8593343427039113 0.6957840186455472 0.09073804601731661 -0.3022678244232722 0.2410957973534194 0.104524002998491 0.10175636113439364 2.220446049250313e-16 1.8593343427039113
2.9935772947204895 0.7071771032070373 0.08955513644847697 -0.3122337947337624 0.24302668796462706 31.890296682238574 -20.51415750224708 9.957484849949887 0.1102493816961735 -0.5719329608910975 0.07332792821391694 1.8750035531422546 0.6966808253176302 0.0900091411951718 -0.3060479368264071 0.241020284700165 0.10754415769437535 0.10471343619420995 0.0 1.8750035531422546
3.0283286655749455 0.7080543452792817 0.08884320701508813 -0.3159770813974392 0.24286656685437544 32.49334102334676 -20.65747770474432 9.98384208287981 0.10913797887813867 -0.570687233556264 0.07259292871392672 1.8906815204368703 0.6975938416603839 0.08928697065108825 -0.3097617346495241 0.24087375895857077 0.11060395771830583 0.1077102765942445 -2.220446049250313e-16 1.89068152043687
3.063483452696085 0.7089462250850666 0.08813778372279524 -0.31964836844004213 0.24263449524421776 33.10082636624487 -20.800453951610788 10.008691419346283 0.1080377267136928 -0.5694004440669905 0.07186415039167164 1.9063657112922774 0.6985230077383193 0.08857139643105574 -0.313406895037679 0.24065662867860094 0.11370252370332998 0.11074606296795503 6.661338147750939e-16 1.9063657112922778
3.0990463391994285 0.7098526828394935 0.08743872608848453 -0.3232454157345021 0.24233102514452265 33.71261051647232 -20.943046479789853 10.032080411122996 0.10694850990739029 -0.5680727955108688 0.07114156518742476 1.922053597926753 0.6994682540655648 0.08786228215563832 -0.316981193999167 0.24036939922196668 0.11683894347552015 0.11381994349162543 0.0 1.922053597926753
3.1350220625651146 0.71077365067716 0.08674589543231818 -0.32676609101210463 0.2419568043941119 34.328547614277284 -21.085215709403798 10.054055044109953 0.1058702135393298 -0.5667045121330695 0.07042514458756119 1.937742660047524 0.700429501686446 0.08715949313610617 -0.32048250878090473 0.2400126697796521 0.12001227308476382 0.1169310347920279 0.0 1.9377426600475243
3.171415415268999 0.7117090527202742 0.08605915499736526 -0.3302083718759945 0.24151257329664433 34.948488253365404 -21.22692227105932 10.074659773807447 0.10480272311507668 -0.5652958391113001 0.06971485964205006 1.9534303867964509 0.7014066622682341 0.08646289648599315 -0.3239088199485368 0.23958713020851213 0.12322153787771889 0.12007842289521443 -2.220446049250313e-16 1.9534303867964506
3.208231245421078 0.7126588051564622 0.08537837006396962 -0.33357034749701864 0.240999161089871 35.57227960434426 -21.36812703240605 10.093937561691805 0.1037459246144935 -0.5638470423016934 0.06901068098159464 1.9691142786630784 0.7023996382057446 0.08577236122788566 -0.32725821317195875 0.2390935577031597 0.12646573361028265 0.12326116421422836 -4.440892098500626e-16 1.969114278663078
3.245474457411331 0.713622816326012 0.08470340805865839 -0.3368502199947885 0.24041748226533927 36.199765542589354 -21.50879112393812 10.111929912265557 0.10269970453940268 -0.5623584079564985 0.0683125788344245 1.9847918493620653 0.7034083227374598 0.0850877583952618 -0.3305288807181939 0.23853281331956191 0.1297438275968355 0.12647828657346744 6.661338147750939e-16 1.984791849362066
3.283150012563046 0.7146009868183124 0.08403413865741366 -0.3400463055081299 0.23976853275620438 36.830786780252915 -21.64887596403011 10.128676910578744 0.10166394996000715 -0.5608302424145056 0.06762052304274228 2.000460627672157 0.7044326000728199 0.08440896112922185 -0.3337191226546727 0.2379058383668856 0.13305475989345625 0.1297287902673128 1.7763568394002505e-15 2.0004606276721586
3.321262929793748 0.7155932095772245 0.0833704338831499 -0.34315703496028177 0.2390533860107813 37.465181002125654 -21.788343283197786 10.144217260039337 0.1006385485599997 -0.5592628717651865 0.0669344830788281 2.0161181592339807 0.7054723455303112 0.0837358447699642 -0.3368273477671232 0.23721365068411907 0.13639744451224597 0.13301164915062635 0.0 2.0161181592339807
3.3598182862837818 0.7165993700150777 0.0827121681972635 -0.3461809545253079 0.23827318896934532 38.102783005057006 -21.92715514757483 10.158588320350983 0.09962338868029667 -0.5576566414875819 0.06625442806080588 2.0317620083041192 0.7065274256859607 0.08306828694288437 -0.33985207419726554 0.23645734081795022 0.1397707706638372 0.1363258117586069 0.0 2.0317620083041192
3.398821218152669 0.7176193461350198 0.08205921858513755 -0.3491167258032756 0.23742915796148498 38.74342484063383 -22.065273981597393 10.171826145434734 0.09861835936133452 -0.5560119160650245 0.06558032676807363 2.0473897594630723 0.7075976985318342 0.08240616763918664 -0.34279192980656686 0.23563806811820193 0.1431736040251504 0.13967020245352207 0.0 2.0473897594630723
3.4382769211433097 0.7186530086613832 0.08141146463551027 -0.35196312571267235 0.2365225745410023 39.386935960810916 -22.202662589887723 10.18396552120764 0.09762335038387407 -0.5543290785768026 0.064912147656404 2.062999019274847 0.7086830136441121 0.08174936929092236 -0.34564565227310795 0.23475705676688902 0.14660478802941176 0.14304372259570983 4.440892098500626e-16 2.0629990192748475
3.4781906513141303 0.7197002211777614 0.0807687886136333 -0.35471904610945554 0.23555478127498733 40.03314336618762 -22.339284178330466 10.195040003107298 0.09663825230826112 -0.5526085302679303 0.06424985887271668 2.078587417896121 0.709783212360313 0.08109777684038354 -0.3484120889295572 0.23381559175665095 0.15006314517545338 0.14644525173629536 1.3322676295501878e-15 2.0785874178961223
3.518567725739264 0.7207608402724758 0.08013107552816734 -0.3573834931429162 0.23452717750323604 40.681871756617724 -22.475102374334394 10.205081953264779 0.09566295651209686 -0.5508506900982049 0.06359342826952784 2.094152610633037 0.7108981279652153 0.08045127780379877 -0.3510901963509511 0.2328150148339139 0.15354747835331115 0.14987364882901186 2.6645352591003757e-15 2.0941526106330395
3.55941352321686 0.7218347156910431 0.07949821319178549 -0.3599555863592127 0.23344121508365537 41.33294368384329 -22.610081246274355 10.214122577241408 0.09469735522627643 -0.5490559942717717 0.0629428234190812 2.109692279443918 0.7120275858850228 0.07980976232929758 -0.3536790397016843 0.23175672042170553 0.1570565721831257 0.15332775345850985 0.0 2.109692279443918
3.600733484985619 0.7229216904953542 0.07887009227547057 -0.3624345575641214 0.23229839413872874 41.986179705839824 -22.744185322108383 10.222191960256442 0.09374134156935976 -0.5472248957484241 0.06229801162716442 2.1252041343862835 0.7131714038893049 0.07917312324912748 -0.3561777918517107 0.23064215153651252 0.16058919436441216 0.15680638708254244 8.881784197001252e-16 2.125204134386284
3.6425331154496376 0.7240216012291588 0.07824660635651635 -0.3648197494570134 0.23110025881747034 42.641398542562754 -22.877379607166414 10.229319102843208 0.09279480958024194 -0.5453578637379062 0.061658959946615514 2.140685915006795 0.7143293923002435 0.07854125612612145 -0.3585857322725514 0.22947279571302767 0.16414409703275168 0.1603083542854604 8.881784197001252e-16 2.140685915006796
3.6848179829116776 0.7251342780895184 0.07762765196025885 -0.3671106140485628 0.2298483930866157 43.298417232785965 -23.009629601107648 10.235531955880573 0.09185765424909778 -0.5434553831784718 0.061025635190524355 2.1561353916728487 0.7155013542087014 0.077914059294436 -0.36090224572405905 0.22825018095001134 0.16772001812102902 0.16383244404039607 4.440892098500626e-16 2.156135391672849
3.72759372031494 0.726259545103845 0.07701312859558401 -0.36930671087503597 0.2285444165640758 43.95705129173 -23.14090131404594 10.240857454955815 0.09092977154657766 -0.5415179542009902 0.06039800394513287 2.1715503668447647 0.7166870856966329 0.07729143389459331 -0.3631268207433653 0.22697587168986308 0.17131568272237732 0.16737743097760358 -4.440892098500626e-16 2.171550366844764
3.7708660259934543 0.7273972203121674 0.07640293878427488 -0.37140770502229137 0.22718998040691885 44.61711486917422 -23.27116128184153 10.245321554021618 0.09001105845123844 -0.5395460915798754 0.05977603258243999 2.1869286762876543 0.7178863760653461 0.07667328390287506 -0.3652590479477135 0.22565146484377785 0.1749298044520521 0.17094207665645378 -4.440892098500626e-16 2.186928676287654
3.814640664431178 0.7285471159542288 0.07579698808427993 -0.37341336497281863 0.22578676326536437 45.27842090776093 -23.400376580561435 10.248949258318225 0.08910141297519766 -0.5375403241721248 0.05915968727251476 2.202268190222209 0.7190990080691315 0.07605951615513563 -0.3672986181631048 0.22427858587370217 0.1785610868055214 0.1745251308385856 0.0 2.202268190222209
3.858923467029904 0.7297090386610556 0.075195185106998 -0.375323560289273 0.2243364673134655 45.94078130119706 -23.528514840109395 10.251764656536675 0.08820073418800303 -0.5355011943457476 0.05854893399552363 2.217566814413839 0.7203247581537644 0.07545004036511263 -0.36924532039086994 0.2228588849415199 0.18220822451013943 0.17812533275981116 -4.440892098500626e-16 2.2175668144138387
3.9037203328860905 0.7308827896506184 0.07459744152869366 -0.37713825914800725 0.22284081436633993 46.604007052072355 -23.65554425702975 10.253790952205721 0.08730892223871574 -0.5334292573988586 0.05794373855347606 2.2328224911997134 0.7215633966993936 0.07484476913732944 -0.37109903962436513 0.221394033135192 0.1858699048678504 0.1817414123983842 0.0 2.2328224911997134
3.949037229576701 0.7320681649271901 0.07400367209616922 -0.37885752573606957 0.22130154209297598 47.26790842901424 -23.781433606488996 10.255050494289202 0.08642587837620846 -0.5313250809707004 0.05734406658169354 2.2480332004534462 0.7228146882673324 0.07424361797469495 -0.3728597545280574 0.21988571878077484 0.18954480908645185 0.18537209173736044 0.0 2.2480332004534462
3.9948801939541703 0.733264955484042 0.0734137946268345 -0.3804815175250646 0.21972040033281615 47.932295122913594 -23.90615225344164 10.255564806985545 0.08555150496768564 -0.5291892444458448 0.05674988356000694 2.263196960487292 0.7240783918502645 0.0736465052809224 -0.37452753499118735 0.2183356438485057 0.19323161359705124 0.18901608601878137 -4.440892098500626e-16 2.2631969604872917
4.041255332950601 0.7344729475090919 0.07282773000332747 -0.3820104824351132 0.21809914752348988 48.596976401958415 -24.02967016298681 10.255354618724725 0.0846857055154359 -0.5270223383528031 0.056161154823687054 2.2783118288918724 0.7253542611253903 0.07305335235789563 -0.37610253956816836 0.21674552046035603 0.19692899135544178 0.1926721049875387 0.0 2.2783118288918724
4.088168824391292 0.7356919225931374 0.07224540216285098 -0.3834447559019455 0.21643954724624606 49.26176126522568 -24.15195790992415 10.254439890361558 0.08382838467183241 -0.5248249637582598 0.05557784557411323 2.2933759033135988 0.7266420447100392 0.07246408339812642 -0.37758501281772033 0.21511706750569712 0.20063561312523412 0.19633885412284072 4.440892098500626e-16 2.293375903313599
4.135626917817709 0.7369216579402978 0.07166673808140163 -0.384784757859892 0.21474336489482868 49.92645859459128 -24.272986687518713 10.252839842567223 0.08297944825259908 -0.5225977316581192 0.054999920889184956 2.308387322170092 0.7279414864192817 0.07187862547245397 -0.37897528255253704 0.21345200737096917 0.2043501487406791 0.20001503585525873 -4.440892098500626e-16 2.3083873221700917
4.183635935320019 0.7381619265803061 0.07109166775307586 -0.3860309896532467 0.21301236447275002 50.59087730472455 -24.392728315484884 10.250572982423506 0.08213880324836606 -0.5203412623665207 0.0544273457334813 2.323344265304021 0.7292523255250822 0.07129690851314748 -0.38027375701109123 0.2117520627884916 0.20807126834724357 0.20369935076746762 -4.440892098500626e-16 2.3233442653040206
4.2322022723792765 0.7394124975822873 0.07052012416464833 -0.38718403088810543 0.2112483055231393 51.254826490949625 -24.511155247201756 10.247657129226823 0.08130635783454095 -0.5180561849039603 0.05386008496817294 2.3382449545759125 0.7305742970165462 0.0707188652925818 -0.38148092196286865 0.2100189538088473 0.2117976436180998 0.2073904987768248 8.881784197001252e-16 2.3382449545759134
4.281332398719393 0.7406731362696771 0.06995204326562368 -0.3882445362364156 0.20945294019460392 51.91811557476218 -24.628240576171713 10.244109439510408 0.0804820213795245 -0.5157431363856227 0.0532981033606916 2.353087654396616 0.731907131860817 0.07014443139766145 -0.382597337758068 0.2082543949005173 0.21552794894482377 0.21108718029812557 4.440892098500626e-16 2.3530876543966164
4.3310328591689995 0.741943604435918 0.06938736393397141 -0.38921323220352677 0.2076280104458124 52.58055444680664 -24.7439580417374 10.239946431295914 0.07966570445130516 -0.513402761410981 0.0527413655941615 2.3678706722001843 0.7332505572641966 0.06957354520017875 -0.3836236363323594 0.20646009217983216 0.2192608626006974 0.21478809738479873 0.0 2.3678706722001843
4.3813102745333055 0.7432236605606121 0.06882602793775716 -0.3900909138701032 0.20577524539082298 53.241953607124245 -24.858282034070363 10.23518400758576 0.07885731882246745 -0.5110357114557095 0.052189836276598185 2.382592358858092 0.7346042969330693 0.06900614782329209 -0.38456051817704967 0.20463774077356603 0.22299506787514622 0.21849195484710504 4.440892098500626e-16 2.3825923588580924
4.432171342476087 0.7445130600257875 0.06826797989289025 -0.39087844161877094 0.20389635878651743 53.90212430249937 -24.971187598447788 10.229837479110039 0.07805677747365304 -0.508642644266894 0.051643479949877884 2.3972511090357442 0.7359680713342234 0.06844218310432036 -0.38540874928450825 0.20278902231591311 0.22672925417795997 0.22219746134586726 4.440892098500626e-16 2.3972511090357447
4.483622838411908 0.7458115553319453 0.06771316721721028 -0.39157673785536756 0.20199304666287352 54.56087866074225 -25.08265043883391 10.22392158634204 0.07726399459551687 -0.506224223262503 0.05110226109848379 2.411845361492389 0.7373415979541766 0.0678815975540504 -0.38616915807830154 0.2009156025809796 0.23046211811204925 0.22590333046036837 0.0 2.411845361492389
4.535671616408706 0.7471188963136068 0.06716154008113774 -0.39218678373418714 0.2000669850962232 55.21802982175619 -25.192646920782778 10.217450520797597 0.07647888558922084 -0.5037811169360313 0.05056614415803229 2.426373599325588 0.7387245915571237 0.06732434031275925 -0.38684263233709204 0.19901912925132406 0.2341923645136488 0.22960828172924025 0.0 2.426373599325588
4.588324610100845 0.7484348303540058 0.06661305135511694 -0.3927096158960301 0.19811982812507423 55.8733920652507 -25.301154073680582 10.21043794563407 0.07570136706551181 -0.5013139982671928 0.05003509352358441 2.4408343501614955 0.7401167644411397 0.0667703631031525 -0.38743011612084827 0.19710122982255673 0.23791870745894447 0.23331104166317632 -4.440892098500626e-16 2.440834350161495
4.641588833612778 0.7497591025986836 0.06606765655407909 -0.3931463232274052 0.19615320580757137 56.52678093497608 -25.40814959234643 10.20289701556553 0.07493135684243174 -0.4988235441394944 0.049509073557746405 2.4552261862922684 0.7415178266922863 0.06621962018042664 -0.38793260670747953 0.19516350964350287 0.24163987123627825 0.23701034472844795 0.0 2.4552261862922684
4.695471382493428 0.7510914561676503 0.06552531377915467 -0.3934980436486221 0.19416872241917346 57.17801335936303 -25.513611838010235 10.1948403961107 0.0741687739417094 -0.49631043476548103 0.04898804859856412 2.4695477247619966 0.7429274864362824 0.0656720682796584 -0.38835115154752736 0.19320755009093982 0.2453545912831389 0.24070493430029943 4.440892098500626e-16 2.469547724761997
4.7499794346614115 0.7524316323658868 0.06498598365686248 -0.3937659609380495 0.19216795478869148 57.82690776846625 -25.61751983868783 10.186280282191008 0.07341353858388444 -0.4937753531203948 0.048471982967214895 2.4837976274026015 0.744345450087415 0.06512766656072855 -0.3886868452440715 0.19123490687749284 0.2490616150873289 0.2443935635853942 0.0 2.4837976274026015
4.805120251361242 0.7537793708918847 0.06444962927600228 -0.3939513015992059 0.19015245077041446 58.47328420712001 -25.71985328897307 10.177228416095765 0.07266557218221734 -0.49121898438495293 0.04796084097550184 2.4979746008212054 0.7457714225943838 0.0645863765509842 -0.38894082656452383 0.18924710849085713 0.25275970305174067 0.24807499651257944 1.3322676295501878e-15 2.4979746008212067
4.860901178130632 0.7551344100439873 0.06391621612247537 -0.39405533177687285 0.18812372784968578 59.116964444229055 -25.82059254926823 10.167696104832325 0.07192479733543733 -0.4886420153979029 0.047454586933153194 2.5120773963405267 0.7472051076827836 0.06404816208584414 -0.3891142754905285 0.1872456547621473 0.256447629322337 0.2517480085913559 1.3322676295501878e-15 2.512077396340528
4.917329645779018 0.7564964869243025 0.06338571201225382 -0.39407935422787554 0.1860832718789559 59.75777207812345 -25.91971864447232 10.157694236878033 0.071191137819384 -0.48604513411896033 0.04695318515493273 2.526104809893869 0.7486462080939512 0.06351298924754885 -0.3892084103116518 0.1852320155608213 0.26012418257901315 0.2554113877374777 1.7763568394002505e-15 2.5261048098938708
4.9744131713774555 0.7578653376399329 0.06285808702271715 -0.3940247053516475 0.18403253594103458 60.395532637923786 -26.017213262149493 10.147233298351928 0.0704645185775966 -0.48342902910270835 0.046456599967563066 2.540055681876364 0.7500944258199117 0.06298082630225406 -0.38922448476818444 0.18320762961333975 0.2637881667891142 0.2590639350653064 4.440892098500626e-16 2.5400556818763644
5.032159359259993 0.7592406975013256 0.06233331342256967 -0.39389275228522314 0.18197293933600778 61.03007368087023 -26.11305875019851 10.136323388623135 0.0697448657109072 -0.48079438898397664 0.04596479571646681 2.5539288969540905 0.7515494623341805 0.06245164363566476 -0.3891637852477847 0.18117390344241982 0.2674384019235012 0.26270446564650557 -4.440892098500626e-16 2.55392889695409
5.090575902036683 0.7606223012175235 0.06181136560054772 -0.39368489006678115 0.1799058666880469 61.66122488557967 -26.207238114044685 10.124974235373283 0.06903210646609381 -0.47814190197518336 0.04547773677232924 2.5677233838327718 0.7530110188181904 0.061925413687401884 -0.3890276280403521 0.17913221042353653 0.2710737246351289 0.26633180923484184 0.0 2.5677233838327718
5.149670581618341 0.7620098830881318 0.06129221999312053 -0.3934025388714137 0.17783266716814294 62.28881814120513 -26.299735013375503 10.113195209129682 0.06832616922364873 -0.4754722553760776 0.04499538753748542 2.5814381149877224 0.7544787963831301 0.061402110884289804 -0.3888173566550323 0.17708388995506194 0.2746929889002144 0.2699448109569507 1.3322676295501878e-15 2.5814381149877237
5.2094512702532105 0.7634031771918127 0.060775855011383086 -0.3930471413223158 0.17575465382862976 62.91268763248499 -26.390533758442082 10.100995337286015 0.06762698348471846 -0.47278613509628015 0.0445177124521362 2.595072106356782 0.7559524962869943 0.060881711572749 -0.3885343392028006 0.17503024673829806 0.2782950666221376 0.2735423319689123 -2.220446049250313e-15 2.59507210635678
5.269925931575656 0.7648019175711391 0.06026225096733317 -0.3926201598801632 0.17367310304522066 63.53266992067407 -26.47961930594772 10.08838331762717 0.0669344798572713 -0.4700842251909715 0.044044676000395785 2.608624416997914 0.7574318201466648 0.06036419395047292 -0.38817996584771297 0.17297255016348215 0.2818788481983165 0.27712325007865907 -8.881784197001252e-16 2.608624416997913
5.331102621667034 0.7662058384136491 0.059751389999718026 -0.39212307431301746 0.1715892540621738 64.14860402035936 -26.566977254544412 10.075367531373937 0.06624859004154736 -0.46736720741004717 0.043576242716174864 2.622094148713229 0.7589164701448534 0.0598495379975614 -0.3877556463295 0.17091203379770728 0.28544324305036417 0.2806864603343131 0.0 2.622094148713229
5.392989490128873 0.7676146742289471 0.059243255999629804 -0.3915573792486922 0.16950430863611715 64.76033147217461 -26.65259383995942 10.061956055763645 0.06556924681484608 -0.46463576076100666 0.043112377188901874 2.635480445641113 0.7604061492317554 0.059337725407279676 -0.3872628075597412 0.16884989497061362 0.2889871801179115 0.28423087557852605 8.881784197001252e-16 2.635480445641114
5.455594781168519 0.7690281600217352 0.0587378345360217 -0.39092458181114503 0.16741943077400714 65.36769641143407 -26.736455929772713 10.048156676182188 0.06489638401570572 -0.46189056108581716 0.04265304406908657 2.6487824938181928 0.7619005613212758 0.05882873951660503 -0.3867028912935765 0.1667872944536372 0.2925096083165593 0.2877554269690734 4.440892098500626e-16 2.648782493818193
5.51892683469738 0.770446031460625 0.058235112781308766 -0.3902261993420731 0.1653357465606549 65.97054563270946 -26.818551017865445 10.033976897862274 0.06422993652752777 -0.45913228065194084 0.04219820807372804 2.6619995207128184 0.7633994114817068 0.05832256523671495 -0.38607735187849823 0.16472535622850917 0.2960094969604635 0.29125906446598127 -1.3322676295501878e-15 2.661999520712817
5.5829940874419215 0.7718680250426441 0.05773507943721148 -0.3894637572085723 0.16325434407124545 66.5687286503925 -26.898867218561435 10.019423957163044 0.06356984026169918 -0.4563615877576932 0.041747833991571066 2.6751307947317677 0.764902406120748 0.057819188983568165 -0.3853876540814549 0.1626651673407253 0.2994858361501449 0.294740757285474 0.0 2.6751307947317677
5.647805074067555 0.7732938782533098 0.05723772466099058 -0.3886387866973748 0.16117627336427773 67.16209775527891 -26.977393260480333 10.004504832444931 0.06291603214026335 -0.45357914635205443 0.041301886688213024 2.6881756247018265 0.7664092531647769 0.057318598608719414 -0.3846352709952086 0.16060777783362137 0.3029376371261386 0.2981994943212323 2.220446049250313e-15 2.6881756247018287
5.713368428315579 0.7747233297222066 0.05674303999221528 -0.3877528229959046 0.15910254655037975 67.75050806722712 -27.054118480123556 9.98922625455405 0.06226845007819112 -0.4507856156690222 0.040860331111065275 2.701133359327893 0.7679196622322871 0.05682078333050463 -0.383821682024528 0.15855420075876936 0.30636393258918626 0.30163428453329216 0.0 2.701133359327893
5.779692884153313 0.7761561193739565 0.05625101828019872 -0.3868074032600765 0.15703413793249352 68.33381758394626 -27.12903281521224 9.973594716929707 0.06162703296529963 -0.44798164987656663 0.04042313229417043 2.71400338662921 0.7694333448014303 0.056325733665725186 -0.3829483709525982 0.15650541225836936 0.3097637769876731 0.30504415730519074 0.0 2.71400338662921
5.846787276937591 0.7775919885745541 0.055761653612226104 -0.3858040647685478 0.15497198421298367 68.91188722597136 -27.20212679779566 9.957616485347872 0.060991720647867925 -0.4451678977402142 0.03999025536288 2.7267851333553597 0.7709500143716084 0.05583344136195268 -0.3820168240877166 0.15446235171539174 0.31313624677311397 0.3084281627698565 0.0 2.7267851333553597
5.914660544591749 0.7790306802729658 0.055274941242694435 -0.38474434316283557 0.15291698476329166 69.48458087789695 -27.273391547150087 9.941297607313892 0.06036245390999526 -0.4423450023012567 0.03956166553839349 2.7394780643835355 0.7724693866190723 0.05534389933056991 -0.3810285284901079 0.15242592196725607 0.3164804406244553 0.3117853721048438 0.0 2.7394780643835355
5.9833217287962865 0.7804719391379763 0.054790877523272954 -0.3836297707725489 0.15087000195184264 70.05176542593412 -27.342818762484786 9.924643921116393 0.05973917445474696 -0.439513600569552 0.039137328142163016 2.75208168209865 0.773991179546503 0.0548571015806551 -0.3799849702784911 0.15039698957890668 0.31979547964206984 0.31511487779756014 -8.881784197001252e-16 2.752081682098649
6.052779976193349 0.7819155116902162 0.05430945983418734 -0.38246187502472934 0.14883186152600478 70.6133107918712 -27.410400715474196 9.907661064554722 0.05912182488513134 -0.43667432323086086 0.03871720860016475 2.7645955257577697 0.775515113626554 0.05437304315381075 -0.3788876330157906 0.14837638517121876 0.32308050751227974 0.31841579388114216 -8.881784197001252e-16 2.764595525757769
6.123044539605186 0.7833611464293782 0.053830686516722105 -0.3812421769361606 0.14680335304400866 71.16908996351366 -27.476130242632752 9.890354483351485 0.05851034868494999 -0.43382779436863295 0.03830127244704072 2.7770191708403225 0.777040911939352 0.05389172006003023 -0.3777379961732264 0.14636490380076275 0.32633469064333503 0.321687256141694 1.7763568394002505e-15 2.777019170840324
6.194124779266756 0.7848085939565593 0.05335455680702757 -0.37997218968729196 0.1447852303528403 71.71897902168854 -27.540000737549132 9.872729439261239 0.05790469019956069 -0.430974631200136 0.03788948533011294 2.789352228385532 0.7785683003039603 0.053413129214689874 -0.3765375336718087 0.14436330538703565 0.3295572182737325 0.3249284222976256 0.0 2.7893522283855314
6.266030164072655 0.786257607091749 0.052881070771311614 -0.378653417276309 0.14277821210824737 72.26285716389711 -27.60200614299636 9.854791017886583 0.05730479461659262 -0.4281154438267915 0.03748181301327238 2.8015943443184037 0.7800970074038207 0.0529372683767457 -0.37528771250012793 0.1423723151833998 0.3327473025538252 0.3281384721518183 0.0 2.8015943443184037
6.338770272838487 0.7877079409864451 0.05241022924248746 -0.37728735325173346 0.14078298233311948 72.80060672470508 -27.662140942932872 9.83654413621183 0.05671060794665022 -0.42525083499857164 0.037078221380745215 2.813745198765659 0.7816267649061994 0.05246413608820788 -0.37398999140718914 0.1403926242880464 0.33590417860166455 0.3313166077174557 0.0 2.813745198765659
6.412354795576919 0.7891593532314087 0.05194203375834289 -0.3758754795218165 0.13880019101063684 73.33211319296385 -27.720400154410385 9.817993549864736 0.056122077004040594 -0.4223813998922797 0.03667867644073838 2.8258045053628917 0.783157307575672 0.05199373161496093 -0.3726458196688893 0.1384248901914521 0.33902710453402657 0.33446205331827467 0.0 2.825804505362892
6.486793534788511 0.790611603959567 0.05147648650128795 -0.3744192652388996 0.1368304547087138 73.8572652259501 -27.776779319401825 9.799143860115787 0.055539149387559106 -0.41950772590352375 0.0362831443289673 2.8377720105541835 0.7846883733816911 0.05152605488898745 -0.37125663592664404 0.13646973735689338 0.3421153614735955 0.33757405566407706 -8.881784197001252e-16 2.8377720105541826
6.56209640676756 0.7920644559440847 0.0510135902397329 -0.37292016575681075 0.13487435723240368 74.37595466052551 -27.831274496564454 9.779999520624793 0.05496177346136338 -0.41663039245217537 0.03589159131206722 2.849647492885413 0.786219703600289 0.05106110645205129 -0.3698238670965465 0.13452775783072304 0.3451682535332613 0.3406518839023202 4.440892098500626e-16 2.8496474928854134
6.638273442923081 0.7935176746916421 0.05055334827113991 -0.3713796216593096 0.1329324503010697 74.88807652140684 -27.883882252950592 9.760564843943769 0.05438989833596725 -0.41374997080109394 0.03550398379089106 2.861430762292437 0.7877510429099773 0.05059888740088621 -0.36834892734739855 0.13259951187924054 0.3481851077785176 0.34369482964666737 8.881784197001252e-16 2.861430762292438
6.7153347911151435 0.7949710285309323 0.05009576436678702 -0.36979905785750833 0.13100525424726744 75.39352902664723 -27.934599655679115 9.74084400778496 0.05382347384938185 -0.41086702388786855 0.035120288303695436 2.873121659385212 0.7892821394819077 0.05013939933393201 -0.3668332171457954 0.13068552864911184 0.3511652741689076 0.346702206983279 0.0 2.873121659385212
6.793290717006699 0.7964242886964376 0.04964084271827589 -0.3681798827541667 0.12909325873442815 75.89221359042443 -27.983424263579675 9.720841061062528 0.05326245054843132 -0.4079821061693352 0.03474047152921685 2.884720054728986 0.7908127450643723 0.04968264429965408 -0.36527812236647855 0.12878630684843181 0.35410812547949705 0.3496733524557815 -1.3322676295501878e-15 2.8847200547289846
6.87215160543112 0.7978772294075228 0.04918858788580905 -0.36652348747270774 0.12719692349057185 76.38403482323544 -28.030354118820945 9.700559929715903 0.052706779670267226 -0.4050957634786017 0.03436450028964096 2.8962258481235716 0.7923426150617234 0.049228624746476386 -0.36368501346604426 0.12690231544565986 0.3570130572033277 0.35260762502971865 1.3322676295501878e-15 2.896225848123573
6.951927961775605 0.7993296279429064 0.04873900474825716 -0.36483124514877635 0.12531667905542127 76.86890052959619 -28.075387738534708 9.680004422323105 0.0521564131241057 -0.40220853289430664 0.033992341553465776 2.907638967881689 0.7938715086078 0.048777343474352204 -0.3620552447180892 0.12503399438378685 0.3598794874358053 0.3555044060373617 -8.881784197001252e-16 2.9076389678816885
7.032630413380645 0.8007812647105492 0.04829209845503084 -0.3631045102821328 0.12345292753842611 77.34672170334403 -28.1185241064452 9.65917823551111 0.05161130347320851 -0.39932094262182694 0.033623962438261386 2.9189593701072996 0.7953991886339536 0.04832880358799277 -0.36039015350781073 0.12318175530721584 0.36270685674194775 0.3583630991037328 0.0 2.9189593701072996
7.1142697109557345 0.802231923313037 0.047847874379766724 -0.3613446181466771 0.12160604338534697 77.81741252063999 -28.159762664513696 9.638084959170888 0.051071403917127806 -0.3964335118861448 0.033259330213328435 2.9301870379748625 0.7969254219317743 0.04788300845176816 -0.35869105968410553 0.1213459822989931 0.3654946280074289 0.3611831300547193 1.7763568394002505e-15 2.9301870379748642
7.196856730011519 0.8036813906085329 0.04740633807583273 -0.3595528842563946 0.11977637415118314 78.28089033077305 -28.19910330460869 9.61672808148414 0.050536668274233525 -0.3935467508360753 0.032898412302256395 2.941321981010351 0.798449979210615 0.047439961646290135 -0.35695926496712727 0.11952703262613444 0.3682422862743414 0.3639639468080849 1.3322676295501878e-15 2.941321981010353
7.28040247230857 0.8051294567673457 0.04696749523365225 -0.3577306038850005 0.11796424127736103 78.73707564485632 -28.23654636020853 9.595110993768296 0.050007050964539605 -0.39066116045954397 0.03254117628538469 2.9523642343748224 0.7999726351500268 0.04699966692668283 -0.3551960524093111 0.1177252374909326 0.37094933856254636 0.36670501924825427 8.881784197001252e-16 2.952364234374823
7.364918067322967 0.8065759153242117 0.046531351639843455 -0.355879051637097 0.11616994087123074 79.18589212251669 -28.272092598146262 9.573236995146498 0.04948250699284467 -0.38777723250960794 0.03218758990216722 2.9633138581513236 0.8014931684472129 0.0465621281825418 -0.3534026859078368 0.11594090278624752 0.3736153136775145 0.3694058390856903 0.0 2.963313858151324
7.450414773728913 0.8080205632263567 0.04609791313816516 -0.3539994810686567 0.11439374448604658 79.62726655667012 -28.30574321040364 9.551109297048749 0.048962991932201 -0.3848954494409062 0.03183762105344326 2.9741709366358626 0.8030113618596157 0.04612734939957903 -0.3515804097665283 0.11417430985291972 0.3762397620055025 0.372065919701683 8.881784197001252e-16 2.9741709366358635
7.53690398089854 0.8094632008774376 0.04566718559225726 -0.35209312435468226 0.11263589989972973 80.06112885647693 -28.337499805961443 9.528731027550206 0.04844846190772389 -0.38201628435621643 0.031491237803615756 2.9849355776331064 0.8045270022427584 0.045695334622947226 -0.34973044830517525 0.11242571623754812 0.37882225529691926 0.37468479597935633 3.1086244689504383e-15 2.9849355776331095
7.624397210419138 0.8109036321774141 0.04523917485015979 -0.3501611920019 0.11089663189082867 80.48741202856641 -28.36736440271249 9.506105235552443 0.04793887358075258 -0.3791402009628007 0.031148408382739273 2.9956079117574603 0.8060398805834565 0.04526608792223258 -0.3478540055143101 0.11069535644900763 0.3813623864386775 0.3772620241217042 0.0 2.9956079117574603
7.712906117627995 0.8123416645584931 0.04481388671059166 -0.3482048726044151 0.10917614301021648 80.90605215662667 -28.395339419444177 9.483234894813235 0.04743418413337227 -0.37626765353821723 0.03080910118851907 3.0061880917401242 0.8075497920285254 0.04483961335810317 -0.34595226475345003 0.10898344271218437 0.38385976921636594 0.37979718145739716 8.881784197001252e-16 3.006188091740125
7.8024424931650485 0.8137771090171779 0.04439132689096705 -0.3462253326402425 0.10747461434716618 81.31698837944118 -28.42142766789525 9.460122907830288 0.0469343512533057 -0.37339908690527285 0.030473284788223042 3.0166762917426926 0.8090565359091082 0.04441591495059579 -0.3440263884908999 0.10729016571752471 0.3863140380669718 0.3822898662351806 0.0 3.016676291742693
7.893018264543573 0.8152097801425577 0.0439715009971243 -0.34422371630671683 0.10579220628856147 81.72016286746509 -28.44563234489251 9.436772109583853 0.046439333119181025 -0.37053493641579566 0.030140927920508438 3.0270727066778136 0.8105599157607495 0.043994996649022095 -0.34207751808317355 0.10561569536509226 0.3887248478229428 0.38473969740756037 0.0 3.0270727066778136
7.984645497739087 0.8166394961409175 0.04355441449473983 -0.342201145392797 0.10412905927009956 82.11552079802271 -28.46795702457218 9.413185271143398 0.04594908838618241 -0.3676756279429017 0.029811999497164784 3.037377551537406 0.8120597393393432 0.04357686230347139 -0.34010677359217184 0.10396018150193892 0.39109187344829743 0.3871463144045153 1.3322676295501878e-15 3.037377551537408
8.077336398796712 0.8180660788567637 0.04314007268239703 -0.3401587191863396 0.10248529451844288 82.50301032920898 -28.488405650689632 9.38936510314288 0.04546357617208734 -0.3648215778814373 0.0294864686047749 3.0475910607288736 0.8135558186330829 0.04316151563788535 -0.3381152536382868 0.10232375465168803 0.3934148097674961 0.38950937689797743 8.881784197001252e-16 3.0475910607288745
8.171103315457199 0.819489353790357 0.042728480666278226 -0.3380975144144555 0.10086101478337245 82.88258257257786 -28.50698252902206 9.365314259129363 0.044982756043695 -0.3619731931562724 0.029164304506295306 3.057713487419727 0.8150479698705448 0.042748960224678834 -0.33610403528760757 0.1007065267353252 0.395693371187737 0.3918285645577268 8.881784197001252e-16 3.057713487419728
8.26595873880181 0.8209091501118787 0.042319643336445494 -0.33601858521513456 0.0992563050590861 83.25419156469275 -28.523692319866633 9.34103533878907 0.04450658800364787 -0.35913087123813303 0.028845476642558144 3.0677451028910223 0.8165360135250329 0.04233919946087589 -0.3340741739714876 0.09910859178228175 0.39792729141536454 0.3941035767994052 -8.881784197001252e-16 3.0677451028910214
8.361915304916318 0.8223253006722919 0.041913565344674865 -0.3339229631383397 0.09767123329387095 83.61779423761989 -28.538540030638167 9.316530891055443 0.044035032477648214 -0.3562950001666549 0.028529954633695672 3.077686195899938 0.8180197743153146 0.04193223654573232 -0.33202670343674573 0.09753002663098731 0.4001163231669748 0.3963341325252782 0.0 3.077686195899938
8.458985796574302 0.8237376420110339 0.041510251083806196 -0.3318116571748669 0.09610585108746197 83.97335038843232 -28.5515310085677 9.291803417102908 0.043568050302070234 -0.35346595858034624 0.028217708280489327 3.087537072051818 0.8194990812028805 0.04152807445981064 -0.32996263572483703 0.09597089161814333 0.40226023787586956 0.39851996985839694 -1.3322676295501878e-15 3.0875370720518167
8.557183144940007 0.8251460143606117 0.04110970466857076 -0.32968565381128073 0.0945601943754772 84.3208226478039 -28.562670933505593 9.266855373230365 0.04310560271196752 -0.3506441157531558 0.02790870756564467 3.0972980531819765 0.8209737673858544 0.04112671594547436 -0.32788296117834775 0.09443123125605309 0.40435882539439516 0.400660845870724 0.0 3.0972980531819765
8.656520431290943 0.8265502616482295 0.040711929917856104 -0.327545917109329 0.09303428410039354 84.66017644775432 -28.57196581082976 9.241689173638228 0.04264765132947483 -0.3478298316373388 0.02760292265499374 3.106969476747497 0.8224436702896836 0.04072816348876663 -0.3257886484732733 0.09291107489742041 0.4064118936927629 0.4027565363058907 0.0 3.106969476747497
8.757010888760508 0.8279502314945276 0.04031693033836827 -0.32539338880825813 0.09152812686859703 84.99137998861998 -28.57942196446159 9.216307193102256 0.04219415815260232 -0.34502345691232683 0.02730032389862669 3.1165516952293015 0.8239086315547386 0.04033241930263603 -0.32368064467550334 0.09141043738709376 0.4084192685548486 0.4048068352970502 0.0 3.1165516952293015
8.858667904100825 0.8293457752095444 0.03992470910964897 -0.32322898844853415 0.09004171559310759 85.3144042053089 -28.585046029990224 9.190711769547951 0.041745085544419504 -0.34222533303930364 0.027000881831953684 3.12604507554464 0.8253684970209482 0.03993948531147302 -0.32155987532006775 0.08992931970030546 0.41038079327149346 0.40681155508045447 -1.3322676295501878e-15 3.1260450755446385
8.961505019466045 0.8307367477860012 0.03953526907040656 -0.3210536135155155 0.08857503012164075 85.62922273290617 -28.58884494790648 9.164905206528672 0.04130039622262598 -0.33943579232120247 0.026704567176698876 3.135449998470213 0.8268231167095964 0.03954936313691885 -0.3194272445116995 0.08846770956701804 0.4122963283317853 0.40877052570524364 0.0 3.135449998470213
9.065535934216356 0.8321230078900136 0.03914861270611722 -0.3188681396016838 0.08712803784972645 85.93581187168763 -28.59082595694693 9.138889775610515 0.04086005324950467 -0.3366551579678404 0.02641135084182797 3.144766858076083 0.8282723448024067 0.03916205408490747 -0.31728363504532525 0.08702558208204711 0.41416575111278076 0.4106835947399304 1.3322676295501878e-15 3.144766858076084
9.17077450674293 0.8335044178493184 0.03876474213785414 -0.31667342058608744 0.08570069431865965 86.23415055159973 -28.590996587548375 9.112667718667172 0.040424020022253204 -0.3338837441659127 0.026121203924410558 3.15399606117047 0.8297160396180351 0.03877755913390265 -0.3151299085451646 0.08560290030068811 0.41598895556809207 0.412550626976112 0.0 3.15399606117047
9.277234756314062 0.8348808436391387 0.03838365911230096 -0.3144702888297204 0.08429294379811025 86.52422029626005 -28.589364655413014 9.086241250087495 0.039992260263688593 -0.331121856153576 0.02583409771041897 3.163138026755571 0.8311540635860949 0.03839587892428904 -0.3129669056211402 0.08419961581962743 0.41776585191577204 0.4143715041298077 0.0 3.163138026755571
9.384930864942726 0.8362521548657526 0.03800536499290638 -0.3122595553855913 0.08290471985326443 86.80600518653384 -28.58593825518455 9.0596125588988 0.039564738013319174 -0.3283697902993591 0.02555000367546472 3.172193185494488 0.8325862832188331 0.038017013748878246 -0.3107954460413779 0.08281566934296765 0.4194963663258574 0.4161461245409044 0.0 3.172193185494488
9.493877179275827 0.8376182247478903 0.037629860752136764 -0.3100420102223106 0.08153594589641747 87.07949182373216 -28.5807257542338 9.032783810808247 0.03914141761877828 -0.32562783418513713 0.025268893485474377 3.181161979189303 0.8340125690805742 0.0376409635444899 -0.30861632891959967 0.0814509912332407 0.42118044060795845 0.41787440287110617 0.0 3.181161979189303
9.60408821250538 0.8389789300960538 0.037257146964783314 -0.3078184224600684 0.08018653572297667 87.34466929248558 -28.57373578655467 9.005757150165245 0.03872226372761297 -0.3228962666929232 0.024990738997305747 3.190044860270379 0.8354327957550499 0.03726772788456704 -0.3064303329162808 0.0801055020473293 0.4228180318992424 0.41955626980078725 -1.7763568394002505e-15 3.190044860270377
9.71557864630186 0.8403341512898265 0.03688722380228106 -0.30558954061791294 0.07885639403187181 87.6015291233332 -28.56497724676832 8.978534701847012 0.038307241279421006 -0.32017535809522707 0.02471551225930612 3.1988422912968852 0.8368468418107264 0.0368973059727864 -0.3042382164524748 0.07877911305725223 0.4244091123531068 0.42119167172513217 -8.881784197001252e-16 3.1988422912968844
9.828363332770026 0.8416837722533118 0.03652009102799718 -0.3033560928713191 0.07754541693040738 87.85006525507704 -28.554459284235705 8.951118573069902 0.03789631549832909 -0.3174653701487477 0.024443185511813927 3.207554744468595 0.838254589764241 0.03652969663762356 -0.30204071793526555 0.07747172675581311 0.42595366882889035 0.4227805704498985 0.0 3.207554744468595
9.942457296427415 0.8430276804287474 0.03615574799344615 -0.3011187873190492 0.07625349242362091 88.09027399693771 -28.542191297276645 8.92351085512866 0.03748945188580467 -0.31476655619116356 0.024173731187604703 3.2161827011489033 0.8396559260420579 0.036164898327833025 -0.2998385559938524 0.07618323734713682 0.4274517025828566 0.42432294288717454 -1.7763568394002505e-15 3.2161827011489015
10.057875736205835 0.8443657667484245 0.03579419363539036 -0.2988783122583891 0.07498050088824276 88.32215399055445 -28.52818292749432 8.895713625065778 0.03708661621379386 -0.3120791612407964 0.023907121912283242 3.224726651399087 0.8410507409404485 0.03580290910880489 -0.2976324297253048 0.07491353122215845 0.4289032289607642 0.4258187807514082 3.1086244689504383e-15 3.22472665139909
10.174634027476063 0.845697925604964 0.035435426473784955 -0.2966353364678585 0.07372631553138094 88.54570617186454 -28.51244405420381 8.867728947273116 0.03668777451817734 -0.3094034220989349 0.02364333050462291 3.233187093523759 0.8424389285839023 0.03544372665975789 -0.2954230189490963 0.073662487419154 0.4303082770922167 0.4272680902560476 0.0 3.233187093523759
10.292747724096083 0.8470240548200815 0.03507944461052617 -0.2943905094965703 0.07249080283407665 88.76093373289949 -28.494984788963038 8.83955887502776 0.03629289309253634 -0.30673956745459796 0.023382329976853453 3.241564533627435 0.8438203868820678 0.03508734827173208 -0.2932109844695268 0.07242997806942882 0.4316668895870797 0.42867089181102425 8.881784197001252e-16 3.241564533627436
10.412232560483055 0.8483440556118775 0.034726245728963885 -0.2921444619594232 0.07127382297990222 88.96784208352997 -28.475815470204395 8.811205451964057 0.03590193848221999 -0.3040878179915446 0.023124093534898634 3.2498594851822338 0.845195017485324 0.03473377084634194 -0.2909969683452389 0.07121586882830476 0.43297912223411333 0.4300272197214075 0.0 3.2498594851822338
10.53310445370937 0.8496578325607791 0.03437582709413874 -0.28989780583738683 0.07007523026879045 89.16643881318942 -28.454946657964882 8.782670713483643 0.03551487747870615 -0.30144838649732186 0.02286859457856492 3.2580724686065285 0.8465627257390793 0.03438299089525363 -0.28878159416502025 0.07002001929156905 0.43424504370206624 0.43133712188741946 -1.7763568394002505e-15 3.2580724686065268
10.655379505623053 0.8509652935741938 0.03402818555370588 -0.2876511347821561 0.06889487351630441 89.35673365261064 -28.432389128713723 8.753956688105358 0.03513167711424663 -0.29882147797416775 0.022615806701682343 3.266204010854579 0.847923420636891 0.0340350045403491 -0.2865654673291582 0.06884228339756725 0.4354647352433803 0.4326006595060573 1.7763568394002505e-15 3.266204010854581
10.779074004992731 0.8522663498499524 0.03368331753950788 -0.2854050244244972 0.06773259643857271 89.53873843559595 -28.408153870274006 8.72506539875668 0.034752304656788593 -0.29620728975158067 0.022365703692198945 3.274254645016952 0.8492770147724963 0.03368980751454221 -0.28434917533565207 0.06768250981514233 0.43663829040066565 0.43381790677457316 2.220446049250313e-15 3.274254645016954
10.904204429677527 0.8535609158386337 0.03334121906976017 -0.28316003268565726 0.06658823802313034 89.712467060855 -28.38225207683778 8.695998864008285 0.03437672760516326 -0.2936060116003818 0.02211825953223004 3.282224909931709 0.8506234242908443 0.03334739516321065 -0.2821332880705912 0.06654054231763495 0.43776581471611475 0.43498895059593407 0.0 3.282224909931709
11.030787448822151 0.8548489092048428 0.03300188575181318 -0.28091670009122677 0.06546163288591625 89.8779354539275 -28.354695144071123 8.666759099253436 0.03400491368453319 -0.2910178258480946 0.02187344839806303 3.290115349806189 0.8519625688382143 0.033007762446210044 -0.2799183581020871 0.06541622014317522 0.43884742544396876 0.4361138902865195 -3.552713678800501e-15 3.2901153498061855
11.15883992507748 0.8561302507875101 0.032665312785456764 -0.27867555008689554 0.06435261161469212 90.03516152921637 -28.3254946643074 8.637348117833637 0.033636830842089495 -0.28844290749548124 0.021631244660119578 3.297926513849298 0.8532943715115049 0.03267090394043665 -0.27770492097716054 0.06430937834151303 0.43988325126616834 0.4371928372861971 -1.7763568394002505e-15 3.2979265138492964
11.28837891684689 0.8574048645592846 0.03233149496673271 -0.2764370893555642 0.06326100109915545 90.18416515215404 -28.29466242182682 8.607767932112083 0.0332724472429901 -0.285881424334078 0.021391622882875785 3.3056589559141876 0.8546187588067714 0.03233681384290552 -0.27549349552100927 0.06321984810763809 0.44087343201127555 0.4382259148709098 1.7763568394002505e-15 3.3056589559141893
11.41942168055866 0.858672677585106 0.03200042669222299 -0.2742018081353227 0.062186624848028886 90.32496810151736 -28.262210388218868 8.578020554496222 0.03291173126653083 -0.2833335370645758 0.02115455782474187 3.3133132341511518 0.8559356605670936 0.03200548597431323 -0.27328458413813855 0.06214745710245572 0.44181811837679047 0.4392132578679613 3.9968028886505635e-15 3.3133132341511558
11.551985672964793 0.8599336199800102 0.03167210196378132 -0.2719701805378191 0.06112930329341318 90.45759403191367 -28.22815071782636 8.5481079984109 0.03255465150253996 -0.2807993994159025 0.02092002443790211 3.3208899106706458 0.8572450099298452 0.031676913783053116 -0.2710786731148422 0.061092029760789764 0.4427174716549259 0.4401550123740785 0.0 3.3208899106706458
11.68608855346651 0.8611876248662309 0.03134651439367758 -0.2697426648665825 0.06008885408269904 90.58206843645135 -28.192495743267713 8.51803227922328 0.03220117674798823 -0.2782791582648664 0.020687997868116495 3.328389551216246 0.8585467432734397 0.03135109034965409 -0.2688762329225724 0.06005338758699275 0.443571663461902 0.4410513354764009 1.7763568394002505e-15 3.328389551216248
11.821748186466717 0.8624346283296778 0.03102365721012523 -0.26751970393489705 0.05906509235833635 90.69841860960966 -28.155257971035404 8.487795415120978 0.03185127600380576 -0.2757729537562301 0.0204584534544849 3.3358127248474325 0.8598408001636233 0.03102800839161297 -0.26667771852176464 0.05903134943844873 0.444380875470848 0.4419023949765089 0.0 3.3358127248474325
11.958982643749794 0.8636745693758429 0.03070352326316249 -0.26530172538284197 0.05805783102576282 90.80667361032741 -28.116450077168274 8.45739942794437 0.0315049184718971 -0.2732809194230873 0.020231366729175033 3.343160003632022 0.8611271232993789 0.03070766026859289 -0.2644835696656849 0.058025731797256154 0.4451452991483425 0.4427083691175455 0.0 3.343160003632022
12.097810206889013 0.8649073898851911 0.03038610503085999 -0.263089141993141 0.05706688100979687 90.90686422531462 -28.0760849029944 8.426846343974454 0.03116207355234666 -0.2708031823074173 0.020006713417115195 3.3504319623480976 0.8624056584585096 0.030390037987960163 -0.2622942112039325 0.05703634903038686 0.44586513549463225 0.4434694463145536 0.0 3.3504319623480976
12.238249369681924 0.8661330345681084 0.030071394625827506 -0.2608823520054967 0.056092051499801295 90.99902293260806 -28.03417545094333 8.396138194677384 0.030822710840805803 -0.2683398630807068 0.019784469435652572 3.35762917819527 0.8636763544429618 0.030075133210633095 -0.2601100533852237 0.0560630136386143 0.4465405947875741 0.44418582488807135 0.0 3.35762917819527
12.380318840613974 0.8673514509194488 0.02975938380199422 -0.2586817394291019 0.055133150183924194 91.08318386537098 -27.990734880423275 8.365277017406552 0.03048680012605411 -0.26589107616452473 0.01956461089417869 3.364752230515116 0.8649391630239487 0.02976293725721778 -0.25793149215913147 0.055105536494509964 0.4471718963303163 0.44485771280107883 -1.7763568394002505e-15 3.3647522305151143
12.524037545350732 0.8685625891727413 0.029450063961637792 -0.2564876743530448 0.0541899834727252 91.15938277596098 -27.94577650376348 8.334264856063642 0.03015431138772649 -0.2634569298509509 0.019347114093722344 3.3718017005206415 0.8661940388869289 0.029453441114406082 -0.25575890947645535 0.05416372706980529 0.4477592682027332 0.4454853273993107 2.220446049250313e-15 3.371801700520644
12.669424629259064 0.8697664022541082 0.029143426162637924 -0.25430051325434716 0.05326235671249229 91.2276570002538 -27.899313782215643 8.30310376171928 0.02982521479419854 -0.26103752642274874 0.019131955526511615 3.3787781710345404 0.8674409395765001 0.029146635441612296 -0.2535926735879467 0.053237393652418016 0.4483029470166208 0.44606889515503195 2.220446049250313e-15 3.3787781710345426
12.816499459957583 0.8709628457359477 0.02883946112593187 -0.25212059930339836 0.052350074388554046 91.28804542225338 -27.85136032201561 8.271795793194526 0.029499480700622603 -0.258632962273199 0.01891911187550529 3.3856822262361677 0.8686798254412544 0.028842510577825834 -0.25143313934109907 0.05232634355343868 0.4488031776746697 0.4466086514142549 0.0 3.3856822262361677
12.965281629896682 0.8721518777904258 0.028538159243149848 -0.24994826266656156 0.051452940318891284 91.34058843897738 -27.801929870500363 8.24034301760411 0.029177079647107026 -0.2562433280254979 0.01870856001389535 3.392514451416982 0.8699106595786485 0.028541056548658246 -0.24928064847477552 0.051430383304377304 0.44926021313318887 0.44710484014746776 -2.220446049250313e-15 3.39251445141698
13.115790958968502 0.8733334591428195 0.028239510584409527 -0.24778382080575165 0.050570757838347406 91.38532792563214 -27.751036312278863 8.208747510862281 0.02885798235703157 -0.2538687086516371 0.01850027700458084 3.3992754327443206 0.871133407779937 0.028242263073563836 -0.24713552991142906 0.050549318844960694 0.4496743141685823 0.44755771370388864 -2.220446049250313e-15 3.3992754327443184
13.268047497147244 0.8745075530247713 0.02794350490624908 -0.24562757877480249 0.049703329973734826 91.42230720107963 -27.698693665454115 8.177011358152187 0.02854215973549146 -0.25150918359068486 0.018294240099614407 3.405965757033321 0.872348038475212 0.027946119573213517 -0.24499810004670985 0.04968295570177492 0.4500457491475651 0.4479675325692479 0.0 3.405965757033321
13.422071527160119 0.8756741251274796 0.02765013165968015 -0.24347982951245328 0.04885045961013159 91.45157099360284 -27.644916077894415 8.145136654359682 0.028229582867863565 -0.2491648268663948 0.018090426739622203 3.4125860115268463 0.8735545226785955 0.0276526151770033 -0.24286866303626453 0.048831099158041465 0.4503747938010855 0.448334565127121 0.0 3.4125860115268467
13.577883567189284 0.8768331435548757 0.027359379998342214 -0.24134085413180617 0.048011949648658146 91.47316540696943 -27.589717823550913 8.113125504472357 0.02792022301848787 -0.2468357072040681 0.01788881455319824 3.419136783683172 0.8747528339336208 0.02736173873067884 -0.24074751107954886 0.047993554414813115 0.4506617310019377 0.4486590874238006 0.0 3.419136783683172
13.735504373605137 0.8779845787768326 0.027071238786741142 -0.23921092220611861 0.0471876031560201 91.48713788679952 -27.533113298819806 8.08098002394472 0.027614051629457747 -0.24452188814660455 0.01768938135627382 3.425618660971335 0.8759429482588488 0.02707347880405882 -0.2386349247004928 0.04717012674387196 0.4509068505460332 0.44894138293671143 2.6645352591003757e-15 3.425618660971338
13.894954943731374 0.879128403582426 0.026785696608555093 -0.237090292050807 0.04637722350609759 91.49353718723943 -27.475117018946353 8.048702339030092 0.027311040319512488 -0.24222342816968112 0.017492105151463204 3.4320322306739532 0.8771248440937494 0.026787823698840633 -0.23653117302487636 0.04636062163260738 0.4511104489372935 0.44918174234637986 2.220446049250313e-15 3.432032230673956
14.05625651864215 0.8802645930332993 0.02650274177499258 -0.2349792110015526 0.045580614513858225 91.49241333794106 -27.415743614469058 8.016294587080328 0.027011160883026183 -0.2399403807959937 0.01729696412738585 3.4383780796972876 0.8782985022448883 0.026504761456472254 -0.2344365140542725 0.0455648449211479 0.4512728291761237 0.4493804633119015 -2.220446049250313e-15 3.4383780796972854
14.219430585991669 0.8813931244171558 0.026222362333187386 -0.23287791568841884 0.04479758056186506 91.48381761135283 -27.35500782770183 7.983758916813785 0.02671438528908697 -0.2376727947085143 0.01710393665796673 3.4446567943884707 0.8794639058324482 0.026224279866075895 -0.23235119493644413 0.0447826029320169 0.45139430055143565 0.4495378502499087 0.0 3.4446567943884703
14.38449888287663 0.8825139772014242 0.025944546074616555 -0.23078663230589205 0.044027926719645324 91.46780249031372 -27.292924509251165 7.951097488552512 0.026420685680660663 -0.23542071386270813 0.016913001301714897 3.4508689603596387 0.8806210402371196 0.025946366472408708 -0.23027545223210072 0.044013702592575456 0.45147517843617097 0.44965421411706674 0.0 3.4508689603596387
14.551483398731937 0.8836271329871063 0.025669280543528003 -0.22870557687877283 0.04327145885618075 91.44442163596307 -27.22950861456799 7.918312474429283 0.026130034373833527 -0.23318417759766347 0.01672413680098143 3.4570151623188714 0.8817698930473871 0.02567100858384755 -0.22820951217789437 0.04325795155051263 0.451515784086272 0.44972987219597466 -2.6645352591003757e-15 3.4570151623188687
14.720406378260014 0.8847325754628617 0.025396553045365294 -0.2266349555238599 0.042527983745774635 91.41372985595524 -27.164775200530652 7.885406058565138 0.02584240385712848 -0.2309632207460911 0.01653732208119745 3.4630959839077144 0.8829104540072398 0.025398193280384524 -0.22615359094559268 0.042515158282636356 0.45151644444306555 0.4497651478845181 0.0 3.4630959839077144
14.891290324394095 0.8858302903593381 0.02512635065517766 -0.22457496470737165 0.041797309167545066 91.37578307298449 -27.098739422058166 7.852380437218237 0.0255577667908897 -0.22875787374315332 0.016352536250092937 3.4691120075451805 0.8840427149643342 0.02512790742162177 -0.22410789489735147 0.04178513219721451 0.4514774919389971 0.44976037048862155 -2.220446049250313e-15 3.4691120075451782
15.064158001295928 0.8869202654037814 0.02485866022600437 -0.22252579149806284 0.04107924399878787 91.33063829361689 -27.031416528751247 7.819237818904563 0.025276096006730774 -0.226568162734082 0.016169758596897156 3.475063814277984 0.8851666698186291 0.024860137654754103 -0.22207262083701929 0.04106768373010859 0.45139926430666694 0.4497158750183547 0.0 3.4750638142779837
15.239032437388289 0.8880024902749499 0.024593468397222717 -0.2204876138160043 0.04037359830244715 91.27835357742836 -26.96282186155996 7.785980424491301 0.024997364507041268 -0.22439410968055437 0.01598896859152126 3.4809519836369254 0.8862823144715195 0.024594870422528458 -0.22004795625742785 0.04036262443493804 0.451282104391116 0.4496320019873667 0.0 3.480951983636926
15.415936928422719 0.889076956558356 0.024330761602850068 -0.21846060067699763 0.039680183408924825 91.21898800645005 -26.892970849475894 7.752610487263324 0.02472154546454729 -0.22223573246579337 0.01581014588372399 3.4867770934992257 0.887389646775488 0.02433209197117067 -0.21803407958361903 0.039669767067506544 0.45112635996530454 0.44950909721560683 2.6645352591003757e-15 3.486777093499229
15.594895040582823 0.8901436577018571 0.02407052607979072 -0.21644491243260988 0.03899881199245547 91.15260165491193 -26.82187900624705 7.719130252963592 0.024448612221921597 -0.22009304499836257 0.015633270302261023 3.4925397199566395 0.8884886664842941 0.024071788358269616 -0.21603116041197595 0.038988925664716664 0.45093238354873055 0.4493475116352861 3.1086244689504383e-15 3.4925397199566426
15.775930613623613 0.8912025889716154 0.023812747876019284 -0.21444070100581367 0.03832929814226622 91.07925555929438 -26.749561927114843 7.685541979808056 0.02417853829143904 -0.21796605731463403 0.015458321854018678 3.4982404371892413 0.8895793752037185 0.023813945460610598 -0.21403935974522864 0.03831991561819336 0.45070053222912554 0.44914760110003904 2.6645352591003757e-15 3.4982404371892444
15.95906776404731 0.8922537474084469 0.023557412858692187 -0.21244811012223144 0.03767145742873522 90.99901168867422 -26.67603528557064 7.651847938475671 0.023911297354673 -0.21585477567989922 0.015285280723132661 3.503879817344666 0.8906617763428812 0.023558548981949156 -0.21205883022331432 0.03766255374283059 0.45043116748717454 0.44890972619723923 3.1086244689504383e-15 3.5038798173446692
16.14433088831602 0.8932971317845801 0.023304506722180388 -0.21046727553698394 0.03702510696475679 90.91193291536972 -26.601314830130914 7.618050412074004 0.023646863262229263 -0.21375920268810766 0.015114127270092469 3.5094584304227117 0.8917358750661465 0.023305584460717847 -0.21008971635007728 0.03701665834046872 0.4501246550242056 0.4486342520634265 0.0 3.5094584304227117
16.331744666101677 0.8943327425608364 0.023054014996016267 -0.20849832525715123 0.036390065462515275 90.81808298587907 -26.525416381129588 7.584151696081244 0.02338521003351335 -0.21167933736021116 0.014944842030832147 3.514976844165104 0.8928016782456293 0.023055037277659163 -0.20813215471580426 0.03638204925890736 0.44978136459278145 0.4483215482027983 0.0 3.514976844165104
16.5213340635737 0.8953605818442543 0.02280592305274853 -0.20654137975986006 0.035766153285863564 90.7175264921134 -26.448355827526886 7.550154098265132 0.023126311856528005 -0.20961517524109993 0.014777405715807924 3.5204356239503185 0.8938591944143169 0.022806892663377785 -0.20618627421559022 0.0357585479464495 0.4494016698301479 0.44797198830870993 -3.1086244689504383e-15 3.5204356239503154
16.713124336724874 0.8963806533461658 0.022560216115699066 -0.20459655220601325 0.03515319249849602 90.610328842918 -26.370149123732414 7.516059938579206 0.022870143087697026 -0.2075667084951144 0.014611799209063414 3.525835332693302 0.8949084337198158 0.02256113570580583 -0.2042521962635395 0.03514597750216754 0.44898594809447 0.4475859500881437 0.0 3.525835332693302
16.9071410347358 0.8973929623407451 0.022316879266616768 -0.2026639486496858 0.03455100690810073 90.49655623587824 -26.290812286441913 7.481871549037225 0.022616678251712673 -0.20553392600011974 0.01444800356728302 3.5311765307499154 0.8959494078787357 0.022317751357576042 -0.20233003500281452 0.03454416272207898 0.4485345803038062 0.4471638150890912 -6.217248937900877e-15 3.5311765307499092
17.103410003378404 0.8983975156240305 0.022075897453223248 -0.20074366824321213 0.033959422106668996 90.37627562941495 -26.210361391487297 7.447591273566151 0.022365892041403268 -0.20351681344013675 0.014286000018833874 3.5364597758260206 0.8969821301317182 0.022076724443297353 -0.2004198975115392 0.033952930141408655 0.44804795077775733 0.44670596853079736 0.0 3.5364597758260206
17.301957388458945 0.8993943214734562 0.021837255496646234 -0.19883580343799928 0.03337826550713582 90.24955471515632 -26.128812570697665 7.413221467838298 0.022117759317618238 -0.20151535339651847 0.014125769962797251 3.541685622891041 0.8980066151991205 0.02183803966672832 -0.19852188400458876 0.0333721080731145 0.4475264470817464 0.4462127991368438 0.0 3.541685622891041
17.502809639301013 0.9003833896078656 0.021600938098736467 -0.1969404401810931 0.03280736637651772 90.11646189059286 -26.046182008771652 7.378764499083231 0.021872255109127756 -0.19952952543766456 0.013967294967989695 3.5468546240958534 0.8990228792373586 0.02160168161784413 -0.1966360880312706 0.03280152664284398 0.4469704598738521 0.44568469897096824 -3.1086244689504383e-15 3.5468546240958503
17.70599351226898 0.9013647311480547 0.0213669298492645 -0.19505765810754125 0.03224655586571016 89.97706623200517 -25.96248594015944 7.344222745879915 0.021629354612534256 -0.19755930620727027 0.013810556771974496 3.5519673286948885 0.9000309397959187 0.02136763477979305 -0.19476259666893553 0.03224101782048451 0.44638038275416225 0.44512206327561077 6.661338147750939e-15 3.551967328694895
17.91153607433231 0.9023383585778331 0.02113521523299448 -0.1931875307285911 0.03169566703610127 89.83143746766505 -25.877740645953722 7.309598597929709 0.02138903319219367 -0.19560466951110894 0.013655537280064127 3.557024282972335 0.901030815775042 0.021135883535739388 -0.19290149071255316 0.03169041544846665 0.4457566121165859 0.4445252903131671 -3.552713678800501e-15 3.5570242829723315
18.11946470667124 0.9033042857056081 0.02090577863663185 -0.1913301256157636 0.031154534883152347 89.6796459513131 -25.791962450790287 7.274894455810721 0.021151266380143696 -0.1936655864023418 0.013502218564314102 3.562026030172276 0.9020225273840828 0.020906412175589223 -0.1910528448602609 0.031149555266972186 0.44509954700306276 0.44389478120977677 -3.1086244689504383e-15 3.562026030172273
18.329807108324356 0.9042625276265175 0.02067860435564244 -0.18948550458085198 0.030622996357091384 89.5217626358968 -25.7051677197554 7.240112730714131 0.020916029876037127 -0.19174202526535852 0.013350582862508628 3.5669731104326763 0.9030060961005515 0.020679204902596542 -0.1892167278949558 0.030618274936194165 0.44440958896013405 0.44323093980176986 3.552713678800501e-15 3.56697311043268
18.542591299878524 0.9052131006850938 0.02045367660094083 -0.18765372385188878 0.030100890380860123 89.35785904757768 -25.61737285530089 7.205255844162831 0.02068329954707791 -0.18983395189814795 0.013200612577138723 3.5718660607230763 0.9039815446298375 0.020454245839847153 -0.18739320286194308 0.030096414055791623 0.4436871418978048 0.4425341724845988 6.661338147750939e-15 3.571866060723083
18.757845627201604 0.9061560224384827 0.020230979505446403 -0.18583483424513522 0.02958805786545076 89.18800726000352 -25.528594294166734 7.170326227713169 0.020453051427958405 -0.18794132959320192 0.013052290274373199 3.57670541478588 0.9049488968656185 0.020231519036618306 -0.18558232724268794 0.029583814181676656 0.44293261195066835 0.4418048880642303 0.0 3.57670541478588
18.975598765218503 0.907091311620216 0.020010497130505064 -0.18402888133314152 0.02908434172276298 89.01227986883937 -25.438848504309757 7.1353263226401715 0.020225261720795563 -0.1860641192169556 0.012905598683022991 3.5814917030811086 0.9059081778509548 0.02001100847461226 -0.18378415312472057 0.029080318840266035 0.4421464073412274 0.44104349761098527 3.1086244689504383e-15 3.5814917030811118
19.19587972173111 0.9080189881045354 0.019792213472175742 -0.18223590560893116 0.02858958687610722 88.83074996655485 -25.348151981838335 7.100258579606771 0.019999906795064665 -0.18420227928776975 0.012760520693499219 3.5862254527345483 0.9068594137400724 0.019792698074062153 -0.1819987273677371 0.028585773540324693 0.4413289382453767 0.44025041431577716 0.0 3.5862254527345483
19.418717841282547 0.9089390728712872 0.019576112467380443 -0.18045594264636505 0.028103640268475998 88.64349111747205 -25.25652124795357 7.065125458317599 0.019776963187528696 -0.18235576605245943 0.01261703935676548 3.5909071874891265 0.90780263176083 0.01957657169970884 -0.18022609176593593 0.0281000257825247 0.44048061665999594 0.4394260533486546 0.0 3.5909071874891265
19.644142809066278 0.9098515879713645 0.019362177999917234 -0.1786890232567382 0.02762635086869999 88.45057733306714 -25.1639728458964 7.029929427157954 0.019556407602162252 -0.18052453356137915 0.012475137883284788 3.5955374276594716 0.9087378601778742 0.019362613166647988 -0.17846628320664992 0.02762292506683815 0.43960185627260295 0.4385708317196688 -3.1086244689504383e-15 3.5955374276594685
19.872184654880556 0.9107565564927325 0.019150393906335605 -0.17693517364167044 0.02715756967560152 88.25208304751949 -25.070523337899395 6.994672962818242 0.019338216910068325 -0.17870853374206683 0.012334799641961642 3.6001166900894574 0.9096651282564775 0.019150806246046384 -0.17671933382531574 0.02715432289787783 0.43869307233304444 0.437685168141979 0.0 3.6001166900894574
20.102873757128854 0.911654002527004 0.018940743981673773 -0.17519441554234239 0.026697149720253246 88.04808309351603 -24.97618930214517 6.959358549904652 0.019122368149386674 -0.1769077164714617 0.012196008159079504 3.6046454881127548 0.9105844662270599 0.01894113467072682 -0.17498527115683718 0.02669407278829562 0.43775468152715463 0.4367694828971745 0.0 3.6046454881127548
20.336240846866723 0.9125439511365939 0.01873321198505802 -0.17346676638513983 0.026244946066446395 87.83865267830281 -24.880987329729884 6.923988680536433 0.018908838525192793 -0.17512202964670026 0.012058747117234089 3.609124331516177 0.9114959052503896 0.018733582140621628 -0.17326411828338953 0.02624203026034361 0.4367871018523685 0.4358241977027666 3.9968028886505635e-15 3.609124331516181
20.572317011895564 0.913426428322435 0.01852778164516415 -0.1717522394237631 0.025800815809468396 87.62386735998398 -24.784934021632623 6.8885658539303565 0.01869760540938624 -0.17335141925450515 0.011923000354263007 3.6135537265057955 0.9123994773834608 0.018528132328094384 -0.1715558939787247 0.025798052845700293 0.43579075249523197 0.4348497355818144 0.0 3.6135537265057955
20.811133700903948 0.9143014609922652 0.018324436665541254 -0.1700508438778619 0.025364618073285758 87.40380302406507 -24.688045985690326 6.8530925759728145 0.018488646340567436 -0.17159582943917437 0.011788751862172023 3.617934175675685 0.9132952155460459 0.01832476888312993 -0.1698606128490256 0.02536200008365853 0.43476605371078564 0.43384652073463614 0.0 3.617934175675685
21.05272272765707 0.9151690769294758 0.01812316072979822 -0.16836258506825263 0.024936214006224082 87.17853586024142 -24.590339833578717 6.817571358780166 0.01828193902390178 -0.16985520256918457 0.011655985786058191 3.6222661779792347 0.9141831534879168 0.018123475438392975 -0.16817828547036956 0.024933733517768904 0.4337134267037726 0.4328149784125937 0.0 3.6222661779792347
21.29711627523478 0.9160293047625357 0.017923937506653814 -0.1666874645487831 0.024515466775233957 86.9481423394301 -24.49183217779953 6.78200472024773 0.01807746133097063 -0.16812947930242092 0.011524686423030447 3.6265502287029348 0.9150633257567314 0.01792423561415575 -0.1665089185228523 0.024513116691028746 0.4326332935116585 0.43175553479388556 -3.9968028886505635e-15 3.6265502287029308
21.544346900318832 0.9168821739349677 0.01772675065485083 -0.16502548023489855 0.02410224155882716 86.712699191044 -24.392539628674196 6.746395183588024 0.017875191299608024 -0.16641859865004538 0.011394838221127794 3.630786819442527 0.9159357676665816 0.017727033023095022 -0.16485251492142894 0.024100015139702273 0.4315260768894009 0.4306686168613274 -8.43769498715119e-15 3.6307868194425184
21.794447537529855 0.9177277146758962 0.017531583827935505 -0.16337662652897467 0.0236964055387646 86.47228338050469 -24.292478791343985 6.710745276858724 0.017675107133722782 -0.16472249803901715 0.0112664257782356 3.6349764380814324 0.9168005152671959 0.01753185127495961 -0.16320907394353165 0.02369429638585535 0.43039220019596675 0.42955465228209233 -3.9968028886505635e-15 3.6349764380814285
22.047451503814745 0.9185659579711517 0.01733842067890293 -0.16174089444247478 0.02329782789057348 86.22697208699928 -24.191666262777794 6.675057532480812 0.017477187203105076 -0.163041113373282 0.011139433841000105 3.63911956877145 0.9176576053137935 0.0173386739811087 -0.16157859135351818 0.023295829928682878 0.429232087282554 0.42841406928938586 -4.440892098500626e-15 3.6391195687714455
22.303392502884964 0.9193969355349306 0.017147244864709896 -0.16011827171499074 0.022906379772968572 85.97684268147495 -24.09011862878733 6.639334486747496 0.017281410043217215 -0.1613743790936391 0.0110138473037417 3.6432166919155073 0.9185070752375817 0.017147484758922388 -0.1599610595240028 0.022904487234705874 0.42804616238248516 0.42724729656597915 0.0 3.6432166919155073
22.56230462970634 0.9202206797820158 0.01695804005065615 -0.1585087429302309 0.022521934316248653 85.72197270487106 -23.98785246105009 6.603578679324318 0.017087754354967937 -0.15972222823630658 0.010889651207367086 3.64726828415252 0.9193489631168936 0.0169582672360852 -0.15835646755413832 0.022520141726909863 0.42683485000276444 0.4260547631296497 -4.440892098500626e-15 3.6472682841525157
22.824222375040975 0.9210372238005368 0.016770789914635775 -0.1569122896290095 0.02214436660973656 85.46243984659516 -23.884884314141775 6.567792652741077 0.016896199004470012 -0.15808459249019655 0.010766830738280707 3.6512748183441817 0.9201833076489557 0.016771005054744062 -0.156764801384891 0.02214266877289489 0.42559857481724844 0.4248368982204134 0.0 3.6512748183441817
23.089180630041927 0.9218466013252886 0.01658547815125985 -0.15532889041930206 0.02177355368832793 85.19832192323261 -23.781230722577064 6.531978951875882 0.016706723022780624 -0.15646140225291894 0.010645371227295742 3.65523676356371 0.9210101481222832 0.016585681875541717 -0.1551860439113802 0.021771945672102933 0.42433776156143294 0.4235941311896125 0.0 3.65523676356371
23.357214690901213 0.922648846711586 0.01640208847585205 -0.15375852108342217 0.021409374518211125 84.929696857496 -23.67690819786042 6.49614012343199 0.01651930560562433 -0.1548525866855245 0.010525258148544887 3.659154585086343 0.9218295243896939 0.016402281381527165 -0.1536201750923241 0.0214078516421868 0.42305283492881585 0.4223268913907465 4.884981308350689e-15 3.659154585086348
23.628360263551762 0.923443994909662 0.01622060462831886 -0.1522011546823795 0.021051709981817886 84.6566426574162 -23.57193322554788 6.460278715407917 0.016333926113098297 -0.15325807376601067 0.01040647711839121 3.663028744381675 0.9226414768419336 0.016220787281944482 -0.1520671720566605 0.02105026780458112 0.42174421946882296 0.4210356080720919 -4.884981308350689e-15 3.6630287443816703
23.902653468423917 0.9242320814395958 0.016041010376896 -0.15065676165747735 0.02070044286206179 84.37923739576905 -23.466322262319295 6.4243972765611455 0.01615056406935976 -0.15167779034159942 0.010289013894339437 3.666859699107613 0.923446046381907 0.01604118331590168 -0.1505270092073883 0.020699077169333422 0.4204123394862761 0.4197207102710399 0.0 3.666859699107613
24.180130845257207 0.925013142366773 0.015863289521772888 -0.1491253099292061 0.02035545782591856 84.09755918974152 -23.360091733062774 6.388498355866168 0.01596919916229533 -0.15011166217980945 0.010172854373947727 3.670647903106008 0.9242432743995052 0.01586345325592098 -0.14899965832269474 0.020354164619250714 0.4190576189423833 0.41838262671017556 0.0 3.670647903106008
24.46082935796798 0.92578721427787 0.015687425898596917 -0.1476067649934907 0.020016641407400247 83.81168618083807 -23.253258027971736 6.352584501967134 0.015789811243172282 -0.14855961401833492 0.010057984593740386 3.67439380639981 0.9250332027470248 0.015687580911372415 -0.14748508865441348 0.02001541689341451 0.4176804813572403 0.4170217856950263 -3.9968028886505635e-15 3.674393806399806
24.744786399573513 0.92655433425736 0.015513403381859359 -0.14610109001534838 0.019683881989972656 83.52169651502963 -23.145837499655684 6.3166582626257375 0.015612380326271538 -0.14702156961375182 0.009944390728121595 3.678097855191753 0.9258158737151678 0.015513550131792267 -0.1459832670238753 0.019682722570114754 0.4162813497138233 0.41563861501349963 -4.884981308350689e-15 3.6780978551917483
25.032039797173255 0.9273145398645284 0.015341205888165003 -0.14460824592001154 0.019357069788463223 83.22766832313539 -23.037846460264177 6.280722184164753 0.01543688658850259 -0.1454974517890647 0.009832059088290547 3.681760491864412 0.9265913300096172 0.015341344810088368 -0.14449415791520495 0.019355972049250762 0.4148606463634569 0.41423354183698896 -4.440892098500626e-15 3.6817604918644076
25.322627816987946 0.9280678691110023 0.015170817379387178 -0.14312819148157205 0.019036096830503883 82.92967970145726 -22.929301178627533 6.244778810907676 0.015263310369000142 -0.1439871824801173 0.00972097612115802 3.6853821549817454 0.9273596147281785 0.01517094888563373 -0.14301772356611345 0.01903505753424473 0.4134187929327521 0.412806992623108 0.0 3.6853821549817454
25.616589169457267 0.9288143604387787 0.015002221865710362 -0.14166088340919977 0.018720856937551954 82.62780869264702 -22.820217877411974 6.208830684615048 0.015091632168702579 -0.1424906827808761 0.00961112840826474 3.6889632792918494 0.9281207713384809 0.015002346347250652 -0.14155392405624342 0.01871987301351174 0.4119562102319917 0.41135939302006264 -5.329070518200751e-15 3.688963279291845
25.913963014396586 0.929554052698755 0.014835403408562318 -0.14020627643099168 0.018411245705529575 82.32213326682222 -22.710612730292453 6.1728803439177895 0.014921832649912486 -0.14100787298761147 0.009502502664701757 3.6925042957310468 0.9288748436562281 0.014835521236087081 -0.14010271739311697 0.018410314241527833 0.4104733181649659 0.4098911677726232 0.0 3.6925042957310463
26.214788966213558 0.9302869851297413 0.014670346123437827 -0.13876432337550051 0.01810716048512027 82.01273130292367 -22.600501859142998 6.13693032374818 0.0147538926358392 -0.13953867264199027 0.009395085738032927 3.696005631429154 0.9296218758239925 0.014670457648387149 -0.13866405959574127 0.018106278719535407 0.4089705356402292 0.4084027406297109 3.9968028886505635e-15 3.696005631429158
26.51910709918538 0.9310131973379712 0.014507034182615971 -0.1373349752510005 0.017808500361759436 81.6996805703213 -22.48990133124598 6.1009831547688265 0.014587793110123535 -0.138083000573098 0.009288864607219734 3.699467709715935 0.9303619122905434 0.014507139738157824 -0.1372379047759195 0.017807665675923547 0.407448280483797 0.4068945342535623 5.329070518200751e-15 3.6994677097159405
26.826957952797247 0.9317327292770811 0.014345451817773127 -0.1359181813225356 0.017515166135353522 81.38305871066234 -22.378827156520497 6.0650413628000255 0.014423515216344902 -0.13664077493840762 0.00918382638154875 3.702890950128645 0.9310949977907013 0.014345551719733547 -0.13582420521731936 0.017514376046319093 0.40590696935324183 0.40536697013046474 0.0 3.702890950128645
27.138382537142785 0.9324456212285633 0.014185583322493752 -0.13451388918680593 0.017227060299761163 81.0629432199738 -22.26729528477225 6.029107468246216 0.014261040257511012 -0.13521191326371393 0.009079958299561685 3.7062757684206473 0.931821177325709 0.014185677870241083 -0.13442291145234964 0.017226312453422227 0.4043470176532093 0.4038204684830625 -5.329070518200751e-15 3.706275768420642
27.453422338387142 0.9331519137826955 0.014027413054681028 -0.13312204484494064 0.01694408702206762 80.73941143100619 -22.155321602963973 5.993183985521712 0.014100349695530411 -0.1337963324820486 0.008977247727988476 3.7096225765710287 0.9325404961441146 0.014027502531966328 -0.13303397233689412 0.016943379186618864 0.40276883945233966 0.4022554481842187 -5.329070518200751e-15 3.7096225765710233
27.77211932429355 0.9338516478199138 0.013870925438869438 -0.131742592773204 0.01666615212168216 80.41254049583588 -22.04292193250948 5.9572734224763115 0.013941425150667984 -0.13239394897159623 0.008875682160683367 3.7129317827952213 0.9332529997231525 0.013871010114625121 -0.13165733512294922 0.01666548218140017 0.4011728474015748 0.40067232667241126 -5.329070518200751e-15 3.712931782795216
28.094515949814063 0.9345448644926558 0.013716104968441396 -0.1303754759916873 0.016393163049286764 80.08240736871394 -21.930112026590436 5.921378279821134 0.013784248400983742 -0.13100467859262552 0.00877524921756421 3.716203791556506 0.9339587337506191 0.013716185097540131 -0.13029294552921591 0.016392528998618 0.39955945265387455 0.3990715198686794 0.0 3.7162037915565054
28.420655162745124 0.9352316052076379 0.013562936207750018 -0.12902063613103007 0.016125028865662746 79.74908878917145 -21.81690756749832 5.8855010505552645 0.013628801381755266 -0.12962843672345548 0.008675936643555215 3.719439003578425 0.9346577441072327 0.013563012031725863 -0.1289407478096917 0.01612442880360416 0.39792906478531037 0.39745344209509226 -5.329070518200751e-15 3.7194390035784197
28.7505804094488 0.9359119116085802 0.013411403794150206 -0.12767801349722027 0.015861660220420654 79.4126612653805 -21.703324164001817 5.849644219393407 0.013475066184883934 -0.12826513829547276 0.00857773230753319 3.7226378158580324 0.9353500768494681 0.013411475541883587 -0.12760068482030704 0.015861092345178643 0.396282091717556 0.3958185059947328 0.0 3.7226378158580324
29.08433564064048 0.9365858255593631 0.013261492439939935 -0.1263475471345174 0.015602969330657149 79.07320105777 -21.589377348740754 5.813810262195233 0.013323025058285344 -0.12691469782721715 0.008480624201277483 3.7258006216799386 0.9360357781928605 0.013261560328308462 -0.12627269808365715 0.015602431934571932 0.39461893964175726 0.3941671224532161 5.773159728050814e-15 3.7258006216799444
29.421965317243743 0.9372533891276116 0.01311318693421404 -0.12502917488654383 0.01534886995956152 78.73078416290119 -21.47508257564765 5.778001645396577 0.01317266040526421 -0.12557702945755267 0.00838460043842376 3.7289278106311396 0.9367148944957674 0.013113251168710595 -0.12495672785186816 0.01534836142428409 0.3929400129437866 0.39249970052170785 0.0 3.7289278106311396
29.76351441631318 0.9379146445686959 0.012966472144632393 -0.1237228334555897 0.015099277394993142 78.38548629760301 -21.360455217398087 5.742220825443182 0.013023954783874095 -0.12425204697793953 0.008289649253421705 3.7320197686165124 0.9373874722435821 0.01296653291995222 -0.12365271316764324 0.015098796186902881 0.39124571413087983 0.39081664734143584 5.773159728050814e-15 3.732019768616518
30.109028437025927 0.9385696343101526 0.012821333019104665 -0.12242845846017363 0.014854108428049859 78.03738288337114 -21.2455105628908 5.706470248227073 0.012876890906262334 -0.1229396638638286 0.008195759000496872 3.735076877875103 0.9380535580333896 0.012821390519702871 -0.12236059192353635 0.014853653093901057 0.389536443759655 0.38911836806973343 1.199040866595169e-14 3.735076877875115
30.45855340674284 0.9392184009365078 0.012677754587393569 -0.12114598449090208 0.01461328133164621 77.68654903102569 -21.13026381475801 5.67075234852629 0.01273145163800041 -0.12163979330518779 0.008102918152616675 3.7380995169969675 0.9387131985590582 0.01267780898801454 -0.12108030091949028 0.01461285049443264 0.38781260036551013 0.3874052658075597 0.0 3.7380995169969675
30.812135887140023 0.9398609871745005 0.01253572196263872 -0.11987534516466897 0.014376715839119201 77.33305952564002 -21.014730086907992 5.635069549448064 0.0125876199974003 -0.120352348236182 0.008011115300460756 3.7410880609406703 0.939366440596755 0.012535773428818786 -0.11981177591868059 0.014376308194146132 0.38607458039340437 0.3856777415285051 0.0 3.7410880609406703
31.16982298041145 0.9404974358787028 0.01239522034280303 -0.11861647317723738 0.014144333122878548 76.97698881173196 -20.898924402099972 5.599424261876082 0.01244537915481698 -0.11907724136402323 0.00792033915139579 3.74404288105141 0.9400133309908825 0.012395269031347696 -0.11855495170171508 0.014143947434032222 0.3843227781300193 0.3839361940093188 0.0 3.7440428810514104
31.531662335543647 0.9411277900175236 0.012256235012043662 -0.11736930035424237 0.013916055773116843 76.61841097872642 -20.782861689552938 5.563818883922042 0.012304712431937662 -0.11781438519700381 0.007830578528454835 3.7469643450796535 0.9406539166404225 0.012256281071480652 -0.11730976211921759 0.013915690869321788 0.38255758563730424 0.3821810197618978 0.0 3.7469643450796535
31.897702154663214 0.941752092659593 0.0121187513420095 -0.1161337577006545 0.013691807776594457 76.2573997466843 -20.666556782588568 5.528255800381912 0.012165603301057962 -0.11656369207173023 0.0077418223693213615 3.7498528172002947 0.9412882444856854 0.0121187949130188 -0.11607614014284237 0.013691462548449482 0.3807793926874031 0.38041261296677126 0.0 3.7498528172002947
32.26799119945808 0.9423703869605237 0.011982754793066987 -0.11490977544874341 0.013471514495512973 75.89402845230929 -20.550024416310713 5.492737382197353 0.012028035384345503 -0.1153250741795755 0.007654059725317999 3.752708658032355 0.9419163614954496 0.011982796008889064 -0.11485401791475669 0.013471187892097251 0.3789885866989698 0.37863136540807035 6.661338147750939e-15 3.7527086580323616
32.642578797673224 0.9429827161500313 0.011848230915456406 -0.11369728310457757 0.013255102646490043 75.5283700352205 -20.433279225320266 5.457265985922452 0.011891992453091275 -0.11409844359236256 0.007567279760400182 3.7555322246591154 0.9425383146544912 0.011848269902279536 -0.1136433267956289 0.013254793672330754 0.3771855526748651 0.37683766640998095 6.217248937900877e-15 3.7555322246591216
33.02151484968176 0.9435891235194247 0.011715165350380332 -0.1124962094930997 0.013042500279647748 75.1604970245063 -20.316335741468436 5.421843953196335 0.01175745842694926 -0.11288371228729654 0.007481471750154739 3.758323870648692 0.9431541509514898 0.011715202227708285 -0.11244399741115885 0.01304220799184154 0.3753706731412479 0.37503190277467374 -7.105427357601002e-15 3.758323870648685
33.404849835132445 0.9441896524094411 0.011583543831026165 -0.11130648280181094 0.012833636757825537 74.79048152555353 -20.19920839164836 5.386473610221887 0.011624417373164532 -0.11168079217116027 0.007396625080803486 3.7610839460750523 0.943763917367305 0.011583578712027061 -0.11125595969718692 0.012833360263306236 0.3735443280880512 0.3732144587217072 0.0 3.7610839460750523
33.79263481967431 0.9447843461984337 0.011453352183524605 -0.11012803062310147 0.01262844273592842 74.41839520714765 -20.08191149562483 5.351157267250805 0.01149285350579036 -0.11048959510378806 0.007312729248211962 3.76381279753939 0.944367660863618 0.011453385175361895 -0.11007914294342096 0.0126281811888736 0.3717068949108512 0.3713857158289336 0.0 3.76381279753939
34.18492146175929 0.9453732482908985 0.01132457632784585 -0.10896077999526206 0.012426850140419964 74.04430928886492 -19.964459263906242 5.315897218075603 0.011362751184894744 -0.10931003292083438 0.007229773856903337 3.7665107681919006 0.9449654283719262 0.011324607531992395 -0.10891347583580928 0.012426602739789799 0.36985874835413446 0.36954605297484966 0.0 3.7665107681919006
34.58176201952381 0.945956402106333 0.011197202278635283 -0.10780465744220913 0.012228792148969254 73.66829452873296 -19.846865795655695 5.2806957395285075 0.011234094915756656 -0.10814201745584964 0.007147748619077642 3.76917819775386 0.9455572667828879 0.011197231791171278 -0.1077588864976004 0.012228558136170891 0.3680002604559538 0.3676958462824428 0.0 3.76917819775386
34.98320935775036 0.9465338510684266 0.011071216145990426 -0.10665958901195818 0.012034203170260046 73.29042121117968 -19.72914507664481 5.245555090987842 0.011106869348052458 -0.1069854605616797 0.007066643353636294 3.771815422540042 0.9461432229360062 0.011071244057886028 -0.10661530252911995 0.01203398182693136 0.366131800493989 0.36583546906450887 -7.105427357601002e-15 3.771815422540035
35.38931695490988 0.9471056385945684 0.010946604136180814 -0.10552550031387643 0.01184301882396987 72.910759135269 -19.611310977250845 5.210477513892028 0.010981059275032906 -0.10584027413120396 0.006986447985212046 3.7744227754814688 0.9467233436096473 0.010946630533564247 -0.10548265104629666 0.011842809469876656 0.3642537349329998 0.3639652917704332 7.105427357601002e-15 3.774422775481476
35.80013891028579 0.9476718080856712 0.010823352552312574 -0.10440231655474778 0.011655175920926214 72.52937760320768 -19.49337725049533 5.175465231261568 0.010856649632691071 -0.10470637011742294 0.0069071525432044265 3.7770005861483504 0.9472976755113844 0.010823377516724384 -0.10436085871797486 0.011654977911967204 0.3623664273736846 0.3620856819344684 0.0 3.7770005861483504
36.21572995118075 0.9482324029163064 0.010701447794939275 -0.1032899625736809 0.011470612443446295 72.14634540915411 -19.375357530129296 5.140520447229211 0.010733625498921682 -0.103583660552914 0.006828747160820719 3.7795491807733654 0.947866265268661 0.01070147140357351 -0.10324985180203522 0.01147042516976053 0.36047023850294135 0.3601970041254455 -6.661338147750939e-15 3.7795491807733588
36.63614544020716 0.948787466425139 0.010580876362620754 -0.1021883628758898 0.011289267525866356 71.76173082830307 -19.25726532876189 5.105645346578643 0.010611972092672135 -0.10247205756866576 0.006751222074122524 3.7820688822751376 0.9484291594197648 0.010580898688553657 -0.10214955618036553 0.011289090410037905 0.3585655260455317 0.358299619897989 0.0 3.7820688822751376
37.06144138266228 0.9493370419056587 0.010461624852431408 -0.10109744166537751 0.011111081435265985 71.37560160626053 -19.139114036035103 5.070842094291893 0.010491674773085647 -0.10137147341230604 0.006674567621077967 3.7845600102819517 0.9489864044051091 0.010461645964838303 -0.10105989739270431 0.011110913930621028 0.3566526447171478 0.3563938877451876 0.0 3.7845600102819517
37.49167443398888 0.949881172597204 0.010343679960419664 -0.1000171228765518 0.010935995552392391 70.98802494870594 -19.020916916844744 5.036112835105744 0.010372719038636945 -0.1002818204657356 0.0065987742406196275 3.7870228811556053 0.94953804655881 0.010343699924780582 -0.0999808006693877 0.01093583714138413 0.3547319461788895 0.35448016305272173 0.0 3.7870228811556053
37.926901907322495 0.9504199016762671 0.010227028482020057 -0.09894733020480086 0.01076395235278918 70.59906751134832 -18.902687109608994 5.001459693077355 0.010255090526260847 -0.09920301126218413 0.006523832471708213 3.7894578080155545 0.9500841321005566 0.010227047360314725 -0.09891219096303115 0.010763802545466076 0.3528037789931445 0.35255879805446994 7.993605777301127e-15 3.7894578080155625
38.36718178112645 0.9509532722480818 0.010111657312419418 -0.09788798713605681 0.010594895388133518 70.20879539016524 -18.78443762458365 4.966884771159305 0.01013877501047407 -0.09813495850269736 0.006449732952402034 3.7918651007631308 0.9506247071277651 0.010111675163312118 -0.09785399297917172 0.010594753720686727 0.35086848858087855 0.3506301417895735 0.0 3.7918651007631308
38.81257270691536 0.9514813273384787 0.009997553446878719 -0.09683901697537411 0.010428769267785454 69.81727411193769 -18.666181342226256 4.932390150784309 0.0100237584024907 -0.09707757507207021 0.006376466418932288 3.7942450661059355 0.9511598176080117 0.009997570325893544 -0.09680613120589757 0.010428635301171395 0.34892641718033013 0.34869454006095263 0.0 3.7942450661059355
39.263134017068374 0.9520041098860123 0.009884703981011952 -0.0958003428745492 0.010265519640552537 69.42456862507122 -18.54793101160862 4.897977891459817 0.009910026749331667 -0.09603077405423921 0.006304023704784261 3.7965980075823733 0.9516895093717369 0.009884719940698925 -0.09576852994249535 0.010265392959186864 0.3469779038071134 0.34675233539529393 0.0 3.7965980075823733
39.71892573273302 0.9525216627343455 0.0097730961110235 -0.09477188785880733 0.010105093176672547 69.03074329071121 -18.42969924887882 4.8636500303726296 0.009797566232928611 -0.09499446874714548 0.00623239573978442 3.798924225586309 0.9522138281052158 0.009773111201116052 -0.09474111332713753 0.010104973387191851 0.3450232842157285 0.3448038670044834 0.0 3.798924225586309
40.18000857182091 0.9530340286248914 0.009662717133905341 -0.09375357485258153 0.00994743755001687 68.6358618741519 -18.311498535773243 4.829408582003793 0.009686363169222422 -0.09396857267708118 0.006161573549193466 3.8012240173918377 0.9527328193437867 0.009662731401469594 -0.09372380536363743 0.009947324280104704 0.3430628908624742 0.34284947074849276 0.0 3.8012240173918377
40.64644395709628 0.9535412501897028 0.009553554447595444 -0.09274532670440791 0.009792501420516447 68.23998753652762 -18.193341218177846 4.795255537753831 0.009576404007256869 -0.09295299961252955 0.00609154825280535 3.803497677178082 0.9532465284653343 0.009553567937171655 -0.09271652994729655 0.009792394317790413 0.3410970528697662 0.3408894790997133 7.993605777301127e-15 3.80349767717809
41.118294024358306 0.9540433699446116 0.009445595551098727 -0.09174706621096282 0.009640234416812403 67.84318282680537 -18.07523950474116 4.76119286557864 0.009467675328267675 -0.09194766357751412 0.00602231106405231 3.8057454960541643 0.953755000684018 0.009445608304835373 -0.0917192108898695 0.009640133147769151 0.33912609599185994 0.33892422110874043 -8.43769498715119e-15 3.805745496054156
41.59562163071847 0.9545404302825993 0.00933882804457181 -0.09075871614026311 0.009490587119132596 67.44550967406528 -17.95720546553791 4.7272225096360465 0.00936016384476735 -0.09095247886446446 0.005953853289115969 3.8079677620841474 0.9542582810442429 0.00933884010235266 -0.0907317719436672 0.009490491368147856 0.33715034258196847 0.33695402237157873 0.0 3.8079677620841474
42.07849036297403 0.9550324734674069 0.009233239629372853 -0.08978019925405428 0.009343511042395393 67.04702938007114 -17.839251030784027 4.693346389943259 0.009253856399626094 -0.08996736004661425 0.0058861663260444405 3.810164760312137 0.9547564144148653 0.009233251028937354 -0.08975413682482808 0.009343420510776137 0.33517011156078164 0.3349792049983141 -7.993605777301127e-15 3.810164760312129
42.566964546078715 0.9555195416273725 0.009128818108077672 -0.08881143832940731 0.00919895861954157 66.6478026121325 -17.72138798960321 4.659566402045316 0.00914873996514913 -0.08899222198993717 0.005819241663875553 3.812336772787295 0.9552494454836274 0.00912882888513505 -0.08878622923577123 0.009198873024627706 0.33318571838637623 0.33300008758317934 -8.881784197001252e-15 3.8123367727872863
43.06110925171171 0.9560016767494891 0.009025551384463404 -0.08785235617954736 0.009056883185095017 66.24788939625846 -17.603627988845734 4.625884416694642 0.009044801642150786 -0.0880269798646382 0.0057530708817661634 3.814484078588996 0.9557374187518173 0.009025561572800768 -0.08782797288686257 0.009056802259408083 0.3311974750255212 0.3310169851760757 0.0 3.814484078588996
43.56099030694608 0.9564789206736847 0.008923427463460844 -0.08690287567393426 0.008917238958952757 65.84734911059856 -17.4859825319593 4.592302279541841 0.008942028659025663 -0.08707154915620595 0.005687645648127609 3.8166069538519354 0.956220378529145 0.008923437095045613 -0.08687929151730933 0.008917162449389142 0.32920568992636445 0.3290302092554941 9.325873406851315e-15 3.8166069538519447
44.06667430301786 0.956951315087311 0.008822434451076624 -0.08596291975761657 0.008779981030404315 65.44624047917638 -17.368462977912582 4.558821810837853 0.008840408370817156 -0.08612584567603959 0.005622957719767262 3.8187056717912915 0.9566983689288336 0.008822443556153551 -0.08594010891530733 0.008779908697470787 0.3272106679925058 0.3270400677028589 0.0 3.8187056717912915
44.578228604197065 0.9574189015198435 0.008722560554286305 -0.08503241146987812 0.008645065342380596 65.04462156590793 -17.25108054017096 4.525444805147469 0.008739928258283616 -0.08518978557165818 0.005558998941036252 3.8207805027278092 0.9571714338629166 0.008722569161469414 -0.08501034893745911 0.008644996959469912 0.3252127105584417 0.32504686477826444 9.325873406851315e-15 3.8207805027278186
45.095721356761466 0.9578817213377849 0.008623794080899522 -0.08411127396219888 0.008512448675931913 64.64254976891279 -17.133846285725827 4.49217303107442 0.00864057592696254 -0.08426328533650737 0.005495761242983348 3.8228317141130184 0.9576396170377376 0.008623802217259195 -0.08408993552748761 0.008512384028636489 0.3232121153663895 0.3230509010976323 0.0 3.8228317141130184
45.61922149807464 0.9583398157397632 0.008526123439398257 -0.0831994305155466 0.008382088634934927 64.24008181510274 -17.01677113417553 4.459008230997987 0.008542339106233005 -0.08334626181936619 0.005433236642515007 3.8248595705542368 0.9581029619496481 0.00852613113054372 -0.08317879273425878 0.008382027520396556 0.32120917654446707 0.3210524736112337 9.769962616701378e-15 3.8248595705542465
46.148798765769385 0.9587932257518298 0.008429537138749194 -0.0822968045570209 0.008253943631027737 63.83727375506673 -16.89986585686065 4.425952120821302 0.008445205648376626 -0.08243863223337221 0.005371417241561596 3.8268643338397417 0.9585615118808959 0.008429544408906661 -0.08227684472913856 0.008253885857321551 0.31920418458624156 0.31905187558361836 9.325873406851315e-15 3.826864333839751
46.6845237070379 0.9592419922229392 0.008334023788191222 -0.08140331967586494 0.008127972868772461 63.43418095822855 -16.78314107605096 4.39300638973125 0.008349163527637354 -0.08154031416466691 0.005310295226249795 3.828846262963759 0.9590153098957022 0.008334030660277896 -0.08138401582269768 0.008127918254323312 0.3171974263316195 0.31704939657490055 0.0 3.828846262963759
47.22646768802952 0.9596861558206214 0.008239572096999076 -0.08051889963886584 0.008004136331044468 63.03085810829866 -16.666607264186712 4.360172699970217 0.008254200839280365 -0.08065122558067686 0.005249862866081188 3.830805614151487 0.9594643988365193 0.008239578592693253 -0.08050023048078578 0.00800408470407409 0.31518918494909065 0.31504532242341476 0.0 3.830805614151487
47.774702903357735 0.9601257570268261 0.008146170874224057 -0.07964346840515829 0.007882394764647095 62.627359198994924 -16.5502747431713 4.327452686619471 0.008160305798650323 -0.07977128483803589 0.005190112513117058 3.8327426408840326 0.9599088213204678 0.008146177014031511 -0.07962541333999244 0.007882345962650415 0.3131797399192986 0.3130399352297352 0.0 3.8327426408840326
48.32930238571752 0.9605608361339498 0.008053809028412727 -0.07877695014045044 0.00776270966615071 62.223737530051665 -16.434153683718232 4.294847957394435 0.008067466740229234 -0.07890041069015986 0.005131036601169345 3.8346575939233114 0.9603486197359442 0.00805381483172957 -0.07875948922251058 0.007762663535399837 0.31116936701994774 0.31103351334203017 9.325873406851315e-15 3.8346575939233207
48.89034001561443 0.9609914332410283 0.007962475567304514 -0.07791926923068664 0.007645043267954819 61.820045703500924 -16.318254104749762 4.262360092451659 0.007975672116694166 -0.07803852229448137 0.005072627644997806 3.8365507213368693 0.9607838362393992 0.007962481052476737 -0.07790238315042097 0.007644999663029227 0.30915833831201844 0.3090263313427594 0.0 3.8365507213368693
49.457890531206424 0.9614175882501023 0.007872159597509129 -0.07707035029516542 0.0075293585245717835 61.41633562023466 -16.202585872849163 4.229990644207672 0.007884910497975099 -0.07718553921935417 0.005014878239513359 3.8384222685226286 0.961214512752278 0.00787216478188898 -0.07705402035941279 0.0075293173079133855 0.30714692212730055 0.30701866003668504 0.0 3.8384222685226286
50.03202953826004 0.9618393408627395 0.0077828503241646205 -0.0762301181991261 0.007415619099130651 61.01265847683702 -16.087158701764878 4.197741137169572 0.007795170570313109 -0.07634138145063622 0.004957781058987624 3.8402724782335964 0.9616406909581199 0.0077828552241639825 -0.07621432631195876 0.007415580140622381 0.3051353830572152 0.30501076644020947 1.0658141036401503e-14 3.840272478233607
50.61283352022219 0.9622567305767206 0.007694537050576882 -0.07539849806582093 0.007303789350099326 60.609064762681896 -15.971982151966174 4.165613067777383 0.007706441135319159 -0.07550596939795712 0.00490132885626862 3.8421015906023994 0.9620624122998153 0.007694541681717823 -0.07538322670995819 0.007303752526666086 0.3031239819429319 0.3030029137720085 0.0 3.8421015906023994
51.20037984840887 0.9626697966828777 0.00760720917784147 -0.0745754152880867 0.007193834318223503 60.20560425731634 -15.857065630252805 4.133607904258227 0.00761871110903364 -0.07467922390068223 0.004845514462002632 3.8439098431658363 0.9624797179770099 0.0076072135548041 -0.07456064750686267 0.007193799513454274 0.30111297586675706 0.30099536144494105 0.0 3.8439098431658363
51.7947467923121 0.9630785782620842 0.007520856204448465 -0.07376079553943098 0.007085719713680458 59.802326028089524 -15.742418389413913 4.101727086492131 0.0075319695209869805 -0.07386106623357779 0.004790330783862265 3.8456974708892324 0.9628926489436593 0.007520860341116246 -0.0737465149193034 0.007085686817470459 0.29910261814478734 0.2989883650592564 1.0658141036401503e-14 3.845697470889243
52.396013530026444 0.9634831141823916 0.007435467725871212 -0.07295456478464661 0.006979411903445838 59.39927842806813 -15.628049527940973 4.069972025889605 0.00744620551326149 -0.07305141811218871 0.004735770805780624 3.847464706190818 0.9633012459057226 0.007435471635373844 -0.07294075543822967 0.006979380811657697 0.2970931583208151 0.29698217639704644 2.1760371282653068e-14 3.8474647061908396
53.004260158796725 0.9638834430963086 0.007351033434139575 -0.07215664928996877 0.006874877898871415 58.99650909419175 -15.513967989789293 4.038344105280741 0.007361408339554646 -0.07225020169793224 0.004681827587191665 3.849211778965868 0.9637055493189981 0.007351037128893621 -0.07214329583957632 0.006874848513014344 0.2950848421614745 0.2949770434179585 -1.1102230246251565e-14 3.849211778965857
53.61956770568817 0.9642796034382211 0.007267543117398518 -0.07136697563278718 0.0067720853434718176 58.594064945708666 -15.400182564192633 4.006844678815991 0.007277567364243971 -0.07145733960291856 0.004628494262276637 3.8509389166108097 0.9641055993870908 0.00726754660914584 -0.07135406319446959 0.0067720575703978745 0.2930779116526102 0.2929732102561182 0.0 3.8509389166108097
54.24201813838027 0.9646716334219487 0.007184986659452691 -0.07058547071092768 0.006671002500918149 58.19199218284686 -15.28670188552588 3.9754750718783773 0.007194672061453827 -0.07067275489450547 0.0045757640392166885 3.852646344047217 0.9645014360595136 0.007184989959296845 -0.07057298487899326 0.006670976252534676 0.2910726049968624 0.29097091721831664 0.0 3.852646344047217
54.87169437608604 0.9650595710384301 0.007103354039297675 -0.06981206175151472 0.006571598243236314 57.790336285756766 -15.173534433219736 3.9442365810071807 0.0071127120141241855 -0.06989637109959264 0.004523630199451541 3.854334283745661 0.9648930990299136 0.007103357157738341 -0.0697999885835168 0.0065715734362336645 0.28906915661244414 0.2889704007833559 0.0 3.8543342837456604
55.50868030059805 0.9654434540535394 0.007022635330638533 -0.06904667631942811 0.006473842039207802 57.3891420136909 -15.06068853172313 3.913130473832916 0.007031676913081607 -0.06912811220866337 0.004472086096944283 3.8560029557494384 0.9652806277344234 0.007022638277604143 -0.06903500232160743 0.006473818594801622 0.2870677971331075 0.2869718936026113 0.0 3.8560029557494393
56.153060767462726 0.9658233200060298 0.00694282070139637 -0.06828924232536565 0.0063777039429707885 56.988453404441714 -14.94817235051621 3.8821579890236655 0.006951556556112602 -0.06836790267958233 0.0044211251574522 3.857652577698219 0.9656640613501315 0.006942823486274951 -0.06827795443853414 0.006377681786658031 0.2850687534092758 0.2849756245017565 1.1546319456101628e-14 3.85765257769823
56.80492161728426 0.9661992062055934 0.0068639004132034455 -0.06753968803352305 0.006283154582819139 56.588313774009976 -14.835993904169861 3.851320336242508 0.006872340847039557 -0.0676156674411525 0.004370740877803699 3.8592833648514646 0.966043438793671 0.006863903044871842 -0.06752877361937716 0.006283133644147123 0.2830722485103249 0.28298181848365234 1.1102230246251565e-14 3.8592833648514753
57.46434968715974 0.9665711497310457 0.00678586482088749 -0.06679794206890377 0.0061901651501971066 56.18876571653311 -14.724161052455855 3.8206186961160196 0.006794019794799364 -0.0668713318964436 0.004320926825181246 3.8608955301118875 0.966418798719919 0.006785867307738996 -0.06678738889675372 0.00619014536254489 0.28107850172800786 0.2809906967323665 0.0 3.8608955301118875
58.131432822247135 0.9669391874286223 0.006708704371945801 -0.06606393342426843 0.006098707388887258 55.78985110443131 -14.612681500501637 3.790054220213787 0.006716583512524939 -0.06613482192589118 0.0042716766364103405 3.8624892840485625 0.9667901795208077 0.006708706721916331 -0.06605372965817219 0.006098688689258746 0.2790877285809933 0.27900247661832167 0.0 3.862489284048563
58.80625988746757 0.9673033559103869 0.006632409606009631 -0.06533759146673584 0.0060087535843893255 55.3916110887958 -14.501562798993142 3.7596280310386727 0.0066400222166297426 -0.06540606389017933 0.004222984017254465 3.864064834920046 0.9671576193242429 0.00663241182660247 -0.06532772565302684 0.006008735913217394 0.277100140820512 0.27701737170455654 -1.199040866595169e-14 3.864064834920034
59.48892077934334 0.9676636915527517 0.006556971154299481 -0.06461884594404553 0.005920276553487504 54.99408610001527 -14.390812344424702 3.729341222027888 0.006564326225895483 -0.06468498463291042 0.004174842741716029 3.865622388697341 0.9675211559931232 0.006556973252608724 -0.06460930699924099 0.005920259854448659 0.2751159464370869 0.27503559175405895 -1.2434497875801753e-14 3.865622388697328
60.17950643797334 0.9680202304951004 0.00648237973907181 -0.06390762699049256 0.00583324963400387 54.59731584861564 -14.280437379392843 3.6991948575646 0.006489485960563175 -0.06397151148306705 0.004127246651343285 3.8671621490866515 0.9678808271244618 0.00648238172180453 -0.06389840418957266 0.00583323385384282 0.27313534966833397 0.27305734273818055 1.2434497875801753e-14 3.867162149086664
60.87810885914762 0.9683730086385168 0.006408626173057652 -0.06320386513254404 0.005747646674735353 54.20133932633337 -14.170444992936375 3.6691899730000275 0.006415491941427605 -0.06326557225727526 0.004080189654543145 3.86868431755211 0.9682366700486051 0.006408628046554871 -0.0631949480975918 0.005747631763098975 0.2711585510078122 0.27108282684610885 -1.2434497875801753e-14 3.868684317552097
61.584821106602604 0.9687220616446114 0.006335701358893614 -0.0625074912941477 0.0056634420255718574 53.80619480740029 -14.060842120919524 3.639327574685812 0.006342334788935397 -0.06256709526186942 0.004033665725899935 3.870189093338154 0.9685887218285458 0.00633570312915017 -0.06249886998333599 0.005663427934852092 0.2691857472149078 0.2691122424953457 -1.2878587085651816e-14 3.870189093338141
62.29973732441844 0.9690674249344463 0.006263596288545819 -0.06181843680174153 0.005580610527793105 53.41191985004946 -13.951635546459578 3.609608640016631 0.006270005222286791 -0.06187600929477176 0.003987668905500017 3.871676673491984 0.9689370192593267 0.006263597961229143 -0.06181010149866114 0.005580597212978275 0.2672171313257315 0.26714578434323344 -1.2878587085651816e-14 3.871676673491971
63.02295274956023 0.9694091336875561 0.0061923020427271935 -0.06113663338897439 0.005499127504541672 53.0185512982317 -13.842831900397073 3.580034117482761 0.006198494058541291 -0.06119224364718616 0.003942193298262303 3.873147252885721 0.9692815988675341 0.006192303623195081 -0.06112857469228979 0.005499114923075782 0.265252892665014 0.26518364329945004 0.0 3.8731472528857207
63.75456372456507 0.9697472228410563 0.006121809790308529 -0.06046201320114544 0.00541896875146973 52.626125283541114 -13.73443766180835 3.5506049267325697 0.0061277922117272095 -0.060515728105114824 0.0038972330732745773 3.8746010242384985 0.9696224969108763 0.0061218112836259565 -0.06045422201457095 0.005418956863119345 0.26329321685897267 0.26322600653949335 0.0 3.874601024238499
64.4946677103762 0.9700817270888468 0.006052110787723819 -0.05979450879937259 0.005340110527557044 52.23467722733585 -13.626459158558255 3.5213219586446614 0.006057890691955301 -0.059846392950700315 0.003852782463135648 3.8760381781382844 0.9699597493778461 0.006052112198678855 -0.059786976321957695 0.00534009929428531 0.2613382858491422 0.2612730575191129 -1.3322676295501878e-14 3.876038178138271
65.24336329932625 0.9704126808808954 0.005983196378370241 -0.05913405316449693 0.005262529546097729 51.84424184307099 -13.518902567895168 3.4921860754096046 0.005988780604536587 -0.05918416896340179 0.003808835763303271 3.877458903063646 0.9702933919874633 0.005983197711489092 -0.05912677088121245 0.005262518931945177 0.2593882779071346 0.25932497598967524 0.0 3.877458903063646
66.00075022827095 0.9707401184226102 0.0059150579920032005 -0.05848057970073319 0.005186202965853287 51.4548531388225 -13.41177391708522 3.4631981106210428 0.00592045314910442 -0.05852898742100906 0.0037653873314478547 3.878863385405392 0.970623460189095 0.005915059251564455 -0.058473539373349974 0.005186192936825071 0.25744336765032494 0.25738193801445636 1.3766765505351941e-14 3.8788633854054058
66.76692939187564 0.9710640736742915 0.005847687144126857 -0.057834022239072434 0.00511110838236945 51.06654441999487 -13.305079084084518 3.4343588693759743 0.0058528996187409595 -0.05788078010049661 0.0037224315868118734 3.880251809487903 0.9709499891623518 0.005847688334174956 -0.057827215897322974 0.005111098906328635 0.2555037260584281 0.2554441159858164 0.0 3.880251809487903
67.54200285605586 0.971384580350661 0.0057810754353804375 -0.05719431504044619 0.005037223819454326 50.679348292228894 -13.198823798251247 3.405669128384067 0.005786111399108066 -0.05723947927872698 0.003679963009574994 3.8816243575904377 0.971273013817057 0.005781076559738414 -0.05718773497346046 0.005037214866020945 0.2535695204909551 0.25351167864324586 0.0 3.8816243575904377
68.32607387157402 0.9717016719204714 0.00571521455092079 -0.05656139279865919 0.004964527720815449 50.29329666447816 -13.093013641093556 3.377129636085851 0.005720079967582805 -0.05660501773300501 0.003637976140224872 3.8829812099681975 0.9715925687932866 0.005715215613202326 -0.056555031546667855 0.004964519261271001 0.2516409147055274 0.25158479109227816 1.4210854715202004e-14 3.8829812099682117
69.11924688779365 0.9720153816061861 0.005650096259801497 -0.05593519064309802 0.004892998941853251 49.90842075228048 -12.987654047055386 3.3487411127795403 0.005654796892397558 -0.05597732874148995 0.003596465578933609 3.8843225448733074 0.9719086884614766 0.005650097263422328 -0.055929040989394205 0.004892990949050341 0.24971806887702414 0.24966361482422494 1.4210854715202004e-14 3.8843225448733216
69.92162756659374 0.9723257423837347 0.005585712414348838 -0.05531564414122316 0.004822616741608464 49.52475108119094 -12.882750304337492 3.3205042507563705 0.005590253831784864 -0.055356346083467435 0.0035554259849397978 3.8856485385755772 0.9722214069225974 0.005585713362537531 -0.055309699104374645 0.004822609189885346 0.24780113961754793 0.2477483077367197 0.0 3.8856485385755772
70.73332279644438 0.9726327869823342 0.005522054949535016 -0.05470268930085111 0.004753360774861127 49.14231749038956 -12.778307555752733 3.2924197144441623 0.005526442533127076 -0.05474200403948713 0.0035148520759361777 3.886959365383089 0.9725307580083915 0.005522055845343181 -0.05469694212715607 0.004753353639960838 0.24589027999718174 0.24583902415505654 0.0 3.886959365383089
71.55444070664578 0.9729365478843818 0.0054591158823489 -0.05409626257223376 0.004685211084378707 48.76114913645179 -12.674330799615802 3.264488140559076 0.005463354832110856 -0.054134237391370466 0.0034747386274628293 3.8882551976626303 0.9728367752816736 0.005459116728660831 -0.05409070672841291 0.004685204343372585 0.2439856395655204 0.24393591485429678 0.0 3.8882551976626303
72.38509068173255 0.9732370573254094 0.005396887311164643 -0.05349630084994174 0.004618148093310961 48.38127449728708 -12.570824890666643 3.236710138265188 0.005400982651886691 -0.05353298142209301 0.0034350804723059063 3.8895362058600256 0.9731394920366884 0.005396888110706448 -0.05349093001605901 0.0046181417245262976 0.24208736437395592 0.2420391270821206 0.0 3.8895362058600256
73.22538337604533 0.9735343472941037 0.005335361415108386 -0.052902741474557625 0.004552152597729171 48.00272137622878 -12.467794541025285 3.2090862893418164 0.005339318002233318 -0.05293817191554403 0.0033958724999018546 3.890802558520231 0.973438941299528 0.005335362170456626 -0.05289754953716306 0.004552146580680776 0.24019559699868925 0.24014880458240354 0.0 3.890802558520231
74.07543072847163 0.9738284495323871 0.005274530453423437 -0.052315522234185834 0.00448720575930736 47.62551690627279 -12.365244321177684 3.1816171483583418 0.005278352978727289 -0.052349745156167665 0.0033571096557470826 3.892054422307215 0.9737351558286038 0.0052745311670132754 -0.052310503279673654 0.004487200074632827 0.23831047656445542 0.2382650876194972 1.5987211554602254e-14 3.892054422307231
74.93534597735753 0.9741193955355586 0.005214386764834119 -0.05173458136578532 0.004423289098143191 47.2496875544814 -12.263178660994178 3.1543032428563604 0.005218079761917669 -0.05176763792849301 0.003318786940813079 3.8932919620239046 0.9740281681151709 0.005214387438967056 -0.05172972967396109 0.004423283727541674 0.23643213876893557 0.23638811300319654 1.554312234475219e-14 3.89329196202392
75.8052436755926 0.9744072165524886 0.0051549227669085785 -0.05115985755633059 0.004360384485716171 46.875259126498975 -12.161601850773565 3.127145073538924 0.005158490616505878 -0.051191787516549056 0.0032808994109669205 3.8945153406315796 0.9743180103839066 0.0051549234037597475 -0.051155167594180526 0.00436037941189048 0.23456071590783364 0.23451801411435919 0.0 3.8945153406315796
76.6852397058701 0.9746919435858753 0.005096130955420822 -0.05059128994380733 0.00429847413798092 46.50225677124854 -12.060518042320652 3.1001431144666753 0.005099577890530814 -0.050622131703178905 0.003243442176397143 3.8957247192695332 0.9746047145935356 0.005096131557045892 -0.05058675635946385 0.004298469344582746 0.232696336900602 0.23265492093117082 0.0 3.8957247192695332
77.57545129612413 0.9749736073925475 0.005038003903712187 -0.05002881811804779 0.00423754060859315 46.13070498572546 -11.959931250047475 3.07329781326075 0.005041334014559242 -0.05005860876924655 0.003206410401044937 3.896920257274229 0.9748883124375057 0.005038004472053905 -0.05002443573494578 0.004237536080171276 0.2308391273167875 0.2307989600560278 0.0 3.896920257274229
78.47599703514611 0.9752522384838255 0.004980534262052512 -0.04947238212141179 0.004177566782266183 45.76062761993862 -11.859845352102958 3.046609591312073 0.004983751500881512 -0.049501157492746424 0.003169799302040662 3.8981021121984423 0.9751688353447083 0.004980534798946862 -0.049468145932629166 0.004177562504217478 0.22898920940298073 0.22895025474301198 -1.687538997430238e-14 3.8981021121984254
79.38699688838231 0.9755278671259289 0.004923714757001239 -0.04892192244931865 0.00411853586825569 45.392047881982194 -11.760264091529187 3.0200788439970627 0.004926822942712678 -0.048949717147817144 0.0031336041491456072 3.8992704398302247 0.9754463144802434 0.0049237152641832945 -0.04891782761209554 0.004118531826778793 0.22714670211034907 0.22710892492594162 0.0 3.8992704398302247
80.30857221391513 0.975800523340432 0.004867538190768629 -0.04837738005063454 0.004060431393970509 45.02498834321605 -11.661191077441522 2.9937059408993267 0.00487054101339902 -0.04840422750366253 0.003097820264199001 3.9004253942117124 0.9757207807462279 0.004867538669878068 -0.04837342188106661 0.004060427576022009 0.2253117211227231 0.22527508724697923 -1.687538997430238e-14 3.9004253942116955
81.24084577862966 0.9760702369047691 0.004811997440577308 -0.04783869632792144 0.004003237198707284 44.659470943576025 -11.562629786233636 2.9674912260372985 0.0048148984656299874 -0.04786462882338299 0.0030624430205702007 3.901567127657712 0.9759922647826441 0.004811997893163641 -0.04783487029582017 0.004003233591960292 0.22348437888522904 0.22344885508575987 1.7319479184152442e-14 3.9015671276577293
82.18394177456803 0.9763370373527805 0.004757085458024393 -0.04730581313755134 0.003946937427506835 44.295516996976374 -11.464583562803867 2.941435018097515 0.004759888130655685 -0.04733086186272069 0.0030274678426160545 3.90269579077412 0.9762607969682294 0.004757085885551892 -0.04730211486146863 0.0039469340203117965 0.22166478463343106 0.22163033858904796 1.7763568394002505e-14 3.9026957907741378
83.13798583547334 0.9766009539753063 0.004702795268444311 -0.046778672789691604 0.003891516525130083 43.933147196854634 -11.367055621807765 2.915537610673379 0.004705502917509832 -0.04680286786872399 0.002992890205143409 3.903811532476331 0.9765264074214017 0.004702795672296685 -0.04677509803210109 0.00389151330647773 0.21985304442297463 0.2198196447008624 1.8207657603852567e-14 3.9038115324763494
84.10310505352605 0.9768620158208184 0.0046491199702725665 -0.046257218048165044 0.003836959230151411 43.57238162177853 -11.270049048926822 2.8897992725091908 0.004651735812238294 -0.04628058857832825 0.0029587056328766875 3.9049145000072003 0.9767891260012234 0.004649120351757371 -0.046253762710797196 0.0038369561896377255 0.2180492611597018 0.21801687719308574 0.0 3.9049145000072003
85.07942799627445 0.9771202516960958 0.004596052734410569 -0.04574139213018997 0.0037832505691673835 43.21323974119153 -11.173566802162505 2.864220247749192 0.004598579877133152 -0.04576396621686356 0.0029249096999305413 3.9060048389551327 0.9770489823083989 0.004596053094763386 -0.04573805224951498 0.003783247696960459 0.21625353463022212 0.2162221366965102 -1.8207657603852567e-14 3.9060048389551145
86.06708472376162 0.9773756901669365 0.0045435868035917475 -0.04523113870600409 0.0037303758511187763 42.85574042122465 -11.077611713146531 2.838800756191535 0.0045460282499724045 -0.04525294349648579 0.0028914980292875313 3.907082693271806 0.9773060056863065 0.004543587143980124 -0.04522791044885886 0.003730373137927509 0.2144659615329152 0.2144355207323144 0.0 3.907082693271806
87.06620680585127 0.977628359558908 0.004491715491749089 -0.04472640189837694 0.0036783206617238854 42.49990193061501 -10.982186488471207 2.813540993546835 0.004494074143265256 -0.04474746361453796 0.0028584662922807977 3.9081482052898404 0.9775602252220627 0.004491715813276272 -0.04472328155773157 0.003678318098768345 0.21268663550934672 0.21265712374394885 1.8207657603852567e-14 3.9081482052898586
88.07692733975462 0.9778782879581328 0.004440432183384258 -0.0442271262820143 0.003627070858021072 42.14574194670152 -10.887293711036833 2.7884411317011653 0.004442710843503069 -0.04424747025184196 0.0028258102080816923 3.909201515740209 0.9778116697476159 0.004440432487092721 -0.04422411027287334 0.0036270684370044905 0.21091564717607594 0.21088703712939902 0.0 3.909201515740209
89.09938096776106 0.978125503212111 0.004389730332938415 -0.043733256882859346 0.003576612563018596 41.79327756151869 -10.79293584141773 2.7635013189833613 0.004391931710415914 -0.04375290757092587 0.002793525543192319 3.910242763769625 0.9780603678408715 0.0043897306198131935 -0.04373034173829346 0.0035766102761008974 0.20915308415683476 0.20912534927381185 0.0 3.910242763769625
90.13370389517434 0.9783700329305736 0.004339603464164942 -0.04324473917729384 0.0035269321604497724 41.44252528794402 -10.699115219241158 2.7387216804362606 0.004341730176234834 -0.04326372021418632 0.0027616081109429753 3.911272086957591 0.9783063478268441 0.004339603735136781 -0.04324192154459882 0.003526930000222528 0.20739903111505834 0.20737214558247702 0.0 3.911272086957591
91.1800339084568 0.9786119044863675 0.004290045169504174 -0.04276151909124345 0.003478016289631548 41.093501065939904 -10.605834064584037 2.714102318091915 0.004292099744959775 -0.042779853301991626 0.0027300537709944485 3.912289621333412 0.9785496377788369 0.004290045425452516 -0.04275879572822182 0.003478014249094317 0.20565356978674687 0.20562750851412281 0.0 3.912289621333412
92.23851039358476 0.9788511450163754 0.004241049109460241 -0.04228354299919081 0.0034298518404245423 40.74622026886837 -10.513094479383916 2.6896433112502725 0.004243033991633171 -0.04230125243072727 0.002698858428845119 3.9132955013931165 0.9787902655196465 0.0042410493512160434 -0.0422809107705523 0.0034298499129624834 0.2039167790136402 0.20389151761452118 -1.9984014443252818e-14 3.9132955013930966
93.30927435461663 0.9790877814224589 0.004192609011980187 -0.04181075772309939 0.0033824259482927383 40.40069770984027 -10.420898448860044 2.6653447167614712 0.0041945265616192525 -0.04182786367078201 0.002668018035342843 3.9142898601158893 0.9790282586227939 0.004192609240328575 -0.041808213596976694 0.003382424127655454 0.20218873477668003 0.20216424955037152 0.0 3.9142898601158893
94.39246843247668 0.9793218403724357 0.0041447186718354635 -0.04134311053125275 0.0033357259894609384 40.05694764817349 -10.329247842952022 2.6412065693112656 0.004146571169889033 -0.041359633564486055 0.0026375285862015965 3.915272828980839 0.9792636444137764 0.004144718887518259 -0.041340651575829244 0.0033357242697424744 0.20046951022975165 0.20044577814346173 -1.9984014443252818e-14 3.915272828980819
95.48823692395666 0.9795533483010808 0.004097371950005931 -0.04088054913701138 0.0032897395761682033 39.71498379586649 -10.238144417765582 2.6172288817095715 0.004099161600311022 -0.040896509123992585 0.002607386121522822 3.916244537983114 0.9794964499713441 0.004097372153724029 -0.04087817251725629 0.0032897379517881397 0.19875917573367352 0.19873617440505936 2.042810365310288e-14 3.9162445379831343
96.59672580093833 0.9797823314111541 0.0040505627730664405 -0.04042302169749084 0.0032444545520154433 39.3748193241486 -10.147589817031474 2.593411645181834 0.004052291704947619 -0.04043843782911412 0.0025775867253214502 3.9172051156502117 0.9797267021287966 0.00405056296548206 -0.04042072467200043 0.003244453017701016 0.19705779889042338 0.19703550657055047 -2.0872192862952943e-14 3.917205115650191
97.71808272983898 0.9800088156744541 0.004004285132576112 -0.039970476812164674 0.0031998589874054134 39.03646687008097 -10.057585573574983 2.569754829663114 0.0040059554033572125 -0.03998536762511016 0.0025481265250565607 3.9181546890579617 0.9799544274753 0.004004285314314921 -0.03996825673010337 0.003199857538174619 0.19536544457758098 0.19534384013426193 0.0 3.9181546890579617
98.85245709128276 0.980232826832893 0.003958533084470433 -0.03952286352139446 0.003155941175073385 38.69993854319287 -9.968133110792742 2.546258384094589 0.003960146681901995 -0.03953724692043093 0.0025190016911666568 3.9190933838464246 0.980179652357223 0.003958533256123558 -0.03952071781953558 0.003155939806219003 0.19368217498296642 0.19366123788450001 2.1316282072803006e-14 3.919093383846446
100.0 0.9804543903995977 0.003913300748456242 -0.0390801313048908 0.003112689625706785 38.365245932160946 -9.879233744138354 2.522922236722435 0.003914859593061476 -0.039094024584417374 0.002490208436609504 3.9200213242355204 0.9804024028794921 0.003913300910582175 -0.039078057504752184 0.0031126883327812697 0.19200804963945964 0.19198775993874698 0.0 3.9200213242355204
