1.0 0.9845948216080157 0.04722030430617175 0.6861687870494354 0.38072093023497416 -60.136428733928405 -5.80943615343628 9.875234930011883 0.3063559724673129 -0.0144504197924793 0.17340546745834853 3.518702673424026 0.9906489358621193 0.047128069170373606 0.6731100504668234 0.3811780459877248 0.05839611375727843 0.05601752519603883 -3.4999999999999996 0.018702673424026747
1.011608643249581 0.984338413000211 0.04792980884398735 0.6754458047782975 0.3874825061168352 -58.91657789833171 -5.638121250191721 10.041152978639884 0.303630961823983 -0.01497038552608561 0.17208866205721482 3.519545408607523 0.9903397421885823 0.04783759228909253 0.6624923037260193 0.3879493187720584 0.05708830458948661 0.05474803365554012 -3.4999999999999973 0.019545408607525603
1.0233520470972581 0.9840790814887664 0.04864454423079791 0.6645994803261601 0.39421362089423023 -57.72092048183151 -5.472920938706496 10.198267837536774 0.30092257313557086 -0.015500327270365197 0.17077516907149462 3.5204152135266957 0.990025653172592 0.04855241505534885 0.6517588100220646 0.39468951242124795 0.05577602628125539 0.053475411340256296 -3.4999999999999987 0.0204152135266971
1.0352317759307386 0.9838169317859923 0.04936411838278851 0.6536444483651194 0.4009079976032467 -56.549347259343314 -5.313700052875555 10.347003046452938 0.29823084985560794 -0.016040077955638082 0.16946512205368788 3.521312453573063 0.9897067973750743 0.049272146125431744 0.6409240209444217 0.401392325876058 0.05446122591216154 0.05220151475183438 -3.4999999999999996 0.021312453573063436
1.0472494122981486 0.9835520729956835 0.05008812774668418 0.6425949507610919 0.40755933289614976 -55.40171547965498 -5.16032187943896 10.487761546502746 0.295555832226522 -0.016589455997557175 0.16815865155835014 3.5222374787477313 0.9893833107141986 0.04999638251013103 0.6300019822166291 0.4080514339834101 0.05314576936274392 0.050928118383260404 -3.4999999999999982 0.022237478747732863
1.0594065571188513 0.9832846185018909 0.05081615779468915 0.6314648203091329 0.41416131030378267 -54.27785142871486 -5.01264864705975 10.62092666970693 0.2928975573281729 -0.017148265432882163 0.16685588515768654 3.5231906229508034 0.989055336311944 0.05072471006549311 0.6190063181194599 0.41466050084263384 0.05183144022393843 0.0496569139477635 -3.4999999999999987 0.023190622950804762
1.071704829896711 0.9830146858487201 0.051547783547749575 0.6202674670914671 0.42070761358197883 -53.1775529277618 -4.870541977935859 10.746863082871979 0.2902560591264443 -0.017716296088294396 0.16555694745816205 3.5241722032925273 0.9887230243242643 0.05145670401269179 0.6079502185668582 0.42121319322207124 0.050519939156205264 0.048389510044434904 -3.4999999999999982 0.024172203292529025
1.0841458689358348 0.9827423966114077 0.052282570126006164 0.6090158673128812 0.42719194009267264 -52.10059175695219 -4.733863302821176 10.865917687783641 0.2876313685218232 -0.018293323781966783 0.1642619601180884 3.5251825194281516 0.9883865317552623 0.05219192948590848 0.5968464286855747 0.4277031939964788 0.049212883661470766 0.0471274322230305 -3.4999999999999987 0.025182519428153034
1.0967313315588179 0.9824678762589657 0.053020073325207216 0.5977225544652351 0.43360801417096545 -51.046715996732104 -4.602474240528084 10.978420479609142 0.28502351339790827 -0.01887911055742399 0.16297104186615138 3.5262218529183107 0.9880460222558332 0.05292994210701575 0.5857072407466246 0.43412421555631653 0.047911808231513975 0.04587212341109373 -3.5000000000000004 0.02622185291831027
1.109462894327522 0.9821912540086929 0.053759840217757635 0.586399612671583 0.4399496004301281 -50.01565228069128 -4.4762369431483515 11.084685365323432 0.28243251866978203 -0.019473404949172088 0.16168430852084104 3.527290466616765 0.9877016659072905 0.05367028858575685 0.5745444882953934 0.44047001314087353 0.04661816483726623 0.04462494466749241 -3.5000000000000013 0.027290466616763726
1.1223422532664178 0.9819126626728847 0.05450140977699149 0.5750586720606123 0.4462105169574942 -49.00710795500679 -4.355014408361261 11.185010943899135 0.2798584063321901 -0.02007594227945321 0.16040187301074843 3.5283886040872305 0.9873536389905344 0.05441250734401916 0.5633695423273756 0.44673439804821485 0.04533332372460322 0.04338717622768016 -3.5000000000000013 0.02838860408722922
1.1353711240885187 0.9816322384980988 0.05524431352316817 0.5637109060234363 0.4523846483553178 -48.020773140842536 -4.238670760301015 11.27968124992794 0.27730119550747534 -0.020686444985362873 0.1591238453956928 3.529516489050931 0.9870021237413696 0.055156129162709254 0.5521933093580494 0.4529112506762003 0.044058574483517764 0.042160018807426314 -3.5000000000000013 0.029516489050929785
1.1485512424239381 0.9813501209973461 0.05598807618961614 0.5523670302073092 0.45846595858203487 -47.05632269720961 -4.127071500531892 11.368966462272352 0.27476090249321033 -0.021304622975485125 0.15785033288864445 3.5306743248664496 0.9866473080926234 0.05590067784965162 0.5410262312378608 0.4589945333502361 0.042795127359061054 0.040944595133332796 -3.4999999999999996 0.030674324866450053
1.1618843640511005 0.9810664527756052 0.05673221640737096 0.5410373031042144 0.4644485035508245 -46.11341808282102 -4.020083730732258 11.453123579281314 0.27223754080948775 -0.021930174015103058 0.15658143987840767 3.5318622940433646 0.9862893854037564 0.056645670926852215 0.5298782865667818 0.46497830289501785 0.041544114774060135 0.03974195167016126 -3.499999999999999 0.03186229404336543
1.1753722651306362 0.9807813793490713 0.057476247406589125 0.5297315280964284 0.47032644344405966 -45.19170911638627 -3.917576348719233 11.53239706204062 0.2697311212458187 -0.022562784138921967 0.15531726795303064 3.5330805577910165 0.9859285541786984 0.057390620335396034 0.5187589935671979 0.47085672290926234 0.04030659303532867 0.038553060516784206 -3.5 0.03308055779101668
1.1890167424419895 0.9804950489585719 0.05821967773295546 0.5184590568259506 0.4760940547040063 -44.2908356356006 -3.8194202194583493 11.60701944706944 0.267241651907604 -0.02320212809019325 0.1540579159239082 3.5343292556037116 0.9855650177726741 0.05813503315617849 0.5076774142787148 0.47662407570430354 0.03908354419686073 0.03737882144439857 -3.4999999999999996 0.03432925560371209
1.2028196136227776 0.980207612377596 0.058962011977248666 0.5072287937600374 0.4817457416620843 -43.410429055787525 -3.7254883226977134 11.67721192981727 0.2647691382621395 -0.02384786978501184 0.15280347985054465 3.5356085048835126 0.9851989840888222 0.058878412344610886 0.49664215994393024 0.4822747738694452 0.0378758780553052 0.036220064052501555 -3.5000000000000004 0.03560850488351203
1.2167827174109234 0.9799192227153968 0.0597027515161802 0.496049201830688 0.48727604777104055 -42.55011382976304 -3.6356558788479374 11.74318492026094 0.2623135831841275 -0.02449966280048031 0.15155405306594433 3.536918400601654 0.9848306652654346 0.05962025747738689 0.48566139746008236 0.4878033714290635 0.03668443425481324 0.03507755001998981 -3.5 0.03691840060165417
1.2309079138896024 0.9796300352156414 0.06044139526258231 0.48492830903198686 0.49267966640656197 -41.7095088110073 -3.5498004546979067 11.80513857184926 0.2598749870006634 -0.025157150885390354 0.1503097262025988 3.5382590149995496 0.9844602773546748 0.06036006550934987 0.4747428567774745 0.4932045745587135 0.035509984480152294 0.033951975430550514 -3.5 0.03825901499954984
1.2451970847350329 0.9793402070510927 0.06117744042298625 0.47387371586532473 0.49795145120708995 -40.88822852266664 -3.467802050516019 11.863263284992446 0.2574533475356784 -0.02581996849195112 0.14907058721903887 3.5396303973301606 0.9840880399936529 0.06109733153846384 0.46389383913207494 0.4984732518297482 0.03435323471872861 0.032843973153332644 -3.5 0.03963039733016068
1.2596521334671402 0.9790498971148152 0.06191038326060728 0.4628926035288311 0.5030864259229599 -40.08588433526532 -3.3895431700369127 11.91774018624565 0.2550486601538163 -0.026487741327084577 0.1478367214269217 3.5410325736404475 0.9837141760687578 0.061831549576859254 0.45312122600595456 0.5036044439544007 0.03321482757386767 0.03175411526159 -3.5000000000000013 0.04103257364044632
1.2742749857031337 0.9787592658084069 0.06263971986173426 0.45199174275363835 0.5080797937483863 -39.30208555629603 -3.3149088747780726 11.968741584289376 0.2526609178037327 -0.027160086921716745 0.14660821151862338 3.54246554659545 0.9833389113741603 0.06256221332590368 0.4424314887158228 0.5085933730056926 0.032095344613342736 0.030682915473675042 -3.5000000000000018 0.04246554659544843
1.2890675894140264 0.9784684748277628 0.06336494690351172 0.4411775031959358 0.5129269461122802 -38.536440435082746 -3.243786824069542 12.016431403765178 0.2502901110608045 -0.02783661521645595 0.145385137595307 3.5439292953444284 0.9829624742654158 0.063288816953232 0.4318306985363358 0.5134354510890403 0.03099530873871952 0.02963083160234564 -3.5 0.043929295344428534
1.304031915184131 0.978177686946881 0.0640855624210997 0.43045586329996144 0.5176234709064113 -37.7885570864775 -3.1760673021150927 12.060965597982058 0.24793622816924488 -0.02851692916201101 0.14416757719543866 3.545423775429374 0.982585095309102 0.06401085586966586 0.4213245372712334 0.5181262884449783 0.029915186562575802 0.02859826799985654 -3.499999999999999 0.04542377542937476
1.3191699564735717 0.9778870658002237 0.06480106657220301 0.41983242055318043 0.5221651601319653 -37.05804433706967 -3.1116432333360233 12.10249254146759 0.24559925508361938 -0.029200625332645624 0.1429556053237234 3.5469489187360432 0.9822070069294321 0.06472782750395534 0.4109183081917506 0.5226617009649704 0.028855390782067888 0.027585577987749608 -3.4999999999999987 0.04694891873604455
1.3344837298838386 0.9775967756641438 0.06551096239697385 0.40931240206084984 0.5265480169481266 -36.344512497658556 -3.050410187178799 12.14115340329801 0.2432791755097672 -0.029887294550968006 0.14174929448043352 3.5485046334875725 0.9818284430527879 0.06543923207328471 0.4006169472676261 0.5270377171048661 0.02781628253864418 0.026593066261558437 -3.499999999999999 0.04850463348757342
1.3499752754264305 0.9773069812378922 0.0662147565713135 0.39890067537288154 0.5307682621088867 -35.64757406577311 -2.9922663734989303 12.177082502102879 0.24097597094513049 -0.03057652252230356 0.14054871469110256 3.5500908042805714 0.9814496387511117 0.06614457334750556 0.39042503462221495 0.5312505841831368 0.026798173754940667 0.025620991261927878 -3.4999999999999996 0.05009080428057207
1.3656466567946106 0.977017847424709 0.06691196015162801 0.38860175950151254 0.5348223397768712 -34.96684436202129 -2.937112629562722 12.210407643602835 0.238689620718502 -0.031267890476898215 0.13935393353655964 3.551707292163474 0.9810708298850914 0.06684335940508546 0.3803468061487262 0.5352967740536078 0.025801329441053907 0.024669567504777203 -3.5 0.05170729216347382
1.3814999616383223 0.9767295391135067 0.06760208930912813 0.37841983607348484 0.5387069227055383 -34.301942104019425 -2.884852399640118 12.241250441502942 0.23642010202920036 -0.03196097581818766 0.138165016183278 3.5533539347567964 0.9806922527480654 0.06753510337879927 0.37038616523019086 0.5391729881449477 0.024825969963437788 0.023738967864221836 -3.500000000000001 0.05335393475679536
1.3975373018422914 0.9764422209616368 0.06828466605180782 0.36835876056558486 0.5424189167836403 -33.652489921598594 -2.8353917080937823 12.26972662252961 0.23416738998569087 -0.032655352775367984 0.13698202541401316 3.5550305464148297 0.9803141437115576 0.06821932418922885 0.360546694510947 0.5428761618616941 0.023872273270663914 0.022829325802943067 -3.5000000000000004 0.05503054641482927
1.4137608138073605 0.9761560571792328 0.06895921893228672 0.35842207357712375 0.5459554649383659 -33.01811481690517 -2.788639126803063 12.295946316365482 0.23193145764366585 -0.03335059305850844 0.13580502165870678 3.5567369184281614 0.9799367388733405 0.06889554726419167 0.350831667672347 0.5464034683441139 0.022940377071174817 0.021940737545588656 -3.4999999999999996 0.056736918428161795
1.4301726587350876 0.9758712113156052 0.06962528373975826 0.3486130120974787 0.5493139503960192 -32.39844857292124 -2.74450573769838 12.320014331204238 0.22971227604360642 -0.03404626651445971 0.13463406302563166 3.5584728192663113 0.9795602737089023 0.06956330524227398 0.34124406117020517 0.5497523215865573 0.022030380958978888 0.021073264191621807 -3.500000000000001 0.05847281926631028
1.446775022915648 0.9755878460481557 0.07028240417434983 0.3389345207310745 0.5524919993015275 -31.793128113820103 -2.7029050911187515 12.342030415616376 0.2275098142478475 -0.034741941781822896 0.13346920533275602 3.56023799485963 0.9791849827271709 0.0702221386587115 0.33178656589582795 0.5529203789164306 0.021142348483977745 0.02022693376476076 -3.5000000000000004 0.06023799485962984
1.46357011801908 0.975306122974269 0.07093013250227093 0.32938926284621095 0.5554874827003877 -31.201795820454535 -2.663753160646944 12.362089507386466 0.2253240393771684 -0.03543718694330079 0.13231050213930326 3.5620321689195515 0.9788110991313274 0.0708715966119292 0.32246159872658386 0.5559055428381228 0.020276309164290927 0.019401743196817863 -3.5000000000000013 0.062032168919550344
1.4805601813899107 0.9750262024066161 0.0715680301902005 0.31997963161781656 0.5582985178889529 -30.624099804146542 -2.626968295020067 12.380281969953636 0.2231549166469363 -0.03613157017372749 0.13115800477748604 3.5638550432960843 0.9784388544855044 0.07151123740913264 0.3132713139360964 0.5587059622485131 0.019432260438536686 0.018597660244373572 -3.5000000000000004 0.06385504329608394
1.4977474763452012 0.9747482431723007 0.0721956685174467 0.3107077609377521 0.5609234691411379 -30.059694141813804 -2.5924711676597094 12.396693817058859 0.2210024094028278 -0.036824660382181316 0.13001176238439285 3.565706298371447 0.9780684783881443 0.07214062918942392 0.30421761443741124 0.5613200330327959 0.018610169556575185 0.017814625337212293 -3.4999999999999996 0.06570629837144741
1.515134292476053 0.9744724024162535 0.07281262916449627 0.3015755361694776 0.5633609478217149 -29.50823907533028 -2.5601847243156834 12.411406926175648 0.2188664791561576 -0.037516027846565755 0.12887182193400606 3.5675855934885465 0.9777001981527489 0.07275935052300596 0.29530216283623634 0.5637463980514051 0.01780997540769372 0.017052553357968177 -3.5000000000000004 0.06758559348854623
1.5327229459526137 0.974198835409266 0.07341850477666284 0.29258460472688885 0.5656098118983888 -28.969401177877 -2.530034129269142 12.424499241274592 0.2167470856188409 -0.03820524483913349 0.1277382282693314 3.5694925674129734 0.9773342384967247 0.07336699098513154 0.286526392274188 0.56598394653077 0.017031590285638228 0.016311335352812612 -3.5000000000000004 0.0694925674129731
1.5505157798326246 0.9739276953610357 0.07401289950163661 0.2837363864599151 0.5676691648667159 -28.44285348989939 -2.5019467104966413 12.436044965447378 0.21464418673802116 -0.03889188624147331 0.12661102413461842 3.571426838827098 0.9769708212389858 0.07396315170355003 0.2778915170450054 0.5680318128724873 0.01627490159027172 0.01559084017339947 -3.4999999999999996 0.07142683882709824
1.5685151643735473 0.9736591332385762 0.07459542949983497 0.2750320838319506 0.5695383541037315 -27.928275627144956 -2.4758519041546205 12.446114743891492 0.2125577387303884 -0.03957553014752603 0.12549025020765314 3.5733880068547417 0.9766101650069379 0.07454744587830896 0.26939854296934457 0.5698893748971937 0.015539773465959639 0.014890916050604622 -3.4999999999999987 0.0733880068547428
1.5867234973483177 0.9733932975903211 0.07516572342655617 0.2664726918765825 0.5712169686678148 -27.425353863116946 -2.4516811987047316 12.454775837733846 0.21048769611622067 -0.04025575845327453 0.12437594513210362 3.5753756516148547 0.976252484953427 0.07511949927286982 0.2610482775161396 0.5715562515410636 0.014826048377072742 0.014211392100864148 -3.5 0.07537565161485474
1.605143204364762 0.9731303343762366 0.07572342288503824 0.25805900792312486 0.5727048365638675 -26.933781188142856 -2.429368078964594 12.46209228914919 0.20843401175317416 -0.040932157431810105 0.1232681455499003 3.5773893348025605 0.9758979924841931 0.07567895067560566 0.25284133966085526 0.5730323000243315 0.014133548621233049 0.013552079766164927 -3.4999999999999987 0.07738933480256142
1.6237767391887217 0.9728703868042257 0.07626818284963356 0.24979164108248295 0.5740020214943189 -26.453257347122214 -2.4088479703343317 12.468125078207784 0.20639663686985135 -0.04160431829256551 0.1221668861336326 3.5794286002958855 0.9755468949963259 0.07622545233085733 0.24477816947278852 0.5743176125126075 0.013462077781145611 0.012912774188919928 -3.5000000000000004 0.07942860029588515
1.6426265840709315 0.9726135951730954 0.07679967205841302 0.24167102148653358 0.5751088191177504 -25.983488857889327 -2.3900581834189403 12.472932271866108 0.2043755210991731 -0.04227183772354277 0.1210721996189456 3.5814929747863893 0.9751993956281739 0.07675867033883689 0.23685903742572362 0.5754125122930005 0.012811422116024056 0.01229325552316086 -3.4999999999999996 0.08149297478638988
1.661695250077689 0.9723600967223264 0.07731757337462257 0.2336974092759044 0.57602575283812 -25.52418901200102 -2.3729378592375117 12.476569165495023 0.20237061251158178 -0.04293431841549624 0.11998411683691862 3.583581968431966 0.9748556930211174 0.07727828502377636 0.22908405342756546 0.576317549488176 0.012181351893776499 0.011693290183580405 -3.5000000000000004 0.08358196843196525
1.6809852774253642 0.9721100254888664 0.07782158411652254 0.22587090333233573 0.5767535691486007 -25.075077859637602 -2.35742791518431 12.479088417320492 0.2003818576480973 -0.04359136956704676 0.11890266674641019 3.585695075529933 0.974515981093562 0.07778399126983614 0.221453175566416 0.577033496332459 0.011571622665224861 0.011112632034104277 -3.500000000000001 0.08569507552993211
1.7004992358187931 0.971863512171144 0.0783114163552469 0.2181914497532367 0.5772932325549369 -24.635882180191786 -2.3434709918828234 12.480540176134163 0.19840920155325212 -0.044242607369845824 0.11782787646635266 3.5878317752086173 0.9741804488274737 0.0782754988243943 0.21396621857163134 0.5775613420349361 0.010981976481743453 0.010551023517730329 -3.500000000000001 0.08783177520861679
1.7202397247935985 0.9716206840004737 0.07878679718042708 0.21065885006706636 0.5776459201040275 -24.206335440007138 -2.33101140105172 12.480972202613628 0.1964525878079235 -0.04488765547294225 0.11675977130798171 3.5899915321355316 0.9738492800677219 0.07875253256845487 0.20662286198978927 0.577902287255248 0.010412143057764873 0.010008196729458291 -3.5000000000000013 0.08999153213553027
1.7402093740624849 0.9713816646200036 0.07924746893343072 0.20327276918928722 0.5778130155440527 -23.786177738624072 -2.3199950744821387 12.480429984575673 0.19451195856208486 -0.045526145425614166 0.11569837480698511 3.592173797240273 0.9735226533344555 0.07921483275401972 0.19942265807651285 0.5780577382183516 0.009861840879669875 0.009483874434174118 -3.4999999999999996 0.09217379724027322
1.760410843865553 0.9711465739713294 0.07969318940816991 0.19603274311950397 0.577796103143006 -23.375155744790735 -2.3103695142073932 12.478956846469904 0.19258725456749168 -0.046157717098015257 0.11464370875555692 3.5943780084502794 0.9732007416486912 0.07966215520837806 0.1923650394059866 0.5780293004950059 0.00933077826261506 0.0089777710313781 -3.499999999999999 0.09437800845028006
1.780846825324682 0.9709155281888772 0.08012373201953552 0.18893818638122356 0.5775969611928454 -22.973022623401043 -2.302083743930118 12.476594053405051 0.1906784152103191 -0.0467820190790456 0.11359579323434202 3.5966035914375256 0.9728837123712462 0.08009427150537589 0.18544932620098412 0.577818772475055 0.008818654356882793 0.00848959346867674 -3.5000000000000018 0.09660359143752446
1.8015200408020253 0.9706886395021324 0.0805388859396147 0.1819883992063619 0.5772175552267681 -22.579537954433523 -2.295088261757007 12.473380909985659 0.18878537854376345 -0.04739870905096531 0.11255464664425824 3.598849960374308 0.9725717270551064 0.08051096910382825 0.1786747333868213 0.5774281385608255 0.008325160105352 0.008019042105947559 -3.5 0.09884996037430833
1.8224332442626665 0.9704660161457745 0.08093845620194459 0.175182574467254 0.5766600309772176 -22.194467644879122 -2.289334994278341 12.469354854223255 0.186908081320619 -0.048007454140358403 0.11152028573818269 3.6011165186962826 0.9722649413112776 0.08091205145334077 0.17204037737328948 0.5768595621080707 0.007849979153695372 0.007565811532079853 -3.5 0.10111651869628238
1.8435892216414884 0.9702477622777441 0.08132226377415042 0.16851980435945674 0.5759267071022768 -21.817583834567905 -2.284777252017654 12.464551546772597 0.1850464590258393 -0.048607931245091184 0.11049272565248892 3.603402659870854 0.9719635046881198 0.08129733806790304 0.16554528256936032 0.5761153781417953 0.007392788714904719 0.007129591336195534 -3.5 0.10340265987085462
1.8649907912142971 0.9700339779052616 0.08169014559940449 0.16199908683908182 0.5750200677079762 -21.44866479672975 -2.281369686266609 12.459004955731283 0.1832004459090898 -0.04919982733706566 0.10947197993842397 3.605707768169193 0.9716675605641334 0.08166666456770914 0.15918838763561768 0.5751980858742988 0.006953260389733658 0.006710066835199663 -3.5 0.10570776816919264
1.8866408039732578 0.9698247588187779 0.0820419546072315 0.1556193318188225 0.5739427546938637 -21.08749483405413 -2.2790682473106556 12.45274743722896 0.18136997501729551 -0.0497828397405702 0.10845806059331192 3.6080312194400297 0.9713772460541183 0.08201988268975219 0.15296855148006963 0.5741103410524319 0.006531060944631977 0.0063069197595077885 -3.5000000000000013 0.10803121944002891
1.908542144006686 0.9696201965338352 0.08237755969426502 0.1493793671271213 0.5726975599488495 -20.733864170949854 -2.2778301440432616 12.445809812020716 0.17955497822718738 -0.050356676386175345 0.10745097809157399 3.6103723818835496 0.9710926919285925 0.08235686026782145 0.1468845590030598 0.5728549481607652 0.006125853048718376 0.005919828898735809 -3.500000000000001 0.1103723818835485
1.93069772888325 0.96942037824078 0.0826968456756403 0.14327794423525816 0.5712874174239412 -20.387568842643862 -2.2776138049592323 12.438221438288751 0.17775538627784487 -0.05092105604015102 0.1064507414155532 3.612730616823663 0.970814022546321 0.08267748118261477 0.14093512659747262 0.5714348525069654 0.005737295971315549 0.005548470709114241 -3.4999999999999996 0.11273061682366323
1.953110510040632 0.9692253867622602 0.08299971320777942 0.13731374375732208 0.5697153951079663 -20.04841058170305 -2.278378840511472 12.430010280845636 0.17597112880323634 -0.05147570850948396 0.10545735808613375 3.615105279477028 0.9705413557997702 0.0829816452827492 0.13511890741047905 0.569853132215108 0.005365046241536338 0.0051925198843295745 -3.500000000000001 0.11510527947702723
1.975783473178701 0.9690353005184167 0.0832860786833952 0.13148538072825283 0.5679846869318027 -19.716196702508913 -2.280086006810488 12.421202976922935 0.17420213436474982 -0.05202037482262433 0.10447083419314483 3.6174957197172173 0.9702748030732691 0.0832692682775287 0.12943449637339344 0.5681129901520899 0.005008758271379007 0.004851649891459697 -3.5000000000000004 0.11749571971721698
1.9987196386572506 0.9688501934996616 0.08355587409960213 0.1257914096652412 0.5660986046259476 -19.390739984167357 -2.2826971706409998 12.41182489871941 0.17244833048370992 -0.05255480738618747 0.10349117442553925 3.619901282832533 0.9700144692136319 0.08354028160238712 0.12388043500609132 0.5662177458116021 0.004668084943749975 0.00452553347360037 -3.4999999999999996 0.11990128283253287
2.021922061898354 0.9686701352469215 0.08380904690008098 0.12023032941792366 0.564060569555516 -19.07185855229035 -2.2861752757666984 12.401900212874114 0.17070964367387265 -0.05307877011786334 0.10251838210133765 3.6223213102759586 0.9697604525129622 0.08379463225798743 0.11845521600281046 0.5641708271793727 0.004342678166797643 0.0042138431207504184 -3.4999999999999996 0.12232131027595912
2.0453938337933892 0.9684951908392002 0.08404555979229766 0.11480058781287154 0.5618741045559456 -18.75937576004401 -2.2904843104907844 12.391451937021293 0.1689859994738874 -0.053592038555887504 0.10155245919732989 3.624755140405881 0.9695128447033372 0.08403228262401077 0.1131572876059443 0.5619757626025946 0.004032189395900845 0.003916251510449296 -3.5000000000000004 0.12475514040588057
2.0691380811147897 0.9683254208883145 0.08426539054082274 0.10950058609791143 0.5595428257917975 -18.453120068819775 -2.2955892764373838 12.38050199357578 0.16727732247971686 -0.054094399945452606 0.10059340637852471 3.627202109216212 0.9692717309630422 0.08425321024871715 0.1079850577746239 0.5596361726855286 0.0037362701246149255 0.003632431919620173 -3.5 0.12720210921621203
2.0931579669325737 0.9681608815406247 0.08446853173784233 0.10432868319185686 0.557070434660127 -18.15292492884913 -2.301456158516817 12.369071260890097 0.16558353637699916 -0.05458565330252151 0.0996412230273404 3.6296615510546677 0.9690371899340059 0.08445740761540177 0.10293689815471783 0.5571557622324065 0.003454572345839853 0.003362058609005782 -3.499999999999999 0.12966155105466842
2.1174566910357124 0.968001624485586 0.08465499055198654 0.09928319974523056 0.5544607097589018 -17.858628660049504 -2.3080518960365173 12.357179621917084 0.1639045639733402 -0.05506560945553513 0.09869590727252824 3.6321327993279926 0.9688092937500625 0.08464488188690959 0.09801114785699964 0.5545383122577342 0.0031867489844345635 0.0031048071815418833 -3.4999999999999996 0.13213279932799288
2.1420374903583843 0.9678476969709198 0.08482478845663352 0.09436242201754033 0.551717498939941 -17.57007433335955 -2.3153443549177304 12.34484601050495 0.16224032723051987 -0.05553409106556184 0.09775745601782246 3.6346151871930026 0.9685881080756528 0.08481565462939963 0.09320611705005584 0.5517876720831141 0.0029324543024618205 0.0028603549159506975 -3.499999999999999 0.13461518719300333
2.1669036394111827 0.967699141824206 0.0849779609388745 0.0895646055766255 0.5488447114647862 -17.2871096527929 -2.323302300977681 12.332088455445152 0.16059074729659442 -0.05599093262548984 0.09682586497030948 3.6371080482324185 0.9683736921545576 0.08496976151657891 0.08852009037441226 0.5489077515386469 0.0026913442782079034 0.0026283810767834454 -3.5000000000000004 0.13710804823241826
2.1920584507173255 0.9675559974806777 0.08511455719034462 0.08488797882558215 0.5458463102808362 -17.00958683841575 -2.3318953742365727 12.318924122387275 0.15895574453787925 -0.05643598043888073 0.09590112866851012 3.6396107171144854 0.9681660988682415 0.08510725201564427 0.08395133018441549 0.5459025132859161 0.002463076960085129 0.0024085672020985886 -3.5 0.1396107171144854
2.217505275253932 0.967418298016993 0.08523463978114205 0.0803307463626697 0.5427263044339754 -16.73736251042849 -2.3410940642081504 12.305369353729038 0.15733523857079146 -0.05686909257916553 0.09498324051016929 3.6421225302355107 0.9679653748033764 0.08522818905618718 0.07949807962405497 0.5427759652784547 0.0022473127964844695 0.0022005973698964215 -3.500000000000001 0.14212253023551
2.243247502898419 0.9672860731907574 0.08533828431806782 0.07589109217958269 0.5394887416328111 -16.470297574511857 -2.3508696861334064 12.291439706584224 0.15572914829353476 -0.05729013882987205 0.0940721927797474 3.644642826344471 0.9677715603280999 0.08533264868332543 0.07515856554305732 0.5395321533745182 0.0020437149426115867 0.0020041584443973234 -3.5000000000000004 0.14464282634447037
2.2692885628800803 0.9671593484855532 0.08542557908842541 0.07156718270333845 0.5361377009785018 -16.20825710857751 -2.3611943581167067 12.277149988925645 0.15413739191760586 -0.05769900060662347 0.09316797667560811 3.6471709471489673 0.9675846896765589 0.08542071969633123 0.07093100125920401 0.536175154115817 0.0018519495453004403 0.001818940303188026 -3.4999999999999996 0.14717094714896772
2.2956319242369094 0.9670381451612314 0.08549662469062058 0.06735716968700713 0.5326772858730346 -15.95111025104538 -2.372040979124574 12.26251429399559 0.15255988699910217 -0.058095570861654865 0.09227058233689854 3.649706237901844 0.9674047910412809 0.08549250327402518 0.06681358917287802 0.532709067684862 0.0016716860067671735 0.0016446360462244972 -3.500000000000001 0.14970623790184345
2.322281096277725 0.9669224803092213 0.085551533652799 0.06325919295437124 0.5291116171176782 -15.698730090754415 -2.3833832078080257 12.247546033071059 0.15099655046981092 -0.058479753971623014 0.09137999887011633 3.6522480479678703 0.9672318866729094 0.08554811258820119 0.0628045232396179 0.5291380110523045 0.0015025972282303214 0.0014809421876304128 -3.499999999999999 0.15224804796787134
2.3492396290496593 0.966812366912597 0.08559043004075167 0.05927138300352689 0.5254448262122181 -15.450993558597638 -2.395195442109912 12.232257966666888 0.14944729866805895 -0.05885146560951138 0.09049621437536054 3.65479573136999 0.9670659929868426 0.08558767240633829 0.058901991306233366 0.5254661113247131 0.001344359834291898 0.0013275588311827376 -3.499999999999999 0.15479573136999086
2.3765111138110746 0.9667078139106497 0.08561344905630688 0.05539186347434311 0.521681048864473 -15.20778132095985 -2.407452799620365 12.216662234255297 0.14791204736930194 -0.05921063260142477 0.08961921597226219 3.6573486473146586 0.9669071206763058 0.08561131868484281 0.05510417731610055 0.521697499302027 0.0011966543789423741 0.0011841898303452563 -3.500000000000001 0.1573486473146578
2.4040991835099716 0.9666088262677051 0.08562073662741236 0.05161875348457596 0.517824418718492 -14.96897767502348 -2.4201310986437363 12.200770382576415 0.14639071181643326 -0.059557192769099265 0.08874898982559136 3.6599061606959076 0.9667552748313953 0.08561919815404678 0.05140926338885459 0.5178363032528902 0.0010591655340211927 0.0010505429336582367 -3.4999999999999996 0.1599061606959082
2.432007513267948 0.9665154050459235 0.08561244899109169 0.04795016983934608 0.5138790613087697 -14.734470445997458 -2.433206839942176 12.184593392610623 0.14488320674979202 -0.05989109475895751 0.08788552117053748 3.662467642577842 0.9666104550636324 0.08561146789616748 0.04781543177965556 0.5138866429150301 0.000931582260935804 0.0009263299162601673 -3.500000000000001 0.16246764257784102
2.460239820869776 0.9664275474818267 0.08558875227043745 0.044384229118567806 0.5098490882467572 -14.504150886313587 -2.446657189122088 12.16814170527954 0.1433894464368504 -0.06021229785852231 0.08702879433766071 3.665032470655286 0.9664726556355645 0.08558829491741037 0.0443208667231482 0.5098526237267795 0.0008135979664131443 0.0008112666982844276 -3.5 0.1650324706552859
2.488799867258667 0.9663452470662864 0.08554982204677715 0.04091904964681457 0.505738591644937 -14.277913576826059 -2.460459959630746 12.151425245939429 0.14190934470156075 -0.06052077180104241 0.08617879277751123 3.6676000296924625 0.9663418655949649 0.08554985571536816 0.040923756166805575 0.5057383312948746 0.0007049106430303374 0.0007050734508271488 -3.499999999999999 0.1676000296924635
2.517691457037277 0.9662684936277183 0.08549584292812056 0.037552753349999426 0.5015516387827306 -14.055656330041488 -2.4745935963319545 12.134453447727154 0.14044281495334315 -0.06081649655913894 0.08533549908491533 3.6701697119395384 0.9662180689131801 0.08549633584284011 0.037622293398499804 0.5015478261026667 0.0006052229952450676 0.0006074746901618142 -3.4999999999999996 0.1701697119395387
2.5469184389745405 0.9661972734182224 0.08542700811496456 0.03428346750312989 0.49729226701755974 -13.837280095399272 -2.4890371596310232 12.117235273815936 0.13898977021569622 -0.061099462128312264 0.08449889502292576 3.672740917527023 0.9661012446271865 0.08542792946916243 0.03441467857277967 0.4972851384619535 0.0005142425516202655 0.0005181993608353247 -3.5 0.17274091752702297
2.576484706518376 0.9661315692024169 0.08534351896449963 0.03110932637330153 0.49296447894345763 -13.622688866615915 -2.5037703101201414 12.099779238635044 0.13755012315441242 -0.06136966830112086 0.08366896154643506 3.675313054838008 0.9659913669849255 0.08534483894010421 0.03129912014022343 0.49295426371072476 0.000431681763913712 0.0004369809082519752 -3.5 0.17531305483800808
2.6063941983143493 0.9660713603487121 0.08524558455422467 0.028028472761966242 0.48857223779874737 -13.411789591100325 -2.5187732937173672 12.082093428104955 0.13612378610538148 -0.06162712443284506 0.0828456788254511 3.6778855408583233 0.9658884055934958 0.08524727433734743 0.02827383618415292 0.48855915765828883 0.00035725809367887314 0.0003635573413248738 -3.500000000000001 0.17788554085832228
2.636650898730358 0.9660166229227762 0.08513342124594071 0.025039059450426435 0.48411946312346105 -13.204492081442208 -2.5340269272731923 12.064185518936599 0.13471067110196686 -0.061871849199427634 0.08202902626803311 3.6804578015047063 0.9657923255697907 0.08513545303852943 0.02533705566879439 0.4841037322783519 0.000290694087001209 0.00029767128574471755 -3.5000000000000004 0.18045780150470578
2.667258838387406 0.965967329782952 0.08500725225105331 0.02213925055237523 0.4796100266663781 -13.000708928970653 -2.5495125846201008 12.046062797041031 0.1333106899019381 -0.062103870348484275 0.08121898254288826 3.6830292719311752 0.9657030876931836 0.08500959927878499 0.022487019602771476 0.4795918516499024 0.00023171743797145158 0.00023907002838841814 -3.5000000000000004 0.18302927193117463
2.698222094696537 0.9659234506773826 0.08486730719807381 0.019327222777216435 0.47504774854079995 -12.800355419375876 -2.5652121830422514 12.027732175093465 0.13192375401394751 -0.062323224444144724 0.08041552560162801 3.6855993968137986 0.9656206485598723 0.08486994371468334 0.01972198212183129 0.47502732814499976 0.00018006104147667078 0.0001875055533692306 -3.5 0.18559939681379872
2.7295447924020064 0.965884952342615 0.08471382170316723 0.016601166607778394 0.4704363936274641 -12.603349450382995 -2.5811081701429037 12.009200209293084 0.13054977472353646 -0.06252995660647936 0.07961863270068407 3.6881676306141244 0.9655449607385088 0.08471672299141218 0.01704021149436954 0.47041391886179623 0.000135463035869008 0.00014273457020132956 -3.499999999999999 0.18816763061412542
2.761231104130753 0.9658517986034525 0.08454703694455087 0.013959287395942661 0.46577966822233724 -12.409611451463503 -2.597183511089372 11.990473115358366 0.12918866311865912 -0.06272412024624582 0.07882828042288391 3.690733437821576 0.9654759729267541 0.08455017931401562 0.014439991053344883 0.46575532230058053 9.766683605234568e-05 0.00010451853453328552 -3.499999999999999 0.19073343782157706
2.7932852509482538 0.9658239504738375 0.08436719924150558 0.011399806379596285 0.461081216926398 -12.219064305567134 -2.6134216762157534 11.971556783795206 0.12784033011471369 -0.06290577679566273 0.07804444469868653 3.6932962931751336 0.9654136301084095 0.08437056002344873 0.011919620057960175 0.46105517527991724 6.642115750777594e-05 7.262366188150258e-05 -3.5 0.1932962931751338
2.825711502920828 0.9658013662585435 0.08417455963871576 0.008920961624234367 0.45634461977393653 -12.031633272853883 -2.6298066289653117 11.95245679447347 0.12650468647907026 -0.06307499543590667 0.07726710082707824 3.69585568186469 0.9653578737107937 0.08417811717816553 0.009477414488367484 0.45631705008943174 4.1480031760393654e-05 4.682093477479049e-05 -3.4999999999999996 0.19585568186469046
2.8585141796844735 0.9657840016554761 0.08396937349661085 0.006521008892409139 0.4515733895953746 -11.847245916403894 -2.646322814155293 11.933178430545668 0.1251816428550866 -0.0632318528219992 0.07649622349613003 3.698411099712482 0.9653086417620454 0.08397310714191183 0.007111707776536471 0.4515444518752737 2.2602813771453738e-05 2.6886103702273097e-05 -3.4999999999999996 0.19841109971248247
2.8916976510202996 0.9657718098583761 0.08375190008833588 0.004198222444165522 0.44677096961010593 -11.665832029880566 -2.662955146548292 11.913726691739843 0.12387110978560414 -0.06337643280572602 0.0757317868032164 3.700962053335025 0.9652658690480498 0.08375579017834854 0.004820851476341856 0.4467408162537778 9.55418172298992e-06 1.2599682238849432e-05 -3.5000000000000004 0.20096205333502454
2.9252663374366454 0.9657647416597349 0.0835224022039336 0.0019508957714678358 0.44194073124441374 -11.487323567120846 -2.679688999715004 11.894106307056918 0.12257299773591751 -0.06350882615721128 0.0749737642748978 3.703508060286018 0.9652294872686987 0.08352643005308508 0.0026032158757336066 0.441909507148415 2.104129644522526e-06 3.7469367042471653e-06 -3.5000000000000004 0.20350806028601778
2.959224710757956 0.9657627455537322 0.08328114576227762 -0.00022265773043779146 0.43708597216912304 -11.311654573624347 -2.6965101951744765 11.874321746901519 0.12128721711621122 -0.06362913028574137 0.07422212888646675 3.7060486491807096 0.9651994251932138 0.08328529364365833 0.0004571905537950167 0.4370538148447517 2.7953315339607266e-08 1.1787069605735791e-07 -3.4999999999999996 0.2060486491807097
2.9935772947204895 0.9657657678390229 0.08302839943125033 -0.0023241041518982848 0.43220991455127106 -11.138761119912713 -2.713404991798842 11.854377234673487 0.12001367830345984 -0.06373744896040709 0.07347685308116016 3.7085833598022213 0.9651756088142717 0.0830326505579465 -0.0016188151146218279 0.4321769542577251 3.106229859598002e-06 1.5072048212705901e-06 -3.499999999999999 0.20858335980222203
3.0283286655749455 0.9657737527211968 0.08276443425661739 -0.004355088515209015 0.4273157035137694 -10.968581236728179 -2.7303600754704402 11.834276757846213 0.11875229166278728 -0.06383389203110885 0.07273790878903852 3.71111174319037 0.9651579615006911 0.08276877276146435 -0.003626371504118432 0.4272820634052922 1.1124791436020926e-05 7.714351935915932e-06 -3.500000000000001 0.2111117431903693
3.063483452696085 0.9657866424147546 0.08248952330000683 -0.006317234275793109 0.42240640579674105 -10.801054852040602 -2.747362548980007 11.814024078556347 0.11750296756828282 -0.06391857515043785 0.07200526744553432 3.713633361713511 0.9651464041484511 0.08249393421394176 -0.005567028331341513 0.4223722020821672 2.387469340873381e-05 1.854338818832033e-05 -3.500000000000001 0.21363336171350977
3.0990463391994285 0.9658043772444402 0.08220394128635955 -0.008212142875631078 0.4174850086139744 -10.6361237298303 -2.764399922155533 11.79362274372844 0.11626561642327256 -0.06399161949692972 0.07127890000967105 3.7161477891239834 0.9651408553298313 0.08220841051554635 -0.007442314292602619 0.4174503507271751 4.1152177371058096e-05 3.3803020148220455e-05 -3.5 0.21614778912398314
3.1350220625651146 0.9658268957457863 0.08190796426117618 -0.010041393346448052 0.41255441869772985 -10.473731410613995 -2.781460102212231 11.773076094756696 0.11504014868004467 -0.06405315150015103 0.07055877698195512 3.718654610597714 0.9651412314404718 0.08191247856306824 -0.009253736744214792 0.4125194094775094 6.275862937967354e-05 5.330654829106662e-05 -3.5000000000000004 0.21865461059771416
3.171415415268999 0.9658541347647331 0.08160186925784675 -0.011806541960251792 0.4076174615249665 -10.31382315368057 -2.7985313843145585 11.752387276764944 0.11382647485903 -0.064103302568054 0.06984486842194287 3.7211534227585514 0.9651474468441733 0.08160641621634603 -0.01100278142336435 0.40758219740303314 8.850053374254454e-05 7.687182709458049e-05 -3.500000000000001 0.22115342275855066
3.208231245421078 0.9658860295561927 0.08128593397530849 -0.013509121924897723 0.40267688071790825 -10.156345881002638 -2.815602442342105 11.731559247465073 0.11262450556743768 -0.06414220881701209 0.06913714396548423 3.7236438336879223 0.9651594140152653 0.08129050197517215 -0.012690912207428243 0.4026414519136198 0.00011818942269040427 0.000104321221993175 -3.5000000000000004 0.22364383368792176
3.245474457411331 0.965922513881429 0.08096043646624235 -0.015150643122427369 0.3977353376117822 -10.001248122789834 -2.832662319851763 11.710594785632763 0.11143415151734916 -0.0641700108049238 0.06843557284164646 3.726125462920411 0.9651770436783885 0.08096501466688041 -0.014319570909731285 0.39769982833242334 0.0001516418222481629 0.00013548156342491345 -3.4999999999999996 0.2261254629204114
3.283150012563046 0.9659635201041495 0.08062565483597987 -0.01673259188801755 0.39279541098246795 -9.848479964649473 -2.849700421229072 11.68949649921885 0.11025532354327228 -0.06418685326773696 0.06774012388931949 3.7285979414258335 0.9652002449455511 0.08063023314477938 -0.015890177109796066 0.3927598996279025 0.0001886791946098239 0.0001701840981947412 -3.5000000000000004 0.2285979414258332
3.321262929793748 0.9660089792851935 0.08028186695225886 -0.018256430827436148 0.387859596926766 -9.69799299631998 -2.8667065030225416 11.668266833113417 0.10908793261915928 -0.06419288485973067 0.06705076557350598 3.7310609115784157 0.965228925450328 0.08028643599756255 -0.017404128016222795 0.3878241562973738 0.00022912787730757539 0.0002082644383674118 -3.4999999999999996 0.23106091157841613
3.3598182862837818 0.9660588212757192 0.07992935016593221 -0.01972359867098933 0.3829303088879698 -9.549740261942524 -2.883670665454611 11.646908076579036 0.10793188987489329 -0.06418825789786203 0.06636746600129832 3.7335140271136686 0.9652629914790911 0.07993390126979123 -0.018862798360473266 0.3828950063948433 0.0002728190194536323 0.00024956250789523454 -3.4999999999999982 0.23351402711367025
3.398821218152669 0.966112974808804 0.07956838104270143 -0.021135510162011855 0.37800987781943224 -9.403676211836336 -2.9005833441041817 11.62542237036866 0.10678710661224769 -0.0641731281104596 0.06569019293754587 3.735956953073548 0.965302348099166 0.07957290619351434 -0.020267540319800756 0.37797477569588883 0.0003195885153213525 0.00029392248717443237 -3.499999999999999 0.235956953073549
3.4382769211433097 0.9661713675893644 0.0791992351059177 -0.02249355597801348 0.3731005524788523 -9.25975665574315 -2.9174353017555448 11.603811713543033 0.10565349432032434 -0.06414765439052303 0.06501891382021446 3.738389365740488 0.965346899283826 0.07920372693105943 -0.021619683467719968 0.37306570799238314 0.00036927693552016343 0.0003411927557164634 -3.5000000000000004 0.23838936574048739
3.4781906513141303 0.9662339263823263 0.07882218659046203 -0.0237991026826795 0.36820449984606074 -9.117938717506387 -2.9342176204090546 11.582077970001551 0.10453096469047628 -0.06411199855386489 0.06435359577544195 3.7408109525608952 0.9653965480340434 0.07882663832899911 -0.022920534750459756 0.3681699655099019 0.00042172945600783867 0.00039122583311199046 -3.500000000000001 0.24081095256089446
3.518567725739264 0.9663005770989742 0.07843750820769005 -0.025053492706977737 0.3633238056571543 -8.978180791150947 -2.950921693449436 11.560222874740074 0.10341942963072213 -0.06406632510230761 0.06369420563229204 3.7432214120586815 0.9654511964969337 0.07844191368327097 -0.024171378487891054 0.36328962944074245 0.00047679578517223454 0.00044387831845654746 -3.499999999999999 0.2432214120586823
3.55941352321686 0.9663712448814125 0.07804547092140052 -0.026258044357694285 0.35846047504792544 -8.840442498329645 -2.9675392179676887 11.538248039848243 0.10231880127965907 -0.06401080099212512 0.06304070993720978 3.745620453739397 0.9655107460808322 0.07804982451540204 -0.025373476397505253 0.3584267005855523 0.0005343300892038768 0.0004990108283996818 -3.5 0.2456204537393973
3.600733484985619 0.9664458541850872 0.07764634373476226 -0.027414051851781276 0.35361643329964343 -8.704684647102505 -2.9840621872333513 11.51615496025855 0.10122899201988189 -0.06394559540789894 0.06239307496818175 3.748007797985531 0.9655750975669604 0.07765064035976577 -0.026528067640036825 0.3535831000967017 0.0005941909159701367 0.0005564879339702173 -3.5 0.24800779798553046
3.6425331154496376 0.9665243288593182 0.07724039348811093 -0.02852278537497132 0.3487935266803637 -8.570869192015675 -3.0004828833133628 11.493945019258453 0.10014991449091618 -0.06387087954193672 0.06175126674860395 3.7503831759435275 0.9656441512176434 0.07724462856177555 -0.02763636888546375 0.348760670316613 0.0006562411175918658 0.0006161780963260186 -3.500000000000001 0.2503831759435269
3.6848179829116776 0.9666065922257939 0.07682788466750658 -0.029585491163157163 0.34399352337509065 -8.438959195446827 -3.016793869834928 11.471619493776672 0.09908148160167463 -0.06378682637938424 0.06111525106086079 3.7527463294030645 0.9657178068810537 0.07683205408689932 -0.028699574398093782 0.3439611757044679 0.000720347771912727 0.000677953601566721 -3.4999999999999996 0.2527463294030649
3.72759372031494 0.9666925671549975 0.07640907922392196 -0.030603391605110226 0.3392181144982636 -8.308918790184471 -3.032987984889412 11.449179559453869 0.09802360654244409 -0.06369361048913946 0.06048499345961815 3.7550970106691195 0.9657959640924613 0.07641317934035792 -0.02971885613954413 0.3391863038447691 0.0007863821030424047 0.0007416904947428617 -3.500000000000001 0.25509701066911866
3.7708660259934543 0.9667821761405287 0.07598423640291417 -0.031577685365160806 0.3344689151822009 -8.180713143208774 -3.0490583340746813 11.42662629550779 0.09697620279641318 -0.06359140782065481 0.05986045928483393 3.757434982427323 0.9658785221719822 0.07598826399735475 -0.03069536388843582 0.3344376665314962 0.0008542194011451607 0.0008072685131864604 -3.500000000000001 0.2574349824273222
3.814640664431178 0.9668753413712953 0.07555361258461485 -0.032509547524516534 0.3297474657353144 -8.054308420642172 -3.06499828367355 11.403960689402052 0.09593918415074962 -0.06348039550671263 0.05924161367448956 3.7597600176031416 0.9659653803188234 0.07555756484366467 -0.03163022537575355 0.32971680092167227 0.0009237389416359216 0.0008745710192858145 -3.5 0.2597600176031415
3.858923467029904 0.9669719848015548 0.0751174611338586 -0.033400129739959226 0.325055232864081 -7.929671753838458 -3.080801453966168 11.381183641327793 0.09491246470723642 -0.06336075167222131 0.058628421577045176 3.7620718992153455 0.9660564377020298 0.0751213356263968 -0.03252454643476004 0.32502517075240456 0.0009948239039376935 0.0009434849328158942 -3.5000000000000013 0.26207189921534474
3.9037203328860905 0.9670720282187942 0.07467603226025549 -0.03425056041870381 0.32039361095295266 -7.806771206579078 -3.0964617126742477 11.358295968506466 0.093895958892477 -0.06323265524907783 0.05802084776362282 3.764370420224251 0.9661515935477464 0.07467982691473217 -0.03337941116448007 0.32036416761561853 0.0010673612899450662 0.0010139006629335788 -3.4999999999999996 0.2643704202242514
3.949037229576701 0.9671753933094287 0.07422957288800076 -0.035061944908257044 0.31576392339657583 -7.685575743346662 -3.111973168535041 11.33529840932204 0.09288958146767828 -0.0630962857971227 0.057418856839919936 3.766655383375202 0.9662507472230168 0.074233285970423 -0.034195882105808734 0.3157351122848874 0.00114124184233035 0.0010857120399415147 -3.5 0.2666553833752021
3.9948801939541703 0.9672820017223218 0.07377832653520339 -0.03583536570016874 0.3111674239788945 -7.566055198645392 -3.127330165003638 11.31219162729026 0.09189324753802289 -0.06295182333120047 0.0568224132578575 3.7689266010377356 0.9663537983161414 0.07378195662783171 -0.03497500042928312 0.31113925608898546 0.0012163599628211594 0.0011588162469154302 -3.5 0.26892660103773575
4.041255332950601 0.9673917751301204 0.0733225332025048 -0.0365718826466054 0.30660529829391076 -7.448180247339105 -3.1425272740814467 11.288976214872338 0.09090687256163885 -0.06279944815432326 0.0562314813269657 3.771183895040864 0.9664606467136286 0.07332607918327609 -0.03571778613367804 0.3065777823269709 0.0012926136305697953 0.001233113751289145 -3.5000000000000013 0.2711838950408623
4.088168824391292 0.9675046352884098 0.07286242927075101 -0.03727253318873873 0.3020786652030852 -7.331922375977997 -3.157559290269601 11.265652697140068 0.08993037235817829 -0.0626393406969248 0.05564602522551061 3.7734270965048884 0.966571192673775 0.07286589029343916 -0.036425238254552884 0.302051807719805 0.0013699043207282427 0.0013085082364820936 -3.500000000000001 0.2734270965048877
4.135626917817709 0.9676205040926931 0.07239824740747251 -0.03793833259597011 0.29758857832456387 -7.217253855085513 -3.172421224645364 11.242221535299004 0.08896366311701429 -0.06247168136218022 0.0550660090113657 3.7756560456701562 0.9666853368969173 0.07240162288259559 -0.03709833508198878 0.29756238389374196 0.0014481369233342281 0.0013849065336539314 -3.500000000000001 0.2756560456701552
4.183635935320019 0.9677393036332067 0.07193021648192072 -0.03857027421506903 0.2931360275496313 -7.104147712377775 -3.187108299060569 11.218683130076094 0.08800666140506593 -0.06229665037735442 0.05449139663263106 3.7778705917231377 0.9668029805924006 0.07193350605839809 -0.03773803438670069 0.2931104988909065 0.0015272196626076246 0.0014622185536599488 -3.499999999999999 0.2778705917231387
4.2322022723792765 0.9678609562475861 0.07145856148840378 -0.03916932972834353 0.28872194058199085 -6.992577706888067 -3.2016159404599267 11.195037824977733 0.08705928417426226 -0.062114427651130844 0.05392215193800441 3.780070592620192 0.9669240255423153 0.07146176503596498 -0.03834527365385332 0.2886970787026887 0.001607064016749625 0.0015403572192840152 -3.4999999999999982 0.2800705926201934
4.281332398719393 0.9679853845713973 0.07098350347765989 -0.039736449419995885 0.2843471844956891 -6.882518303969473 -3.2159397753187227 11.171285909424077 0.08612144876865409 -0.06192519263686955 0.053358238686906784 3.7822559149093977 0.9670483741620538 0.07098662107000313 -0.038920970323832384 0.2843229888217994 0.001687584638330069 0.0016192383978133106 -3.4999999999999987 0.2822559149093989
4.3310328591689995 0.9681125115865534 0.07050525949600384 -0.0402725624498624 0.280012567307702 -6.773944651149661 -3.2300756241977475 11.14742762176502 0.08519307293118467 -0.06172912420172364 0.05279962055936688 3.7844264335507645 0.9671759295577477 0.07050829139469947 -0.03946602203935091 0.2799890358090268 0.0017686992753425156 0.0016987808340218472 -3.4999999999999982 0.28442643355076636
4.3813102745333055 0.9682422606676432 0.07002404253197814 -0.04077857713377946 0.2757188395614069 -6.666832554812185 -3.2440194964145372 11.123463152183097 0.08427407481012807 -0.061526400501546695 0.05224626116566729 3.786582031735172 0.967306595580643 0.07002698917110983 -0.03998130689825518 0.2756959688709355 0.0018503286930010166 0.001778906083622409 -3.5 0.28658203173517216
4.432171342476087 0.9683745556261917 0.06954006147024004 -0.04125538122984469 0.2714666959173653 -6.561158457678803 -3.2577675848296197 11.09939264548826 0.08336437296520545 -0.061317198861504524 0.051698124055755884 3.788722600702324 0.9674402768784789 0.06954292344177479 -0.0404676837113993 0.27144448144494787 0.0019323965963459198 0.0018595384472400891 -3.5 0.288722600702324
4.483622838411908 0.9685093207528835 0.0690535210524143 -0.041703842229882916 0.26725677674804327 -6.456899417068692 -3.271316260746277 11.075216203809285 0.08246388637338888 -0.061101695662311016 0.0511551727284263 3.790848039558041 0.9675768789439323 0.06905629909228941 -0.04092599226507387 0.2672352127884587 0.00201482955372083 0.0019406049049641677 -3.5000000000000004 0.2908480395580405
4.535671616408706 0.9686464808577807 0.06856462184464084 -0.04212480765547169 0.263089669733287 -6.354033083910266 -3.2846620689228456 11.050933889186268 0.08157253443440185 -0.06088006623198983 0.0506173706402706 3.7929582550911536 0.9677163081601989 0.06856731681955497 -0.041357053587396206 0.2630687495688068 0.002097556921178531 0.002022035051522392 -3.5000000000000004 0.2929582550911532
4.588324610100845 0.9687859613085622 0.06807356021154831 -0.042519105357893806 0.25896591145356673 -6.2525376824821715 -3.2978017226958967 11.026545726068619 0.08069023697592603 -0.06065248474306353 0.05008468121440768 3.795053161590262 0.9678584718437788 0.06807617310644205 -0.041761670218185894 0.2589456274511352 0.0021805107678666514 0.0021037610321258584 -3.5000000000000013 0.2950531615902605
4.641588833612778 0.9689276880668239 0.06758052829638422 -0.042887543821440624 0.25488598897818465 -6.1523919908607185 -3.310732099213407 11.00205170372247 0.07981691425852325 -0.060419124115067474 0.049557067848990846 3.7971326806606207 0.9680032782845354 0.06758306020259397 -0.04214062648180987 0.2548663326813385 0.0022636258024412654 0.002185717479023404 -3.4999999999999996 0.29713268066062115
4.695471382493428 0.9690715877224716 0.0670857140070363 -0.043230912469499845 0.2508503414458319 -6.053575322051114 -3.3234502347763093 10.977451778551618 0.07895248698028201 -0.06018015592228138 0.049034493925498 3.7991967410413965 0.968150636783103 0.06708816611110448 -0.04249468876257269 0.25083130366150075 0.0023468393005498973 0.002267841448807447 -3.499999999999999 0.29919674104139715
4.7499794346614115 0.9692175875262451 0.06658930100767965 -0.043549981972912176 0.24685936163504762 -5.956067505780873 -3.3359533202874743 10.952745876335493 0.07809687628119664 -0.05993575030656212 0.048516922816807924 3.801245278423499 0.9683004576857136 0.06659167458080273 -0.04282460578216195 0.24684093251537653 0.0024300910334230834 0.0023500723605011714 -3.4999999999999996 0.30124527842349974
4.805120251361242 0.9693656154204121 0.0660914687157898 -0.04384550456009044 0.24291339752231467 -5.859848870934162 -3.348238696806461 10.927933894387888 0.0772500037472887 -0.05968607589516594 0.04800431789506581 3.8032782352682184 0.9684526524165175 0.06609376510388558 -0.0431311088787882 0.24289556664166134 0.0025133231976073663 0.0024323519344645896 -3.5000000000000004 0.3032782352682181
4.860901178130632 0.9695156000676708 0.06559239230426345 -0.04411821432844054 0.23901275382568735 -5.764900228606136 -3.360303851209054 10.903015703639664 0.07641179141447807 -0.05943129972343983 0.047496642539341785 3.8052955606268575 0.968607133507471 0.06559461291863755 -0.04341491228758893 0.23899551025294927 0.002596480345870495 0.0025146241321447305 -3.5000000000000018 0.30529556062685576
4.917329645779018 0.969667470878302 0.06509224270839327 -0.044368827556638776 0.235157693532011 -5.671202855757178 -3.3721464119500384 10.87799115064877 0.07558216177221284 -0.0591715871622606 0.046993860143085375 3.8072972099615443 0.9687638146258678 0.06509438901698497 -0.04367671342194668 0.23514102589843922 0.0026795093193045455 0.002596835096698548 -3.5000000000000004 0.3072972099615438
4.9744131713774555 0.9698211580356129 0.0645911866374477 -0.04459804301735066 0.23134843940594838 -5.57873847944754 -3.3837641449280493 10.852860059540577 0.07476103776686546 -0.05890710185010156 0.04649593412137971 3.809283144967414 0.9689226105995871 0.06459326015663427 -0.04391719315537119 0.23133233596861788 0.0027623591806496014 0.002678933094512263 -3.4999999999999996 0.3092831449674144
5.032159359259993 0.969976592519712 0.06408938659061067 -0.04480654229000155 0.22758517547917637 -5.48748926163281 -3.3951549494510136 10.827622233881424 0.07394834280490292 -0.058638005629596604 0.04600282791799833 3.811253333396291 0.9690834374401324 0.06409138887754944 -0.044137016103599526 0.22756962418026933 0.002844981148857255 0.0027608684576366006 -3.500000000000001 0.3112533333962899
5.090575902036683 0.9701337061296639 0.06358700087704189 -0.044994990073234355 0.22386804851826542 -5.397437784501856 -3.4063168543010938 10.80227745848822 0.07314400075583945 -0.05836445848848124 0.045514505012268315 3.8132077488820553 0.9692462123635378 0.06358893352252926 -0.04433683090661258 0.22385303704033752 0.002927328534910097 0.0028425935271574913 -3.499999999999999 0.313207748882056
5.149670581618341 0.9702924315040589 0.06308418363982309 -0.04516403449670628 0.22019716946988632 -5.308567036339205 -3.4172480138971695 10.776825501176695 0.07234793595497796 -0.05808661850478094 0.04503092892574266 3.815146370767813 0.9694108538092155 0.0630860482616491 -0.0445172705103029 0.22018268528728024 0.0030093566789096172 0.0029240625975222737 -3.500000000000001 0.31514637076781177
5.2094512702532105 0.9704527021400484 0.0625810848835613 -0.04531430743190796 0.2165726148821269 -5.220860397893742 -3.4279467045543077 10.751266114450845 0.07156007320594843 -0.05780464179611833 0.04455206322868543 3.8170691839349953 0.969577281456815 0.06258288312033901 -0.0446789524474548 0.2165586453086987 0.0030910228884431313 0.00300523186182753 -3.5 0.31706918393499506
5.269925931575656 0.9706144524108864 0.062077850505426135 -0.04544642480170275 0.2129944283008259 -5.134301629237307 -3.4384113208380045 10.725599037135979 0.0707803377830499 -0.05751868247301634 0.04407787154637276 3.8189761786345326 0.9697454162411716 0.062079584010874794 -0.044822479117859124 0.21298096053414808 0.0031722863782369 0.003086059358090822 -3.5000000000000013 0.3189761786345315
5.331102621667034 0.9707776175820225 0.06157462232940362 -0.04556098688830746 0.20946262163995158 -5.048874857095608 -3.448640372012415 10.699823995957622 0.07000865543340258 -0.05722889259606334 0.04360831756521303 3.820867350320172 0.969915180365413 0.06157629276706499 -0.044948438067245446 0.20944964280215533 0.003253108211100496 0.0031665049165067183 -3.4999999999999996 0.3208673503201725
5.392989490128873 0.9709421338257879 0.06107153814355551 -0.04565857863945162 0.20597717652517014 -4.964564562636307 -3.4586324785805846 10.673940707068525 0.06924495237891731 -0.056935422136818285 0.043143365038689256 3.8227426994840714 0.9700864973122975 0.06107314718192304 -0.0450574022648697 0.20596467370058602 0.00333345124016458 0.003246530107703753 -3.500000000000001 0.32274269948407047
5.455594781168519 0.9711079382347239 0.060568731740079366 -0.04573976997247609 0.20253804560985744 -4.881355569697546 -3.468386368915853 10.647948877525756 0.06848915531808843 -0.056638418942326345 0.04268297779312693 3.8246022314947377 0.9702592918538526 0.06057028104811971 -0.04514993037948923 0.20252600587961234 0.0034132800524127533 0.0033260981920009655 -3.5 0.32460223149473755
5.51892683469738 0.9712749688335898 0.06006633295796974 -0.045805116076145 0.19914515386291057 -4.7992330334425075 -3.4779008759822223 10.62184820671993 0.06774119142761598 -0.05633802870312065 0.04222711973329058 3.826445956437405 0.9704334900593856 0.060067824201017486 -0.04522656705358477 0.19913356433663468 0.00349256091350547 0.003405174069676578 -3.500000000000001 0.326445956437404
5.5829940874419215 0.971443164590101 0.05956446772808938 -0.04585515770996326 0.1957983998278162 -4.718182429424561 -3.4871749341430918 10.595638387758449 0.067000988363864 -0.056034394924584806 0.041775754847811826 3.828273888956916 0.9706090193019307 0.059565902564095226 -0.04528784317558759 0.1957872476726128 0.003571261713892239 0.0034837242322434854 -3.4999999999999996 0.3282738889569164
5.647805074067555 0.9716124654244365 0.05906325812046349 -0.04589042150081217 0.19249765685252584 -4.638189543049197 -3.4962075760559417 10.56931910880446 0.06626847426416012 -0.05572765890155317 0.04132884721445231 3.8300860481031767 0.9707858082632053 0.05906463819657733 -0.04533427615000124 0.19248692931934627 0.0036493519162071188 0.0035617167147418095 -3.500000000000001 0.33008604810317554
5.713368428315579 0.9717828122175578 0.05856282239361812 -0.04591142023671977 0.1892427742897745 -4.559240459418258 -3.5049979296522826 10.542890054373387 0.06554357774794217 -0.05541795969602443 0.0408863610052044 3.8318824571792285 0.9709637869371355 0.058564149343088595 -0.04536637016520028 0.18923245873734668 0.0037268025039392263 0.003639121049039522 -3.5000000000000018 0.3318824571792265
5.779692884153313 0.9719541468183877 0.0580632750457893 -0.04591865315761339 0.1860335786675625 -4.481321553543541 -3.5135452152008613 10.516350906588494 0.0648262279177575 -0.055105434117872894 0.0404482604912327 3.833663143592012 0.9711428866320185 0.05806455048516183 -0.04538461645881225 0.186023662584008 0.0038035859313708094 0.0037159082181477984 -3.500000000000001 0.3336631435920114
5.846787276937591 0.9721264120498854 0.05756472686783645 -0.045912606242899466 0.18286987482959977 -4.404419480916127 -3.521848742452787 10.489701346397117 0.06411635436011999 -0.05479021670843459 0.04001451004765936 3.8354281387058458 0.9713230399713864 0.05756595239443291 -0.04538949358051918 0.18286034585187433 0.003879676074771528 0.003792050611544053 -3.500000000000001 0.335428138705845
5.914660544591749 0.9722995517140628 0.057067284997699835 -0.04589375249574226 0.17975144704558213 -4.328521168419313 -3.529907907867156 10.462941054749036 0.0634138871462301 -0.05447243972685192 0.03958507415819616 3.837177477698656 0.9715041808936278 0.05706846218736284 -0.045381467652152556 0.17974229297687244 0.003955048184838347 0.00386752198149819 -3.499999999999999 0.33717747769865664
5.9833217287962865 0.9724735105959835 0.05657105297624821 -0.04586255222391709 0.17667806009124054 -4.253613805572519 -3.5377221919153583 10.436069713738327 0.06271875683256262 -0.05415223313906348 0.03915991741962629 3.838911199420996 0.9716862446504334 0.05657218338133391 -0.04536099262499148 0.17666926891643833 0.004029678840367862 0.003942297400400997 -3.4999999999999982 0.3389111994209978
6.052779976193349 0.9726482344667811 0.05607613080436886 -0.04581945331712693 0.17364946029816342 -4.179684836094298 -3.5452911564629286 10.409087007710033 0.0620308944613268 -0.05382972460932578 0.038739004546138565 3.8406293462578827 0.9718691678041214 0.05607721595197288 -0.045328510534136564 0.17364102019753888 0.004103545903146946 0.004016353219084694 -3.499999999999999 0.3406293462578834
6.123044539605186 0.9728236700857438 0.05558261500115923 -0.045764891520691076 0.17066537657345754 -4.106721949773143 -3.55261444222709 10.381992624332973 0.06135023156080401 -0.05350503949415461 0.03832230037351739 3.8423319639934443 0.9720528882238983 0.05558365639156078 -0.04528445174987542 0.1706572759346512 0.0041766284740480455 0.004089667026129994 -3.4999999999999996 0.34233196399344423
6.194124779266756 0.9729997652014974 0.05509059866308432 -0.04569929070550852 0.16772552138936103 -4.034713074634915 -3.5596917663087018 10.35478625563981 0.06067670014556638 -0.05317830083858158 0.03790976986319052 3.8440191016784335 0.9722373450811163 0.05509159776839393 -0.045229235225959674 0.16771774881780033 0.004248906850311702 0.0041622176081529015 -3.4999999999999973 0.34401910167843597
6.266030164072655 0.9731764685523306 0.05460017152397122 -0.04562306313422901 0.16482959174298017 -3.963646369395974 -3.5665229197967387 10.327467599035511 0.060010232716581506 -0.05284962937461609 0.03750137810613837 3.845690811500576 0.9724224788435749 0.0546011297869687 -0.04516326874471637 0.1648221360708303 0.0043203624840014426 0.004233984911062232 -3.4999999999999982 0.34569081150057746
6.338770272838487 0.9733537298656958 0.05411142001571753 -0.045536609723555575 0.1619772700863629 -3.8935102161918085 -3.5731077654443015 10.300036358275383 0.05935076226120708 -0.05251914352180986 0.03709709032666679 3.847347148657769 0.9726082312689248 0.05411233884886667 -0.04508694915890166 0.16197012038011369 0.004390977941612235 0.0043049500022738834 -3.500000000000001 0.347347148657768
6.412354795576919 0.9735314998569278 0.05362442732959596 -0.045440320302626125 0.15916822522716761 -3.8242932135708374 -3.579446235414186 10.272492244413568 0.05869822225307893 -0.05218695938982582 0.03669687188604655 3.848988171234146 0.9727945453972215 0.05362530811422367 -0.045000662630271464 0.15916137079395273 0.00446073686481558 0.004375095033878002 -3.5 0.3489881712341469
6.486793534788511 0.973709730227212 0.0531392734780441 -0.04533457386742234 0.1564021132002272 -3.755984169744111 -3.585538329092512 10.244834976723043 0.05805254665189713 -0.05185319078291056 0.036300688286022065 3.8506139400789867 0.9729813655426804 0.05314011756367191 -0.04490478486480345 0.1563955435929673 0.004529623932322342 0.004444403206745953 -3.5 0.35061394007898655
6.56209640676756 0.9738883736608384 0.052656035356832685 -0.045219738831161725 0.15367857811034075 -3.6885720960810024 -3.59138411096934 10.21706428358807 0.0574136699031131 -0.051517949206173266 0.03590850517219199 3.8522245186884585 0.973168637284681 0.05265684406064919 -0.04479968134449818 0.15367228313180178 0.004597624822843755 0.004512858735560332 -3.499999999999999 0.3522245186884595
6.638273442923081 0.9740673838217805 0.05217478680751248 -0.04509617327064429 0.15099725294666141 -3.6220462008421364 -3.596983708584073 10.18917990336988 0.05678152693752161 -0.05118134387358094 0.035520288337264457 3.8538199730901943 0.9733563074580647 0.05217556141397592 -0.04468570755576593 0.15099122265250975 0.004664726179132167 0.004580446814764888 -3.500000000000001 0.3538199730901933
6.7153347911151435 0.9742467153496256 0.05169559868004385 -0.04496422516852137 0.14835776036907802 -3.5563958831406413 -3.6023373105349212 10.161181585246508 0.05615605317076105 -0.05084348171757648 0.035136003724189346 3.8554003717306795 0.9735443241427747 0.051696340440604505 -0.04456320921431775 0.14835198507001188 0.004730915573080456 0.004647153585412276 -3.4999999999999987 0.355400371730681
6.793290717006699 0.9744263238548944 0.05121853889551949 -0.044824232651468496 0.14575971346701383 -3.491610727123505 -3.6074451645499934 10.133069090027483 0.05553718450272525 -0.050504467400232296 0.03475561742917035 3.8569657853654307 0.9737326366528786 0.05121924902845229 -0.04443252248658047 0.14575418373004664 0.004796181471860312 0.004712966102905957 -3.5000000000000004 0.35696578536543005
6.87215160543112 0.9746061659137814 0.05074367250889511 -0.044676524224252084 0.14320271649109137 -3.4276804963643865 -3.6123075756197154 10.10484219094417 0.05492485731688984 -0.05016440332585442 0.03437909570455929 3.8585162869519505 0.9739211955250155 0.05074435219923293 -0.04429397420756065 0.14319742314005865 0.0048605132050795604 0.004777872305611844 -3.5000000000000004 0.35851628695195
6.951927961775605 0.9747861990623469 0.050271061771647696 -0.044521418999676675 0.1406863655581327 -3.3645951284604196 -3.6169249041878375 10.076500674416437 0.054319008479556494 -0.049823389654952824 0.03400640496163515 3.8600519515454264 0.9741099525063112 0.050271712171206934 -0.0441478820951943 0.14068129967348972 0.004923900932936695 0.004841860984336896 -3.4999999999999996 0.36005195154542735
7.032630413380645 0.9749663817901891 0.04980076619428654 -0.04435922692441341 0.13821024932998416 -3.3023447298255677 -3.621297564400488 10.048044340796292 0.05371957533901805 -0.049481524319498614 0.03363751177327028 3.8615728561971534 0.9742988605417956 0.04980138842177663 -0.04399455496113137 0.13820540224795627 0.004986335615352309 0.0049049217526523055 -3.4999999999999996 0.361572856197154
7.1142697109557345 0.9751466735336286 0.04933284260864553 -0.04419024900071369 0.13577394966666978 -3.2409195706722707 -3.625426022411471 10.019473005089145 0.05312649572464654 -0.049138903039389226 0.03327238287648635 3.863079079855646 0.9744878737613647 0.04933343774985449 -0.04383429291796052 0.13576931297781777 0.005047808982056618 0.0049670450180491765 -3.500000000000001 0.36307907985564497
7.196856730011519 0.9753270346684325 0.048867345229891064 -0.044014777504013884 0.13337704225439415 -3.1803100801754365 -3.6293107947424 9.990786497653255 0.05253970794590844 -0.04879561934004776 0.0329109851749022 3.864570703270418 0.9746769474663196 0.048867914337940195 -0.043667387582875514 0.1333726078016475 0.0051083135036115584 0.005028221953913035 -3.5000000000000004 0.3645707032704181
7.28040247230857 0.9755074265021065 0.04840432571818279 -0.04383309619644526 0.13101909720892438 -3.1205068418113076 -3.6329524466960432 9.961984664877948 0.051959150791307876 -0.04845176457108169 0.032553285741076285 3.8660478088983843 0.9748660381155188 0.04840486981384316 -0.04349412227778514 0.13101485708513963 0.005167842363346685 0.00508844447230207 -3.4999999999999996 0.36604780889838434
7.364918067322967 0.9756878112657807 0.0479438332399299 -0.043645480536264825 0.12869967965489412 -3.0615005888646785 -3.6363515908219752 9.933067369841055 0.05138476352726207 -0.048107427925932436 0.03219925181874562 3.867510480812863 0.9750551033111773 0.0479443533119947 -0.04331477222585605 0.12869562619998257 0.005226389430187608 0.005147705197510723 -3.4999999999999987 0.36751048081286475
7.450414773728913 0.9758681521057158 0.04748591452858856 -0.043452197883228016 0.12641835028157913 -3.003282200098448 -3.6395088854324897 9.904034492946192 0.050816485896910145 -0.04776269646244656 0.031848850824963935 3.8689588046151315 0.975244101784344 0.047486411534294795 -0.04312960474452123 0.12641447607925455 0.005283949232355845 0.005205997440408266 -3.4999999999999982 0.3689588046151333
7.53690398089854 0.9760484130744574 0.04703061394495074 -0.04325350769992969 0.12417466587570007 -2.9458426955787194 -3.642425033168025 9.87488593254016 0.050254258118858745 -0.04741765512430464 0.03150205035214105 3.8703928673485106 0.9754329933800869 0.04703108881044523 -0.042938879434942984 0.12417096374988619 0.005340516931919741 0.005263315173532037 -3.500000000000001 0.37039286734850985
7.624397210419138 0.9762285591216558 0.046577973536877475 -0.043049661749135736 0.12196817983181472 -2.8891732326504584 -3.645100779610252 9.845621605511097 0.04969802088586577 -0.047072386763242796 0.03115881816998576 3.871812757414922 0.9756217390424186 0.046578427157721515 -0.04274284836796022 0.12196464284275585 0.005396088300174162 0.0053196530069226115 -3.4999999999999996 0.37181275741492276
7.712906117627995 0.9764085560845855 0.046128033098434516 -0.042840904287143516 0.11979844264086364 -2.8332651020573274 -3.6475369119416223 9.816241447867627 0.04914771536346524 -0.04672697216200918 0.030819122227354456 3.8732185644939046 0.9758103007989859 0.046128466340142324 -0.04254175626654208 0.11979506408097415 0.005450659693830067 0.005375006164686734 -3.4999999999999982 0.37321856449390656
7.8024424931650485 0.9765883706783758 0.04568083022838996 -0.04262747225319831 0.11766500235743542 -2.7781097242007267 -3.649734257650114 9.786745415299448 0.04860328318853501 -0.04638149005799325 0.030482930654007617 3.874610379464015 0.9759986417455548 0.045681243926996594 -0.04233584068475108 0.1176617757469223 0.005504228031991752 0.005429370462267869 -3.500000000000001 0.3746103794640143
7.893018264543573 0.9767679704859812 0.04523640038803838 -0.04240959545500564 0.11556740504631997 -2.723698645532118 -3.651693683278015 9.757133483719777 0.048064666467809505 -0.04603601716747518 0.03015021176227635 3.875988294326603 0.9761867260303129 0.04523679535069276 -0.042125332183249244 0.11556432412861427 0.0055567907739021835 0.005482742284410857 -3.4999999999999987 0.3759882943266046
7.984645497739087 0.9769473239479141 0.044794776958317906 -0.04218749675037788 0.11350519520891453 -2.670023535074612 -3.65341609321284 9.727405649789837 0.04753180777633943 -0.04569062821044053 0.029820934048640935 3.8773524021319083 0.9763745188380154 0.044795153963897015 -0.041910454501388625 0.11350225394593724 0.005608345897436186 0.005535118563809455 -3.499999999999999 0.3773524021319097
8.077336398796712 0.9771264003517536 0.04435599129619033 -0.041961392225055336 0.11147791619004911 -2.6170761810677883 -3.6549024285199088 9.697561931425858 0.04700465015590051 -0.0453453959359069 0.02949506619522367 3.878702796907423 0.9765619863739987 0.04435635109593105 -0.041691424725881145 0.11147510875734307 0.005658891878321247 0.005586496760412289 -3.4999999999999982 0.3787027969074245
8.171103315457199 0.9773051698214545 0.04392007279025675 -0.04173149136674413 0.10948511056579179 -2.564848487731967 -3.6561536658147062 9.667602368288756 0.046483137113352904 -0.04500039114771563 0.029172577071197785 3.880039573588499 0.976749095848082 0.043920416108401986 -0.041468453456109236 0.10948243134754294 0.005708427670066047 0.005636874841379996 -3.4999999999999982 0.3800395735885008
8.26595873880181 0.9774836033064761 0.0434870489155845 -0.041497997235417874 0.10752632051279314 -2.5133324721471086 -3.657170816173976 9.637527022256824 0.045967212618953396 -0.044655682730738576 0.02885343573411467 3.881362827951137 0.9769358154583796 0.04348737645004043 -0.0412417449660925 0.10752376409676578 0.005756952684577771 0.005686251261673612 -3.5000000000000004 0.38136282795113685
8.361915304916318 0.9776616725707452 0.043056945287723025 -0.041261106629927484 0.10560108815972398 -2.4625202612415413 -3.657954924084627 9.607335977881679 0.045456821104621896 -0.044311337677457346 0.028537611431151178 3.8826726565469336 0.9771221143750431 0.04305725771072484 -0.04101149736314617 0.10559864933213116 0.005804466773448454 0.00573462494525939 -3.5000000000000004 0.3826726565469331
8.458985796574302 0.9778393501814748 0.04262978571588929 -0.04102101025096842 0.10370895592135305 -2.4124040888873144 -3.6585070664287143 9.577029342827663 0.04495190746216395 -0.04396742111486991 0.028225073600279114 3.88396915664013 0.9773079627239537 0.04263008367467267 -0.040777902743276716 0.10370662966168273 0.005850970209891806 0.0057819952669175174 -3.500000000000002 0.38396915664012815
8.557183144940007 0.9780166094978499 0.042205592255305645 -0.040777892860451685 0.10184946681580903 -2.362976293097466 -3.658828351503514 9.546607248294956 0.044452417041451 -0.04362399633167996 0.027915791871358602 3.8852524261466956 0.9774933315703815 0.04220587637278155 -0.0405411473433353 0.10184724829162327 0.0058964636713110365 0.005828362034635243 -3.5000000000000013 0.3852524261466942
8.656520431290943 0.9781934246596035 0.041784385258674867 -0.04053193343733415 0.10002216476556097 -2.3142293133211864 -3.6589199180760197 9.51606984942658 0.043958295648560006 -0.04328112480573861 0.027609736067157484 3.8865225635754723 0.9776781929026298 0.04178465613410582 -0.040301411689983274 0.10002004932728595 0.005940948222480824 0.005873725472573858 -3.5000000000000018 0.38652256357547043
8.757010888760508 0.978369770575491 0.041366183426779994 -0.04028330532995329 0.09822659488264646 -2.266155687833887 -3.6587829344698743 9.48541732569945 0.04346948954387381 -0.042938866231688945 0.027306876204298298 3.8877796679712455 0.9778625196156803 0.04136644163645541 -0.04005887074549507 0.09822457805836671 0.00598442529932366 0.00591808620459085 -3.4999999999999973 0.38777966797124835
8.858667904100825 0.9785456229116816 0.04095100385819724 -0.040032176404923216 0.09646230373866607 -2.2187480512183613 -3.658418597684053 9.454649881299702 0.042985945440143856 -0.04259727854878648 0.027007182494134804 3.8890238388597687 0.9780462854948556 0.040951249956106425 -0.03981369405045755 0.09646038122893834 0.006026896693264116 0.005961445238307951 -3.5 0.3890238388597685
8.961505019466045 0.9787209580800809 0.040538862098114005 -0.03977870919264346 0.09472883962005868 -2.1719991319326244 -3.6578281325427358 9.42376774548238 0.042507610500516824 -0.042256417968856826 0.02671062534355989 3.8902551761946613 0.9782294651995116 0.04053909661661502 -0.03956604586337387 0.0947270072927569 0.006068364536143312 0.006003803949700893 -3.5000000000000018 0.3902551761946597
9.065535934216356 0.9788957532265947 0.040129772186243765 -0.039523061029471764 0.09302575276915862 -2.1259017499631048 -3.6570127908739574 9.392771172915682 0.04203443233652629 -0.04191633900435869 0.026417175355746423 3.891473780306146 0.978412034246775 0.04012999563672678 -0.039316085297259294 0.09302400665436086 0.006108831285675755 0.006045164068209935 -3.5000000000000013 0.3914737803061444
9.17077450674293 0.9790699862193514 0.03972374670383302 -0.03926538419661937 0.09135259561152985 -2.0804488145580624 -3.6559738507172375 9.361660444009885 0.041566359006051094 -0.041577094496521756 0.02612680333082287 3.8926797518515817 0.9785939689953402 0.03972395957737681 -0.03906396645323454 0.09135093189645802 0.0061482997114332095 0.006085527662346092 -3.5 0.3926797518515818
9.277234756314062 0.9792436356368908 0.03932079681975594 -0.03900582605581857 0.08970892297006165 -2.0356333220395486 -3.6547126155587337 9.330435865230994 0.04110333901124159 -0.041238735643531296 0.025839480266485457 3.893873191767768 0.9787752466293327 0.039320999587776316 -0.038809838551176805 0.08970733799408208 0.006186772881337803 0.006124897125784122 -3.5000000000000018 0.3938731917677665
9.384930864942726 0.9794166807563346 0.03892093233569419 -0.03874452918182161 0.08809429226630094 -1.9914483536899485 -3.6532304135924907 9.299097769399364 0.04064532129641498 -0.040901312028726 0.025555177358548283 3.8950542012249185 0.9789558451422572 0.03892112545058364 -0.038553846057467235 0.08809278251599413 0.006224254148649515 0.006163275163926962 -3.5000000000000036 0.395054201224915
9.493877179275827 0.9795891015415454 0.03852416173040112 -0.03848163149178185 0.08650826370948618 -1.9478870737115357 -3.651528597007567 9.26764651597324 0.04019225524592129 -0.04056487164879124 0.02527386600143332 3.896222881582349 0.9791357433210357 0.03852434562615827 -0.03829612880988475 0.0865068258137928 0.00626074713943129 0.006200664780929796 -3.5000000000000013 0.3962228815823478
9.60408821250538 0.9797608786312899 0.038130492203050266 -0.03821726637157481 0.08495040047373743 -1.9049427272549497 -3.6496085412992327 9.236082491317413 0.03974409068198089 -0.04022946094191518 0.024995517788601575 3.897379334345765 0.9793149207301487 0.03813066729589878 -0.03803682213969039 0.08494903119918597 0.006296255740477057 0.006237069267170597 -3.5000000000000018 0.397379334345763
9.71557864630186 0.9799319933274111 0.03773992971566954 -0.03795156279911451 0.08342026886384807 -1.8626086385153862 -3.647471644603975 9.20440610895698 0.039300777862494925 -0.03989512481588699 0.02472010451292733 3.8985236611261302 0.9794933576958872 0.03774009640466565 -0.03777605699093658 0.08341896510986992 0.00633078408768772 0.0062724921871503 -3.5000000000000004 0.3985236611261298
9.828363332770026 0.9801024275830228 0.037352479034664224 -0.037684645464718065 0.08191743847011161 -1.820878208892405 -3.645119327057148 9.172617809816435 0.03886226747882982 -0.03956190667611719 0.024447598167016592 3.8996559636001105 0.9796710352907251 0.037352637702292205 -0.03751396003706386 0.08191619726444857 0.0063643365548799085 0.006306937367815644 -3.5000000000000018 0.39965596360010874
9.942457296427415 0.9802721639907328 0.03696814377143141 -0.037416634888574926 0.08044148231260766 -1.779744915212948 -3.642553030172078 9.1407180624439 0.0384285106535768 -0.03922984845355329 0.024177970943471728 3.900776343471979 0.9798479353178203 0.036968294784186645 -0.037250653794815194 0.08044030080681465 0.006396917743013407 0.0063404088872869675 -3.499999999999997 0.4007763434719818
10.057875736205835 0.9804411857709052 0.03658692642207165 -0.03714764753537656 0.07899197697536077 -1.7392023080136862 -3.6397742162399664 9.108707363220827 0.03799945893828792 -0.038898990632476926 0.023911195235103277 3.9018849024370206 0.9800240402956518 0.036587070131030755 -0.036986256735530666 0.07899085244040706 0.0064285324698237535 0.0063729110639844915 -3.5000000000000018 0.40188490243701896
10.174634027476063 0.9806094767599668 0.03620882840620245 -0.036877795926157524 0.07756850273077377 -1.6992440098807298 -3.636784367750214 9.076586236557038 0.03757506431118908 -0.0385693722781597 0.023647243635090878 3.9029817421463404 0.9801993334427981 0.03620896514758021 -0.036720883393839936 0.07756743255274692 0.0064591857598450325 0.006404448446131245 -3.5 0.4029817421463405
10.292747724096083 0.9807770213987705 0.03583385010488063 -0.036607188747408176 0.07617064365472875 -1.6598637138458285 -3.633584986828976 9.044355235071208 0.03715527917487177 -0.038241031064362004 0.023386088937094315 3.9040669641730656 0.980373798662868 0.03583398020057339 -0.03645464447383908 0.07616962533064103 0.006488882834811646 0.006435025801635036 -3.5000000000000004 0.4040669641730652
10.412232560483055 0.9809438047210169 0.03546199089764028 -0.03633593095750737 0.07479798773273673 -1.6210551818350503 -3.6301775946967862 9.012014939756872 0.03674005635396386 -0.03791400330065867 0.023127704135316385 3.905140669979899 0.9805474205295841 0.0354621146557557 -0.03618764695275626 0.07479701886643762 0.006517629104424046 0.006464648108323532 -3.500000000000001 0.40514066997989806
10.53310445370937 0.9811098123417437 0.035093249198654676 -0.03606412389053064 0.07345012695750698 -1.5828122431699607 -3.6265637311431327 8.979565960133877 0.03632934909278117 -0.037588323959574434 0.022872062424518818 3.906202960887973 0.9807201842720282 0.03509336691402757 -0.03591999418217831 0.07344920525570131 0.0065454301574665655 0.006493320544530503 -3.5000000000000004 0.4062029608879728
10.655379505623053 0.9812750304458896 0.03472762249203025 -0.03579186535748956 0.0721266574182965 -1.5451287931179511 -3.6227449540178482 8.947008934385469 0.03592311105295986 -0.03726402670351705 0.02261913719999255 3.907253938046993 0.9808920757600529 0.03472773444672454 -0.035651785986875996 0.07212578068667035 0.006572291753265808 0.0065210484800193565 -3.5000000000000004 0.4072539380469923
10.779074004992731 0.981439445776938 0.03436510736624232 -0.035519249745050795 0.0708271793823904 -1.5079987914908395 -3.6187228387382913 8.91434452948089 0.03552129631107164 -0.03694114391149215 0.02236890205748385 3.908293702406596 0.9810630814898632 0.03436521383003897 -0.03538311876126918 0.07082634552184365 0.0065982198134761725 0.006547837467231899 -3.500000000000004 0.4082937024065922
10.904204429677527 0.981603045625645 0.03400569954772209 -0.035246368111790854 0.06955129736905254 -1.4714162612894404 -3.614498977811852 8.881573441283631 0.03512385935622186 -0.036619706705589804 0.022121330793077463 3.909322354688931 0.9812331885697725 0.034005800778593005 -0.0351140855635796 0.06955050437203973 0.006623220414182167 0.006573693232852517 -3.500000000000002 0.40932235468892875
11.030787448822151 0.9817658178188587 0.033649393933604936 -0.034973308282035605 0.06829862021627582 -1.4353752873928964 -3.6100749803727394 8.848696394645284 0.0347307550876318 -0.036299744977231554 0.021876397403038005 3.9103399953624147 0.9814023847061373 0.03364949017817308 -0.0348447762077231 0.06829786616325353 0.006647299778305281 0.006598621669680345 -3.5 0.41033999536241467
11.15883992507748 0.9819277507084334 0.033296184623651325 -0.03470015493733672 0.0670687611406527 -1.3998700152912362 -3.6054524717322325 8.815714143485067 0.03434193881220599 -0.03598128741316172 0.02163407608361093 3.911346724616579 0.9815706581894739 0.03329627611763675 -0.034575277352971 0.06706804419663392 0.006670464268304709 0.0066226288287938055 -3.4999999999999996 0.4113467246165796
11.28837891684689 0.9820888331602425 0.03294606495135079 -0.03442698970563632 0.06586133779067468 -1.3648946498588213 -3.6006330929423687 8.782627470855012 0.033957366242085264 -0.0356643615211816 0.021394341230784302 3.912342642338064 0.9817379978807588 0.03294615192000307 -0.034305672591435875 0.0658606562018888 0.006692720379161451 0.006645720912001829 -3.5000000000000018 0.4123426423380622
11.41942168055866 0.9822490545432975 0.03259902751422128 -0.034153891248167756 0.06467597229376167 -1.3304434541681682 -3.5956185003717964 8.749437188990843 0.03357699349218663 -0.03534899365561144 0.021157167440012538 3.9133278480876568 0.9819043931979172 0.03259911017273823 -0.03403604253342025 0.06467532438441917 0.006714074731634663 0.006667904264570327 -3.5000000000000013 0.4133278480876553
11.551985672964793 0.9824084047189721 0.032255064203314816 -0.033880935344145255 0.06351229129731006 -1.2965107483426141 -3.5904103652931876 8.71614413934859 0.03320077707773056 -0.035035209042473946 0.020922529505903238 3.914302441078375 0.9820698341025008 0.03225514275724776 -0.03376646489067684 0.06351167546647116 0.006734534065781491 0.006689185368216564 -3.5000000000000004 0.41430244107837444
11.68608855346651 0.9825668740303406 0.031914166231942334 -0.033608194973286244 0.06236992600404184 -1.2630909084459057 -3.5850103734816745 8.682749192626893 0.03282867391175655 -0.03472303180438969 0.02069040242186829 3.915266520154529 0.9822343110865576 0.03191424087758814 -0.03349701455761379 0.06236934072258662 0.0067541052347286175 0.006709570834358887 -3.499999999999997 0.4152665201545321
11.821748186466717 0.9827244532916269 0.031576324163629814 -0.03333574039621901 0.06124851220192522 -1.230178365407879 -3.5794202248239433 8.649253248775118 0.032460641302627796 -0.034412484985182346 0.020460761379740424 3.9162201837717974 0.9823978151596938 0.0315763950884098 -0.033227763690497805 0.06124795600962491 0.006772795198687885 0.006729067397616772 -3.4999999999999982 0.41622018377179926
11.958982643749794 0.9828811337777762 0.031241527939318177 -0.03306363923282027 0.06014769028892952 -1.1977676039850373 -3.573641632937087 8.615657236987191 0.03209663695152574 -0.03410359057418182 0.020233581769356253 3.9171635299782124 0.9825603378363323 0.031241595322144152 -0.03295878178468528 0.060147161791616215 0.006790611019205603 0.0067476819095480915 -3.500000000000001 0.4171635299782117
12.097810206889013 0.983036907214141 0.030909766903819986 -0.0327919565385297 0.059067105292867406 -1.1658531617544492 -3.5676763247966146 8.58196211568128 0.031736618949935076 -0.03379636953022276 0.020008839178106863 3.91809665639607 0.9827218711231649 0.030909830915447786 -0.032690135749933374 0.05906660315970122 0.006807559853636898 0.006765421332619368 -3.5 0.4180966563960704
12.238249369681924 0.983191765766296 0.030581029831545762 -0.03252075487868836 0.0580064068865694 -1.1344296281405009 -3.561526040373157 8.548168872465258 0.0313805457771202 -0.03349084180533358 0.019786509390457046 3.9190196602047336 0.9828824075068031 0.03058109063491624 -0.03242188998382936 0.058005929847400585 0.006823648949836722 0.006782292734399768 -3.5 0.4190196602047335
12.380318840613974 0.9833457020299736 0.03025530495151298 -0.032250094400944423 0.05696524939862628 -1.1034916434725086 -3.555192532277415 8.514278524088024 0.031028376297593474 -0.033187026368109315 0.01956656838743419 3.919932638124274 0.983041939941625 0.03025536270208106 -0.03215410644337073 0.056964796241450545 0.006838885641058438 0.00679830328196776 -3.5000000000000004 0.4199326381242735
12.524037545350732 0.9834987090211287 0.02993257997165113 -0.03198003290577196 0.055943291819927674 -1.0730338980730498 -3.5486775654128064 8.48029211637674 0.030680069758576557 -0.03288494122676737 0.01934899234608783 3.920835686399962 0.9832004618378203 0.0299326348177029 -0.03188684471474527 0.05594286138843265 0.006853277341052341 0.006813460236526378 -3.5 0.4208356863999631
12.669424629259064 0.9836507801661314 0.029612842102415667 -0.03171062591514646 0.05494019780621537 -1.0430511313752413 -3.5419829166349923 8.446210724159918 0.030335585787454683 -0.03258460345188041 0.019133757638920917 3.9217289007875533 0.9833579670496332 0.029612894185374057 -0.03162016208134847 0.05493978899741608 0.006866831539356265 0.006827770948219008 -3.5000000000000004 0.4217289007875529
12.816499459957583 0.9838019092920921 0.029296078079724692 -0.03144192673941846 0.053955635676863116 -1.0135381310685063 -3.535110374418247 8.41203545117649 0.029994884389225242 -0.03228602919878302 0.018920840833293557 3.922612376539333 0.9835144498638033 0.029296127534443696 -0.0313541135900681 0.053955247438824204 0.006879555796769985 0.00684124285113449 -3.500000000000001 0.42261237653933204
12.965281629896682 0.9839520906173161 0.028982274187231136 -0.031173986542430362 0.052989278410086764 -0.9844897322719218 -3.528061738527943 8.37776742997083 0.02965792594394099 -0.031989233729653434 0.018710218690800456 3.923486208390947 0.9836699049882048 0.028982321142279208 -0.0310887521158889 0.05298890973972931 0.00689145774100711 0.006853883458500778 -3.499999999999998 0.4234862083909497
13.115790958968502 0.9841013187418929 0.02867141627794451 -0.030906854404914176 0.05204080363478072 -0.9559008167336581 -3.5208388196986578 8.343407821773871 0.029324671204148684 -0.031694231435264446 0.018501868166622807 3.92435049054894 0.9838243275406815 0.028671460855877153 -0.030824128424844593 0.05204045357577172 0.006902545062515857 0.006865700358055847 -3.5000000000000027 0.42435049054893764
13.268047497147244 0.9842495886384195 0.028363489795214643 -0.03064057738621453 0.05110989361916829 -0.9277663120560842 -3.513443439317758 8.308957816370178 0.028995081292323453 -0.03140103585640169 0.018295766408855586 3.9252053166789778 0.9839777130380801 0.028363532112836688 -0.030560291235348282 0.05110956125988999 0.006912825510463307 0.006876701207586584 -3.499999999999997 0.4252053166789807
13.422071527160119 0.9843968956428588 0.028058479793091454 -0.030375200584374214 0.0501962352564486 -0.900081190946469 -3.5058774291133883 8.274418631951262 0.02866911769829986 -0.031109659704952646 0.018091890757811025 3.9260507798947883 0.9841300573854792 0.028058519961709147 -0.03029728727796203 0.05019591972804599 0.006922306888875269 0.006886893730639821 -3.5 0.4260507798947894
13.577883567189284 0.9845432354455332 0.02775637095607367 -0.030110767194622686 0.04929952004761333 -0.8728404704903371 -3.4981426308475645 8.239791514954971 0.0283467422767 -0.030820114884660275 0.017890218745299353 3.9268869727477287 0.9842813568656129 0.027756409081736995 -0.03003516135360704 0.049299220522116986 0.006930997052925832 0.006896285712384155 -3.499999999999996 0.42688697274773263
13.735504373605137 0.984688604082256 0.02745714761825984 -0.02984731856630616 0.04841944408160157 -0.846039211449637 -3.490240896012488 8.205077739891218 0.028027917244359483 -0.030532412511543462 0.01769072809388748 3.9277139872169915 0.9844316081284897 0.02745718380199528 -0.02977395639028251 0.04841915977012443 0.006938903905370419 0.006904884995630876 -3.500000000000006 0.4277139872169855
13.894954943731374 0.9848329979255978 0.02716079378191453 -0.029584894258295892 0.04755570801295261 -0.8196725175817564 -3.4821740855316285 8.170278609153923 0.027712605177751426 -0.030246562933984162 0.017493396716136464 3.928531914700429 0.984580808181203 0.027160828119948636 -0.02951371349829629 0.04755543816395759 0.0069460353931158495 0.006912699476994185 -3.4999999999999996 0.4285319147004304
14.05625651864215 0.9849764136762916 0.0268672931354629 -0.02932353209291316 0.04670801703711179 -0.7937355349818902 -3.473944069462723 8.13539545281937 0.027400769010409404 -0.029962575752481416 0.017298202713818545 3.929340846005978 0.9847289543779355 0.026867325719436914 -0.029254472024080713 0.04670776093474826 0.0069523995039222795 0.006919737103202808 -3.500000000000002 0.4293408460059758
14.219430585991669 0.9851188483547735 0.026576629070926665 -0.029063268208405487 0.04587608086353738 -0.7682234514458272 -3.465552726705031 8.100429628431034 0.027092372030349757 -0.029680459839069685 0.017105124377114717 3.9301408713436126 0.9848760444101524 0.026576659988102415 -0.028996269602576962 0.04587583782604488 0.006958004263230555 0.006926005867534337 -3.500000000000001 0.43014087134361106
14.38449888287663 0.9852602992928624 0.02628878470081398 -0.028804137110011178 0.045059613686750266 -0.7431314958530387 -3.4570019447084386 8.0653825207709 0.026787377877493728 -0.02940022335640808 0.016914140183793384 3.9309320803178993 0.9850220762969842 0.02628881403427151 -0.028739142208268363 0.04505938306492655 0.0069628577311103435 0.006931513806389189 -3.499999999999999 0.43093208031790037
14.551483398731937 0.9854007641255738 0.02600374287447625 -0.028546171719645703 0.04425833415546285 -0.7184549375700854 -3.4482936191851983 8.030255541617459 0.02648575054108995 -0.029121873776536467 0.016725228798370913 3.9317145619210545 0.9851670483757972 0.026003770703303244 -0.02848312420486471 0.04425811533119443 0.00696696799932325 0.006936268995984849 -3.5000000000000013 0.43171456192105306
14.720406378260014 0.9855402407830747 0.02572148619394414 -0.028289403424245043 0.043471965339917144 -0.6941890858727239 -3.4394296538238796 7.995050129490378 0.026187454357137874 -0.028845417899301767 0.016538369071254905 3.93248840452652 0.9853109592929493 0.025721512593417595 -0.02822824839367653 0.04347175772477042 0.006970343188496348 0.0069402795491687866 -3.499999999999998 0.43248840452652226
14.891290324394095 0.9856787274827713 0.025441997029255276 -0.02803386212279848 0.042700234697557585 -0.670329289387687 -3.4304119600043577 7.959767749381996 0.025892454005812453 -0.028570861870455426 0.016353540037870835 3.933253695883027 0.9854538079947308 0.025442022071015594 -0.027974546060721226 0.04270003773142811 0.006972991445400798 0.006943553612350458 -3.5000000000000044 0.43325369588302254
15.064158001295928 0.9858162227215344 0.02516525753328619 -0.027779576272103895 0.04194287403715768 -0.6468709355511122 -3.421242456515261 7.924409892475797 0.025600714508890784 -0.028298211199423676 0.016170720917772746 3.9340105231091296 0.9855955937184864 0.02516528128550395 -0.02772204702256812 0.04194268718697599 0.006974920940331213 0.0069460993625363775 -3.4999999999999973 0.43401052310913163
15.239032437388289 0.9859527252680594 0.02489124965610005 -0.027526572931277474 0.04119961948151495 -0.623809450085834 -3.411923069271749 7.888978075851862 0.025312201227180923 -0.02802747077675504 0.015989891113738712 3.9347589726882344 0.9857363159839181 0.024891272183635845 -0.027470779670984016 0.0411994422400064 0.006976139864581095 0.006947925004479352 -3.4999999999999987 0.43475897268823616
15.415936928422719 0.9860882341553642 0.024619955158822697 -0.02727487780504923 0.040470211428823503 -0.601140296495095 -3.402455731034876 7.853473842179538 0.025026879857953495 -0.027758644891241083 0.01581103021085173 3.935499130464008 0.985875974584567 0.02461997652338003 -0.027220771016372734 0.04047004331332077 0.0069766564280102595 0.006949038767919719 -3.4999999999999947 0.43549913046401384
15.594895040582823 0.9862227486734157 0.024351355627058265 -0.027024515285874816 0.03975439451282866 -0.5788589755726792 -3.392842381131311 7.817898759397393 0.02474471643237641 -0.027491737246720466 0.015634117975566658 3.9362310816362713 0.9860145695794709 0.02435137588733006 -0.026972046730070524 0.03975423506413477 0.006976478856699833 0.006949448904931032 -3.5000000000000004 0.4362310816362707
15.775930613623613 0.9863562683618963 0.024085432483856563 -0.026775508494892828 0.03905191756186415 -0.5569610249292407 -3.3830849651740733 7.782254420380584 0.024465677312953352 -0.027226750978561982 0.015459134354763971 3.936954910757257 0.9861521012849959 0.024085451695665304 -0.02672463118549632 0.03905176634316377 0.006975615390690607 0.006949163687351427 -3.5000000000000036 0.43695491075725357
15.95906776404731 0.9864887930030978 0.02382216700224292 -0.026527879321758742 0.03836253355686585 -0.5354420185346324 -3.3731854347830432 7.746542442595828 0.02418972919096608 -0.026963688669834035 0.015286059474790722 3.9376707017282926 0.9862885702668417 0.023822185218674744 -0.026478547498210898 0.03836239015268386 0.006974074281801811 0.006948191404310182 -3.499999999999998 0.43767070172829464
16.14433088831602 0.9866203226149501 0.02356154031732238 -0.026281648463381636 0.03768599958845431 -0.514297566274454 -3.3631457473057833 7.710764467744101 0.02391683908392118 -0.026702552367159748 0.015114873640489497 3.9383785377968388 0.9864239773322161 0.02356155758885536 -0.026233817564892653 0.03768586360365929 0.006971863791525369 0.006946540359836023 -3.5000000000000018 0.43837853779683694
16.331744666101677 0.9867508574441797 0.023303533437968964 -0.026036835461594115 0.037022076813172156 -0.4935233135220656 -3.3529678655387825 7.674922161391194 0.023646974333001745 -0.026443343596262964 0.014945557334215908 3.939078501553901 0.9865583235221772 0.02330354981259576 -0.025990462101259278 0.03702194787202303 0.006968992188993352 0.006944218870544842 -3.4999999999999964 0.4390785015539045
16.5213340635737 0.9868803979595967 0.023048127258111072 -0.025793458739780055 0.036370530408959365 -0.4731149407243227 -3.3426537574478403 7.639017212586375 0.02338010260052421 -0.026186063377208062 0.01477809121484523 3.9397706749318058 0.9866916101041421 0.02304814278145622 -0.02574850067897501 0.03637040815419418 0.006965467749013802 0.0069412352634105065 -3.5 0.4397706749318059
16.713124336724874 0.9870089448455128 0.022795302567623417 -0.025551535638489994 0.035731129529944575 -0.45306816300137054 -3.332205395888663 7.6030513334692325 0.02311619186740063 -0.025930712239333735 0.014612456116768568 3.940455139202278 0.9868238385645584 0.022795317283055394 -0.025507951761546094 0.03573101362190899 0.006961298750173387 0.006937597873603724 -3.5000000000000004 0.44045513920227786
16.9071410347358 0.987136498995285 0.022545040062836297 -0.025311082450067277 0.03510364726062828 -0.4333787297595785 -3.3216247583265983 7.56702625886494 0.022855210430607006 -0.02567729023588842 0.014448633048879382 3.9411319749748777 0.9869550106017375 0.02254505401157468 -0.025268832739251627 0.0351035373764427 0.006956493473002066 0.006933315042407323 -3.4999999999999996 0.4411319749748781
17.103410003378404 0.9872630615049859 0.02229732035667233 -0.02507211445231276 0.034487860569528545 -0.41404242431816596 -3.3109138265559603 7.530943745868144 0.02259712690065783 -0.025425796958367247 0.014286603193550655 3.941801262195727 0.9870851281188467 0.022297333577890082 -0.025031159963118877 0.03448775640229229 0.006951060198198097 0.0069283951151969 -3.500000000000002 0.4418012621957245
17.301957388458945 0.987388633667199 0.022052123988420835 -0.02483464594121125 0.03388355026235753 -0.39505506354759123 -3.3000745864186487 7.4948055734156025 0.022341910199087333 -0.025176231550554953 0.014126347905603407 3.942463080146534 0.9872141932170575 0.022052136519342087 -0.024794948777971088 0.03388345152038844 0.006945007204909578 0.00692284643948613 -3.5 0.4424630801465338
17.502809639301013 0.9875132169649384 0.021809431433159734 -0.024598690262745495 0.03329050093479299 -0.3764124975208091 -3.2891090275218566 7.458613541847878 0.022089529555937612 -0.024928592722279354 0.013967848711266913 3.9431175074439215 0.9873422081888484 0.021809443309153135 -0.02456021355457546 0.03329040734090128 0.006938342769070588 0.006916677363036294 -3.5000000000000013 0.4431175074439201
17.70599351226898 0.9876368130656902 0.02156922311083458 -0.024364259843819697 0.03270850092490601 -0.3581106091763757 -3.278019142954828 7.422369472460165 0.02183995450725394 -0.024682878762875855 0.013811087307131186 3.943764622038994 0.9874691755114605 0.021569234365502423 -0.02432696772090523 0.032708412215700616 0.0069310751617883614 0.006909896232022542 -3.499999999999999 0.44376462203899497
17.91153607433231 0.9877594238155755 0.02133147939500454 -0.024131366222318033 0.03213734226530346 -0.34014531399306924 -3.26680692900471 7.386075207042624 0.02159315489258784 -0.024439087554370825 0.013656045559092226 3.944404501217205 0.9875950978405011 0.02133149006026781 -0.02409522379254758 0.032137258190529885 0.006923212647780248 0.0069025113892594026 -3.4999999999999982 0.4444045012172068
18.11946470667124 0.9878810512336321 0.02109618062126437 -0.023900020076318314 0.03157682063503978 -0.32251255967509396 -3.2554743848717207 7.349732607410315 0.021349100852507984 -0.024197216584385287 0.013502705501290515 3.94503722159848 0.9877199780036956 0.021096190727443977 -0.023864993402270093 0.031576740956947985 0.006914763483856671 0.006894531172478141 -3.500000000000002 0.4450372215984781
18.329807108324356 0.9880016975062161 0.020863307095351624 -0.023670231252484686 0.031026735311350525 -0.30520832584978885 -3.244023512382178 7.313343554923055 0.02110776282611923 -0.02395726295875872 0.013351049335043092 3.9456628591375096 0.9878438189947845 0.02086331667124586 -0.023636287328772966 0.03102665980409169 0.006905735917448894 0.0068859639126567975 -3.499999999999995 0.4456628591375143
18.542591299878524 0.9881213649815196 0.02063283910094795 -0.02344200879366042 0.030486889121256952 -0.288228623774232 -3.2324563157012807 7.276909949995374 0.020869111548590096 -0.023719223413906185 0.01320105942776977 3.9462814891243747 0.9879666239675621 0.020632848173906426 -0.023409115524649166 0.030486817570307818 0.006896138185179074 0.006876817932401624 -3.5000000000000027 0.446281489124372
18.757845627201604 0.9882400561642026 0.020404756907183498 -0.023215360965681157 0.029957088393088898 -0.27156949605318315 -3.220774801044595 7.240433711596881 0.0206331180486891 -0.02348309432890235 0.013052718311913916 3.9468931861853123 0.9880883962300561 0.020404765503177606 -0.023183487143560014 0.029957020594702597 0.0068859785114701744 0.006867101544370104 -3.499999999999996 0.44689318618531615
18.975598765218503 0.9883577737101421 0.020179040775852614 -0.022990295283430353 0.029437142907969553 -0.25522701636627176 -3.2089809763876986 7.203916776743239 0.020399753646330007 -0.023248871737304357 0.012906008683858189 3.947498024283755 0.9882091392388447 0.020179048919542798 -0.02295941056666938 0.02943707866865179 0.006875265107194455 0.00685682304974722 -3.500000000000002 0.44749802428375257
19.19587972173111 0.9884745204212886 0.019955670968349475 -0.02276681853615548 0.028926865851304284 -0.23919728920571903 -3.1970768511752152 7.1673610999780335 0.020168989950126382 -0.023016551338709678 0.012760913402835599 3.948096076721499 0.9883288565935092 0.019955678683149323 -0.02273689342832616 0.028926804987313672 0.006864006168357882 0.006845990736755532 -3.5 0.4480960767214992
19.418717841282547 0.98859029924064 0.019734627752331695 -0.02254493681206637 0.028426073764312658 -0.22347644962262492 -3.185064436028132 7.130768652845842 0.019940798854955654 -0.022786128510061305 0.012617415489836364 3.948687416140147 0.9884475520312198 0.01973463506046906 -0.02251594264104409 0.02842601610118454 0.006852209874819734 0.006834612879214876 -3.4999999999999987 0.4486874161401481
19.644142809066278 0.9887051132473191 0.019515891408119972 -0.022324655522232492 0.027934586495641157 -0.2080606629827113 -3.172945742450117 7.09414142335668 0.01971515253953289 -0.022557598316696438 0.012475498126510892 3.9492721145226732 0.9885652294214528 0.01951589833069521 -0.022296564419772354 0.027934531867733255 0.006839884389044325 0.006822697735135127 -3.5000000000000018 0.4492721145226717
19.872184654880556 0.9888189656517624 0.01929944223484159 -0.02210597942379994 0.027452227153091348 -0.1929461247307913 -3.1607227825327144 7.057481415442254 0.019492023463994722 -0.022330955523148056 0.01233514465406936 3.949850243195207 0.9886818927608344 0.01929944879188309 -0.02207876430548975 0.027452175403151115 0.006827037854884644 0.006810253545348852 -3.4999999999999973 0.4498502431952099
20.102873757128854 0.9889318597910137 0.019085260556325284 -0.02188891264254466 0.026978822055496246 -0.17812906016393937 -3.1483975686585715 7.0207906484041285 0.019271384367493267 -0.022106194603699208 0.012196338572178094 3.950421872828951 0.9887975461681139 0.019085266766842378 -0.021862547188137606 0.026978773034248213 0.0068136783963954305 0.006797288532181142 -3.4999999999999964 0.4504218728289544
20.336240846866723 0.9890437991241239 0.01887332672675504 -0.02167345869478053 0.026514200684776158 -0.16360572421322184 -3.1359721132041463 6.984071156354268 0.01905320826580062 -0.02188330975269617 0.012059063537853193 3.9509870734422647 0.9889121938792576 0.01887333260878834 -0.021647917328901808 0.0265141542505288 0.006799814116674787 0.006783810898150513 -3.4999999999999973 0.45098707344226746
20.572317011895564 0.9891547872276527 0.01866362113609011 -0.021459620508638713 0.02605819563820281 -0.14937240123205964 -3.1234484282411565 6.947324987648176 0.018837468448923974 -0.021662294894625334 0.01192330336435183 3.951545914402935 0.9890258402426664 0.01866362670675958 -0.02143487838186928 0.026058151656474137 0.006785453096732511 0.006769828824704824 -3.499999999999998 0.45154591440293734
20.811133700903948 0.9892648277912732 0.01845612421525825 -0.021247400444736296 0.025610642580899127 -0.13542540479446918 -3.110828525236504 6.910554204310909 0.018624138478731643 -0.021443143693954683 0.011789042020061423 3.952098464430554 0.9891384897145119 0.01845612949080888 -0.021223433415071265 0.025610600924059812 0.006770603394384599 0.006755350470988257 -3.500000000000002 0.4520984644305518
21.05272272765707 0.9893739246134757 0.01825081644112905 -0.021036800316249046 0.025171380198599692 -0.12176107749921017 -3.0981144147512967 6.8737608814563504 0.01841319218658992 -0.021225849564745013 0.011656263627387026 3.9526447915990355 0.9892501468541907 0.018250821436974405 -0.021013584930927583 0.025171340745533295 0.0067552730431718324 0.00674038397263691 -3.5000000000000036 0.45264479159903187
21.29711627523478 0.9894820815973705 0.018047678341274378 -0.020827821408405393 0.0247402501506963 -0.10837579078146709 -3.0853081061391094 6.836947106700031 0.018204603671011444 -0.021010405680037383 0.011524952461637336 3.9531849633393086 0.9893608163198913 0.018047683072038048 -0.020805334886112362 0.02474021278647574 0.006739470051301964 0.006724937440604764 -3.5 0.45318496333930874
21.544346900318832 0.9895893027465881 0.0178466904985221 -0.020620464497416984 0.024317097023590223 -0.09526594473249128 -3.072411607242372 6.80011497956577 0.017998347295314725 -0.02079680498101463 0.011395092949909534 3.9537190464420604 0.9894705028642773 0.01784669497807715 -0.02059868471085276 0.024317061639169597 0.006723202400614324 0.0067090189600165296 -3.499999999999997 0.45371904644206335
21.794447537529855 0.9896955921612743 0.017647833555309918 -0.020414729868860386 0.023901768284372318 -0.08242796792499063 -3.0594269240888283 6.76326661088654 0.01779439768529542 -0.02058504018594752 0.011266669669973344 3.954247107060664 0.989579211330278 0.01764783779681646 -0.020393635327675345 0.02390173477629359 0.006706478045565497 0.0066926365890460585 -3.5000000000000018 0.45424710706066207
22.047451503814745 0.98980095403418 0.0174510882178453 -0.02021061733552554 0.02349411423484987 -0.06985831724522096 -3.046356060586865 6.726404122199867 0.0175927297269093 -0.020375103798925147 0.011139667349154501 3.954769210714194 0.9896869466469891 0.017451092233786217 -0.020190187169615778 0.023494082504963616 0.006689304912235677 0.00667579835782 -3.4999999999999987 0.4547692107141953
22.303392502884964 0.9899053926468429 0.017256435260077627 -0.020008126254745146 0.023093987965938013 -0.057553477731997704 -3.0332010182195854 6.689529645138062 0.017393318563967076 -0.020166988118374248 0.011014070863217967 3.955285422290548 0.9897937138256786 0.017256439062292624 -0.019988340197909293 0.02309395792113774 0.00667169089735469 0.0066585122673479165 -3.499999999999999 0.4552854222905488
22.56230462970634 0.9900089123658593 0.017063855527488625 -0.019807255545217842 0.022701245312432537 -0.045509962421319994 -3.0199637957387373 6.652645320813647 0.017196139595841334 -0.019960685245371167 0.010889865235251166 3.9557958060496623 0.9898995179558986 0.017063859127206565 -0.01978809391916766 0.022701216864401717 0.006653643867346074 0.006640786288472587 -3.500000000000002 0.45579580604965997
22.824222375040975 0.9901115176392475 0.016873329940706748 -0.01960800370334134 0.02231574480817899 -0.033724312197095596 -3.00664638885764 6.615753299200347 0.017001168475185652 -0.019756187091750182 0.010767035634547516 3.956300425626817 0.9900043642016979 0.01687333334857644 -0.019589447402063517 0.022315717873150388 0.006635171657390116 0.006622628360844444 -3.4999999999999996 0.45630042562681766
23.089180630041927 0.9902132129928966 0.01668483949895116 -0.019410368819065937 0.021937347641652175 -0.022193095647711436 -2.9932507899440557 6.578855738509982 0.01680838110566613 -0.01955348538801391 0.010645567375490437 3.956799344036073 0.9901082577979347 0.016684842725070658 -0.019392399293533185 0.021937322140178978 0.006616282070503295 0.006604046391918076 -3.500000000000004 0.456799344036069
23.357214690901213 0.9903140030271024 0.016498365283310803 -0.0192143485912838 0.021565917611959008 -0.010912908926964615 -2.979778987712682 6.541954804565544 0.016617753639705225 -0.019352571691045872 0.010525445916438161 3.957292623673755 0.990211204046687 0.016498368337255265 -0.019196947834506015 0.021565893468696945 0.006596982876634998 0.006585048255966827 -3.4999999999999956 0.4572926236737596
23.628360263551762 0.9904138924131891 0.016313888459863927 -0.019019940342765124 0.021201321085276496 0.00011962437764712064 -2.9662329669162038 6.505052670170944 0.016429262476238375 -0.019153437391630133 0.010406656858609566 3.9577803263219997 0.9903132083137614 0.016313891350712078 -0.01900309087518422 0.021201298228776755 0.00657728181177995 0.006565641793122385 -3.5000000000000053 0.4577803263219945
23.902653468423917 0.9905128858902136 0.016131390282643182 -0.01882714103465426 0.02084342695173556 0.010907853374083842 -2.952614708038262 6.468151514477647 0.016242884258483213 -0.018956073721784164 0.010289185944971252 3.958262513152427 0.9904142760252919 0.016131393019002536 -0.018810825889867225 0.020843405314247682 0.006557186577106271 0.006545834808426525 -3.4999999999999964 0.4582625131524306
24.180130845257207 0.9906109882617499 0.015950852096451425 -0.018635947280537413 0.020492106582760333 0.02145509998734818 -2.93892618698404 6.431253522348652 0.016058595871721697 -0.018760471761904804 0.010173019059126081 3.9587392447298457 0.9905144126644352 0.015950854686482198 -0.01862014999135591 0.02049208610004494 0.006536704838098505 0.006525635070910339 -3.5000000000000053 0.45873924472984046
24.46082935796798 0.9907082043927568 0.015772255339533088 -0.018446355360093654 0.020147233788871993 0.031764659079953184 -2.925169374773117 6.394360883720131 0.015876374441095124 -0.018566622447733456 0.010058142224203398 3.9592105810160447 0.990613623768152 0.015772257790970995 -0.018431059944922532 0.020147214400022574 0.006515844223715084 0.0065050503126827496 -3.500000000000005 0.4592105810160398
24.744786399573513 0.9908045392065226 0.01559558154610586 -0.018258361232341154 0.019808684777964755 0.04183979856385234 -2.9113462372306644 6.357475792961101 0.015696197329412218 -0.01837451657714244 0.009944541601751166 3.9596765813736337 0.9907119149240803 0.015595583866283732 -0.018243552181881572 0.019808666425238364 0.006494612325560229 0.006484088228044152 -3.500000000000004 0.4596765813736296
25.032039797173255 0.9908999976816875 0.015420812348757482 -0.018071960548488877 0.019476338114061364 0.05168375951132398 -2.897458734679807 6.32060044823149 0.01551804213497038 -0.01818414481674584 0.009832203490630225 3.96013730456992 0.9908092917674923 0.01542081454462584 -0.018057622812754307 0.019476320742717577 0.006473016697069341 0.006462756472612278 -3.4999999999999973 0.46013730456992286
25.322627816987946 0.9909945848493423 0.015247929480711967 -0.017887148664404925 0.01915007467655402 0.061299756260470684 -2.883508821634921 6.283737050838975 0.015341886689390162 -0.017995497708342547 0.009721114325910796 3.9605928087809303 0.9909057599783373 0.01524793155885857 -0.017873267640049092 0.019150058234701922 0.006451064852707798 0.0064410626624675565 -3.499999999999997 0.46059280878093345
25.616589169457267 0.9910883057902009 0.015076914777969748 -0.017703920652712153 0.018829777619936424 0.07069097651694967 -2.869498446494089 6.24688780459492 0.015167709055462995 -0.017808565675185253 0.00961126067777151 3.9610431515953297 0.9910013252783672 0.015076916744638173 -0.017690482170660587 0.018829762058389148 0.006428764267182958 0.006419014373312524 -3.4999999999999987 0.46104315159533177
25.913963014396586 0.9911811656318472 0.014907750181326049 -0.01752227131452139 0.018515332334031607 0.07986058145195618 -2.855429551233757 6.210054915169828 0.014995487525012426 -0.017623339028090997 0.00950262925040111 3.9614883900185403 0.9910959934283421 0.014907752042433319 -0.017509261627904116 0.01851531760616814 0.006406122374669162 0.006396619139649121 -3.4999999999999996 0.4614883900185397
26.214788966213558 0.9912731695460526 0.014740417738271602 -0.017342195190811798 0.018206626404719727 0.08881170579684983 -2.841304071103186 6.173240589448666 0.014825200616768801 -0.01743980797138606 0.009395206880903 3.9619285804767945 0.9911897702253163 0.014740419499424964 -0.017329600963190337 0.018206612466353557 0.006383146568045161 0.006373884453970222 -3.5000000000000044 0.4619285804767902
26.51910709918538 0.9913643227461638 0.014574899604779656 -0.017163686573468083 0.01790354957516894 0.09754745793478858 -2.8271239343205314 6.136447034886353 0.014656827074257455 -0.017257962608695433 0.009288980538202807 3.9623637788212966 0.9912826615000011 0.014574901271292502 -0.017151494867352953 0.017903536384423265 0.00635984419814386 0.006350817765967243 -3.5000000000000084 0.4623637788212881
26.826957952797247 0.9914546304845607 0.014411178046983296 -0.01698673951598473 0.017605993707572362 0.10607091998858231 -2.8128910617697205 6.099676458863903 0.01449034586370053 -0.01707779294857556 0.00918393732195914 3.9627940403323705 0.9913746731142028 0.014411179623890304 -0.016974937781636276 0.017605981224761574 0.006336222573014658 0.0063274264817516634 -3.4999999999999956 0.4627940403323747
27.138382537142785 0.9915440980501811 0.014249235442746895 -0.01681134784384552 0.017313852745393273 0.11438514790573362 -2.798607366698435 6.062931068045473 0.014325736171932512 -0.016899288909996802 0.009080064461477676 3.9632194197236785 0.9914658109583364 0.014249236934818364 -0.016799923908356777 0.017313840932910322 0.006312288957197586 0.006303717963093868 -3.5 0.4632194197236785
27.453422338387142 0.9916327307661111 0.014089054283135264 -0.01663750516458803 0.01702702267612019 0.12249317154108841 -2.784274754418127 6.026213067736744 0.014162977404329482 -0.016722440327675822 0.008977349314628786 3.9636399711464287 0.9915560809490097 0.014089055694890794 -0.016626447221237718 0.017027011498329612 0.006288050571009647 0.006279699526671771 -3.4999999999999956 0.4636399711464333
27.77211932429355 0.9917205339872426 0.013930617173784214 -0.01646520487756115 0.016745401494532807 0.13039799473633606 -2.7698951220051438 5.989524661244978 0.014002049182752139 -0.016547236957264767 0.008875779366768768 3.9640557481936716 0.9916454890266801 0.013930618509505631 -0.016454501475439042 0.01674539091766915 0.006263514589842798 0.006255378443339053 -3.4999999999999933 0.4640557481936782
28.094515949814063 0.991807513097992 0.013773906836175907 -0.01629444018338487 0.016468889166479508 0.13810259539761827 -2.7554703580033846 5.952868049241102 0.013842931343502621 -0.016373668480395086 0.008775342229664881 3.9644668039045428 0.991734041153379 0.013773908099919598 -0.016284080217279086 0.01646887915855087 0.006238688143474094 0.006230761937403998 -3.5 0.4644668039045424
28.420655162745124 0.9918936735100828 0.013618906108822477 -0.016125204093120033 0.016197387593166704 0.14560992556976826 -2.74100234212939 5.916245429124183 0.013685603935295292 -0.016201724509583917 0.00867602564042431 3.96487319076858 0.9918217433105049 0.013618907304431037 -0.01611517679366212 0.01619737812386309 0.006213578315387419 0.006205857185922944 -3.499999999999989 0.464873190768591
28.7505804094488 0.9919790206603888 0.013465597948361148 -0.015957489437155897 0.01593080057595952 0.1529229115099051 -2.7264929449789674 5.879658994388653 0.013530047217241372 -0.016031394593004393 0.0085778174604272 3.9652749607300715 0.9919086014966823 0.013465599079474479 -0.015947784361222083 0.015930791616565874 0.006188192142106741 0.0061806713180101655 -3.499999999999986 0.4652749607300858
29.08433564064048 0.9920635600088374 0.013313965430563995 -0.015791288873824354 0.01566903378169317 0.16004445375764442 -2.7119440277360383 5.84311093399461 0.013376241656847553 -0.01586266821912012 0.008480705674263882 3.9656721651923608 0.991994621725685 0.013313966500629845 -0.015781895895182568 0.015669025305006797 0.006162536612541626 0.006155211414158036 -3.5000000000000036 0.4656721651923573
29.421965317243743 0.9921472970363717 0.01316399175126552 -0.01562659489774725 0.015411994708494012 0.16697742720474285 -2.697357441884309 5.806603431741614 0.013224167928028545 -0.01569553482119074 0.008384678388676342 3.966064855022214 0.9920798100244226 0.013163992763549452 -0.015617504197946237 0.015411986688746188 0.006136618667344095 0.006129484505571635 -3.5000000000000053 0.46606485502220896
29.76351441631318 0.9922302372429698 0.01301566022721091 -0.01546339984792504 0.015159592652108728 0.17372468116130535 -2.6827350289202596 5.77013866564619 0.01307380690913369 -0.01552998378164878 0.008289723831504215 3.9664530805541776 0.9921641724309886 0.013015661184805799 -0.015454601907424152 0.015159585064890244 0.0061104451982775055 0.00610349757352014 -3.500000000000001 0.46645308055417667
30.109028437025927 0.9923123861457194 0.012868954296828123 -0.015301695915573276 0.014911738672739937 0.18028903942271346 -2.668078620070113 5.733718807323535 0.012925139680987583 -0.015366004436352741 0.008195830350635242 3.9668368915949843 0.9922477149927693 0.012868955202663132 -0.01529318150510412 0.014911731494930473 0.006084023047596917 0.006077257548698605 -3.4999999999999996 0.46683689159498465
30.45855340674284 0.9923937492769496 0.012723857520926276 -0.015141475151715 0.014668345562385924 0.18667330033304874 -2.653390036008415 5.697346021373649 0.01277814752494471 -0.015203586078715138 0.008102986412960431 3.967216337427893 0.9923304437646103 0.012723858377775413 -0.015133235323869966 0.014668338772087048 0.0060573590074418735 0.006050771310603881 -3.499999999999992 0.46721633742790103
30.812135887140023 0.9924743321824149 0.012580353583323383 -0.014982729474534546 0.014429327812682254 0.19288023684883226 -2.6386710865800267 5.661022464772281 0.012632811920958192 -0.015042717963713231 0.008011180603333874 3.9675914668171006 0.9924123648070415 0.012580354393813602 -0.014974755555579889 0.01442932138915376 0.0060304598192405775 0.006024045686925743 -3.4999999999999947 0.4675914668171061
31.16982298041145 0.9925541404195318 0.01243842629140591 -0.014825450676500406 0.014194601583242494 0.19891259660068128 -2.623923570525409 5.624750286266971 0.012489114545662584 -0.01488338931178196 0.007920401623537531 3.9679623280121428 0.9924934841845574 0.012438427058024785 -0.01481773425840608 0.014194595506842024 0.006003332173126286 0.005997087452949497 -3.5000000000000027 0.46796232801214055
31.531662335543647 0.9926331795556695 0.012298059576622779 -0.01466963043126381 0.013964084670495045 0.20477310195451137 -2.609149275208256 5.588531625778587 0.012347037270470762 -0.014725589312591098 0.007830638291250885 3.96832896875225 0.9925738079639528 0.01229806030172581 -0.014662163363946401 0.01396407892262084 0.005975982707366258 0.005969903330973606 -3.4999999999999982 0.4683289687522517
31.897702154663214 0.9927114551664861 0.01215923749491631 -0.014515260300337564 0.013737696477012855 0.21046445007160997 -2.5943499763472873 5.55236861380855 0.012206562159684901 -0.014569307128713144 0.007741879539025632 3.968691436270792 0.9926533422127116 0.012159238180733833 -0.014508034684113517 0.013737691040049346 0.005948418007801897 0.005942499989741646 -3.500000000000003 0.46869143627078885
32.26799119945808 0.9927889728343202 0.012021944227092447 -0.014362331739563998 0.01351535798133268 0.2159893129678745 -2.5795274377511963 5.516263370852225 0.012067671468621533 -0.014414531899179206 0.00765411441326551 3.9690497772996385 0.9927320929974472 0.012021944875736188 -0.014355339917803992 0.013515352838598945 0.005920644607302344 0.005914884043885473 -3.499999999999996 0.4690497772996424
32.642578797673224 0.9928657381466264 0.01188616407913275 -0.014210836105375413 0.01329699170826006 0.2213503375734316 -2.564683411056686 5.480218006818613 0.011930347641750695 -0.014261252742928917 0.007567332073211326 3.9694040380735465 0.9928100663823958 0.011886164692602069 -0.014204070657360129 0.013296986843960922 0.005892668985229666 0.005887062053385354 -3.4999999999999902 0.4694040380735563
33.02151484968176 0.9929417566944604 0.011751881482450257 -0.014060764660854739 0.013082521699656409 0.2265501457900867 -2.5498196354711222 5.444234620456749 0.01179457331084919 -0.014109458762156454 0.00748152178993128 3.9697542643345645 0.9928872684279557 0.011751882062638035 -0.0140542183948239 0.013082517098836012 0.00586449756691713 0.005859040523041607 -3.500000000000007 0.4697542643345575
33.404849835132445 0.9930170340710086 0.01161908099409152 -0.013912108581600593 0.01287187348570393 0.23159133455043523 -2.53493783751871 5.40831529878908 0.011660331293167889 -0.01395913904555295 0.007396672945316612 3.970100501336384 0.9929637051892791 0.01161908154278976 -0.013905774527990468 0.012871869134201713 0.005836136723159701 0.005830825901959406 -3.4999999999999973 0.4701005013363865
33.79263481967431 0.9930915758701647 0.011487747296886865 -0.013764858961403465 0.012664974056644277 0.2364764758749791 -2.5200397307900615 5.372462116552077 0.011527604589613098 -0.013810282671450732 0.007312775031082705 3.9704427938487368 0.9930393827149089 0.011487747815792005 -0.013758730366273174 0.012664969941053246 0.0058075927697177725 0.005802424583051984 -3.4999999999999902 0.47044279384874643
34.18492146175929 0.9931653876851485 0.011357865199551006 -0.013619006817737353 0.012461751834986661 0.2412081169304765 -2.5051270156971146 5.336677135644411 0.011396376382941997 -0.01366287871086953 0.007229817647775658 3.9707811861617683 0.9931143070454613 0.011357865690268948 -0.013613077136373957 0.012461747942613781 0.0057788719668334446 0.005773842902552853 -3.5000000000000018 0.47078118616176673
34.58176201952381 0.9932384751071706 0.011229419636735977 -0.013474543097073044 0.012262136648180854 0.24578878008709237 -2.4902013792309297 5.300962404582896 0.011266630035972133 -0.013516916230465399 0.007147790503784471 3.9711157220903295 0.993188484212355 0.011229420100786858 -0.01346880598777277 0.012262132967009513 0.005749980518760311 0.0057450871395439244 -3.5000000000000044 0.47111572209032504
34.98320935775036 0.9933108437241361 0.01110239566903828 -0.013331458680017016 0.01206605970175046 0.25022096297736796 -2.475264494724792 5.265319957966557 0.01113834908980488 -0.013372384295389776 0.0070666834143587945 3.971446444978367 0.9932619202365832 0.011102396107861012 -0.013325907998040584 0.012066056220404856 0.005720924573305999 0.005716163515499308 -3.5000000000000027 0.4714464449783641
35.38931695490988 0.9933824991193919 0.01097677848296214 -0.01318974438628167 0.011873453552881665 0.2545071385534503 -2.460318021621958 5.2297518159489425 0.011011517262062917 -0.013229271972056806 0.006986486300632384 3.971773397703274 0.9933346211275282 0.010976778897918683 -0.013184374177977232 0.011873450260593036 0.0056917102213882706 0.0056870781938416735 -3.500000000000001 0.4717733977032731
35.80013891028579 0.993453446870514 0.010852553390840711 -0.013049390979491707 0.0116842520844628 0.2586497551459239 -2.445363605246645 5.194259983719155 0.010886118445141693 -0.013087568330819097 0.006907189188652284 3.9720966226801284 0.9934065928818187 0.010852553783220155 -0.013044195476581623 0.011684248971037453 0.005662343496604792 0.005657837279513417 -3.4999999999999973 0.4720966226801311
36.21572995118075 0.9935236925481327 0.01072970583071695 -0.012910389171830629 0.011498390479569607 0.26265123652267586 -2.4304028765813315 5.158846450991507 0.01076213670447483 -0.012947262448560839 0.00682878220841382 3.972416161866052 0.9934778414822266 0.010729706201739355 -0.012905362785858856 0.011498387535358508 0.005632830374816146 0.0056284468185627615 -3.4999999999999973 0.4724161618660546
36.63614544020716 0.9935932417147978 0.010608221366185827 -0.012772729628532603 0.011315805196391237 0.2665139819483593 -2.415437452048219 5.123513191504439 0.010639556276813436 -0.012808343411204152 0.006751255592901394 3.9727320567644853 0.9935483728966042 0.010608221717005883 -0.012767866945467707 0.011315802412261294 0.005603176773742891 0.0055989127977436525 -3.5000000000000018 0.47273205676448327
37.06144138266228 0.9936620999238821 0.010488085686199562 -0.012636402972223897 0.011136433943591872 0.2702403662455093 -2.400468933295546 5.088262162528554 0.010518361568519274 -0.01267080031613313 0.0066745996771351585 3.9730443484294513 0.9936181930768601 0.010488086017910065 -0.012631698747214244 0.011136431310898644 0.00557338855257654 0.005569241144130902 -3.5000000000000036 0.47304434842944754
37.49167443398888 0.9937302727185182 0.010369284604837431 -0.012501399787117487 0.010960215656102848 0.2738327398530709 -2.385498906988726 5.053095304384224 0.01039853715387185 -0.012534622274536772 0.006598804897223635 3.973353077469784 0.9936873079579719 0.01036928491847255 -0.012496848939395346 0.010960213166664666 0.005543471511604019 0.005539437724749923 -3.499999999999995 0.4733530774697889
37.926901907322495 0.9937977656305755 0.01025180406104176 -0.012367710623066849 0.010787090471340029 0.2772934288904869 -2.3705289446072952 5.018014539968907 0.01028006777338927 -0.012399798413675214 0.006523861789422308 3.9736582840534105 0.9937557234570367 0.010251804357580156 -0.012363308230997346 0.010787088117413546 0.0055134313918473385 0.005509508346222131 -3.5000000000000084 0.4736582840534019
38.36718178112645 0.9938645841796692 0.010135630118321423 -0.01223532599948038 0.010616999705841082 0.28062473521846987 -2.3555606022466637 4.983021774294322 0.010162938332162873 -0.012266317879066239 0.00644976098919816 3.973960007911507 0.9938234454723566 0.010135630398689196 -0.012231067295749574 0.010616997480097989 0.005483273874716334 0.005479458754422264 -3.499999999999997 0.47396000791151
38.81257270691536 0.9939307338722042 0.010020748964424476 -0.01210423640910291 0.010449885832317402 0.2838289365035056 -2.3405954204247332 4.948118894033744 0.010047133898205612 -0.012134169836599342 0.006376493230300302 3.9742582883427247 0.9938904798825593 0.010020749229497956 -0.01210011677604591 0.010449883727822446 0.005453004581676796 0.005449294634155655 -3.4999999999999933 0.47425828834273137
39.263134017068374 0.9939962202004534 0.00990714691098115 -0.011974432321666395 0.010285692457115359 0.28690828628172604 -2.325634923895158 4.913307767079584 0.009932639700814146 -0.012003343474576126 0.006304049343836634 3.974553164217374 0.993956832545753 0.009907147161589549 -0.01197044728672742 0.010285690467305474 0.005422629073932474 0.005419021608845975 -3.499999999999998 0.47455316421737637
39.71892573273302 0.9940610486416668 0.009794810393118695 -0.011845904187414416 0.010124364298081409 0.28986501402504605 -2.3106806214648095 4.878590242111422 0.00981944112894457 -0.011873828005678278 0.0062324202573566245 3.9748446739815457 0.9940225092987128 0.009794810630046618 -0.011842049418737581 0.010124362416745965 0.005392152852122 0.005388645240240343 -3.5000000000000027 0.4748446739815429
40.18000857182091 0.9941252246572142 0.009683725969049227 -0.011718642440503932 0.009965847162825671 0.2927013252076096 -2.2957340058171942 4.8439681481746195 0.009707523729601748 -0.011745612668866656 0.006161596993940196 3.9751328556612315 0.9940875159561019 0.009683726193039035 -0.011714913742650985 0.009965845384087716 0.005361581356030531 0.005358171028129392 -3.4999999999999947 0.47513285566123664
40.64644395709628 0.9941887536917577 0.009573880319631895 -0.011592637502287624 0.009810087927378535 0.2954194013742242 -2.280796553342243 4.809443294269737 0.009596873206242208 -0.0116186867312143 0.006091570671292751 3.975417746866496 0.9941518583097216 0.009573880531385975 -0.01158903081207997 0.009810086245677054 0.005330919964316137 0.005327604410083105 -3.4999999999999933 0.47541774686650246
41.118294024358306 0.9942516411724545 0.009465260247910641 -0.011467879784480444 0.009657034515234916 0.29802140020969925 -2.265869723970452 4.775017468952832 0.009487475417190562 -0.011493039489669912 0.006022332500846403 3.975699384795487 0.9942155421277935 0.009465260448093524 -0.011464391166960936 0.00965703292530801 0.005300173994251092 0.005296950761200842 -3.5000000000000098 0.4756993847954775
41.59562163071847 0.9943138925081902 0.00935785267862861 -0.011344359692213953 0.009506635876780665 0.30050945560906883 -2.250954961013956 4.740692439946869 0.009379316374069385 -0.011368660272759118 0.005953873786867368 3.975977806238514 0.9942785731542703 0.009357852867868994 -0.011340985336725057 0.009506634373649632 0.005269348701478399 0.005266215393876828 -3.5000000000000013 0.4759778062385128
42.07849036297403 0.9943755130888402 0.00925164465772042 -0.011222067626980928 0.009358841969095665 0.30288567775139574 -2.2360536910132565 4.706469953764237 0.00927238224024249 -0.01124553844222403 0.005886185925569574 3.9762530475821514 0.9943409571081763 0.009251644836613093 -0.01121880384335905 0.00935884054804989 0.005238449279782994 0.005235403557583329 -3.5 0.4762530475821516
42.566964546078715 0.9944365082845581 0.009146623351783333 -0.01110099398947446 0.00921360373612818 0.30515215317175803 -2.221167323588471 4.67235173534059 0.009166659329271553 -0.011123663394596923 0.0058192604042344885 3.9765251448131282 0.9944026996829761 0.009146623520890983 -0.01109783720435359 0.009213602392710839 0.00520748086087853 0.005204520438666317 -3.4999999999999987 0.47652514481312974
43.06110925171171 0.9944968834450947 0.009042776047528444 -0.01098112918232382 0.009070873089235086 0.3073109448376208 -2.206297251298769 4.638339487680111 0.009062134103386061 -0.011003024562719664 0.005753088800337202 3.9767941335224197 0.9944638065459699 0.009042776207383368 -0.010978075935547749 0.009070871819229595 0.005176448514209184 0.005173571160158481 -3.499999999999991 0.4767941335224285
43.56099030694608 0.9945566438991398 0.00894009015121284 -0.010862463612730298 0.008930602888082466 0.30936409222535666 -2.191444849505881 4.604434891512258 0.008958793171966488 -0.010883611417201207 0.005687662780678745 3.9770600489091583 0.9945242833377159 0.008940090302318576 -0.01085951055387035 0.008930601687499654 0.005145357246766659 0.005142560781607632 -3.4999999999999947 0.4770600489091634
44.06667430301786 0.994615794953693 0.008838553188053775 -0.010744987695006137 0.008792746921901231 0.3113136113990089 -2.176611476244577 4.5706396049601175 0.00885662329004068 -0.01076541346781969 0.005622974100524685 3.9773229257845757 0.9945841356714792 0.008838553330886645 -0.010742131579980685 0.008792745786967175 0.005114212002922664 0.005111494298920034 -3.5000000000000107 0.47732292578456514
44.578228604197065 0.9946743418934583 0.008738152801625732 -0.010628691853019146 0.008657259891092296 0.31316149509061053 -2.1617984720990977 4.536955263220417 0.008755611356793319 -0.01064842026486909 0.005559014602749963 3.977582798575912 0.9946433691327043 0.008738152936636299 -0.010625929540812316 0.008657258818236827 0.005083017664276683 0.005080376644219392 -3.499999999999996 0.47758279857591585
45.095721356761466 0.9947322899802642 0.008638876753241372 -0.010513566522545986 0.008524097389176059 0.31490971278217206 -2.1470071600852774 4.503383478255274 0.008655744414088486 -0.010532621400452646 0.005495776216990043 3.977839701330326 0.9947019892785147 0.008638876880855819 -0.010510894972024714 0.008524096375021838 0.0050517790495192266 0.00504921268572342 -3.499999999999992 0.4778397013303342
45.61922149807464 0.9947896444525072 0.008540712921317223 -0.010399602153536304 0.008393215885080775 0.3165602107891001 -2.1322388455389296 4.4699258384958105 0.008557009645005241 -0.01041800650972197 0.00543325095879832 3.9780936677186958 0.9947600016372338 0.008540713041938661 -0.010397018420360213 0.008393214926432984 0.005020500914310175 0.005018007227632873 -3.499999999999998 0.47809366771869805
46.148798765769385 0.9948464105246203 0.008443649300724942 -0.010286789212291345 0.008264572705764507 0.31811491234567435 -2.1174948160106295 4.436583908557555 0.008459394372386141 -0.010304565272066956 0.005371430928809816 3.9783447310394764 0.9948174117079303 0.008443649414734657 -0.01028429044591432 0.008264571799601049 0.00498918795117316 0.004986765010038293 -3.500000000000004 0.47834473103947234
46.6845237070379 0.9949025933865618 0.00834767400212897 -0.01017511818355804 0.008138126019165377 0.3195757176937142 -2.1027763411669893 4.403359228967786 0.008362886057398567 -0.010192287412255885 0.00531030831191116 3.978592924222533 0.9948742249599858 0.00834767410988758 -0.010172701624319028 0.008138125162627628 0.004957844789404563 0.00495549070884148 -3.499999999999993 0.47859292422254
47.22646768802952 0.99495819820333 0.008252775251311437 -0.010064579572542894 0.008013834817474952 0.32094450416970055 -2.08808467269621 4.370253315904809 0.008267472298108973 -0.010081162701524806 0.005249875376416863 3.978838279832837 0.9949304468326855 0.008252775353160017 -0.01006224254884386 0.008013834007858992 0.004926475994998825 0.004924188935693929 -3.4999999999999867 0.4788382798328503
47.774702903357735 0.9950132301144954 0.008158941388485013 -0.009955163906846158 0.007891658900729473 0.32222312629804617 -2.0734210442226852 4.337267660949197 0.008173140828069811 -0.009971180958623272 0.005190124473251872 3.979080830074301 0.9949860827348279 0.008158941484746145 -0.009952903832413663 0.00789165813547778 0.004895086070588288 0.004892864237948741 -3.5000000000000058 0.4790808300742952
48.32930238571752 0.9950676942337578 0.008066160867594494 -0.009846861738320297 0.0077715588607138114 0.3234134158823838 -2.058786671225228 4.3044037308470235 0.00807987951491917 -0.009862332050810302 0.005131048035140403 3.979320606793405 0.9950411380443573 0.00806616095857325 -0.009844676109548357 0.007771558137407387 0.004863679455399132 0.004861521098628785 -3.500000000000009 0.47932060679339583
48.89034001561443 0.995121595648522 0.007974422255607762 -0.00973966364485376 0.00765349606517295 0.324517182102007 -2.0441827509633317 4.271662967285032 0.007987676358992975 -0.00975460589480941 0.005072638575801049 3.979557641482974 0.9950956181080153 0.00797442234159266 -0.009737550038227199 0.0076534953815238895 0.004832260525222179 0.004830163936411297 -3.4999999999999907 0.4795576414829834
49.457890531206424 0.9951749394194939 0.007883714231796917 -0.0096335602320831 0.007537432642326072 0.32553621160761526 -2.029610462407737 4.239046786677883 0.007896519491949798 -0.009647992457716813 0.0050148886891481625 3.9797919652857696 0.9951495282410123 0.007883714313060808 -0.00963151630167852 0.007537431996170509 0.004800833592399279 0.004798797105627486 -3.4999999999999982 0.47979196528577134
50.03202953826004 0.9952277305802962 0.007794025587010149 -0.009528542135035149 0.007423331465678068 0.3264722686204806 -2.015070966179379 4.206556579967283 0.007806397175408119 -0.009542481757869705 0.004957791048499511 3.9800236089981653 0.9952028737267182 0.007794025663811063 -0.009526565610095544 0.007423330854969497 0.004769402905824843 0.004767424896275628 -3.500000000000008 0.4800236089981575
50.61283352022219 0.9952799741371038 0.007705345222935032 -0.00942460001970134 0.007311156139123526 0.32732709503378943 -2.0005654044925123 4.174193712433149 0.007717297799595959 -0.009438063865671684 0.00490133840579017 3.9802526030737178 0.9952556598163711 0.007705345295516974 -0.009422688702284791 0.0073111555619264895 0.004737972650962495 0.004736051534051797 -3.5000000000000115 0.4802526030737061
51.20037984840887 0.995331675068296 0.0076176621513538295 -0.009321724584546527 0.007200870982338299 0.3281024105148256 -1.9860949011049218 4.141959523516649 0.007629209882012882 -0.00933472890437905 0.0048455235907926665 3.9804789776267526 0.9953078917288039 0.007617662219947542 -0.009319876347245699 0.007200870436822403 0.004706546949877031 0.0047046811803947985 -3.5000000000000044 0.4804789776267484
51.7947467923121 0.9953828383241288 0.007530965493391422 -0.009219906561953792 0.007092441016453713 0.32879991260920005 -1.9716605612742608 4.109855326655196 0.007542122066104255 -0.009232467050848073 0.004790339510343364 3.980702762435922 0.9953595746501888 0.007530965558215088 -0.00921811934568445 0.007092440500887971 0.0046751298612811385 0.004673317932546089 -3.499999999999999 0.48070276243592286
52.396013530026444 0.9954334688264229 0.007445244478756437 -0.00911913671960781 0.0069858319500086365 0.32942127684970446 -1.957263471720677 4.077882409129235 0.007456023119947684 -0.00913126853624465 0.004735779147575067 3.980923986947747 0.9954107137337981 0.007445244540016378 -0.00911740853146398 0.0069858314627561004 0.004643725380597468 0.0046419658236246915 -3.5000000000000107 0.4809239869477363
53.004260158796725 0.9954835714682704 0.0073604884449760995 -0.009019405861817759 0.006881010165174554 0.32996815686188596 -1.9429047005938838 4.0460420319208925 0.00737090193495158 -0.009031123646714467 0.004681835561155834 3.9811426802799965 0.9954613140997822 0.0073604885028674 -0.009017734772991894 0.006881009704687251 0.004612337440035076 0.004610628822716683 -3.500000000000014 0.4811426802799823
53.61956770568817 0.9955331511137557 0.007276686836625331 -0.008920704830782422 0.006777942704248962 0.3304421844777865 -1.9285852974490894 4.014335429584347 0.007286747524565741 -0.008932022724022009 0.004628501884533975 3.9813588712252823 0.9955113808349626 0.007276686891332455 -0.008919088974548925 0.006777942269063088 0.00458096990868094 0.0045793108349800405 -3.499999999999998 0.48135887122528453
54.24201813838027 0.9955822125976963 0.0071938292045506365 -0.0088230245077989 0.006676597256412406 0.330844969846418 -1.9143062932261312 3.982763810127858 0.007203549023003925 -0.008833956166150701 0.004575771325189244 3.981572588254413 0.9955609189926407 0.007193829256248001 -0.008821462077559418 0.006676596845143776 0.004549626592606098 0.0045480157017643 -3.499999999999999 0.481572588254414
54.87169437608604 0.9956307607253945 0.007111905205089288 -0.008726355814416395 0.006576942144744544 0.3311781015492139 -1.9000687002362087 3.951328354907459 0.00712129568397834 -0.008736914427870638 0.004523637163890188 3.9817838595197967 0.995609933592422 0.007111905253941801 -0.008724845061803927 0.006576941756084301 0.004518311234986059 0.004516747200743237 -3.499999999999997 0.48178385951979946
55.50868030059805 0.9956788002724081 0.007030904599284154 -0.008630689713537223 0.006478946313494615 0.3314431467164698 -1.8858735121540118 3.9200302185321174 0.007039976879445892 -0.008640888021273628 0.004472092753957638 3.981992712858827 0.9956584296200544 0.007030904645447735 -0.008629228946578471 0.006478945946205139 0.0044870275162358 0.0044855090460632855 -3.4999999999999973 0.48199271285883
56.153060767462726 0.9957263359843348 0.0069508172520947745 -0.008536017210466314 0.006382579315601864 0.3316416511463185 -1.8717217040157612 3.8888705287803744 0.00695958209836621 -0.008545867516275991 0.004421131520534331 3.9821991757972284 0.9957064120272802 0.006950817295716844 -0.00853460479180027 0.006382578968512947 0.004455779054158899 0.004454304888505681 -3.4999999999999933 0.4821991757972345
56.80492161728426 0.9957733725766105 0.00687163313160504 -0.008442329353911041 0.0062878113004614525 0.3317751394237063 -1.8576142322228968 3.857850386528294 0.006880100945471346 -0.008451843541090047 0.004370746959860627 3.9824032755523566 0.9957538857317026 0.006871633172824968 -0.008440963699061957 0.00628781097246662 0.0044245694041108695 0.004423138315662575 -3.499999999999985 0.4824032755523711
57.46434968715974 0.9958199147343214 0.00679334230822791 -0.008349617236932472 0.0061946130019314505 0.33184511504467107 -1.84355203455178 3.8269708656886983 0.006801523140047056 -0.008358806782666 0.004320932638556349 3.9826050390365055 0.9958008556166655 0.006793342347177466 -0.008348296812636241 0.006194612691984548 0.00439340205917613 0.004392012852127299 -3.500000000000006 0.48260503903649954
58.131432822247135 0.9958659671120311 0.006715934953907553 -0.008257871997850188 0.006102955726576578 0.33185306053922137 -1.8295360301688959 3.796233013161483 0.006723838514725584 -0.008266747987103478 0.004271682192908643 3.982804492860126 0.9958473265311447 0.006715934990711313 -0.008256595320431097 0.006102955433688465 0.004362280450359102 0.004360931959697184 -3.5000000000000053 0.4828044928601211
58.80625988746757 0.9959115343336192 0.006639401341319313 -0.008167084821101466 0.006012811342144374 0.3318004375968986 -1.8155671196513357 3.7656378487950066 0.006647037014289898 -0.008175657960035571 0.004222989328165909 3.98300166333507 0.9958933032896535 0.00663940137609505 -0.008165850454900212 0.006012811065379868 0.004331207946788607 0.004329899037592054 -3.5000000000000084 0.48300166333506195
59.48892077934334 0.9959566209921333 0.00656373184306788 -0.00807724693805663 0.005924152266269663 0.3316886871965714 -1.8016461850139427 3.7351863653583193 0.006571108694489256 -0.008085527566985173 0.004174847817837753 3.983196576477808 0.9959387906721586 0.006563731875926928 -0.008076053493905706 0.005924152004744591 0.004300187855935772 0.004298917422683658 -3.4999999999999982 0.4831965764778093
60.17950643797334 0.9960012316496546 0.0064889169308840105 -0.007988349627791857 0.005836951455403061 0.3315192297347931 -1.7877740897405427 3.7048795285242337 0.006496043720866099 -0.00799634773369371 0.004127251503000939 3.983389258012565 0.9959837934240092 0.006488916961931625 -0.007987195761538557 0.005836951208281511 0.004269223423845188 0.004267990389739958 -3.4999999999999876 0.4833892580125773
60.87810885914762 0.9960453708371739 0.006414947174820129 -0.00790038421782076 0.005751182393959473 0.331293465157088 -1.7739516788213372 3.6747182768629822 0.006421832367594121 -0.007908109446424548 0.0040801942916113025 3.983579733374475 0.9960283162558763 0.006414947204155808 -0.007899268628895883 0.005751182160451166 0.004238317835379114 0.004237121151681865 -3.500000000000007 0.48357973337446775
61.584821106602604 0.9960890430544798 0.006341813242445142 -0.007813342084785888 0.005666819083682479 0.33101277309221055 -1.760179778795833 3.6447035218463895 0.006348465016327438 -0.007820803752240528 0.004033670157821626 3.9837680277126726 0.9960723638437033 0.006341813270162945 -0.007812263514815777 0.005666818863040292 0.004207474214474394 0.004206312859851463 -3.500000000000008 0.4837680277126644
62.29973732441844 0.9961322527700585 0.006269505898038792 -0.0077272146551115445 0.00558383603322068 0.33067851298734796 -1.746459197800914 3.614836147862427 0.006275932155060842 -0.007734421759258323 0.003987673141305433 3.983954165893432 0.9961159408286672 0.0062695059242276335 -0.007726171886574275 0.00558383582473831 0.004176695624411966 0.004175568604294995 -3.5000000000000018 0.4839541658934304
63.02295274956023 0.9961750044210057 0.0061980160017858716 -0.007641993405619403 0.005502208247912057 0.3302920242425569 -1.732790725622876 3.585117012239953 0.006204224377001034 -0.007648954636876451 0.003942197346586693 3.984138172503126 0.9961590518171503 0.0061980160265298 -0.007640985260542126 0.005502208050921797 0.004145985068099095 0.004144891414056638 -3.4999999999999964 0.4841381725031292
63.75456372456507 0.9962173024129464 0.006127334508970508 -0.007557669864107412 0.005421911219772421 0.3298546263521822 -1.7191751337569672 3.55554694528354 0.0061333323794486826 -0.007564393615983357 0.0038972369423753736 3.9843200718513474 0.9962017013807212 0.006127334532348969 -0.0075566952028041515 0.005421911033643062 0.004115345488363334 0.004114284257484448 -3.499999999999999 0.4843200718513487
64.4946677103762 0.9962591511199678 0.006057452469170884 -0.007474235609893891 0.005342920917684197 0.32936761904359946 -1.7056131754696375 3.526126750318161 0.006063246962691347 -0.007480729989140467 0.003852786160908868 3.984499887973837 0.9962438940561263 0.006057452491258975 -0.007473293329742632 0.005342920741819049 0.004084779768258796 0.004083750042548557 -3.5000000000000004 0.4844998879738368
65.24336329932625 0.996300554884561 0.005988361025454611 -0.0073916822743274645 0.005265213777781752 0.3288322824182677 -1.6921055858671759 3.4968572037436765 0.005993959028907119 -0.007397955110745234 0.0038088392972992057 3.984677644635491 0.9962856343452897 0.005988361046323317 -0.007390771308585308 0.0052652136116167645 0.004054290731384012 0.004053291617170754 -3.500000000000004 0.48467764463548685
66.00075022827095 0.9963415180175731 0.00592005141357502 -0.007310001541264152 0.005188766694029603 0.3282498770952986 -1.6786530819683634 3.4677390550988525 0.005925459581078912 -0.007316060397172121 0.003765390708886087 3.9848533653332683 0.9963269267153222 0.005920051433291438 -0.007309120857919253 0.005188766537031591 0.004023881142211324 0.004022911769565344 -3.499999999999991 0.4848533653332773
66.76692939187564 0.9963820447981674 0.005852514961168632 -0.007229185147512529 0.00511355700898981 0.3276216443564932 -1.6652563627820323 3.4387730271347774 0.005857739721919319 -0.007235037326893879 0.0037224348145956493 3.985027073299118 0.9963677755985398 0.005852514979796179 -0.007228333748172409 0.005113556860654765 0.003993553706427535 0.003992613228591889 -3.499999999999988 0.4850270732991298
67.54200285605586 0.9964221394737943 0.005785743086953981 -0.007149224883248043 0.005039562504775009 0.32694880629271816 -1.6519161093902834 3.4099598158975666 0.00579079065280597 -0.007154877440583368 0.0036799660943049785 3.985198791502894 0.9964081853924894 0.0057857431045525995 -0.007148401802061977 0.005039562364626527 0.003963311071285503 0.0039623986641173885 -3.4999999999999867 0.48519879150290746
68.32607387157402 0.9964618062601708 0.005719727299932086 -0.0070701125923975814 0.004966761394183532 0.32623256595141426 -1.6386329850345804 3.3813000908200426 0.005724603672727298 -0.007075572341195146 0.0036379790882123055 3.9853685426551704 0.9964481604599833 0.005719727316558435 -0.0070693168950131105 0.004966761261771292 0.003933155825966632 0.003932270687390489 -3.500000000000001 0.48536854265516927
69.11924688779365 0.9965010493412673 0.0056544591985887615 -0.006991840172995165 0.004895132312013197 0.3254741074842675 -1.625407635207166 3.352794494822373 0.0056591701772386645 -0.006997113694028995 0.0035964683962129086 3.985536349210052 0.9964877051291416 0.005654459214296383 -0.006991070955546953 0.004895132186911556 0.003903090501953819 0.003902231851425083 -3.500000000000003 0.485536349210049
69.92162756659374 0.9965398728693047 0.005589930470098902 -0.006914399577509582 0.004824654306550243 0.3246745963004094 -1.612240687747481 3.3244436444213235 0.005594481657428693 -0.006919493226776707 0.003555428677280603 3.9857022333680465 0.9965268236934416 0.0055899304849384105 -0.006913655965640344 0.004824654188356872 0.003873117573414543 0.0038722846513948033 -3.49999999999999 0.4857022333680569
70.73332279644438 0.9965782809647578 0.005526132889533057 -0.006837782813145284 0.004755306831230163 0.3238351792151568 -1.5991327529411716 3.2962481298480575 0.005530529698895833 -0.00684270272954952 0.0035148546488548878 3.9858662170787627 0.9965655204117748 0.005526132903552281 -0.006837063961057497 0.004755306719564795 0.003843239457594216 0.0038424315250371616 -3.5000000000000067 0.48586621707875616
71.55444070664578 0.9966162777163674 0.005463058319066354 -0.006761981942116916 0.004687069736467062 0.32295698460602207 -1.586084423625719 3.268208515174248 0.005467305980734969 -0.00676673405489079 0.003474741086233637 3.9860283220437287 0.9966037995085107 0.005463058332310506 -0.006761287031653553 0.004687069630970282 0.00381345851521897 0.0038126748530661514 -3.499999999999981 0.4860283220437477
72.38509068173255 0.9966538671811597 0.005400698707190075 -0.006686989081898715 0.004619923261648331 0.32204112256319783 -1.5730962752969981 3.2403253384463078 0.005404802274534117 -0.0066915791177705256 0.003435082821971354 3.986188569719043 0.9966416651735683 0.005400698719701874 -0.006686317321654218 0.0046199231619804305 0.0037837770509080424 0.0037830169595966102 -3.499999999999981 0.4861885697190618
73.22538337604533 0.9966910533844731 0.005339046087925918 -0.00661279640544968 0.0045538480272913845 0.32108868504933863 -1.560168866222602 3.212599111827536 0.005343010443380981 -0.006617229895565649 0.0033958747452829405 3.9863469813181034 0.9966791215624924 0.005339046099745746 -0.006612147029907745 0.004553847933131294 0.003754197313595536 0.003753460112575005 -3.5000000000000004 0.4863469813181031
74.07543072847163 0.9967278403199924 0.005278092580043204 -0.006539396141414854 0.004488825027359371 0.320100746051998 -1.5473027375574304 3.1850303217480325 0.005281922440879434 -0.006543678428024202 0.003357111801452923 3.9865035778142444 0.9967161727965377 0.005278092591209219 -0.006538768410113751 0.004488824938403639 0.003724721496960783 0.00372400652422038 -3.4999999999999956 0.4865035778142486
74.93534597735753 0.996764231949788 0.005217830386279148 -0.006466780574303987 0.004424835621732747 0.31907836174425697 -1.5344984134643607 3.1576194290621142 0.005221530310175752 -0.006470916817216511 0.0033187889912501592 3.9866583799434676 0.9967528229627579 0.005217830396827415 -0.00646617377102863 0.004424835537694581 0.0036953517398675027 0.003694658351474077 -3.5000000000000013 0.4866583799434663
75.8052436755926 0.996800232204365 0.005158251792562341 -0.006394942044648337 0.0043618615288336824 0.3180225706422446 -1.5217564012364102 3.1303668692130864 0.005161826182994549 -0.006398937227469132 0.003280901370347942 3.9868114082069215 0.9967890761141018 0.005158251802526938 -0.006394355476647189 0.004361861449442031 0.0036660901268115373 0.003665417696456567 -3.499999999999959 0.4868114082069621
76.6852397058701 0.9968358449827147 0.005099349167239566 -0.006323872949135909 0.0042998848184002915 0.3169343937640283 -1.5090771914241667 3.1032730524051746 0.005102802278684369 -0.006327731885288137 0.0032434440487494865 3.9869626828735787 0.9968249362695143 0.005099349176652701 -0.0063233059463637786 0.004299884743399 0.0036369386883763357 0.0036362866069340055 -3.499999999999989 0.48696268287358974
77.57545129612413 0.9968710741523759 0.005041114960306103 -0.006253565740726347 0.004238887904407783 0.3158148347918317 -1.4964612579670193 3.0763383637823196 0.005044450903272789 -0.006257293079267606 0.0032064121902187644 3.9871122239827717 0.9968604074140414 0.005041114969198211 -0.006253017655109561 0.004238887833554759 0.0036078994016964685 0.003607267076789516 -3.5000000000000098 0.4871122239827619
78.47599703514611 0.9969059235494996 0.00498354170263962 -0.006184012928746135 0.0041788535381336355 0.31466488023197403 -1.4839090583259296 3.0495631636138127 0.004986764448531002 -0.006187613159985559 0.0031698010117166575 3.9872600513467154 0.9968954934989437 0.004983541711039464 -0.006183483133471995 0.00417885347120009 0.0035789741909288274 0.0035783610465050164 -3.499999999999983 0.4872600513467323
79.38699688838231 0.9969403969789198 0.004926622005237815 -0.006115207078964303 0.004119764801363962 0.3134854995781282 -1.4714210336207554 3.022947787486358 0.0049297353910478115 -0.006118684539888218 0.0031336057828424 3.9874061845530555 0.996930198441812 0.004926622013172573 -0.006114694967793423 0.004119764738133682 0.0035501649277306833 0.0035495704036489777 -3.4999999999999774 0.48740618455307805
80.30857221391513 0.9969744982142315 0.00487034855845986 -0.006047140813650073 0.004061605099738289 0.3122776454739613 -1.4589976087700318 2.99649254650254 0.004873356291312925 -0.006050499693161088 0.0030978218252802462 3.9875506429672893 0.9969645261266886 0.004870348565955215 -0.006046645800249707 0.004061605040006949 0.0035214734317451845 0.0035208969833701222 -3.499999999999985 0.4875506429673042
81.24084577862966 0.997008230997872 0.004814714131271768 -0.0059798068116124 0.00400435815623 0.31104225387706874 -1.4466391926343984 2.970197727485362 0.004817619792809467 -0.005983051155589981 0.0030624445122513634 3.987693445735271 0.9969984804041938 0.004814714138351991 -0.005979328328911311 0.00400435809980451 0.0034929014710932344 0.0034923425688987075 -3.500000000000009 0.4876934457352622
82.18394177456803 0.997041599041208 0.004759711570495843 -0.005913197808222478 0.003948008004759782 0.30978024422423234 -1.434346178162552 2.944063593188731 0.004762518621115687 -0.00591633152441031 0.0030274692679708995 3.987834611785638 0.9970320650916557 0.004759711577183866 -0.005912735307786202 0.00394800795145767 0.0034644507628719505 0.003463908892053721 -3.5000000000000058 0.4878346117856324
83.13798583547334 0.9970746060246285 0.004705333800064212 -0.0058473065954196745 0.0038925389839394365 0.3084925195955037 -1.422118942539858 2.918090382513628 0.004708045583015729 -0.005850333458146022 0.0029928915671102087 3.9879741598322345 0.9970652839732446 0.004705333806381706 -0.005846859546845994 0.003892538933588271 0.0034361229736592632 0.003435597633756561 -3.500000000000006 0.48797415983222847
84.10310505352605 0.9971072555976404 0.004651573820276604 -0.005782126021701438 0.0038379357309434353 0.30717996687974836 -1.409957847339058 2.892278310729841 0.004654193565619421 -0.005785049676437159 0.0029587069342641545 3.9881121083764177 0.9970981408001126 0.004651573826244045 -0.005781693912034799 0.0038379356833802723 0.003407919720024323 0.0034074104245496338 -3.4999999999999996 0.48811210837641816
85.07942799627445 0.9971395513789709 0.004598424707062402 -0.005717648992097826 0.0037841831755057002 0.30584345694245396 -1.3978632386755763 2.8666275697029104 0.004600955535490963 -0.0057204729598599804 0.0029249109434235105 3.9882484757095424 0.9971306392905355 0.004598424712699141 -0.005717231325262653 0.0037841831305765647 0.003379842569043519 0.0033793488451210503 -3.500000000000009 0.4882484757095334
86.06708472376162 0.9971714969566734 0.0045458796112471085 -0.005653868468131253 0.003731266534039132 0.30448384479130297 -1.3858354473629158 2.8411383281262865 0.00454832453778651 -0.005656596149734828 0.0028914992174523886 3.9883832799151877 0.9971627831300586 0.004545879616571426 -0.0056534647643829514 0.0037312664915985254 0.003351893038821842 0.0033514144268337836 -3.4999999999999853 0.48838327991520225
87.06620680585127 0.9972030958882371 0.004493931757823225 -0.0055907774677619055 0.003679171303875393 0.30310196974358217 -1.373874789071178 2.8158107317582837 0.004496293695400505 -0.005593412147926523 0.002858467427570678 3.988516538871501 0.9971945759716474 0.0044939317628523955 -0.005590387263156122 0.003679171263785829 0.003324072599019242 0.003323608652261001 -3.5000000000000036 0.48851653887149754
88.07692733975462 0.9972343517007007 0.004442574445225696 -0.00552836906531935 0.0036278832576225723 0.30169865559455733 -1.3619815644893505 2.7906449036637926 0.004444856208120738 -0.005530913916636066 0.0028258112928414483 3.988648270253524 0.9972260214358399 0.004442574449976044 -0.005527991911197335 0.003627883219754138 0.003296382671381675 0.003295932955724053 -3.4999999999999987 0.48864827025352536
89.09938096776106 0.9972652678907717 0.004391801044611887 -0.0054666363914210245 0.0035773884376383387 0.3002747107837225 -1.3501560594870314 2.765640944460467 0.004394005351791996 -0.005469094478182702 0.002793526579663269 3.988778491535396 0.9972571231109036 0.0043918010490988325 -0.0054662718539121085 0.003577388401868278 0.0032688246302767805 0.0032683887238367597 -3.499999999999994 0.48877849153540215
90.13370389517434 0.9972958479249469 0.0043416049991462455 -0.005405572632877862 0.003527673150616306 0.2988309285644508 -1.3383985452798752 2.740798932569175 0.004343734477488298 -0.005407946914778817 0.0027616091012674557 3.988907219992608 0.9972878845529949 0.0043416050033843615 -0.0054052202924177615 0.003527673116828623 0.003241399803233619 0.003240977296052708 -3.5000000000000258 0.4889072199925823
91.1800339084568 0.9973260952396382 0.004291979823289667 -0.005345171032587777 0.003478723962283303 0.2973680871721305 -1.3267092785976127 2.716118924468622 0.004294037010693606 -0.005347464368297274 0.0027300547172201574 3.989034472704257 0.9973183092863206 0.00429197982729272 -0.005344830483451761 0.0034787239303684008 0.0032141094714864863 0.0032136999652159002 -3.4999999999999973 0.4890344727042594
92.23851039358476 0.9973560132413016 0.004242919102093585 -0.005285424889417228 0.003430527692205321 0.29588694999250675 -1.3150885018513438 2.6916009549537625 0.004244906450490924 -0.005287640040030321 0.0026988593329292736 3.989160266555189 0.9973484008033049 0.004242919105874583 -0.005285095739269342 0.0034305276620596394 0.003186954870522236 0.0031865579781168154 -3.5000000000000115 0.48916026655517747
93.30927435461663 0.997385605306569 0.004194416490498879 -0.005226327558071464 0.0033830714086999477 0.29438826573114385 -1.303536443305335 2.667245037398 0.004196336368759721 -0.005228467190442034 0.0026680188991561582 3.989284618238184 0.9973781625647556 0.004194416494070112 -0.005226009427527121 0.0033830713802256384 0.003159937190631024 0.0031595525360490514 -3.500000000000005 0.4892846182381791
94.39246843247668 0.9974148747823831 0.0041464657126396316 -0.005167872448954096 0.0033363424238531483 0.29287276858124756 -1.292053317248703 2.6430511640188667 0.0041483204093816445 -0.005169939138914083 0.0026375294115320866 3.9894075442561276 0.9974075980000358 0.004146465716012714 -0.005167564971157471 0.003336342396957763 0.0031330575774604383 0.0031326847953715067 -3.5000000000000138 0.48940754425611394
95.48823692395666 0.9974438249861366 0.004099060561151762 -0.005110053028015865 0.0032903282886382807 0.2913411783933326 -1.28063932416919 2.6190193061469444 0.004100852287454378 -0.005112049263484223 0.002607386910079437 3.9895290609241014 0.997436710507235 0.004099060564337663 -0.005109755848230438 0.003290328263234464 0.003106317132572081 0.0031059558680714117 -3.5000000000000138 0.48952906092408777
96.59672580093833 0.9974724592058123 0.0040521948964866075 -0.005052862816593648 0.0032450167881352614 0.28979420084368623 -1.2692946509280363 2.5951494144980694 0.004053925788513641 -0.005054791000579054 0.0025775874787375523 3.9896491843714954 0.9974655034533467 0.004052194899495692 -0.005052575591806238 0.003245016764140478 0.003079716914001118 0.003079366822331112 -3.500000000000031 0.48964918437146454
97.71808272983898 0.9975007807001277 0.004005862646229417 -0.004996295391239667 0.003200395936847854 0.28823252760391505 -1.258019470936544 2.5714414194482718 0.004007534767763198 -0.00499815784474048 0.002548127244893257 3.9897679305440743 0.9974939801744434 0.004005862649071477 -0.004996017789776847 0.0032003959141841277 0.0030532579368179763 0.0030529186830960263 -3.5000000000000204 0.48976793054405404
98.85245709128276 0.9975287926986807 0.003960057804422878 -0.004940344383541538 0.0031564539741171156 0.28665683650803553 -1.2468139443336392 2.5478952313116037 0.003961673149312847 -0.0049421433483469715 0.0025190023789159717 3.9898853152060694 0.9975221439758569 0.003960057807107166 -0.004940076084698889 0.0031564539527107684 0.0030269411736922507 0.0030266124326457358 -3.5000000000000244 0.4898853152060451
100.0 0.9975564984020993 0.003914774430895651 -0.004885003479933419 0.00311317935962902 0.28506779172442975 -1.235678218164864 2.5245107406204896 0.003916334925424315 -0.004886741121328866 0.0024902090936974263 3.990001353942204 0.9975499981323596 0.003914774433430907 -0.004884744173616315 0.0031131793394104453 0.0030007675554584085 0.003000449011165598 -3.500000000000032 0.49000135394217215
