1.0 0.9161753840959869 0.09405292775874036 1.2292147665653885 0.21288228065853415 -45.375102058694395 -19.655120672983006 3.4254327004595684 0.3055285039824168 -0.09614095925727095 0.17337298267890866 2.124452325905242 0.9378540280589641 0.09242870892806608 1.218986801211125 0.21378657051957142 0.6675569819161146 0.642428016871919 -2.0 0.12445232590524201
1.011608643249581 0.9152224321004774 0.09439675747837492 1.2139011855349218 0.21632388624738416 -44.4876388339541 -19.198206117046166 3.758554718874354 0.30277386359907116 -0.09841619524585833 0.17205534763640912 2.128514479119296 0.9365654315836375 0.0927970358472154 1.2036516186956663 0.21730581371529636 0.6504767866089293 0.625859571458752 -1.9999999999999996 0.12851447911929637
1.0233520470972581 0.9142660564860104 0.0947304003182752 1.1984489078648115 0.21983398408263427 -43.609936572925335 -18.751738760613897 4.082116520327439 0.3000353980349117 -0.10071086264362411 0.17074102791091803 2.1326677925740722 0.9352704201896963 0.09315577713171423 1.1881813562781858 0.22089186713696807 0.6333716969172529 0.6092851550255074 -1.9999999999999998 0.1326677925740724
1.0352317759307386 0.9133066135939549 0.09505380391855033 1.1828638358150274 0.22341072701411988 -42.74258753575459 -18.315962643021024 4.396156752192123 0.2973131721385475 -0.10302411024149016 0.16943015810070206 2.136912913355784 0.9339695209079399 0.09350485227137603 1.172582185218416 0.22454271772257214 0.6162722065865168 0.5927333332777756 -2.0000000000000004 0.13691291335578376
1.0472494122981486 0.9123444661273017 0.0953669235318423 1.167151906441859 0.22705206860318006 -41.88612875675136 -17.891086627423785 4.700730881263896 0.2946072487109155 -0.1053550635934789 0.16812286981084154 2.1412504495971696 0.9326632693222735 0.09384418750613464 1.1568603072674075 0.2282561554026881 0.599207447690906 0.5762313024055842 -1.9999999999999998 0.14125044959716973
1.0594065571188513 0.9113799828782077 0.09566972181288613 1.15131909335697 0.23075576435105152 -41.04104234412933 -17.477285262109593 4.995910431516142 0.2919176885232692 -0.10770282573610508 0.1668192916663235 2.1456809693831245 0.9313522090928363 0.09417371568126162 1.1410219553155336 0.23202977501170438 0.5822051237368566 0.5598048361965073 -2.0000000000000004 0.1456809693831241
1.071704829896711 0.9104135384449726 0.0959621685970868 1.1353714081825619 0.2345193735840811 -40.20775615279265 -17.074699829234618 5.28178213263139 0.2892445503316737 -0.11006647794101079 0.1655195493261385 2.150204999684985 0.9300368914669958 0.09449337609351242 1.1250733937413822 0.23586097885917603 0.5652914578190575 0.5434782472280539 -1.9999999999999991 0.15020499968498593
1.0841458689358348 0.9094455129387393 0.0962442406691396 1.1193149016870412 0.23834026199974054 -39.386644793781215 -16.683439555185696 5.558446996486726 0.2865878908880206 -0.11244508049995566 0.16422376549834997 2.1548230253255665 0.9287178747788459 0.09480311432900079 1.1090209184515187 0.23974697996102515 0.5484911551573193 0.5272743613704772 -2.0 0.15482302532556624
1.0967313315588179 0.9084762916803042 0.09651592152273077 1.1031556645873857 0.24221560487448324 -38.57803094290641 -16.303582957018733 5.8260193380545475 0.28394776494760116 -0.1148376735411707 0.16293205995611038 2.15953548797699 0.9273957239378726 0.0951028820936245 1.0928708566030212 0.24368480592723654 0.5318273792101388 0.5112145047261739 -2.0 0.15953548797698971
1.109462894327522 0.9075062648873798 0.09677720111237142 1.086899828006322 0.24614239093147455 -37.782186910783025 -15.935179300089235 6.0846257562640185 0.28132422527328205 -0.1172432778760904 0.1616445495545932 2.164342785193409 0.9260710099074742 0.09539263703685562 1.0766295660024832 0.24767130349962752 0.5153217404558469 0.49531850205257744 -2.000000000000001 0.16434278519340814
1.1223422532664178 0.906535827352705 0.0970280755984232 1.0705535635742636 0.25011742686319854 -36.99933643679737 -15.578250142997412 6.334404089295984 0.2787173226363506 -0.11966089587534964 0.1603613482488154 2.1692452694806343 0.924744309174045 0.09567234256972902 1.0603034341771445 0.2517031437302038 0.4989942968535809 0.4796046856610999 -2.0000000000000004 0.1692452694806337
1.1353711240885187 0.9055653781134377 0.0972685470863749 1.0541230831678963 0.2541373425008734 -36.22965667046966 -15.232790947259591 6.5755023575962745 0.27612710581411143 -0.12208951237294052 0.1590825671123211 2.1742432474047195 0.9234162032073578 0.09594196767785146 1.0438988771155662 0.2557768277875609 0.4828635649427954 0.4640899137526834 -2.0 0.1742432474047194
1.1485512424239381 0.9045953201122613 0.0974986233614295 1.0376146382792124 0.2581985966195371 -35.47328030507378 -14.89877273062828 6.808077706626074 0.2735536215843276 -0.12452809559732159 0.15780831435670076 2.1793369787414805 0.9220872779129942 0.09620148673025743 1.0274223376771472 0.25988869337575426 0.4669465405095326 0.44878959713932604 -1.9999999999999996 0.17933697874148088
1.1618843640511005 0.9036260598506736 0.09771831761945464 1.0210345190107244 0.26229748336461234 -34.73029783018109 -14.57614374465527 7.032295360060736 0.27099691471661896 -0.1269755981282516 0.15653869535191872 2.184526675668934 0.9207581230776001 0.0964508792849279 1.010880283671546 0.2640349217471058 0.45125872773798503 0.43371773330770175 -2.0000000000000004 0.18452667566893383
1.1753722651306362 0.9026580070349342 0.09792764819534022 1.0043890526945387 0.26643013928273335 -34.00075987190893 -14.26483115887298 7.248327592829002 0.26845702796094345 -0.12943095787803927 0.15527381264742307 2.1898125020045636 0.9194293318077563 0.09669012989178112 0.9942792056108336 0.26821154528750873 0.4358141757746106 0.4188869468034911 -1.9999999999999996 0.18981250200456395
1.1890167424419895 0.9016915742151915 0.09812663828979058 0.9876846021348797 0.27059255093664647 -33.284679591998824 -13.964742735809917 7.45635273208118 0.26593400203329753 -0.13189309909588337 0.15401376599401112 2.1951945724893207 0.9181014999632755 0.09691922789392794 0.9776256141388953 0.27241445564998945 0.42062552165656814 0.4043085349506315 -2.0 0.19519457248932062
1.2028196136227776 0.9007271764183075 0.09831531569556287 0.9709275634755822 0.27478056308108917 -32.58203511934528 -13.6757684829129 7.656554192909598 0.26342787559878944 -0.13436093339388652 0.15275865236642627 2.200672952120169 0.9167752255857492 0.09713816722797608 0.9609260371443259 0.27663941240958306 0.40570403859410076 0.3899925179661006 -2.0000000000000004 0.20067295212016828
1.2167827174109234 0.8997652307749227 0.09849371252414149 0.9541243636959973 0.2789898873737418 -31.892771990180254 -13.397782269284503 7.849119554436465 0.26093868525224984 -0.1368333607933179 0.15150856598665885 2.2062476555329664 0.9154511083231882 0.09734694622413996 0.9441870165646057 0.28088205221000573 0.391059688645107 0.3759476925854493 -1.9999999999999996 0.20624765553296698
1.2309079138896024 0.8988061561413305 0.09866186493381174 0.9372814577405908 0.2832161115926423 -31.216805575724134 -13.130643396927724 8.034239680747266 0.2584664654965531 -0.13930927078963173 0.15026359834792777 2.2119186464374 0.9141297488516079 0.09754556740689735 0.9274151048909267 0.2851378983701828 0.37670117887711996 0.362181688375247 -1.9999999999999996 0.21191864643740044
1.2451970847350329 0.8978503727167324 0.09881981286006908 0.9204053252893983 0.28745470932886336 -30.55402347869871 -12.874198117897256 8.212107890092446 0.2560112487188379 -0.14178754343470018 0.1490238382393164 2.2176858371055967 0.9128117482944239 0.09773403729691181 0.9106168613845841 0.28940237091641036 0.3626360201751893 0.34870102597377595 -1.9999999999999993 0.21768583710559739
1.2596521334671402 0.8968983016564713 0.09896759974926665 0.903502467178296 0.2917010501208212 -29.90428788261127 -12.62828109036559 8.382919174814125 0.2535730651648212 -0.14426705043470156 0.14778937177103926 2.2235490879160125 0.9114977076405338 0.09791236621490536 0.8937988480171615 0.29367079700383064 0.3488705879215225 0.33551117656877055 -1.9999999999999993 0.22354908791601316
1.2742749857031337 0.8959503646818412 0.09910527229637156 0.8865794014797841 0.2959504099943072 -29.26743784012927 -12.392716768110404 8.546869473581946 0.25115194291141246 -0.14674665626204111 0.14656028240031369 2.229508206954065 0.910188227161967 0.09808056808814693 0.8769676251481713 0.29793842168899476 0.33541018384253096 0.32261662198957813 -2.0 0.2295082069540651
1.2890675894140264 0.8950069836871067 0.0992328801876582 0.8696426592567126 0.30019798237022116 -28.643291489147472 -12.167320719306524 8.704154996743956 0.24874790783783837 -0.1492252192796561 0.14533665095781326 2.235562949670924 0.9088839058319917 0.09823866026018552 0.860129746955051 0.3022004190135664 0.32225909838953687 0.31002091485914807 -2.0000000000000004 0.23556294967092367
1.304031915184131 0.8940685803443383 0.09935047584913294 0.8526987800029886 0.3044388893000867 -28.031648187280226 -11.951900871754878 8.854971604914784 0.24636098359549938 -0.15170159287602134 0.14411855567467827 2.241713018601763 0.9075853407445728 0.09838666330442518 0.8432917566315774 0.30645190335772154 0.30942067308945564 0.29772673831779317 -2.0 0.24171301860176292
1.3191699564735717 0.8931355757067235 0.09945811420143431 0.835754306786881 0.3086681929877048 -27.432290557478407 -11.746258682801123 8.999514240331049 0.24399119157678248 -0.1541746266091399 0.14290607221005863 2.247958063144689 0.9062931265360745 0.09852460084210689 0.8264601813718732 0.3106879410205098 0.29689736237019654 0.28573596489483405 -2.0000000000000004 0.24795806314468882
1.3344837298838386 0.8922083898109793 0.099555852421915 0.818815781114017 0.3128809075538278 -26.84498643926587 -11.550190233187259 9.137976409999817 0.24163855088305938 -0.15664316735777176 0.14169927367916704 2.254297679401446 0.905007854810106 0.09865249936522463 0.8096415271581544 0.3149035619834079 0.2846907944313988 0.2740497141652229 -1.9999999999999993 0.2542976794014467
1.3499752754264305 0.8912874412795285 0.09964374971455872 0.8018897375285537 0.31707201099945087 -26.26949074171191 -11.36348724494634 9.270549719243762 0.23930307829210423 -0.15910606047813694 0.14049823068181597 2.260731410080903 0.903730113566401 0.09877038806486421 0.7928422733712858 0.3190937718124486 0.27280183079373754 0.26266840888566867 -1.9999999999999998 0.260731410080903
1.3656466567946106 0.8903731469230879 0.0997218670883417 0.7849826979723243 0.32123645732231276 -25.705547195698365 -11.185938024194396 9.397423453902164 0.23698478822516653 -0.16156215096428758 0.1393030113314175 2.2672587444661807 0.9024604866346222 0.09887829866542075 0.7760688672439872 0.32325356365375724 0.26123062421886806 0.25159182935814156 -1.9999999999999996 0.2672587444661811
1.3814999616383223 0.8894659213443221 0.09979026714459409 0.7681011659229176 0.3253691887403961 -25.15289000431698 -11.017328330306109 9.518784209172436 0.23468369271393505 -0.16401028461036155 0.13811368128442061 2.2738791184462177 0.9011995531139756 0.09897626526510227 0.7593277181772092 0.32737793027698064 0.24997667474673832 0.24081916581776217 -2.0000000000000004 0.27387911844621726
1.3975373018422914 0.8885661765432314 0.09984901387386748 0.7512516203327868 0.32946514797569565 -24.611245391340745 -10.857442173485587 9.634815562866333 0.23239980136763116 -0.16644930917286663 0.13693030377016313 2.280591914612363 0.8999478868195078 0.0990643241830961 0.7426251919408381 0.33146187612099903 0.23903888364732115 0.23034906868694213 -1.9999999999999996 0.28059191461236344
1.4137608138073605 0.8876743215249089 0.09989817246276217 0.7344405093923954 0.33351929055124707 -24.080333048666127 -10.706062543170571 9.745697790702133 0.23013312134046646 -0.16887807553118298 0.13575293962111487 2.2873964624205474 0.8987060557359537 0.09914251381372598 0.725967604780253 0.3355004292964805 0.2284156051295886 0.22017969657798425 -1.999999999999999 0.28739646242054856
1.4301726587350876 0.8867907619103417 0.09993780911111297 0.7176742441413058 0.33752659705437693 -23.55986748443148 -10.562972070047099 9.851607621151313 0.22788365729969934 -0.17129543884442047 0.13458164730348868 2.294292038419367 0.8974746214799859 0.09921087448789223 0.7093612174507531 0.3394886535002238 0.2181046956918944 0.21030876196260848 -1.9999999999999998 0.294292038419367
1.446775022915648 0.8859158995508876 0.09996799085987992 0.7009591919518071 0.3414820853193926 -23.049559274186944 -10.427953624708822 9.952718027300092 0.22565141139452044 -0.17370025970279557 0.1334164829481966 2.301277866544335 0.8962541387717033 0.0992694483420436 0.6928122292020014 0.34342165979687717 0.2081035610347928 0.20073357445877796 -1.9999999999999998 0.3012778665443354
1.46357011801908 0.8850501321470765 0.09998878543003642 0.6843016699102866 0.34538082248340435 -22.54911621804043 -10.300790856181514 10.049198053166387 0.22343638322599452 -0.1760914052716843 0.13225750038212708 2.3083531184784065 0.8950451549161828 0.09931827919488535 0.6763267717348296 0.347294618224499 0.1984092004899606 0.19145108171326014 -2.0 0.3083531184784066
1.4805601813899107 0.8841938528723687 0.100000261072691 0.6677079381220048 0.3492179368697316 -22.05824440713825 -10.181268673656463 10.141212671924498 0.22123856981827708 -0.17846775042650032 0.13110475115972134 2.3155169140786978 0.8938482092958924 0.09935741243199164 0.6599109031527642 0.3511027691815036 0.18901824894740615 0.18245790788264807 -2.000000000000001 0.3155169140786968
1.4977474763452012 0.8833474500024919 0.10000248643062748 0.6511841929652497 0.35298862965434163 -21.576649203173314 -10.069173674844158 10.228922673530194 0.21905796559132387 -0.1808281788765738 0.1299582845948253 2.322768321869237 0.8926638328747507 0.099386894898448 0.643570601930552 0.3548414345538851 0.17992701628783456 0.1737503897363307 -2.0000000000000004 0.32276832186923665
1.515134292476053 0.8825113065509724 0.09999553041139306 0.6347365603210499 0.3566881862719929 -21.104036134859818 -9.964294524380868 10.312484579299985 0.21689456233529755 -0.18317158427621738 0.12881814779279482 2.330106359599398 0.8914925477145889 0.09940677479960307 0.6273117609217186 0.35850602854310104 0.171131524348137 0.1653246104224265 -2.0 0.3301063595993981
1.5327229459526137 0.8816857999114551 0.09997946207201096 0.618371088804652 0.36031198752024035 -20.640111715477083 -9.86642228570107 10.392050581078818 0.21474834918687108 -0.1854968713211691 0.12768438568283116 2.337529994867519 0.8903348665047487 0.09941710160998027 0.6111401814269894 0.3620920681567517 0.16262754146572414 0.15717643095233838 -2.000000000000001 0.3375299948675183
1.5505157798326246 0.8808713015074061 0.09995435051534317 0.6020937430248899 0.3638555203211288 -20.184584185684663 -9.775350709735953 10.46776850272386 0.21261931260761924 -0.18780295682864542 0.12655704105052426 2.3450381458090823 0.889191292105524 0.09941792599035096 0.5950615673448918 0.3655951833260672 0.15441061466217107 0.14930151947141923 -1.9999999999999996 0.3450381458090824
1.5685151643735473 0.8800681764497508 0.09992026479807616 0.5859103968973527 0.3673143881023124 -19.73716418584846 -9.690876483717386 10.53978178173682 0.21050743636467506 -0.19008877079925476 0.12543615457058205 2.3526296818486703 0.8880623171061228 0.09940929971293563 0.5790815194254096 0.36901112661631924 0.14647609953861068 0.14169537839274035 -1.9999999999999993 0.35262968184867094
1.5867234973483177 0.8792767832030179 0.09987727385025429 0.5698268270368747 0.37068432076142716 -19.297565362105495 -9.612799443264148 10.608229468989077 0.208412701513823 -0.1923532574590467 0.12432176483972247 2.360303424514749 0.886948423397797 0.09939127559466768 0.5632055296469498 0.372335782498471 0.1388191879648049 0.13435336947828982 -1.9999999999999998 0.3603034245147494
1.605143204364762 0.8784974732605054 0.0998254464062355 0.553848706254403 0.3739611841798061 -18.865504910342974 -9.540922750806828 10.673246244600954 0.20633508638518375 -0.19459537628002366 0.1232139084097073 2.368058148316211 0.8858500817627549 0.09936390743841102 0.5474389757361864 0.37556517615278145 0.1314349336511205 0.12727073695730762 -1.9999999999999998 0.3680581483162106
1.6237767391887217 0.8777305908289856 0.0997648509468997 0.537981597182659 0.3771409892540734 -18.440704062177982 -9.475053043274123 10.734962448156118 0.20427456657163895 -0.19681410297746965 0.12211261982049523 2.375892581679439 0.8847677514794386 0.09932724998199412 0.5317871158495483 0.3786954817775445 0.12431827569796473 0.12044262877520946 -1.9999999999999991 0.3758925816794402
1.6426265840709315 0.8769764725234427 0.09969555565289227 0.5222309460542798 0.38021990041672676 -18.022888516908772 -9.415000551820354 10.793504121552457 0.20223111492012513 -0.19900843048250613 0.12101793163349288 2.383805407944532 0.8837018799447119 0.09928135885488808 0.5162550834342656 0.38172303037875244 0.1174640602208611 0.11386411606882561 -1.9999999999999996 0.3838054079445326
1.661695250077689 0.8762354470723038 0.09961762836864496 0.5066020766552521 0.3831942436195231 -17.611788823270928 -9.360579196224712 10.84899306291048 0.2002047015259206 -0.20117736988831664 0.11992987446488187 2.3917952664191473 0.8826529023134677 0.0992262905423277 0.5008478822860012 0.3846443170191422 0.110867060151479 0.10753021096473382 -2.0 0.3917952664191472
1.6809852774253642 0.8755078350336095 0.09953113657687494 0.4911001844755002 0.38606051375630274 -17.207140714676093 -9.31160665643925 10.901546890077888 0.19819529373002667 -0.2033199513685627 0.11884847701900185 2.399860753488342 0.8816212411561283 0.09916210235664166 0.48557038181898 0.3874560075078489 0.10452199331579773 0.10143588279736324 -2.0000000000000004 0.3998607534883414
1.7004992358187931 0.8747939485225409 0.0994361473832234 0.47573033107738877 0.38881538150478406 -16.808685401444635 -9.267904423608982 10.951279112383503 0.19620285611974042 -0.20543522506654452 0.11777376612176706 2.4080004237786 0.8806073061344698 0.09908885241553475 0.47042731256359 0.39015494451467814 0.09842353889034436 0.09557607284267323 -1.9999999999999996 0.40800042377860113
1.7202397247935985 0.8740940909506942 0.09933272751066112 0.4604974387017609 0.39145569956983456 -16.41616982336777 -9.229297832733304 10.998299209403967 0.19422735053249182 -0.20752226195373932 0.11670576675409708 2.416212791374139 0.8796114936961656 0.09900659962703562 0.45542326190519666 0.39273815309583504 0.09256635233631601 0.08994570766147003 -2.0 0.41621279137413897
1.7402093740624849 0.8734085567774685 0.09922094330325362 0.4454062851298614 0.39397850831373205 -16.029346865754068 -9.195616078987221 11.042712715612923 0.19226873606301398 -0.2095801546564011 0.1156445020853407 2.424496331083434 0.8786341867883979 0.09891540368080705 0.4405626700768731 0.39520284562080293 0.08694507890949285 0.0845397111441847 -1.9999999999999993 0.42449633108343426
1.760410843865553 0.8727376312739025 0.09910086073884786 0.43046149881815576 0.3963810407619862 -15.647975541933462 -9.166692219572194 11.084621309883175 0.19032696907389143 -0.21160801824899286 0.11458999350667323 2.4328494797538194 0.8776757545908517 0.09881532504548285 0.4258498264173707 0.39754642609289903 0.08155436584132429 0.07935301534606932 -1.9999999999999998 0.4328494797538192
1.780846825324682 0.8720815902992699 0.09897254545021611 0.41566755432167324 0.3986607269763255 -15.271821145008659 -9.14236316282446 11.124122908907855 0.18840200320952433 -0.2136049910132765 0.11354226066444743 2.4412706376318685 0.8767365522683569 0.09870642497169058 0.4112888659046122 0.39976649385884216 0.07638887328357459 0.07438057019869589 -2.000000000000001 0.4412706376318679
1.8015200408020253 0.8714407000907115 0.09883606275416557 0.4010287680200307 0.4008151977894956 -14.900655371464705 -9.122469646169776 11.161311763696906 0.18649378941352712 -0.2155702351619708 0.11250132149347906 2.4497581697671693 0.8758169207434051 0.09858876550039117 0.396883765973578 0.40186084670545896 0.07144328410550947 0.06961735218010894 -2.0000000000000004 0.4497581697671692
1.8224332442626665 0.8708152170661555 0.09869147768810056 0.38654929415877937 0.402842287899517 -14.534256419071504 -9.10685620438257 11.196278558389567 0.18460227594956832 -0.21750293752596814 0.11146719225024741 2.4583104074570157 0.8749171864887257 0.09846240947615546 0.3826383436262351 0.40382748334435886 0.06671231262892299 0.06505837202235122 -1.9999999999999991 0.45831040745701657
1.8435892216414884 0.8702053876407407 0.09853885505350685 0.3722331212171981 0.4047400383239927 -14.17240906134257 -9.095371129481734 11.22911051070243 0.18272740842564322 -0.21940231020417258 0.11043988754599333 2.4669256497294185 0.8740376613400582 0.09832742056498878 0.3685562528399016 0.40566460528806814 0.062190712382426905 0.06069868153128844 -2.0000000000000004 0.46692564972941836
1.8649907912142971 0.8696114480569438 0.09837825946580771 0.3580840686120483 0.40650669821794105 -13.814904700649949 -9.087866423476889 11.259891473406116 0.18086912982175787 -0.2212675911751162 0.10941942037969617 2.4756021648617756 0.8731786423292195 0.09818386327629859 0.354640982279116 0.4073706181236821 0.05787328295238876 0.05653337958975914 -2.0 0.47560216486177503
1.8866408039732578 0.8690336242285539 0.09820975541003171 0.3441057837452499 0.40814072606141116 -13.46154140193699 -9.084197745066728 11.288702036291548 0.17902738052098865 -0.22309804486959134 0.10840580217091157 2.484338191932457 0.8723404115375205 0.09803180298859426 0.3408958533147714 0.4089441321925411 0.05375487600382637 0.052557617411165575 -1.9999999999999996 0.4843381919324576
1.908542144006686 0.8684721315986382 0.09803340730171888 0.3303017394018127 0.40964079022583505 -13.112123908821017 -9.08422435128645 11.315619628149445 0.17720209834386827 -0.22489296270362547 0.107399042792454 2.493131942402484 0.8715232359695412 0.09787130597850346 0.32732401835307107 0.4103839626868054 0.04983040054044033 0.04876660310674783 -1.9999999999999996 0.4931319424024846
1.93069772888325 0.8679271750115853 0.09784927955248662 0.31667523150278803 0.41100576893062996 -12.766463643736232 -9.087809035003065 11.340718618344551 0.17539321858603826 -0.22665166357121083 0.10639915060290653 2.501981601724419 0.8707273674472339 0.09770243945268565 0.31392845947560727 0.41168912917603784 0.04609482746888638 0.0451556056259357 -1.9999999999999998 0.5019816017244192
1.953110510040632 0.8673989485993013 0.0976574366396705 0.3032293772164039 0.4122347496040065 -12.424378693633022 -9.09481805906565 11.364070417618777 0.17360067405909246 -0.22837349429630152 0.10540613247894201 2.5108853309755492 0.8699530425242816 0.09752527158221816 0.30071198739055893 0.4128588545789743 0.042543193528346804 0.04171995812538456 -2.0000000000000004 0.5108853309755487
1.975783473178701 0.8668876356815922 0.09745794317945501 0.2899671134290092 0.413327027664232 -12.08569378262499 -9.105121087833012 11.385743577806034 0.1718243951345292 -0.23005783004367106 0.10441999384744036 2.5198412685123737 0.869200482420597 0.09733987153903534 0.2876772406939358 0.4138925635976617 0.03917060464252464 0.03845506081867297 -2.0000000000000004 0.5198412685123732
1.9987196386572506 0.8663934086807404 0.09725086400290887 0.27689119557590064 0.4142821047397396 -11.750240232856672 -9.118591116722513 11.405803890185403 0.17006430979071266 -0.23170407468832888 0.10344073871738613 2.528847531643406 0.868469892976807 0.09714630953399998 0.27482668543853617 0.4147898806329144 0.03597223874734073 0.03535638335506584 -2.0 0.5288475316434056
2.021922061898354 0.8659164290502558 0.09703626423434498 0.264004196830648 0.41509968634844235 -11.417855914757007 -9.13510440035129 11.42431448223919 0.1683203436627403 -0.2333116611432698 0.10246836971153268 2.5379022183172353 0.8677614646285295 0.09694465685619327 0.26216261500726884 0.41555062720170777 0.03294334814391992 0.032419466772362474 -2.0000000000000004 0.5379022183172347
2.0453938337933892 0.8654568472177445 0.09681420937143025 0.25130850765007184 0.4157796790584332 -11.088385187740734 -9.154540379774447 11.441335912618873 0.16659242009509725 -0.23488005164544395 0.1015028880978185 2.547003408822817 0.8670753724002082 0.09673498591301433 0.24968715028635657 0.416174818878635 0.030079261422882374 0.029639925065558723 -1.9999999999999996 0.5470034088228176
2.0691380811147897 0.8650148025418231 0.09658476536648036 0.23880633567064818 0.416322187153869 -10.761678832327993 -9.176781609263443 11.456926264154376 0.16488046019697514 -0.23640873799991055 0.10054429382052245 2.5561491674989303 0.8664117759182376 0.09651737027068691 0.23740224013296066 0.4166626617848654 0.027375385002550944 0.027013446409946375 -2.000000000000001 0.5561491674989295
2.0931579669325737 0.8645904232829631 0.09634799870838603 0.22649970595080118 0.41672750883129006 -10.43759397456418 -9.201713683012294 11.471141234771451 0.16318438290011952 -0.23789724178223626 0.09959258553114538 2.56533754444974 0.8657708194430702 0.09629188469478586 0.22530966213084908 0.4170145486492149 0.024827204320438806 0.02453579407431809 -2.0000000000000004 0.5653375444497396
2.1174566910357124 0.8641838265881344 0.09610397650463048 0.21439046155227887 0.4169961319529008 -10.115994003544502 -9.22922516210772 11.48403422620861 0.16150410501906692 -0.2393451144993 0.09864776061900539 2.5745665772634516 0.8651526319199667 0.09605860519039883 0.2134110236267403 0.4172310544669624 0.022430284714294094 0.022202807057112407 -1.9999999999999993 0.5745665772634523
2.1420374903583843 0.8637951184890876 0.09585276656287452 0.20248026445263426 0.4171287293844051 -9.796748482773845 -9.25920750205329 11.495656430448033 0.1598395413136236 -0.24075193770873518 0.0977098152415364 2.5838342927310074 0.864557327048014 0.09581760904156045 0.20170776303924284 0.4173129317828405 0.020180272026062502 0.02001040047571663 -2.0 0.5838342927310075
2.1669036394111827 0.8634243939140834 0.09559443747160343 0.19077059677972172 0.41712615394590213 -9.479733056026584 -9.291554981095473 11.50605691379649 0.1581906045534318 -0.24211732309734701 0.09677874435427715 2.593138708561856 0.8639850033670063 0.09556897484960467 0.1902011514314738 0.41726110562535157 0.018072892959373563 0.01795456573662704 -2.0 0.5931387085618561
2.1920584507173255 0.8630717367128624 0.09532905867934936 0.17926276235810462 0.41698943300505076 -9.164829348311075 -9.326164629561179 11.515282698570266 0.15655720558446617 -0.2434409125189226 0.09585454174054285 2.6024778350938442 0.8634357443617531 0.09531278257009654 0.17889229433772258 0.4170766681200302 0.01610395521856984 0.01603137051182323 -1.9999999999999996 0.6024778350938447
2.217505275253932 0.8627372196946168 0.09505670057202491 0.16795788855632698 0.4167197627422488 -8.851924862487754 -9.362936160382626 11.523378842355 0.1549392533972968 -0.24472237799193305 0.09493720004076729 2.611849676994328 0.8629096185833491 0.09504911354802523 0.1677821338339734 0.41676087280965046 0.014269347454868813 0.014236958544533385 -2.000000000000001 0.6118496769943272
2.243247502898419 0.8624209046787074 0.09477743454792666 0.15685692842315002 0.41631850211793603 -8.540912872040806 -9.401771900953875 11.530388514825482 0.15333665519695383 -0.24596142165770896 0.09402671078150829 2.6212522349496488 0.8624066797869165 0.09477805055095453 0.15687145084145543 0.416315128709567 0.012565039042976104 0.012567549305499302 -2.0 0.6212522349496488
2.2692885628800803 0.8621228425578455 0.09449133308999237 0.14596066310009842 0.4157871665723064 -8.231692310458344 -9.442576726436396 11.53635307212331 0.15174931647422338 -0.24715777569976108 0.09312306440410718 2.6306835073402204 0.8619269670853027 0.09449967779984474 0.14616086765192324 0.415740994126447 0.010987079709351137 0.011019437518943801 -1.9999999999999998 0.6306835073402206
2.2956319242369094 0.8618430733734413 0.0941984698349203 0.13526970449698317 0.41512742148774495 -7.924167657635275 -9.485257994605899 11.541312128801168 0.15017714107820535 -0.24831120222496872 0.09222625029299451 2.6401414918984742 0.8614705051181939 0.09421408099728425 0.13565085066297522 0.4150401702685326 0.009531599031352473 0.009588992575670417 -1.9999999999999996 0.6401414918984747
2.322281096277725 0.8615816264027988 0.0938989196387875 0.12478449821648348 0.4143410754441652 -7.618248823676864 -9.52972548231129 11.545303627352217 0.14862003128996054 -0.2494214931074665 0.0913362568036353 2.6496241873470807 0.861037304236086 0.09392134735288331 0.1253417133112928 0.4142144946753912 0.008194805824658329 0.00827265784906019 -2.000000000000001 0.6496241873470798
2.3492396290496593 0.8613385202578174 0.09359275863883018 0.11450532671338809 0.41343007329713605 -7.3138510304486255 -9.575891323596641 11.548363905351085 0.14707788789707582 -0.2504884697960916 0.09045307129010668 2.659129595014853 0.8606273606985319 0.09362156560560772 0.1152336191914531 0.4132659344947072 0.006972987434662032 0.007066949928212373 -2.0000000000000004 0.6591295950148527
2.3765111138110746 0.861113762994854 0.09328006431107955 0.10443231267366906 0.4123964891082647 -7.0108946911885255 -9.62366994952048 11.55052776024027 0.1455506102689749 -0.25151198308635575 0.08957668013230273 2.6686557204279224 0.8602406568860681 0.09331482604284794 0.10532658534768356 0.41219657963327805 0.005862508945969393 0.005968457781049851 -2.0 0.6686557204279224
2.4040991835099716 0.8609073522353661 0.09296091552357329 0.09456542259827345 0.4112425189567371 -6.709305288471528 -9.672978029691453 11.55182851180129 0.14403809643280416 -0.25249191285793754 0.08870706876276038 2.678200574873793 0.8598771615252104 0.09300122051604343 0.09562048572581555 0.41100863580868885 0.00485981232268127 0.004973841858913871 -2.000000000000001 0.678200574873792
2.432007513267948 0.8607192752969608 0.09263539258489478 0.08490447057625349 0.4099704736602409 -6.40901325079327 -9.723734415526579 11.552298062355353 0.1425402431497247 -0.25342816777876964 0.08784422169310216 2.687762176936043 0.8595368299258892 0.0926808424527027 0.08611505477257132 0.40970441752756875 0.003961415490807255 0.004079833152963276 -2.0 0.6877621769360427
2.460239820869776 0.8605495093344477 0.09230357728781995 0.07544912223173136 0.4085827714327033 -6.10995382801936 -9.775860085226492 11.55196695474205 0.1410569459914453 -0.2543206849768416 0.08698812254009174 2.6973385539975197 0.8592196042306902 0.09235378686467882 0.07680989116922744 0.4082863410154815 0.0031639113729348993 0.0032832322115841127 -2.0 0.6973385539975194
2.488799867258667 0.8603980214904903 0.09196555294788233 0.06619889882910134 0.4070819305053737 -5.812066965927131 -9.829278090453231 11.550864428128124 0.1395880994168307 -0.25516942968088724 0.08613875405129807 2.706927743709993 0.8589254136752518 0.09202015035258734 0.06770446168682928 0.4067569171226673 0.0024639668841537695 0.0025809081270121 -1.9999999999999996 0.7069277437099936
2.517691457037277 0.8602647690554365 0.09162140443669628 0.05715318152088969 0.40547056173680995 -5.515297180051899 -9.883913504686703 11.549018471700903 0.1381335968484274 -0.2559743948311764 0.08529609813036575 2.7165277954283535 0.8586541748591642 0.09168003110626888 0.05879810515003914 0.4051187442289077 0.0018583218972079336 0.0019697974984241302 -2.0000000000000004 0.7165277954283532
2.5469184389745405 0.8601496996358989 0.09127121820990813 0.04831121572276592 0.4037513612362439 -5.219593429033663 -9.939693373230092 11.54645587630321 0.13669333074875015 -0.25673560066166695 0.08446013586188851 2.726136771607549 0.8584057920267105 0.09133352890122598 0.05009003649699609 0.4033745011698193 0.001343788183912709 0.0014469033779214743 -1.9999999999999996 0.7261367716075494
2.576484706518376 0.8600527513316545 0.09091508232967299 0.039672115600331646 0.4019271030236803 -4.924908987648474 -9.996546664827553 11.543202284067744 0.1352671926961781 -0.2574530942548156 0.08363084753588478 2.735752749160595 0.8581801573567839 0.09098074509097946 0.04157935092255028 0.4015269402057597 0.0009172483390169724 0.0010092942050365422 -1.9999999999999996 0.7357527491605954
2.6063941983143493 0.8599738529204143 0.09055308648158499 0.031234868652542304 0.4000006317488774 -4.63120131969621 -10.054404224853725 11.539282236110399 0.13385507346031572 -0.25812694907037037 0.08280821267187276 2.745373820776093 0.8579771512613142 0.0906217825953152 0.0332650280926229 0.39957888005348896 0.0005756546919182244 0.0006541027347022992 -2.0 0.7453738207760932
2.636650898730358 0.8599129240500234 0.09018532198601553 0.02299834037685581 0.39797485549012035 -4.338431950906839 -10.113198730029945 11.534719218342232 0.1324568630766765 -0.25875726444950437 0.08199221004254471 2.7549980961938414 0.8577966426915379 0.090256745884408 0.025145936417537804 0.39753319899953266 0.0003160282109328283 0.0003785249629710799 -1.9999999999999993 0.7549980961938421
2.667258838387406 0.8598698754376356 0.0898118818038412 0.014961279001545896 0.39585273865241133 -4.046566342017531 -10.172864644619525 11.529535705460294 0.13107245092055542 -0.2593441650956683 0.08118281769703986 2.7646237034372363 0.8576384894514426 0.08988574095883226 0.01722083737257547 0.3953928281130566 0.00013545740418987532 0.00017981905419562927 -1.9999999999999991 0.7646237034372371
2.698222094696537 0.8598446090754115 0.08943286053657003 0.007122320270982125 0.39363729498338784 -3.7555737621653766 -10.233338178051943 11.523753203177314 0.12970172577996222 -0.25988780053355787 0.08038001298381607 2.774248790001289 0.8575025385177258 0.08950887532548552 0.00948838985426959 0.39316074457482747 3.109722064351181e-05 5.530427285567797e-05 -2.000000000000001 0.7742487900012879
2.7295447924020064 0.8598370184422809 0.08904835442089948 -0.0005200077299142899 0.39133158072394947 -3.4654271627320057 -10.294557243924327 11.517392288750129 0.12834457592749318 -0.26038834454760873 0.07958377257311998 2.783871523995217 0.8573886263656071 0.08912625796947178 0.001947154561342533 0.39083996513765296 1.6795418336005512e-07 2.359922739962452e-06 -2.0 0.7838715239952171
2.761231104130753 0.8598469887213197 0.08865846131776338 -0.007967279725360907 0.38893868790922803 -3.176103051770819 -10.35646142032732 11.510472649865994 0.12700088919102534 -0.26084599460144814 0.07879407247905751 2.793490095238714 0.8572965792998426 0.0887379993220043 -0.005404401610490318 0.3884335397324609 3.995415336145944e-05 1.842429576674002e-05 -1.9999999999999998 0.7934900952387143
2.7932852509482538 0.8598743970222824 0.08826328069594887 -0.01522116838539203 0.3864617378341921 -2.8875813691402783 -10.418991911442296 11.503013121945203 0.1256705530231263 -0.2612609712397189 0.07801088808126486 2.8031027163110718 0.8572262137902956 0.08834421122441082 -0.01256790117009776 0.3859445452329378 0.00014780353884158063 0.00010099363234438734 -2.000000000000001 0.8031027163110711
2.825711502920828 0.8599191126088357 0.08786291361038602 -0.022283439461826877 0.3839038746968301 -2.59984536246164 -10.482091510356451 11.495031723917652 0.12435345456907768 -0.2616335174737176 0.07723419414618227 2.8127076235525306 0.8571773368114286 0.08794500688833329 -0.019545051638839486 0.3833760793904685 0.0003211259303096611 0.0002476210948294193 -2.0 0.8127076235525306
2.8585141796844735 0.8599809971300482 0.08745746267523244 -0.029155946935306615 0.3812682594305359 -2.312881464013832 -10.545704563042783 11.486545692529774 0.12304948073341751 -0.26196389815227134 0.0764639648479323 2.822303078017308 0.8571497461850893 0.08754050085223258 -0.02633764117424248 0.3807312549498975 0.0005573921842588137 0.0004559157553362458 -1.9999999999999987 0.8223030780173093
2.8916976510202996 0.8600599048556842 0.08704703203189582 -0.035840628184579865 0.3785580637360017 -2.0266791686737045 -10.6097769334525 11.477571515237154 0.12175851824491644 -0.26225239931927186 0.07570017378880499 2.8318873663778827 0.8571432309259782 0.08713080893432121 -0.03294753421841459 0.378013193955442 0.0008541331437747612 0.0007235415988811841 -1.9999999999999991 0.8318873663778837
2.9252663374366454 0.8601556829148644 0.08663172731215392 -0.04233949918864704 0.37577646432164596 -1.7412309130042407 -10.674255969668627 11.468124961736843 0.12048045371990684 -0.2624993275592831 0.07494279401935214 2.84145880178025 0.8571575715891943 0.08671604818206026 -0.03937666717971375 0.37522502225493604 0.0012089386011950901 0.001048216542603664 -2.0 0.8414588017802498
2.959224710757956 0.8602681715376539 0.08621165559654861 -0.048654649771768387 0.37292663736035014 -1.456531955589638 -10.739090471070345 11.458221114192181 0.11921517372389377 -0.2627050093326196 0.07419179805809396 2.851015724649973 0.8571925406192725 0.08629633681836768 -0.04562704415572822 0.37236986420947077 0.001619456274295152 0.0014277114715981825 -2.000000000000001 0.8510157246499719
2.9935772947204895 0.8603972042991529 0.08578692536824527 -0.05478823890072258 0.37001175316905704 -1.1725802587116525 -10.80423065645909 11.447874396201211 0.11796256483138243 -0.2628697903012743 0.07344715791084122 2.8605565034489535 0.8572479027001397 0.0858717941846957 -0.05170073270509926 0.3694508376143543 0.0020833907964612347 0.0018598492917049723 -1.9999999999999996 0.8605565034489538
3.0283286655749455 0.8605426083656641 0.08535764646256226 -0.06074249004309166 0.3670349711166123 -0.889376371456857 -10.869628133099276 11.437098600558693 0.1167225136838657 -0.2629940346470635 0.07270884508963593 2.870079535382989 0.8573234151054315 0.0854425406811453 -0.05759985967526404 0.3664710488362921 0.002598502721146196 0.0023425039994483944 -1.9999999999999991 0.87007953538299
3.063483452696085 0.8607042047425253 0.08492393001238747 -0.06651968659472865 0.3639994347640969 -0.6069233143403431 -10.935235866627837 11.42590691586005 0.1154949070459197 -0.2630781243833163 0.07197683063131478 2.879583247060246 0.857418828048629 0.08500869770379475 -0.06332660709264522 0.36343358817066146 0.00316260754076097 0.00287359976916898 -2.0000000000000004 0.8795832470602449
3.0990463391994285 0.860881808523204 0.08448588838970976 -0.07212216738394661 0.36090826724081443 -0.3252264655281457 -11.001008151788621 11.414311951993966 0.1142796318593669 -0.2631224586614286 0.07125108511569854 2.8890660951009273 0.8575338850324928 0.08457038757942413 -0.06888320812142285 0.3603415254217288 0.003773574720035113 0.0034511100572827474 -2.0 0.889066095100927
3.1350220625651146 0.8610752291392552 0.08404363514350115 -0.07755232225934662 0.3577645668580622 -0.04429344873551527 -11.066900583949595 11.402325764569195 0.1130765752954676 -0.2631274530735615 0.07053157868341187 2.898526566698484 0.8576683231972898 0.08412773349782598 -0.07427194309647288 0.35719790570779103 0.00442932674377775 0.004073056723496639 -1.9999999999999991 0.8985265666984855
3.171415415268999 0.8612842706107614 0.08359728493419474 -0.08281258776761043 0.3545714029618401 0.2358659771256704 -11.13287003136271 11.389959878319218 0.11188562480511274 -0.26309353895273135 0.06981828105333761 2.9079631801328136 0.857821873667323 0.08368085944189817 -0.07949513563557209 0.3540057454922753 0.005127838178887905 0.004737509168722611 -1.9999999999999991 0.9079631801328145
3.208231245421078 0.8615087317968811 0.08314695346500887 -0.08790544292697502 0.3513318120247158 0.5152400264808616 -11.198874608128277 11.377225309527187 0.11070666816699404 -0.26302116267150943 0.06911116153971011 2.917374485235987 0.8579942618953004 0.08322989011571806 -0.0845551488355228 0.3507680288410236 0.005867134750394169 0.0054425834893640146 -2.0000000000000004 0.9173744852359867
3.245474457411331 0.8617484066461382 0.08269275741037323 -0.09283340510151883 0.3480487939762053 0.7938149937430096 -11.264873647827603 11.364132587512044 0.10953959353373495 -0.26291078494051445 0.06841018906885156 2.9267590638111414 0.8581852080040925 0.08277495087079956 -0.08945438155640618 0.3474877039051814 0.006645292431248634 0.006186441647593315 -1.9999999999999993 0.926759063811142
3.283150012563046 0.8620030844461051 0.0822348143417159 -0.09759902598083085 0.3447253087702053 1.071575358017516 -11.330827677789262 11.350691775214967 0.10838428947597287 -0.262762880107836 0.06771533219555678 2.936115530005224 0.8583944271254522 0.08231616763073912 -0.09419526479770234 0.3441676796283677 0.0074604365455593945 0.006967290657193606 -2.0000000000000004 0.9361155300052237
3.321262929793748 0.862272550072145 0.0817732426508731 -0.10220488766907608 0.34136427318726364 1.348503885806 -11.396698393957408 11.3369124889243 0.10724064502438724 -0.2625779354604938 0.0670265591191303 2.945442530636386 0.8586216297352871 0.08185366681445705 -0.09878025816952701 0.3408108226761216 0.008310740884914566 0.007783381784493485 -2.0 0.9454425306363856
3.3598182862837818 0.8625565842348749 0.08130816147138487 -0.10665359888691443 0.337968557868771 1.6245817316548945 -11.46244863633082 11.322803917175284 0.10610854970967605 -0.26235645052899187 0.0663438376990813 2.9547387454768543 0.8588665219850998 0.0813875752582403 -0.10321184646192884 0.3374199545849716 0.009194426837426092 0.008633009763915355 -1.9999999999999991 0.9547387454768552
3.398821218152669 0.8628549637260503 0.08083969059793797 -0.1109477912892471 0.33454098457951603 1.8997885367010885 -11.528042364944893 11.308374838859773 0.10498789360048602 -0.26209893639598975 0.06566713547048081 2.964002887492227 0.8591288060292274 0.08091802013679292 -0.1074925363146622 0.3339978491278884 0.010109762529113126 0.00951451202762435 -1.9999999999999991 0.9640028874922281
3.4382769211433097 0.8631674616625586 0.08036795040421926 -0.11509011590123139 0.3310843236944602 2.1741025250700843 -11.59344463636951 11.293633640579575 0.10387856733930967 -0.2618059150100603 0.06499641965898652 2.9732337030381335 0.8594081803475343 0.08044512888350051 -0.11162485298950824 0.3305472298923304 0.011055061977233433 0.010426267948761581 -1.9999999999999987 0.9732337030381347
3.4781906513141303 0.8634938477282408 0.07989306175943708 -0.11908323967454836 0.32760129190505527 2.4475005980860085 -11.658621580698028 11.27858833327588 0.10278046217636484 -0.2614779185054693 0.06433165719553972 2.9824299720153196 0.8597043400632354 0.07996902911010938 -0.11561133724685435 0.32707076806661267 0.012028684255173809 0.01136669809774488 -2.0 0.9824299720153197
3.518567725739264 0.8638338884132718 0.07941514594376749 -0.12292984216545828 0.3240945501399523 2.7199584262580894 -11.723540379004277 11.263246568165851 0.10169347000147902 -0.26111548852885813 0.06367281473073998 2.9915905079842187 0.860016977255542 0.07948984852602309 -0.11945454232782952 0.3235710804298816 0.013029032668517227 0.012334263511114024 -1.9999999999999996 0.9915905079842191
3.55941352321686 0.8641873472508238 0.07893432456297678 -0.12663261233571455 0.3205667016945222 2.9914505390112467 -11.788169241246019 11.247615652016218 0.10061748337400257 -0.26071917557367 0.06301985864890212 3.0007141582401484 0.8603457812668495 0.0790077148574108 -0.12315703104299426 0.3200507275405766 0.014054553941907686 0.013327464972411912 -2.0 1.0007141582401489
3.600733484985619 0.8645539850507855 0.07845071946246669 -0.13019424547704267 0.31702029056323944 3.2619504121331095 -11.852477384595147 11.231702561782454 0.09955239555078209 -0.26028953832311014 0.062372755081800985 3.009799803850288 0.8606904390042004 0.07852275576632119 -0.12672137296820776 0.3165122121179044 0.015103737416355496 0.014344842304595325 -1.9999999999999982 1.0097998038502891
3.6425331154496376 0.8649335601302895 0.07796445264098337 -0.13361744025946834 0.3134577999686498 3.531430552914041 -11.916435012176107 11.21551395864105 0.09849810051222538 -0.25982714300238857 0.06173146992210877 3.018846359653646 0.8610506352347834 0.0780350987699884 -0.13015014174805 0.3129579776105653 0.016175114256635054 0.015384973673495733 -1.9999999999999998 1.0188463596536461
3.6848179829116776 0.8653258285408355 0.07747564616422381 -0.13690489590342966 0.3098816510803711 3.7998625829608503 -11.980013292196052 11.19905620144115 0.09745449298649622 -0.25933256274094085 0.06109596883653021 3.027852774225247 0.8614260528752404 0.07754487116051441 -0.13344591250678092 0.3093904069466848 0.017267256668448045 0.016446474901846666 -2.0 1.0278527742252468
3.72759372031494 0.8657305442918025 0.07698442207856687 -0.1400593094752797 0.30629420191733975 4.067217318667861 -12.043184337450768 11.182335359600676 0.09642146847187713 -0.25880637694528236 0.06046621727864061 3.036818029805793 0.8618163732745824 0.07705219992510111 -0.13661125936667184 0.3058118214586777 0.018378777125047933 0.017527998793441503 -1.9999999999999984 1.0368180298057947
3.7708660259934543 0.8661474595701593 0.07649090232514717 -0.1430833733054486 0.30269774642632646 4.333464849334623 -12.105921185192727 11.165357225471169 0.09539892325734367 -0.2582491706831024 0.059842180501431634 3.0457411421980987 0.862221276490527 0.07655721166700452 -0.13964875307317287 0.3022244799766088 0.019508327603038677 0.018628234466981728 -1.9999999999999998 1.0457411421980989
3.814640664431178 0.8665763249561886 0.07599520865448331 -0.14597977252825722 0.29909451372960033 4.59857461292237 -12.168197777348135 11.148127326194407 0.09438675444139488 -0.25766153407915254 0.05922382356957011 3.054621160631552 0.8626404415590938 0.07606003252737417 -0.14256095872617278 0.29863057808345106 0.020654598827086576 0.01974590669920441 -1.9999999999999996 1.0546211606315525
3.858923467029904 0.8670168896350677 0.07549746254186084 -0.1487511827421001 0.2954866675345013 4.862515469445048 -12.229988941071259 11.130650935072794 0.09338485994918737 -0.25704406172345673 0.058611111371374786 3.0634571675959834 0.8630735467573099 0.07556078810813274 -0.1453504336164511 0.29503224752550994 0.021816319523306683 0.02087977527692078 -2.0 1.0634571675959832
3.9037203328860905 0.8674689016041506 0.07499778510366305 -0.1514002677884685 0.2918763056976162 5.1252557719949925 -12.291270369625435 11.112933082474912 0.09239313854802177 -0.2563973520922967 0.05800400863051555 3.072248278646179 0.8635202698588974 0.07505960339604589 -0.14801972516609144 0.29143155577125 0.022992255681109047 0.02202863435758786 -1.9999999999999993 1.0722482786461798
3.949037229576701 0.867932107875807 0.07449629701483165 -0.15392967764804738 0.2882654599362044 5.386763435406842 -12.352018603581243 11.094978566296204 0.09141148986123325 -0.2557220069824157 0.057402479917440845 3.0809936421784445 0.8639802883828324 0.07455660268812309 -0.15057136897155268 0.2878305057116619 0.024181209823310085 0.023191311838093268 -2.0 1.0809936421784445
3.9948801939541703 0.8684062546757008 0.0739931184276307 -0.15634204645193725 0.2846560956795158 5.647006002566374 -12.412211012323107 11.07679196199434 0.09043981438053784 -0.2550186309588098 0.05680648966053705 3.089692439180477 0.8644532798346782 0.0740519095184825 -0.15300788694782758 0.2842310354953095 0.025382020284344033 0.02436666873143171 -2.0 1.089692439180477
4.041255332950601 0.8688910876363856 0.07348836889187549 -0.15863999060583864 0.28105011205265806 5.905950708374542 -12.47182577585648 11.05837763221765 0.08947801347688879 -0.2542878308164563 0.05621600215702564 3.0983438829559193 0.864938921940621 0.07354564658680544 -0.155331785572041 0.28063501849120664 0.026593560496423724 0.025553598550999975 -1.9999999999999993 1.09834388295592
4.088168824391292 0.8693863519861225 0.07298216727677934 -0.1608261070248972 0.2774493419857221 6.163564541380616 -12.530841866908915 11.039739736044412 0.08852598940989713 -0.2535302150562772 0.05563098158360203 3.106947218824893 0.86543689287414 0.07303793568849701 -0.15754555422462824 0.2770442633726924 0.027814738283528834 0.026751026702242345 -1.999999999999999 1.1069472188248943
4.135626917817709 0.869891792732824 0.0724746316945601 -0.16290297147674107 0.2738555524409394 6.4198143031007335 -12.58923903331846 11.020882237849824 0.08758364533587194 -0.2527463933755938 0.05505139200682135 3.1155017238018194 0.8659468714752706 0.07252889764666204 -0.15965166362614566 0.2734605143155347 0.029044495163115202 0.027957909881414143 -1.9999999999999991 1.1155017238018203
4.183635935320019 0.8704071548430488 0.07196587942593745 -0.16487313703012604 0.2702704447507425 6.674666665042048 -12.646997780704286 11.001808915816865 0.0866508853145363 -0.2519369761732996 0.054477197393235116 3.1240067062518513 0.8664685374624269 0.0720186522459962 -0.16165256436763684 0.26988545130355895 0.030281805655461676 0.029173235481250896 -2.0 1.124006706251851
4.2322022723792765 0.8709321834159804 0.07145602684764239 -0.16673913260648682 0.2666956550597104 6.928088223454227 -12.704099355414222 10.982523370106557 0.08572761431447508 -0.2511025740699277 0.05390836161928413 3.132461505527165 0.8670015716367678 0.07150731816868464 -0.16355068553237928 0.2663206905352174 0.031525676600588574 0.030396021003351963 -2.000000000000001 1.1324615055271643
4.281332398719393 0.8714666238523338 0.07094518936204913 -0.1685034616315986 0.2631327548635118 7.180045551834388 -12.760525727745106 10.963029030702232 0.08481373821737072 -0.25024379744276776 0.05334484848095113 3.1408654915844236 0.8675456560791023 0.0709950129323914 -0.16534843340676642 0.262767784924577 0.032775146482698615 0.03162531347712064 -2.0 1.1408654915844236
4.3310328591689995 0.8720102220181407 0.07043348132903024 -0.17016860078447518 0.2595832516381114 7.430505251212798 -12.816259575432177 10.943329164942105 0.08390916382108378 -0.24936125597613815 0.05278662170317833 3.1492180645846317 0.8681004743393435 0.0704818528304155 -0.16704819027795859 0.25922822469039325 0.034029284762108716 0.03286018888510142 -1.9999999999999993 1.1492180645846324
4.3813102745333055 0.8725627244033822 0.06992101600012428 -0.17173699884056096 0.25604858955265525 7.679433998249268 -12.8712842674039 10.92342688475344 0.08301379884163375 -0.2484555582268944 0.052233644949053776 3.1575186544766214 0.868665711618535 0.06996795287407996 -0.16865231331592576 0.2557034380270225 0.03528719121465403 0.03409975159459901 -2.000000000000001 1.1575186544766205
4.432171342476087 0.8731238782754454 0.0694079054550966 -0.17321107560623225 0.2525301502596384 7.926798591173657 -12.925583847799622 10.903325153601378 0.0821275519141361 -0.2475273112052205 0.051685881828770826 3.1657667205653763 0.8692410549434803 0.06945342673741403 -0.170163133537411 0.2521947918511165 0.036547995278562395 0.035343133795464124 -1.9999999999999998 1.1657667205653766
4.483622838411908 0.8736934318273736 0.06889426054096329 -0.17459322094156748 0.24902925375613122 8.1725659936034 -12.979143020246937 10.883026793164523 0.08125033259275095 -0.24657711997071904 0.05114329590836485 3.1739617510663782 0.8698261933340242 0.06893838670417841 -0.17158295484935582 0.24870359261817915 0.03781085540880339 0.03658949494397252 -2.000000000000001 1.1739617510663776
4.535671616408706 0.8742711343209293 0.0683801908135386 -0.17588579386834802 0.2455471593100432 8.416703376276581 -13.031947132397212 10.862534489749189 0.08038205134969718 -0.24560558724378614 0.05060585071823134 3.182103262647127 0.8704208179630374 0.06842294361727792 -0.17291405316920277 0.2452310872032616 0.03907495843893747 0.03783802121270084 -2.0 1.1821032626471268
4.588324610100845 0.8748567362244405 0.06786580448155748 -0.17709112176020075 0.24208506644559583 8.659178156737017 -13.083982160716545 10.841850800453463 0.07952261957338622 -0.24461331303223058 0.050073509761429436 3.1901907999569645 0.8710246223091729 0.06790720683059671 -0.17415867561958956 0.24177846384023746 0.04033951895048634 0.03908792494636805 -2.000000000000001 1.1901907999569636
4.641588833612778 0.8754499893454686 0.06735120835341477 -0.17821149961182794 0.2386441159823933 8.899958037011949 -13.135234695530748 10.820978159091785 0.07867194956572819 -0.2436008942730658 0.049546236521774596 3.1982239351462853 0.8716373023024678 0.06739128416328467 -0.17531903979482194 0.2383468531142861 0.041603778649869534 0.04033844412358068 -2.0000000000000004 1.198223935146285
4.695471382493428 0.8760506469582923 0.06683650778655507 -0.17924918938423567 0.23522539112268093 9.139011039324114 -13.185691926322825 10.799918881890303 0.07782995453866197 -0.2425689244893906 0.04902399447172467 3.206202267376235 0.8722585564628738 0.0668752818565163 -0.17639733309659472 0.2349373290024149 0.04286700575294299 0.041588841824467364 -2.0 1.2062022673762351
4.7499794346614115 0.8766584639262536 0.06632180663953716 -0.18020641942292825 0.23182991858160507 9.37630553988045 -13.235341627281416 10.77867517296279 0.07699654860995964 -0.24151799346223435 0.04850674708006277 3.214125422319899 0.8728880860318073 0.0663593045327361 -0.17739571213636937 0.23155090995704025 0.044128494377198804 0.0428384057041748 -1.9999999999999998 1.2141254223198994
4.805120251361242 0.8772731968189819 0.06580720722679079 -0.181085383946018 0.22845866975550255 9.611810300780961 -13.284172143098727 10.757249129576397 0.07617164679835521 -0.24044868691722956 0.04799445781938085 3.2219930516559887 0.8735255950968212 0.0658434551573988 -0.17831630220186306 0.22818856002783985 0.045387563941672794 0.04408644747222537 -2.0 1.2219930516559885
4.860901178130632 0.877894604024542 0.06529281027607399 -0.18188824259925815 0.22511256192346446 9.845494500093894 -13.332172375017366 10.735642747216227 0.07535516501804543 -0.2393615862259613 0.047487090173367615 3.2298048325560242 0.8741707907094993 0.06532783500320505 -0.17916119678510822 0.22485119001730633 0.04664355857462241 0.04533230237773848 -1.9999999999999991 1.2298048325560251
4.917329645779018 0.8785224458565581 0.06477871488863257 -0.18261712007503703 0.22179245947764373 10.077327760141806 -13.37933176712427 10.713857924457185 0.07454702007260941 -0.23825726812180684 0.04698460764390447 3.237560467165922 0.8748233829966924 0.0648125436168284 -0.17993245716956593 0.2215396586656169 0.04789584652903726 0.04657532870053081 -2.0000000000000013 1.2375604671659208
4.9744131713774555 0.8791564846563522 0.06426501850205635 -0.18327410579239903 0.21849917517798764 10.307280174045836 -13.425640292891263 10.691896467651251 0.07374712964839268 -0.23713630443007197 0.04648697375797274 3.2452596820828883 0.8754830852652082 0.06429767878812259 -0.18063211207377353 0.21825477386064462 0.04914381960603978 0.04781490724810208 -1.9999999999999993 1.245259682082889
5.032159359259993 0.8797964848901657 0.06375181685581986 -0.18386125363523279 0.21523347142729984 10.535322330575344 -13.471088441960768 10.669760095437903 0.07295541230739934 -0.23599926181222022 0.045994152074375926 3.2529022278285247 0.8761496141000837 0.06378333652179341 -0.18126215734912637 0.21499729386913496 0.05038689258624531 0.04905044085856358 -1.9999999999999998 1.252902227828525
5.090575902036683 0.8804422132415188 0.06323920395948893 -0.18438058174579172 0.2119960615627444 10.76142533735077 -13.515667207176243 10.647450443085235 0.07217178747973532 -0.23484670152395504 0.045506106190280095 3.2604878783189295 0.8768226894565654 0.06326961101151393 -0.18182455572928277 0.2117679285852777 0.0516245026691388 0.050281353909496666 -1.9999999999999996 1.26048787831893
5.149670581618341 0.8810934386987817 0.0627272720635686 -0.1848340723707939 0.20878761116012262 10.985560842447295 -13.559368071855516 10.62496906666859 0.0713961754556426 -0.23367917918692527 0.0450227997475761 3.268016430332632 0.8775020347459322 0.06275659461645657 -0.18232123662889202 0.20856734079308503 0.05285610892053475 0.05150709183282386 -2.0 1.268016430332632
5.2094512702532105 0.8817499326380231 0.062216111632962395 -0.18522367175739265 0.20560873934745613 11.207701054448822 -13.602182997306976 10.602317447093732 0.07062849737716513 -0.23249724457379634 0.044544196439066375 3.275487702977115 0.8781873769152977 0.06224437784021161 -0.1827540959892394 0.20539614743920034 0.05408119172817835 0.05272712063569724 -1.9999999999999993 1.2754877029771154
5.269925931575656 0.8824114689012187 0.06170581132300802 -0.1855512900963802 0.20246002012461783 11.427818760999738 -13.644104410586694 10.579496993970832 0.06986867522948333 -0.2313014414064237 0.0440702600144802 3.282901537154655 0.87887844652153 0.06173304931205729 -0.18312499616855868 0.20225492091294806 0.055299252265545364 0.0539409264274708 -2.000000000000001 1.2829015371546542
5.331102621667034 0.8830778238698913 0.06119645795804884 -0.18581880151005362 0.19934198368594744 11.64588734590361 -13.685125192495848 10.556509049345491 0.0691166318319535 -0.23009230716685128 0.043600954286319736 3.2902577950281677 0.8795749777994358 0.06122269577054159 -0.18343576587473365 0.19914419033060543 0.05650981196389679 0.05514801495278673 -1.9999999999999984 1.2902577950281693
5.392989490128873 0.8837487765342726 0.06068813651249743 -0.18602804408223875 0.19625511774298893 11.861880804817384 -13.725238665817052 10.533354891292694 0.0683722908288873 -0.22887037292085816 0.043136243135540805 3.2975563594877557 0.8802767087243515 0.060713402049334245 -0.18368820013823484 0.1960644428210988 0.05771241199263713 0.056347911130839576 -2.0000000000000013 1.2975563594877544
5.455594781168519 0.8844241085580739 0.0601809300943426 -0.1861808199280438 0.19319986884467058 12.075773759589957 -13.764438583788811 10.510035737379303 0.06763557668010421 -0.2276361631537532 0.042676090517070796 3.304797133618538 0.8809833810692892 0.06020525106530225 -0.18388406032308902 0.19301612481046412 0.05890661274802613 0.05754015860083179 -2.000000000000001 1.3047971336185376
5.51892683469738 0.8851036043389446 0.05967491993104704 -0.18627889530098282 0.19017664369243548 12.287541471291448 -13.802719118815697 10.486552748000356 0.0669064146512879 -0.22639019561812684 0.042220460465166997 3.311980040170409 0.8816947404567902 0.05969832380875923 -0.18402507417389025 0.18999964330261007 0.06009199335028468 0.058724319273721265 -1.9999999999999998 1.3119800401704091
5.5829940874419215 0.8857870510647283 0.059170185357781464 -0.1863240007351819 0.1871858104480092 12.497159851984083 -13.840074851414379 10.462907029594486 0.06618473080417746 -0.2251329811932541 0.041769317098618176 3.3191050210302655 0.8824105364056323 0.05919269933583789 -0.18411293589673805 0.18701536715409353 0.06126815114913162 0.05989997289025284 -1.9999999999999993 1.3191050210302662
5.647805074067555 0.8864742387655888 0.05866680380793531 -0.18631783122046106 0.18422770003165867 12.704605475278573 -13.87650075939247 10.43909963774317 0.0654704519866214 -0.22386502375583392 0.04132262462579247 3.326172036697221 0.8831305223725463 0.058688454762929956 -0.1841493062721894 0.18406362834076803 0.062434701237785224 0.06106671658535221 -2.0000000000000004 1.3261720366972205
5.713368428315579 0.8871649603621246 0.05816485080584382 -0.18626204640815514 0.1813026074089685 12.909855585726621 -13.911992207260004 10.415131580158565 0.06476350582252109 -0.22258682006176406 0.04088034734953399 3.333181065761357 0.8838544557890923 0.05818566526313768 -0.1841358127982966 0.18114472321433026 0.06359127597545548 0.06222416445891426 -1.9999999999999996 1.3331810657613574
5.779692884153313 0.8878590117095454 0.05766439996166752 -0.18615827084560932 0.17841079286431571 13.112888107091951 -13.946544935870492 10.391003819564334 0.06406382070168974 -0.22129885963862247 0.04044244967191163 3.3401321043864263 0.8845820980938489 0.057684404064677314 -0.18407404986189643 0.17825891374694897 0.06473752451834464 0.06337194715303403 -2.0000000000000004 1.3401321043864258
5.846787276937591 0.8885561916380383 0.057165522968358896 -0.18600809423737596 0.1755524832593788 13.313681649549698 -13.980155052291103 10.366717276473805 0.06337132576965009 -0.2200016246885472 0.0400088960988221 3.347025165796993 0.8853132147600687 0.05718474245117533 -0.18396557893634047 0.17540642876229884 0.06587311235917959 0.06450971143570601 -2.0 1.3470251657969927
5.914660544591749 0.8892563019893971 0.05666828960064845 -0.1858130717311876 0.17272787327516553 13.512215515855615 -14.012819019898952 10.342272831869405 0.06268595091739389 -0.21869559000118788 0.03957965124445031 3.353860279770391 0.8860475753189511 0.056686749763794286 -0.18381192880396408 0.17258746515146703 0.06699772087527366 0.06563711979104335 -1.9999999999999987 1.3538602797703922
5.9833217287962865 0.8899591476500328 0.05617276771598199 -0.18557472422688057 0.16993712663618094 13.708469706531881 -14.044533648702316 10.317671329787352 0.062007626771124216 -0.2173812228764152 0.03915467983558984 3.3606374921339155 0.8867849533786857 0.056190493405125864 -0.1836145958016145 0.16980218907234396 0.0681110468851286 0.06675385001603906 -1.9999999999999996 1.360637492133916
6.052779976193349 0.8906645365804586 0.05567902325733873 -0.18529453870650017 0.1671803773154947 13.902424924112099 -14.075296085884265 10.292913579811218 0.061336284681999705 -0.21605898305646054 0.038733946715825564 3.3673568642675673 0.8875251266394165 0.05569603884478684 -0.18337504408762234 0.16705073713121793 0.06921280221356756 0.0678595948238968 -1.9999999999999984 1.3673568642675689
6.123044539605186 0.8913722798413621 0.05518712025785976 -0.184973968583906 0.16445773071959408 14.094062576487739 -14.105103806566596 10.268000359478027 0.06067185671590028 -0.2147293226671733 0.038317416849581856 3.374018472612716 0.8882678769042778 0.05520344962665319 -0.18309470592869911 0.16433321754545457 0.07030271326539488 0.06895406145396875 -1.9999999999999993 1.3740184726127163
6.194124779266756 0.8920821916163547 0.054697120847214835 -0.1846144340722486 0.16176926485202725 14.283364779399346 -14.133954604791992 10.24293241660004 0.060014275643229996 -0.2133926861680725 0.037905055326038 3.3806224081869614 0.8890129900866482 0.05471278737766638 -0.18277498200523276 0.161649711286212 0.0713805206075595 0.07003697128830239 -2.0 1.380622408186961
6.266030164072655 0.8927940892315117 0.05420908525963599 -0.18421732256777798 0.15911503145496256 14.470314358111796 -14.16184658472171 10.217710471505738 0.059363474928774106 -0.2120495103108783 0.037496827362914084 3.387168776105483 0.8897602562137742 0.05422411181814659 -0.1824172417335915 0.15900027320030677 0.07244597855980447 0.07110805947483162 -1.9999999999999993 1.3871687761054836
6.338770272838487 0.893507793171799 0.05372307184354559 -0.1837839890485008 0.1564950571278946 14.654894848313894 -14.188778152046423 10.192335219202786 0.05871938872162444 -0.21070022410620817 0.037092698310129346 3.393657695109124 0.8905094694269037 0.053737480773546224 -0.18202282360404132 0.15638493311041124 0.07349885479377076 0.07216707455721351 -1.9999999999999991 1.393657695109125
6.412354795576919 0.8942231270944941 0.05323913707270639 -0.18331575648627738 0.153909344422833 14.83709049628293 -14.214748005607909 10.16680733146614 0.058081951845186254 -0.20934524879812702 0.03669263365333563 3.4000892970994583 0.8912604279780783 0.05325295018757847 -0.1815930355329645 0.15380369689288945 0.07453892994052216 0.07321377811131656 -1.9999999999999998 1.400089297099459
6.486793534788511 0.8949399178397017 0.05275733555882187 -0.18281391627101326 0.15135787291540775 15.016886258349789 -14.239755129228534 10.141127458853969 0.05745109978727966 -0.20798499784624255 0.03629659901732831 3.40646372668102 0.8920129342237213 0.052770574136654064 -0.1811291552281327 0.1512565475326661 0.07556599720644924 0.07424794438837108 -1.9999999999999987 1.4064637266810212
6.56209640676756 0.8956579954380602 0.05227772006551499 -0.18227972864566283 0.14884060025141607 15.19426779970338 -14.263798783745974 10.115296232654066 0.0568267686903459 -0.2066198769150427 0.0359045601693369 3.412781140710922 0.8927667946151658 0.0522904048455615 -0.18063243056582715 0.14874344615460972 0.07657986199750483 0.07526935996478007 -1.9999999999999996 1.4127811407109223
6.638273442923081 0.8963771931157549 0.051800341523614186 -0.1817144231508346 0.14635746316842385 15.369221492569906 -14.286878499250491 10.089314266763395 0.05620889534176964 -0.20525028387017297 0.03551648302219801 3.4190417078559916 0.8935218196862553 0.05181249270432536 -0.18010407997864708 0.14626433303101216 0.07758034155172291 0.07627782339857127 -2.0 1.4190417078559916
6.7153347911151435 0.8970973472969168 0.05132524904767613 -0.1811191990778323 0.14390837849211394 15.541734413801352 -14.308994067521576 10.063182159503093 0.055597417164325744 -0.2038766087813605 0.03513233363741249 3.4252456081576037 0.8942778240381556 0.05133688628617783 -0.1795452928529309 0.14381912856480666 0.07856726457995525 0.07727314489249985 -2.0000000000000013 1.4252456081576024
6.793290717006699 0.8978182976035252 0.05085248995367583 -0.18049522592904252 0.1414932441071509 15.711794341907643 -14.330145534661039 10.03690049537129 0.05499227220675927 -0.20249923393168942 0.03475207822808953 3.4313930326043027 0.8950346263215078 0.050863632366580765 -0.17895722993472418 0.1414077342482597 0.07954047091476883 0.07825514596376698 -2.000000000000002 1.4313930326043005
6.87215160543112 0.8985398868528982 0.050382109777794795 -0.1798436438846293 0.13911193990240298 15.879389753565896 -14.350333193919953 10.010469846736003 0.0543933991345056 -0.20111853383294953 0.03437568316177947 3.437484182712376 0.8957920492160536 0.05039277594323403 -0.1783410237433165 0.13903003359693333 0.08049981116743342 0.07922365912034661 -2.000000000000001 1.4374841827123748
6.951927961775605 0.899261961052882 0.04991415229624042 -0.17916556427455158 0.13676432869042737 16.04450981963646 -14.369557578715462 9.983890775470142 0.05380073722055777 -0.1997348752467673 0.0340031149631979 3.4435192701144097 0.8965499194078599 0.0499243602570095 -0.17769777899139486 0.1366858930587837 0.08144514639292616 0.08017852754389179 -2.0000000000000004 1.4435192701144097
7.032630413380645 0.8999843693948167 0.04944865954602957 -0.1784620700549736 0.13445025710118658 16.20714440071916 -14.387819455835242 9.95716383453068 0.0532142263364861 -0.19834861721125396 0.033634340316842995 3.4494985161559555 0.8973080675642644 0.04945842681374881 -0.17702857301091413 0.13437516289832352 0.08237634776287336 0.08111960477918781 -1.9999999999999993 1.4494985161559562
7.1142697109557345 0.9007069642443842 0.048985671846671325 -0.17773421628819328 0.13216955645002146 16.367284042277447 -14.405119818825696 9.930289569483929 0.05263380694361525 -0.1969601110728943 0.03326932606950829 3.4554221515003367 0.8980663283066675 0.048995015406865905 -0.17633445618383695 0.13209767805583303 0.08329329624634704 0.08204675443012278 -1.9999999999999996 1.4554221515003372
7.196856730011519 0.9014296011304349 0.048525227822685604 -0.17698303062526677 0.1299220435799593 16.524919969359747 -14.421459881560985 9.903268519978688 0.05205942008436321 -0.19556970052341713 0.03290803923269316 3.4612904157416553 0.8988245401812861 0.04853416414069556 -0.17561645237693424 0.12985325898165997 0.08419588229843465 0.0829598498621345 -1.9999999999999998 1.461290415741656
7.28040247230857 0.9021521387318698 0.048067364426894583 -0.17620951379054364 0.12770752167848134 16.680044080945656 -14.436841071989402 9.876101221169076 0.05149100737374493 -0.19417772164138922 0.03255044698491279 3.4671035570260353 0.8995825456279853 0.0480759094545305 -0.17487555937988794 0.12764171244569064 0.08508400555648217 0.08385877391109861 -2.000000000000001 1.4671035570260338
7.364918067322967 0.9028744388626786 0.04761211696442682 -0.1754146400673897 0.12552578106892473 16.832648943943187 -14.4512650260538 9.8487882050887 0.050928510991044174 -0.19278450293827856 0.03219651667390994 3.472861831681094 0.9003401909473026 0.04762028614729182 -0.1741127493459619 0.1254628323221335 0.08595757454392244 0.08474341859859588 -2.0000000000000018 1.4728618316810929
7.450414773728913 0.903596366455216 0.04715951911737448 -0.17459935778440727 0.1233765999767271 16.982727786862924 -14.464733581782616 9.821330001977644 0.05037187367165529 -0.1913903654087489 0.03184621581877058 3.478565503853696 0.9010973262657695 0.0471673274027778 -0.17332896923457997 0.12331640034978171 0.08681650638158725 0.08561368485353187 -2.0 1.4785655038536958
7.53690398089854 0.9043177895418095 0.04670960297004645 -0.17376458980151688 0.12125974527076747 17.130274493193166 -14.477248773548165 9.793727141564021 0.049821038699096876 -0.1899956225849393 0.03149951211194504 3.4842148451559285 0.9018538054996439 0.046717064815438525 -0.17252514125514978 0.12120218686797657 0.08766072650640536 0.08646948224003134 -2.0000000000000004 1.484214845155928
7.624397210419138 0.9050385792347663 0.046262399034761 -0.17291123399528988 0.11917497318008417 17.275283594500102 -14.48881282648872 9.765980154301225 0.049275949897198065 -0.18860058059450294 0.031156373421177126 3.489810134319328 0.9026094863171487 0.04626952841662457 -0.17170216331153573 0.11911995152851342 0.08849016839737348 0.08731072869156081 -2.0 1.489810134319328
7.712906117627995 0.9057586097048869 0.04581793627812448 -0.1720401637429864 0.11712202998628754 17.4177502632749 -14.49942815109072 9.73808957256254 0.04873655162245846 -0.18720553822217703 0.030816767791342865 3.495351656857302 0.9033642300993239 0.04582474670126049 -0.17086090944662333 0.11706944398377624 0.08930477330870643 0.08813735025122509 -1.999999999999998 1.4953516568573042
7.8024424931650485 0.9064777581585378 0.04537624214774295 -0.17115222840475905 0.11510065269200681 17.557670305549486 -14.509097337927924 9.710055931794184 0.04820278875658138 -0.18581078697466608 0.030480663446200807 3.5008397047357316 0.9041179018995857 0.04538274665489367 -0.17000223028642672 0.11505040455140637 0.09010449001004035 0.08894928081815956 -2.0 1.500839704735732
7.893018264543573 0.9071959048133829 0.044937342599316775 -0.17024825380354983 0.11311056966574162 17.695040153301843 -14.517823152553756 9.681879771628205 0.04767460669918059 -0.18441661114862407 0.030148028790055972 3.5062745760516774 0.9048703704020881 0.04494355378107335 -0.16912695348324544 0.1130625648558452 0.0908892745335887 0.08974646189995404 -1.9999999999999991 1.5062745760516782
7.984645497739087 0.9079129328728405 0.044501262124068776 -0.1693290427022238 0.1111515012635058 17.82985685666987 -14.525608530543334 9.653561636956319 0.04715195136065938 -0.18302328790153316 0.029818832409339056 3.511656574720176 0.9056215078789779 0.04450719212901329 -0.16823588415741503 0.11110564844710588 0.0916590899281321 0.09052884237105101 -1.9999999999999996 1.5116565747201767
8.077336398796712 0.9086287284993447 0.04406802377645928 -0.1683953752775226 0.10922316042767413 17.962118075993676 -14.53245657268193 9.62510207896582 0.04663476915526119 -0.1816310873252779 0.02949304307410308 3.5169860101690347 0.9063711901466311 0.04407368432149562 -0.16732980533719807 0.10917937139715832 0.09241390601972564 0.09129637823702415 -1.9999999999999996 1.5169860101690351
8.171103315457199 0.909343180786474 0.0436376492021425 -0.16744800959044792 0.10732525326345689 18.091822073701998 -14.53837054029575 9.596501656138669 0.04612300699429025 -0.1802402725222198 0.029170629739438875 3.522263197041555 0.9071192965209585 0.04364305158297335 -0.1664094783964213 0.10728344287431936 0.09315369917900207 0.09204903240467793 -2.000000000000001 1.5222631970415543
8.26595873880181 0.9100561817300366 0.04321015866612108 -0.16648768205272885 0.10545747959344601 18.21896770606279 -14.543353850722326 9.567760935214777 0.04561661227950045 -0.1788510996835915 0.02885156154681169 3.527488454907135 0.9078657097718572 0.043215313767831776 -0.1654756434894766 0.10541756569607225 0.09387845209496033 0.09278677445787714 -2.0000000000000004 1.5274884549071346
8.361915304916318 0.910767626198159 0.04278557108105687 -0.16551510788903626 0.1036195334906848 18.34355441481083 -14.54741007291612 9.53888049212045 0.04511553289665093 -0.1774638181700253 0.02853580782532029 3.532662107979637 0.9086103160768942 0.04279048938877011 -0.16452901998334263 0.10358143686073439 0.09458815355510904 0.09350958043904213 -1.9999999999999978 1.5326621079796392
8.458985796574302 0.911477411900464 0.04236390403569803 -0.16453098159465046 0.10181110379072772 18.465582218670253 -14.550542923186505 9.509860912862893 0.04461971720922505 -0.17607867059404575 0.028223338092880593 3.537784484843457 0.9093530049742938 0.042368595645265975 -0.16357030688629248 0.10177474805842011 0.09528279823184817 0.09421743263620885 -1.999999999999999 1.5377844848434583
8.557183144940007 0.9121854393563873 0.04194517382338455 -0.16353597738830614 0.10003187458316312 18.58505170478501 -14.552756261064301 9.480702794391721 0.04412911405231158 -0.17469589290435575 0.027914122057335195 3.5428559181871746 0.9100936693153033 0.041949648452087984 -0.16260018327298945 0.09999718616174541 0.09596238647496423 0.0949103193755754 -1.9999999999999984 1.5428559181871762
8.656520431290943 0.9128916118627064 0.041529395470595525 -0.16253074965996755 0.09828152568308117 18.701964020071777 -14.554054085293519 9.451406745428217 0.04364367272664435 -0.1733157144717612 0.027608129617491147 3.5478767445447366 0.9108322052160094 0.04153366246782208 -0.16161930870570843 0.09824843369673736 0.09662692411011588 0.09558823481945884 -1.9999999999999991 1.5478767445447374
8.757010888760508 0.9135958354603386 0.041116582765503666 -0.1615159334133101 0.0965597330829729 18.816320862506764 -14.554440529944394 9.42197338726324 0.0431633429927981 -0.1719383581765684 0.02730533086408681 3.552847304043987 0.9115685120086717 0.04112065112337992 -0.1606283236514118 0.0965281692944092 0.09727642224318911 0.0962511787695597 -2.0000000000000018 1.5528473040439854
8.858667904100825 0.914298018900464 0.04070674828650389 -0.1604921447026991 0.09486616938555059 18.928124472361528 -14.553919860645268 9.392403354524442 0.042688075065537075 -0.1705640404973184 0.027005696080690166 3.557767940162543 0.9123024921926398 0.04071062665045815 -0.15962784989445736 0.09483606812347606 0.09791089707038972 0.09689915647544964 -1.9999999999999991 1.557767940162544
8.961505019466045 0.9149980736100355 0.04029990343068484 -0.1594599810644922 0.09320050421798448 19.037377623395784 -14.552496470928576 9.362697295913602 0.042217819608313584 -0.16919297160070337 0.026709195744529818 3.5626389994908125 0.913034051384915 0.04030360010992001 -0.1586184909447324 0.09317180230468362 0.09853036969395815 0.09753217844820172 -1.999999999999999 1.5626389994908136
9.065535934216356 0.9156959136567283 0.03989605844221355 -0.15842002194249716 0.09156240462804863 19.144083614020783 -14.550174878688793 9.332855874914666 0.04175252772791286 -0.16782535543253463 0.026415800527260436 3.567460831502102 0.9137630982704187 0.03989958142007096 -0.15760083244100456 0.09153504130722685 0.09913486594337613 0.09815026027904876 -1.9999999999999984 1.5674608315021035
9.17077450674293 0.9163914557133802 0.03949522244060515 -0.1573728291074436 0.08995153546267205 19.24824625844225 -14.546959722748003 9.302879770473245 0.04129215096924095 -0.16646138980962735 0.026125481295664173 3.572233788329666 0.9144895445520229 0.039498579384803056 -0.15657544254933678 0.08992545232773758 0.09972441620194185 0.09875342246300284 -2.000000000000001 1.5722337883296653
9.277234756314062 0.9170846190219809 0.03909740344885117 -0.15631894707034527 0.088367559729388 19.349869877792113 -14.542855759526422 9.272769677648105 0.040836641310252206 -0.16510126651247634 0.025838209112289616 3.5769582245505918 0.915213304900399 0.039100601721582376 -0.15554287235639205 0.08834270065231843 0.10029905523859384 0.09934169022731841 -1.9999999999999998 1.576958224550592
9.384930864942726 0.9177753253572487 0.038702608421381256 -0.15525890348963986 0.08681013894117463 19.44895929125849 -14.537867859814085 9.242526308235306 0.04038595115701258 -0.16374517137860378 0.025553955236029883 3.58163449697641 0.9159342969037376 0.038705655089257066 -0.15450365625750873 0.08678645000210082 0.10085882204485327 0.09991509336473085 -1.9999999999999973 1.5816344969764127
9.493877179275827 0.9184634989898505 0.03831084327183516 -0.1541932095720153 0.08527893344517432 19.545519807222327 -14.532001005640835 9.212150391365423 0.03994003333889541 -0.1623932843964611 0.02527269112264124 3.5862629644502952 0.9166524410173882 0.038313745115663704 -0.1534583123394016 0.0852563628627997 0.10140375967676658 0.10047366607135111 -2.000000000000001 1.5862629644502946
9.60408821250538 0.919149066649313 0.03792211290062254 -0.1531223604668472 0.08377360273577848 19.639557214408125 -14.525260287241284 9.181642674074629 0.03949884110390569 -0.16104577979977433 0.024994388425203875 3.590843987650722 0.9173676605134661 0.03792487642501127 -0.15240734275738868 0.08375210079874316 0.10193391510172808 0.10101744678912457 -1.9999999999999998 1.5908439876507223
9.71557864630186 0.9198319574866545 0.037536421222250135 -0.15204683565417457 0.08229380575255733 19.73107777305478 -14.51765090011095 9.15100392184982 0.03906232811412925 -0.15970282616222994 0.02471901899452617 3.5953779289014784 0.9180798814304753 0.03753905266502392 -0.1513512341070635 0.08227332475183759 0.1024493390500524 0.10154647805278812 -2.000000000000001 1.5953779289014778
9.828363332770026 0.9205121030368014 0.037153771192397274 -0.1509670993261734 0.0808392011635116 19.82008820611659 -14.50917814215181 9.120234919148533 0.0386304484413033 -0.15836458649240082 0.024446554879494018 3.5998651519879123 0.9187890325229857 0.03715627653382421 -0.1502904577903014 0.08081969532593913 0.10295008587118942 0.10206080634118199 -1.9999999999999993 1.599865151987913
9.942457296427415 0.9211894371808085 0.036774164834721165 -0.14988360076207827 0.07940944763411407 19.90659569049588 -14.499847410902529 9.089336469893984 0.03820315656250429 -0.1570312183288131 0.024176968327366523 3.604306021979245 0.9194950452114103 0.036776549806540076 -0.14922547037556075 0.07939087305708742 0.1034362133944491 0.10256048193286406 -1.9999999999999984 1.6043060219792464
10.057875736205835 0.9218638961079388 0.036397603267376115 -0.14879677469653269 0.07800420408260605 19.990607848316806 -14.489664200851472 9.058309397945685 0.0377804073559495 -0.15570287383506637 0.02391023178401951 3.6087009050568657 0.9201978535319173 0.03639987336162029 -0.1481567139524006 0.07798651867005568 0.10390778279412961 0.10304555876590234 -1.9999999999999996 1.6087009050568661
10.174634027476063 0.9225354182776256 0.03602408672923057 -0.1477070416813428 0.07662312992200397 20.07213273824424 -14.478634100829282 9.027154547546026 0.03736215609690881 -0.15437969989492215 0.02364631789413826 3.613050168348484 0.9208973940865167 0.03602624720684368 -0.1470846164801789 0.07660629332166419 0.10436485845892045 0.10351609430176448 -2.000000000000001 1.613050168348483
10.292747724096083 0.9232039443813694 0.035653614605768214 -0.14661480844063662 0.07526588528926557 20.151178846851295 -14.466762791477523 8.995872783743335 0.036948358453722525 -0.1530618382072728 0.023385199501360754 3.6173541797679643 0.9215936059933558 0.035655670505009 -0.1460095921308946 0.07524985883129974 0.10480750786547831 0.1039721493932049 -1.9999999999999993 1.617354179767965
10.412232560483055 0.9238694173045842 0.035286185454659905 -0.14552046821942188 0.07393213126205748 20.227755080041042 -14.454056042790928 8.964464992791592 0.036538970483922205 -0.1517494253809194 0.023126849648372808 3.621613307860773 0.9222864308372556 0.03528814159929331 -0.14493204162614728 0.07391687789907064 0.10523580145604806 0.10441378815606073 -1.9999999999999971 1.6216133078607757
10.53310445370937 0.9245317820884418 0.03492179703099463 -0.1444244011255584 0.07262153006355637 20.301870754526966 -14.440519711730547 8.932932082527374 0.036133948630450226 -0.15044259302908194 0.02287124157695635 3.625827921654877 0.92297581262052 0.034923658038267774 -0.14385235256819362 0.07260701431202776 0.10564981252002512 0.10484107784485068 -2.0 1.6258279216548768
10.655379505623053 0.9251909858917393 0.03456044631215838 -0.14332697446516268 0.07133374525570947 20.37353558937442 -14.426159739904659 8.901274982724157 0.03573324971797498 -0.149141467863572 0.022618348727992198 3.6299983905169855 0.9236616977140468 0.034562216600560386 -0.14277089976509247 0.07131993313886602 0.10604961707934536 0.1052540887320885 -1.9999999999999987 1.6299983905169868
10.779074004992731 0.9258469779528145 0.0342021295223515 -0.14222854307146915 0.07006844192137024 20.442759697606157 -14.410982151314577 8.86949464542455 0.03533683094929785 -0.147846171788564 0.022368144741418492 3.6341250840139976 0.9243440348087687 0.034203813319157 -0.14168804554995168 0.07005530091351977 0.10643529377759103 0.10565289399123301 -2.0 1.6341250840139974
10.904204429677527 0.9264997095515448 0.033846842156735446 -0.1411294496271834 0.06882528683571713 20.50955357787658 -14.394993050163226 8.837592045250497 0.034944649901848854 -0.14655682199390194 0.02212060345614628 3.6382083717795406 0.9250227748674483 0.033848443505332185 -0.14060414009425964 0.06881278580805134 0.10680692377270784 0.10603756958315229 -2.0000000000000018 1.6382083717795386
11.030787448822151 0.9271491339714558 0.03349457900520098 -0.14003002498036515 0.06760394862735271 20.573928106214588 -14.378198618723054 8.805568179692003 0.03455666452426707 -0.14527353104788207 0.021875698909933013 3.6422486233854627 0.9256978710768545 0.0334961017722024 -0.139519521715339 0.0675920577952271 0.10716459063322552 0.10640819414604166 -1.9999999999999984 1.6422486233854643
11.15883992507748 0.9277952064619593 0.03314533417575107 -0.13893058845388653 0.06640409792947323 20.635894527839802 -14.360605115261462 8.773424069374457 0.03417283313306287 -0.14399640698946095 0.021633405339215636 3.646246208218194 0.9263692788003393 0.03314678205789519 -0.13843451717793012 0.06639278880116554 0.10750838023787786 0.1067648488886883 -2.0 1.646246208218194
11.28837891684689 0.9284378842007467 0.03279910111749221 -0.137831448148514 0.06522540752148866 20.695464449052434 -14.342218872020684 8.741160758305025 0.03379311440935846 -0.14272555341983112 0.02139369717890413 3.6502014953597905 0.927036955530839 0.032800477648328795 -0.13734944198992932 0.06521465284843321 0.10783838067851517 0.10710761748698869 -2.0000000000000004 1.65020149535979
11.41942168055866 0.9290771262563687 0.03245587264322899 -0.13673290123967605 0.06406755246146324 20.75264982919917 -14.323046293249856 8.708779314098177 0.03341746739570376 -0.14146106959332316 0.021156549062136876 3.6541148534736148 0.9277008608443178 0.03245718119959728 -0.13626460069232446 0.06405732618995456 0.10815468216621953 0.10743658598364923 -1.9999999999999978 1.654114853473617
11.551985672964793 0.929712893551012 0.03211564095165728 -0.13563523426796725 0.0629302102097379 20.807462972714955 -14.303093853286548 8.67628082818081 0.033045851492964184 -0.14020305050758272 0.02092193581999872 3.6579866506944723 0.9283609563536732 0.03211688475995675 -0.1351802871433595 0.06292048743409483 0.10845737694051 0.10775184269097142 -2.0000000000000027 1.6579866506944696
11.68608855346651 0.9303451488234966 0.03177839764915246 -0.13453872342345882 0.061813060744086476 20.85991652124628 -14.28236809468639 8.643666415977023 0.03267822645727734 -0.13895158699298615 0.020689832481203124 3.6618172545231404 0.9290172056631181 0.031779579791409614 -0.1340967847969583 0.06180381766126283 0.1087465591815491 0.10805347809662037 -2.0000000000000018 1.6618172545231384
11.821748186466717 0.9309738565925177 0.031444133771149525 -0.1334436348238828 0.060715786666748 20.910023445849603 -14.260875626396693 8.610937217072921 0.032314552397075945 -0.13770676580125063 0.02046021427173928 3.6656070317251217 0.9296695743230583 0.031445257190884014 -0.13301436697548155 0.06070700053237451 0.10902232492525507 0.10834158477233313 -1.9999999999999982 1.6656070317251235
11.958982643749794 0.9315989831201462 0.031112839803112757 -0.13235022478675879 0.059638073303668014 20.957797039271945 -14.238623121973458 8.578094395361624 0.03195478977017373 -0.13646866969320623 0.020233056614485444 3.6693563482335474 0.9303180297854774 0.03111390731100612 -0.13193329713684096 0.0596297223895079 0.10928477198122286 0.1086162572854415 -1.9999999999999984 1.669356348233549
12.097810206889013 0.9322204963756027 0.030784505701093392 -0.1312587400955377 0.058579608796272546 21.00325090831268 -14.21561731783918 8.545139139168672 0.03159889938091153 -0.13523737752569542 0.020008335128789377 3.6730655690561167 0.9309625413598409 0.030785519980464134 -0.13085382913603197 0.0585716723490694 0.10953399985336396 0.10887759211314134 -1.9999999999999991 1.6730655690561176
12.238249369681924 0.9328383659993273 0.030459120911873867 -0.1301694182598414 0.05754008418608858 21.046398966263812 -14.191865011578479 8.512072661358147 0.031246842377361084 -0.13401296433756638 0.01978602563001699 3.6767350581859195 0.931603080169537 0.03046008452396281 -0.12977620748115268 0.05753254238778571 0.10977010966317856 0.1091256875594404 -1.999999999999999 1.6767350581859206
12.380318840613974 0.9334525632673562 0.03013667439269845 -0.12908248776987521 0.05651919349251694 21.087255425432808 -14.167373060270595 8.478896199419609 0.030898580248583603 -0.13279550143473626 0.019566104129070228 3.680365178516104 0.9322396191088576 0.03013758978176818 -0.12870066758395618 0.05651202742182304 0.10999320407556917 0.10936064367468744 -2.0 1.6803651785161036
12.524037545350732 0.9340630610560167 0.0298171546305902 -0.1279981683450938 0.05551663378405292 21.12583478974495 -14.142148378855836 8.445611015536128 0.030554074821940863 -0.13158505647429308 0.01934854683187521 3.683956291758195 0.9328721328005359 0.029818024128842862 -0.1276274360050063 0.05550982537932929 0.11020338722710887 0.1095825621776124 -2.0000000000000027 1.6839562917581927
12.669424629259064 0.9346698338069587 0.02950054966125455 -0.12691667117720715 0.054532105243241404 21.16215184742833 -14.116197938534974 8.412218396633609 0.030213288260455905 -0.13038169354761833 0.019133330138841505 3.6875087583640687 0.9335005975538434 0.029501375493572148 -0.1265567306934999 0.05452563726668451 0.11040076465668712 0.10979154637979867 -2.0000000000000018 1.6875087583640667
12.816499459957583 0.9352728574925339 0.029186847087570803 -0.12583819916760638 0.05356531122564463 21.196221663776928 -14.089528765198452 8.378719654411578 0.029876183060221308 -0.12918547326250127 0.018920430644293475 3.6910229374513532 0.9341249913232604 0.029187631376082407 -0.12548876122182517 0.053559167228735535 0.11058544323844377 0.10998770111251618 -1.9999999999999978 1.6910229374513555
12.965281629896682 0.9358721095815314 0.02887603409767289 -0.12476294715930035 0.05261595831309206 21.228059573994592 -14.062147937884546 8.345116125355657 0.029542722047852587 -0.12799645282423214 0.018709825135874807 3.694499186732267 0.9347452936677216 0.028876778866152912 -0.12442372901492668 0.052610122603284855 0.11075753111691852 0.1101711326558391 -2.000000000000004 1.6944991867322639
13.115790958968502 0.9364675690052785 0.028568097482621402 -0.12369110216344548 0.05168375636147251 21.257681176119625 -14.034062587264696 8.311409170731949 0.029212868377984643 -0.1268146861156521 0.018501490593926997 3.6979378624457118 0.9353614857104438 0.028568804660723642 -0.12336182757453787 0.05167821397009244 0.11091713764433132 0.11034194866996086 -2.0000000000000013 1.6979378624457104
13.268047497147244 0.9370592161241252 0.028263023653668843 -0.12262284358056182 0.05076841854332015 21.285102324025566 -14.005279894153196 8.277600176563457 0.02888658553080871 -0.12564022377614678 0.018295404190842662 3.7013393192925887 0.9359735500993447 0.02826369508100049 -0.1223032426983777 0.050763155194641814 0.11106437331992687 0.11050025812867456 -2.000000000000001 1.7013393192925879
13.422071527160119 0.9376470326943096 0.027960798659121135 -0.12155834341651864 0.049869661385438635 21.31033912050222 -13.975807088041009 8.243690553588795 0.02856383730964816 -0.12447311327956703 0.018091543290394623 3.7047039103741817 0.9365814709680519 0.027961436089161316 -0.12124815269435688 0.04986466346691373 0.1111993497312985 0.11064617125490038 -1.9999999999999962 1.7047039103741863
13.577883567189284 0.9382310018352192 0.027661408200798144 -0.1204977664933844 0.04898720480179827 21.333407910412536 -13.945651445651007 8.20968173720337 0.028244587838571034 -0.1233133990110683 0.01788988544704162 3.708031987133577 0.9371852338975083 0.027662013304665483 -0.12019672858989502 0.04898245933540294 0.11132217949763026 0.11077979945823575 -1.9999999999999967 1.7080319871335805
13.735504373605137 0.938811107997058 0.02736483765009677 -0.11944127065522805 0.048120772121933914 21.35432527392672 -13.914820289513754 8.175575187383199 0.027928801560037388 -0.12216112234285309 0.0176904084052115 3.7113238992999533 0.9377848258781769 0.02736541202017027 -0.11914913433640152 0.04811626673660448 0.11143297621478143 0.11090125527442118 -1.9999999999999998 1.711323899299954
13.894954943731374 0.9393873369289152 0.027071072063659787 -0.11838900696896142 0.04727009011506236 21.373108019830738 -13.88332098656179 8.1413723885916 0.027616443232579564 -0.12101632170881273 0.01749309009856266 3.714579994835729 0.938380235272846 0.02707161721705762 -0.11810552700902119 0.04726581302018966 0.11153185440214557 0.111010652306698 -1.999999999999998 1.7145799948357319
14.05625651864215 0.9399596756472529 0.02678009619865479 -0.11734111992031368 0.046434889010131444 21.389773178909806 -13.851160946741452 8.10707484966895 0.027307477928513714 -0.1198790326780574 0.017297908649224487 3.717800619886429 0.9389714517800369 0.026780613580575256 -0.11706605700170457 0.046430828970082216 0.1116189294512198 0.11110810516896548 -1.9999999999999962 1.7178006198864326
14.219430585991669 0.9405281124048112 0.02649189452766716 -0.1162977476050293 0.045614902512004896 21.404337997404426 -13.818347621640473 8.072684103705607 0.02700187103168102 -0.11874928802732937 0.017104842367017835 3.7209861187331965 0.9395584663980157 0.02649238551459612 -0.11603086821768792 0.04561104882164016 0.11169431757582075 0.11119372943068315 -1.9999999999999973 1.7209861187331987
14.38449888287663 0.9410926366599397 0.02620645125321134 -0.11525902191537761 0.04480986781397959 21.416819930539432 -13.784888503130288 8.038201707898386 0.026699588235216683 -0.11762711781229508 0.01691386974865603 3.7241368337478704 0.9401412713894067 0.0262069171560006 -0.11500009825546266 0.044806210275139764 0.11175813576388283 0.11126764156346283 -2.0000000000000027 1.7241368337478677
14.551483398731937 0.9416532390463536 0.02592375032186524 -0.11422506872206395 0.044019525606824705 21.42723663612296 -13.750791122021642 8.003629243390591 0.026400595539345647 -0.1165125494377123 0.016724969476927302 3.727253105350545 0.9407198602464111 0.025924192388685912 -0.11397387859031057 0.04401605450575102 0.1118105017307785 0.11132995888928657 -2.000000000000001 1.7272531053505438
14.720406378260014 0.9422099113433247 0.025643775438032285 -0.11319600805163296 0.04324362008452531 21.43560596821625 -13.716063046732332 7.968968315095919 0.026104859249202982 -0.11540560772647107 0.016538120419859293 3.7303352719695466 0.9412942276566258 0.02564419485720735 -0.1129523347514878 0.043240326170188 0.11185153387410383 0.1113807995303002 -1.9999999999999967 1.73033527196955
14.891290324394095 0.9427626464463073 0.02536651007733621 -0.11217195425945278 0.04248189894690628 21.441945970870428 -13.680711881965676 7.934220551506431 0.025812345972678202 -0.11430631498750456 0.016353301629866503 3.733383670003704 0.9418643694694655 0.025366907980056384 -0.11193558649513177 0.04247877341021005 0.11188135122987156 0.11142028236011683 -1.9999999999999973 1.7333836700037066
15.064158001295928 0.9433114383379981 0.02509193749965373 -0.11115301619836698 0.04173411339930531 21.44627487193248 -13.644745267399138 7.899387604484763 0.0255230226182817 -0.11321469108257318 0.016170492342881253 3.7363986337868837 0.9424302826631815 0.02509231496258067 -0.11092374797297146 0.04173114785314331 0.11190007343005451 0.11144852695657997 -1.9999999999999998 1.7363986337868835
15.239032437388289 0.9438562820598383 0.024820040761790216 -0.11013929738310378 0.041000018149457584 21.44861107691637 -13.608170876381582 7.864471149040789 0.025236856393032324 -0.11213075349192148 0.015989671977468867 3.7393804955547036 0.9429919653124789 0.024820398809550958 -0.10991692789692172 0.040997204609584954 0.11190782066142899 0.11146565355593781 -2.0000000000000013 1.7393804955547028
15.415936928422719 0.9443971736839559 0.0245508027298038 -0.1091308961505292 0.04027937140174838 21.44897316293883 -13.570996414638152 7.829472883093005 0.0249538148003648 -0.11105451737880936 0.015810820133927796 3.7423295854133345 0.9435494165567269 0.024551142337380313 -0.1089152296996411 0.0402767022684479 0.11190471362566586 0.11147178300837754 -1.999999999999997 1.742329585413338
15.594895040582823 0.9449341102855483 0.024284206090983394 -0.10812790581582939 0.039571934848983525 21.44737987271874 -13.533229618981998 7.794394527214786 0.02467386563805582 -0.10998599565292133 0.0156339165933753 3.745246231310339 0.9441026365687613 0.024284528186000923 -0.10791875169112705 0.039569402889495404 0.11189087350061698 0.11146703673486404 -2.000000000000001 1.7452462313103385
15.775930613623613 0.9454670899157095 0.024020233365486303 -0.10713041482470982 0.03887747366182229 21.443850108640337 -13.494878256032225 7.759237824365775 0.024396976996168062 -0.10892519903265693 0.015458941316819384 3.7481307590074575 0.9446516265242725 0.024020538830404427 -0.10692758721142501 0.03887507199351145 0.11186642190275364 0.11145153668523075 -1.999999999999999 1.748130759007459
15.95906776404731 0.9459961115746962 0.023758866917640873 -0.10613850690169233 0.03819575647601029 21.43840292687491 -13.455950120936306 7.724004539608629 0.024123117255010658 -0.10787213610630818 0.01528587444421752 3.7509834920553105 0.9451963885717796 0.023759156591850503 -0.10594182477954041 0.038193478550244804 0.11183148085070298 0.11142540529750067 -2.000000000000001 1.7509834920553093
16.14433088831602 0.9465211751856424 0.023500088966920074 -0.10515226119459781 0.037526555377545685 21.431057531566115 -13.416453036097485 7.688696459811349 0.023852255083115392 -0.1068268133921272 0.015114696293522823 3.753804751769906 0.9457369258031816 0.023500363648750213 -0.10496154823861033 0.03752439496426049 0.11178617272984628 0.11138876545835251 -1.9999999999999964 1.7538047517699096
16.331744666101677 0.9470422815687082 0.02324388159859176 -0.10417175241529333 0.03686964588590573 21.421833269069424 -13.376394849904651 7.653315393335376 0.023584359435227936 -0.10578923539729208 0.014945387359718345 3.7565948572109233 0.9462732422248861 0.023244142047229265 -0.10398683689743396 0.0368675970588265 0.11173062025792717 0.11134174046473569 -2.0000000000000044 1.7565948572109187
16.5213340635737 0.947559432415677 0.022990226774051596 -0.10319705097678887 0.036224806935456016 21.410749622255082 -13.335783435466512 7.61786316970986 0.02331939955031298 -0.10475940467577717 0.014777928313839932 3.759354125161695 0.9468053427295057 0.022990473711377257 -0.10301776566841037 0.03622286405795895 0.11166494645163556 0.11128445398653423 -2.0 1.7593541251616949
16.713124336724874 0.9480726302649886 0.022739106340844105 -0.10222822312676047 0.03559182085515857 21.397826204860344 -13.294626689345911 7.582341639292114 0.02305734494957253 -0.10373732188513311 0.014612300001988297 3.7620828701108153 0.9473332330681228 0.022739340453188355 -0.10205440520198938 0.035589978566741745 0.1115892745941199 0.11121703003030865 -2.0000000000000036 1.7620828701108115
16.9071410347358 0.9485818784772101 0.022490502042378298 -0.10126533107758219 0.03497047334669138 21.38308275590491 -13.252932530297903 7.546752672914678 0.022798165434476745 -0.10272298584218952 0.014448483444330855 3.7647814042353724 0.9478569198231114 0.02249072398219955 -0.10109682201767559 0.034968726550034954 0.11150372820339478 0.11113959290400087 -1.9999999999999998 1.7647814042353727
17.103410003378404 0.9490871812109454 0.02224439552734332 -0.10030843313294337 0.03436055346108629 21.36653913415334 -13.21070889800681 7.511098161519214 0.02254183108480657 -0.10171639357768199 0.01428645983409386 3.767450037385653 0.9483764103815163 0.0222446059148321 -0.10014507863168909 0.034358897309678754 0.11140843100160197 0.11105226718263142 -1.9999999999999987 1.7674500373856543
17.301957388458945 0.9495885433991811 0.022000768358830466 -0.09935758381112991 0.033761853573987914 21.34821531263671 -13.167963751825205 7.475380015777413 0.022288312256707465 -0.10071754038981866 0.014126210536545381 3.770089077071358 0.9488917129089793 0.022000967783442172 -0.09919923368133043 0.03376028346029632 0.11130350688509365 0.11095517767489954 -1.9999999999999971 1.770089077071361
17.502809639301013 0.9500859707260576 0.021759602023167127 -0.09841283396504301 0.033174169359631314 21.328131373222064 -13.12470506951206 7.439600165699303 0.02203757958075375 -0.0997264198967917 0.013967717087969579 3.772698828449212 0.94940283632421 0.021759791045086293 -0.09825934204613794 0.03317268090379438 0.11118907989529699 0.1108484493906865 -1.9999999999999984 1.7726988284492136
17.70599351226898 0.950579469604078 0.02152087793846871 -0.0974742308990332 0.03259729976363224 21.306307501235537 -13.080940845970677 7.403760560229114 0.021789603960022722 -0.09874302408824429 0.013810961194632827 3.775279594311932 0.9499097902739927 0.021521057090007612 -0.09732545496589673 0.032595888802655675 0.11106527419033473 0.11073220750940556 -1.9999999999999973 1.7752795943119346
17.91153607433231 0.9510690471517401 0.021284577462914653 -0.09654181848262092 0.03203104697467982 21.282763980134977 -13.036679091986008 7.367863166829066 0.0215443565681785 -0.09776734337570611 0.013655924731742191 3.777831675078537 0.9504125851087251 0.021284747249848787 -0.0963976201555758 0.03202970955211373 0.11093221401736321 0.11060657734917993 -2.000000000000003 1.777831675078534
18.11946470667124 0.9515547111715905 0.02105068190275414 -0.09561563726117649 0.031475216395216866 21.257521186232513 -12.991927832960688 7.331909971051315 0.02130180884756466 -0.09679936664200373 0.013502589742396721 3.780355368785883 0.9509112318584804 0.02105084280559729 -0.09547588191725467 0.03147394875129603 0.11079002368560005 0.11047168433680246 -2.0 1.7803553687858826
18.329807108324356 0.9520364701287044 0.020819172520047478 -0.09469572456363173 0.03092961661118935 21.230599583464553 -12.946695107649544 7.295902976098366 0.021061932507305463 -0.0958390812896603 0.013350938436531965 3.7828509710814453 0.9514057422095897 0.020819324995268756 -0.09456028124911521 0.030928415173417472 0.11063882754001453 0.11032765397846601 -2.000000000000002 1.782850971081443
18.542591299878524 0.9525143331295777 0.020590030540148924 -0.09378211460729095 0.030394059360942995 21.20201971821047 -12.900988966892474 7.259844202372185 0.020824699521415097 -0.09488647328829268 0.01320095318985823 3.785318775217234 0.9518961284817337 0.020590175021334273 -0.09365085595155385 0.030392920735102743 0.11047874993564766 0.11017461183121045 -1.999999999999995 1.7853187752172393
18.757845627201604 0.952988309901436 0.02036323715893692 -0.09287483859981228 0.029868359503341445 21.17180221415795 -12.854817472345502 7.22373568701247 0.020590082126914818 -0.09394152722102186 0.01305261654279301 3.787759072044873 0.9523824036055406 0.02036337405789734 -0.092747640730493 0.02986728046491318 0.11030991521254087 0.11001268347508612 -2.000000000000001 1.7877590720448724
18.975598765218503 0.9534584107719526 0.020138773549797186 -0.09197392483842493 0.02935233498517635 21.139967767215005 -12.80818869520981 7.187579483424144 0.02035805282195737 -0.09300422632990309 0.012905911199388012 3.7901721500117107 0.9528645811006821 0.020138903257626 -0.09185066729793821 0.02935131247114783 0.11013244767124308 0.10984199448597132 -2.0 1.7901721500117107
19.19587972173111 0.9539246466493722 0.019916620870364683 -0.09107939880644902 0.028845806807937042 21.10653714046716 -12.761110714958331 7.15137766079461 0.02012858436395853 -0.09207455256039285 0.012760820026251176 3.792558295158015 0.9533426750544599 0.019916743758445918 -0.09095996446986461 0.02884483790898849 0.10994647154887427 0.10966267040906076 -2.000000000000001 1.7925582951580141
19.418717841282547 0.9543870290030398 0.01969676026902969 -0.09019128326718431 0.028348598994003556 21.07153115917897 -12.713591618060198 7.1151323036009595 0.019901649767735383 -0.09115248660486072 0.012617326051464072 3.7949177911151186 0.9538167001008784 0.01969687668999972 -0.0900755582614773 0.028347680947052034 0.10975211099572477 0.1094748367329618 -2.000000000000003 1.7949177911151155
19.644142809066278 0.9548455698443213 0.019479172891214088 -0.089309598355228 0.027860538552324596 21.034970705841793 -12.665639496702822 7.07884551110744 0.019677222303651237 -0.09023800794516129 0.012475412463495185 3.797250919104546 0.9542866714001922 0.01947928317987852 -0.08919747197991519 0.027859668733412384 0.10954949005236023 0.10927861886439504 -1.9999999999999971 1.7972509191045487
19.872184654880556 0.9553002817079264 0.019263839885422893 -0.08843436166528892 0.02738145544363797 20.996876715262896 -12.617262447511363 7.042519396853603 0.0194552754957668 -0.08933109489427758 0.012335062610109335 3.7995579579380427 0.9547526046189266 0.019263944359630664 -0.08832572631445898 0.027380631361150345 0.10933873262722237 0.10907414210347717 -1.9999999999999978 1.799557957938045
20.102873757128854 0.9557511776336122 0.01905074240907675 -0.08756558833855416 0.026911182545288657 20.957270169701005 -12.568468570266312 7.006156088133365 0.01923578311999738 -0.08843172463704893 0.012196259997273692 3.8018391840184957 0.9552145159103598 0.0190508413705532 -0.08746033942429522 0.026910401833487186 0.1091199624746949 0.10886153161954808 -2.0000000000000013 1.8018391840184944
20.336240846866723 0.9561982711482793 0.018839861634130723 -0.08670329114667193 0.02644955561569705 20.916172094042615 -12.519265966618317 6.969757725465372 0.019018719202276123 -0.08753987326999517 0.012058988288060655 3.804094871341676 0.9556724218954616 0.01883995536927157 -0.08660132702390055 0.02644881602855437 0.10889330317362338 0.10864091242753916 -1.9999999999999973 1.8040948713416785
20.572317011895564 0.9566415762484429 0.018631178752484705 -0.08584748057340824 0.025996413258526977 20.873603551020246 -12.469662738800409 6.9333264620549775 0.018804058016722917 -0.08665551584025132 0.011923231301548105 3.806325291498792 0.9561263396442826 0.018631267533112516 -0.08574870246610468 0.025995712663850336 0.10865887810626847 0.10841240936486386 -2.0000000000000084 1.8063252914987835
20.811133700903948 0.9570811073830837 0.018424674981190745 -0.08499816489403407 0.02555159688660064 20.829585636477454 -12.419666988339399 6.896864463248223 0.018591774083819023 -0.08577862638362592 0.011788973011717264 3.8085307136798288 0.9565762866577825 0.018424759065275645 -0.08490247682287418 0.025550933260431497 0.10841681043767382 0.10817614706878084 -1.9999999999999991 1.8085307136798296
21.05272272765707 0.9575168794368658 0.018220331567462243 -0.0841553502525004 0.02511495068560487 20.78413947466859 -12.369286814763242 6.860373905978082 0.01838184216858705 -0.08490917796179426 0.011656197546348434 3.810711404677609 0.957022280850097 0.018220411199808384 -0.08406265896389566 0.025114322106882345 0.10816722309543524 0.10793224995427173 -2.0000000000000053 1.8107114046776036
21.29711627523478 0.9579489077137264 0.01801812979349049 -0.08331904073645648 0.02468632157763132 20.73728621360852 -12.3185303143087 6.8238569782034375 0.01817423727877647 -0.08404714269864103 0.011524889185915106 3.81286762889256 0.9574643405312294 0.018018205206389845 -0.08322925563298096 0.024685726223108058 0.10791023874985663 0.10768084219233803 -1.9999999999999971 1.812867628892563
21.544346900318832 0.9583772079208208 0.017818050981073145 -0.08248923845016391 0.02426555918459044 20.689047020456847 -12.267405578625478 6.787315878341026 0.017968934663054353 -0.08319249181576578 0.011395032362476638 3.8149996483381714 0.9579024843901645 0.017818122394928106 -0.08240227152237925 0.024264995323989555 0.10764597979447327 0.10742204768878291 -2.0000000000000044 1.8149996483381672
21.794447537529855 0.9588017961528287 0.017620076496060028 -0.08166594358536164 0.023852515791537153 20.63944307694849 -12.215920693480266 6.750752814690792 0.017765909809201442 -0.08234519566716222 0.01126661165856983 3.81710772264706 0.9583367314783952 0.01762014411997614 -0.08158170934501772 0.023851981782939426 0.1073745683269369 0.1071559900633888 -1.9999999999999984 1.8171077226470616
22.047451503814745 0.9592226888766111 0.017424187752620682 -0.08084915449013165 0.023447046309943775 20.58849557486343 -12.164083737458837 6.714170004855027 0.017565138442313354 -0.08150522377308879 0.011139611806099696 3.8191921090777154 0.9587671011938561 0.017424251784970937 -0.08076756990474805 0.023446540595395186 0.10709612613024393 0.1068827926295421 -2.0000000000000044 1.819192109077711
22.303392502884964 0.9596399029162115 0.017230366217338713 -0.08003886773581635 0.023049008240954117 20.536225711538712 -12.111902780667737 6.677569675151557 0.017366596523006983 -0.08067254485313745 0.011014017685229742 3.8212530625217602 0.9591936132652559 0.017230426846300686 -0.07995985216462284 0.023048529342283408 0.10681077465429636 0.10660257837423016 -1.9999999999999978 1.8212530625217624
22.56230462970634 0.960053455438205 0.01703859341313756 -0.07923507818203886 0.02265826163865055 20.48265468541921 -12.059385883434375 6.640954060021444 0.017170260245632004 -0.07984712685851891 0.010889814323271962 3.8232908355118007 0.9596162877368033 0.017038650817204567 -0.0791585533132742 0.022657808153487405 0.10651863499778857 0.1063154699384567 -1.9999999999999962 1.8232908355118045
22.824222375040975 0.9604633639373752 0.016848850923042336 -0.07843777903987127 0.02227466907336399 20.427803691655775 -12.006541095008599 6.604325401431583 0.01697610603648759 -0.07902893700357748 0.010766986893576962 3.825305678229853 0.9600351449533161 0.016848905271509854 -0.07836366882942118 0.022274239671349085 0.1062198278904016 0.10602158959800978 -2.0000000000000067 1.8253056782298462
23.089180630041927 0.9608696462227323 0.016661120393782158 -0.07764696193320215 0.021898095595055015 20.371693917737968 -11.953376452262416 6.567685948272454 0.016784110552044196 -0.07821794179654219 0.010645520714424272 3.8272978385161744 0.960450205545711 0.016661171847210655 -0.07757519254456537 0.02189768901423259 0.10591447367530524 0.10572105924460865 -2.000000000000001 1.8272978385161733
23.357214690901213 0.961272320403851 0.016475383539237484 -0.07686261695834598 0.021528408696792598 20.314346539172092 -11.899899978391149 6.53103795575154 0.016594250677170512 -0.07741410706953629 0.010525401247913296 3.829267561878686 0.9608614904168633 0.016475432249892695 -0.07679311670391861 0.021528023740177787 0.10560269229195059 0.1054140003674098 -1.999999999999999 1.829267561878687
23.628360263551762 0.9616714048775344 0.016291622143736844 -0.07608473274194194 0.021165478278355507 20.255782715202646 -11.84611968161581 6.49438368478274 0.016406503523365593 -0.07661739800785236 0.010406614098855 3.8312150915028167 0.9612690207278319 0.016291668256008595 -0.07601743202559992 0.021165113810668105 0.10528460325914991 0.10510053403484697 -1.9999999999999953 1.8312150915028214
23.902653468423917 0.9620669183147921 0.016109818065207178 -0.07531329649718585 0.02080917660997967 20.196023584570902 -11.792043553885199 6.457725401372076 0.016220846426996192 -0.07582777917850463 0.010289145013664713 3.8331406682617333 0.9616728178844419 0.016109861716007715 -0.07524812775815379 0.020808831554536583 0.10496032565843536 0.10478078087681796 -1.9999999999999982 1.833140668261735
24.180130845257207 0.9624588796481305 0.015929953238182006 -0.0745482940784375 0.020459378296273333 20.13509026131959 -11.737679569581054 6.421065376000258 0.01603725694753936 -0.07504521455807653 0.010172979879256106 3.835044530727044 0.9620729035242179 0.015929994557324797 -0.07448519173642638 0.020459051632032682 0.10462997811768837 0.10445486106719257 -2.0 1.8350445307270438
24.46082935796798 0.9628473080591508 0.015752009676671494 -0.07378971003424636 0.020115960240320637 20.073003830639927 -11.68303568422484 6.384405883002294 0.015855712865830315 -0.07426966755987335 0.010058104721936738 3.8369269151799026 0.9624692995036621 0.01575204878723142 -0.07372861043584486 0.020115650999070145 0.10429367879503439 0.10412289430664542 -2.0000000000000027 1.8369269151798997
24.744786399573513 0.9632322229664471 0.01557596947689846 -0.07303752765883707 0.01977880160799264 20.009785344759454 -11.628119833186709 6.347749199944655 0.01567619218231564 -0.07350110106039089 0.009944505706305267 3.8387880556224303 0.9628620278858699 0.015576006495554262 -0.07297836902513823 0.019778508871675773 0.10395154536299799 0.1037849998057983 -2.000000000000003 1.8387880556224272
25.032039797173255 0.9636136440138027 0.015401814819904318 -0.07229172904209392 0.01944778379248372 19.94545581887471 -11.572939930397865 6.311097607000378 0.015498673115312037 -0.07273947742511606 0.009832169134150609 3.840628183789534 0.9632511109284767 0.015401849857264173 -0.07223445141754098 0.019447506690657142 0.10360369499291155 0.10344129626867074 -1.9999999999999978 1.8406281837895362
25.322627816987946 0.9639915910586755 0.01522952797402866 -0.07155229511808467 0.019122790379089972 19.880036227127167 -11.517503867066122 6.274453386322376 0.015323134099270368 -0.07198475853366969 0.009721081443353215 3.8424475291610376 0.9636365710719286 0.015229561134939637 -0.07149684032051778 0.019122528086505924 0.10325024433957392 0.10309190187643044 -2.000000000000004 1.8424475291610336
25.616589169457267 0.9643660841609731 0.015059091297266371 -0.07081920571216099 0.018803707110244816 19.813547498622007 -11.461819510395621 6.237818821415495 0.015149553783045428 -0.07123690580430342 0.009611229206788622 3.8442463189741196 0.9640184309280724 0.015059122681108528 -0.07076551728404487 0.018803458844552857 0.10289130952615455 0.1027369342714309 -2.000000000000006 1.844246318974114
25.913963014396586 0.964737143572107 0.01489048723950594 -0.0700924395866741 0.018490421850826607 19.746010513494628 -11.405894702311238 6.2011961965076186 0.014977911028171236 -0.07049588021776654 0.00950259913123357 3.8460247782360883 0.9643967132690564 0.01489051694047185 -0.07004046274749104 0.018490186870388888 0.10252700612933971 0.10237651054154757 -1.9999999999999984 1.8460247782360895
26.214788966213558 0.965104789724324 0.01472369834465255 -0.06937197448534115 0.018182824553751108 19.677446099017708 -11.349737258187448 6.164587795920183 0.014808184907142193 -0.06976164234054974 0.00939517805627479 3.8477831297373943 0.964771441016537 0.014723726452012906 -0.06932165608512908 0.018182602155565754 0.1021574491647168 0.10201074720479279 -1.9999999999999938 1.8477831297374006
26.51910709918538 0.9654690432203108 0.01455870725263945 -0.06865778717629854 0.0178808072258612 19.607875025754623 -11.293354965582596 6.127995903438546 0.014640354701699939 -0.06903415234751972 0.009288952953220641 3.8495215940648824 0.9651426372311851 0.014558733850995407 -0.06860907565031545 0.017880596743588786 0.10178275307239498 0.1016397601942111 -2.0000000000000018 1.8495215940648808
26.826957952797247 0.9658299248230642 0.014395496701331075 -0.0679498534938768 0.01758426389412507 19.537318003764486 -11.236755582980772 6.091422801682571 0.014474399901126119 -0.06831337004396074 0.009183910924015793 3.8512403896153904 0.9655103251024839 0.014395521870854012 -0.06790269881837019 0.017584064696213274 0.10140303170285907 0.10126366484304403 -2.0000000000000036 1.8512403896153868
27.138382537142785 0.9661874554460224 0.014234049528321307 -0.06724814837913072 0.017293090572153367 19.46579567884403 -11.179946838538003 6.0548707714777725 0.014310300200541248 -0.06759925488702631 0.009080039200159104 3.8529397326094585 0.9658745279388162 0.014234073344980565 -0.06720250202819739 0.017292902060054925 0.10101839830305369 0.10088257587017997 -1.999999999999999 1.8529397326094597
27.453422338387142 0.9665416561434579 0.014074348672630117 -0.06655264591915894 0.017007185227044624 19.39332862882282 -11.122936428837079 6.018342091227469 0.014148035499209628 -0.06689176600662068 0.008977325141624888 3.8546198371053273 0.9662352691578308 0.01407437120840933 -0.06650846082267245 0.017007006833524352 0.10062896550269955 0.10049660736586519 -2.000000000000007 1.8546198371053202
27.77211932429355 0.9668925481011165 0.013916377176301786 -0.06586331938524354 0.016726447746567653 19.319937359906234 -11.065732017650072 5.981839036286259 0.013987585898850416 -0.06619086222571681 0.008875756235787657 3.8562809150131176 0.9665925722770844 0.013916398499404348 -0.06582054988782875 0.01672627893409409 0.10023484530083523 0.10010587277767566 -1.9999999999999996 1.856280915013118
28.094515949814063 0.9672401526271107 0.013760118185907865 -0.06518014126984259 0.01645077990668873 19.245642303061302 -11.00834123470799 5.945363878335189 0.013828931701955044 -0.06549650208012334 0.008775320096350524 3.857923176109184 0.9669464609049538 0.013760138360952023 -0.06513874309088238 0.01645062016590634 0.09983614905258796 0.09971048489676808 -1.9999999999999927 1.857923176109191
28.420655162745124 0.967584491143051 0.013605554953957915 -0.06450308332246592 0.01618008533945067 19.170463810458056 -10.950771674480754 5.908918884759064 0.013672053410111037 -0.0648086438377136 0.00867600446227744 3.8595468280506835 0.9672969587318104 0.013605574042162073 -0.06446301351711627 0.01617993418772878 0.09943298745617045 0.09931055584437977 -1.999999999999999 1.8595468280506846
28.7505804094488 0.9679255851754183 0.013452670840221016 -0.06383211658446408 0.015914269501210256 19.09442215195537 -10.893030894965603 5.872506318026211 0.013516931722332343 -0.06412724551712398 0.00857779719672933 3.8611520763902547 0.967644089521453 0.01345268889957965 -0.06379333350565906 0.01591412648126493 0.099025470540104 0.09890619705859147 -2.000000000000005 1.8611520763902498
29.08433564064048 0.9682634563471704 0.013301449312960938 -0.06316721142275968 0.015653239641239467 19.01753751163606 -10.835126416485103 5.836128435070993 0.013363547533396272 -0.06345226490593443 0.008480686286004343 3.8627391245908407 0.9679878771027932 0.013301466398411598 -0.06312967468418833 0.015653104319824813 0.09861370765066771 0.09849751928135377 -1.9999999999999971 1.8627391245908436
29.421965317243743 0.968598126369578 0.01315187395008778 -0.06250833756254967 0.015396904770695758 18.939829984398077 -10.777065720497014 5.799787486679607 0.013211881932187107 -0.06278365957834518 0.008384659838482222 3.8643081740407417 0.9683283453617874 0.013151890113669677 -0.062472008002584775 0.015396776737361268 0.09819780743957364 0.09808463254576953 -1.9999999999999993 1.8643081740407423
29.76351441631318 0.9689296170342826 0.013003928440228893 -0.06185546411900631 0.015145175631965742 18.861319572590357 -10.718856248413786 5.763485716879347 0.01306191620004659 -0.06212138691235259 0.008289706083573075 3.8658594240686655 0.9686655182336097 0.013003943731233392 -0.06182030376556478 0.01514505449787644 0.09777787785186776 0.09766764616362894 -2.0000000000000044 1.865859424068661
30.109028437025927 0.9692579502055798 0.012857596583721756 -0.06120855962800435 0.01489796466838615 18.78202618270494 -10.66050540043474 5.72722536233179 0.012913631809131331 -0.061465404106442384 0.008195813370670529 3.8673930719589813 0.9689994196950616 0.012857611048835236 -0.06117453166432058 0.014897850065202457 0.09735402611405906 0.09724666871320403 -1.999999999999997 1.8673930719589844
30.45855340674284 0.9695831478129139 0.012712862293531382 -0.060567592075899984 0.014655185994345258 18.70196962211712 -10.602020534389395 5.691008651730225 0.012767010420777214 -0.06081566819580502 0.008102970168109434 3.868909312967028 0.9693300737572125 0.012712875976970824 -0.06053466080719507 0.014655077573159689 0.09692635872247486 0.09682180802730339 -1.9999999999999987 1.8689093129670291
30.812135887140023 0.9699052318435876 0.012569709596094897 -0.05993252892838795 0.014416755365767659 18.621169595885682 -10.543408964595088 5.654837805201652 0.012622033883870926 -0.060172136068087606 0.008011165062128213 3.8704083403345697 0.9696575044582642 0.012569722539736544 -0.05990065974941194 0.014416652796095506 0.09649498143184529 0.0963931711815707 -1.9999999999999964 1.8704083403345733
31.16982298041145 0.9702242243356785 0.01242812263209565 -0.05930333715846218 0.014182590150984631 18.539645703597024 -10.48467796072589 5.6187150337136895 0.012478684233228782 -0.05953476447868735 0.00792038675583599 3.871890345305254 0.9699817358566384 0.012428134875597121 -0.05927249652189452 0.014182493119805998 0.0960599992441174 0.09596086448305163 -1.9999999999999947 1.87189034530526
31.531662335543647 0.9705401473711567 0.012288085657169467 -0.05867998327350346 0.01395260930199195 18.457417436272323 -10.42583474669711 5.582642538486775 0.012336943687982846 -0.05890351006560214 0.00783062406818455 3.8733555171402223 0.9703027920242778 0.012288097238085601 -0.05865013865919083 0.013952517512842573 0.09562151639749926 0.09552499345900795 -1.9999999999999998 1.8733555171402225
31.897702154663214 0.9708530230692046 0.01214958304254517 -0.058062433341518775 0.013726733326096368 18.374504173324983 -10.36688649956339 5.546622510411903 0.012196794649974469 -0.05827832936384348 0.007741865932945245 3.874804043133752 0.970620697040159 0.012149593996437945 -0.05803355322653249 0.013726646498204867 0.09517963635573616 0.09508566284598956 -2.000000000000009 1.874804043133743
32.26799119945808 0.9711628735797299 0.012012599275621842 -0.05745065301655542 0.013504884257951915 18.290925179574018 -10.307840348431498 5.510657129474256 0.012058219702155395 -0.057659178819422216 0.007654101397690928 3.8762361086289205 0.9709354749840096 0.01201260963616467 -0.057422706846049776 0.013504802125421028 0.09473446179762075 0.09464297657916274 -2.0000000000000044 1.8762361086289159
32.642578797673224 0.9714697210770674 0.011877118960484991 -0.05684460756331181 0.013286985631986416 18.20669960231459 -10.24870337338931 5.474748564183118 0.011921201606996506 -0.05704601480291972 0.0075673196227830225 3.8776518970334144 0.9712471499302283 0.011877128759561614 -0.05681756572216791 0.0132869079430163 0.09428609460673615 0.09419703778189929 -2.0000000000000027 1.8776518970334115
33.02151484968176 0.971773587753875 0.0117431268183638 -0.05624426188096915 0.013072962455218618 18.1218464684441 -10.18948260444982 5.438898971008189 0.011785723304904279 -0.05643879362264768 0.0074815098803638225 3.879051589835251 0.9715557459420004 0.011743136086162169 -0.05621809566620192 0.013072888971369798 0.09383463586143938 0.0937479487556152 -1.9999999999999967 1.8790515898352542
33.404849835132445 0.9720744958152014 0.011610607688031573 -0.05564958052626165 0.012862741180465523 18.03638468164692 -10.130185020512616 5.40311049382285 0.011651767912645073 -0.05583747153741214 0.007396661553353989 3.88043536661865 0.9718612870656044 0.011610616453132813 -0.055624262120177376 0.012862671675959704 0.09338018582507665 0.09329581096987469 -2.0 1.88043536661865
33.79263481967431 0.9723724674727431 0.011479546526151371 -0.055060527735810716 0.01265624967993961 17.950333019634837 -10.07081754834139 5.3673852633544294 0.011519318721777312 -0.05524200476888489 0.007312764134455491 3.881803405079834 0.9721637973249068 0.01147955481561423 -0.05503603017989375 0.012656183940996471 0.09292284393644462 0.09284072505274711 -1.9999999999999991 1.8818034050798347
34.18492146175929 0.9726675249392713 0.011349928407568991 -0.054477067447739926 0.012453417219235157 17.86371013144839 -10.011387061559692 5.331725396641924 0.011388359197091713 -0.05465234951359617 0.007229807225159914 3.8831558810429274 0.9724633007160394 0.011349936247009865 -0.054453364617254536 0.012453355043443188 0.09246270880048882 0.09238279078142929 -1.9999999999999973 1.88315588104293
34.58176201952381 0.9729596904232306 0.011221738525555048 -0.053899163322592904 0.012254174431702571 17.776534534815454 -9.951900379664098 5.2961329965014246 0.011258872975059588 -0.05406846195455327 0.007147780534762298 3.884492968475818 0.9727598212022552 0.01122174593922392 -0.05387622990188204 0.012254115627422383 0.09199987817924758 0.09192210707312584 -2.000000000000007 1.884492968475811
34.98320935775036 0.9732489861235066 0.011094962191998166 -0.05332677876357214 0.012058453293209289 17.688824613569906 -9.892364267056056 5.260610150999432 0.011130843862289313 -0.053490298272495115 0.0070666738793805075 3.8858148395060192 0.9730533827089581 0.011094969202850594 -0.05330459022203602 0.012058397679007685 0.09153444898303999 0.09145877197618868 -2.000000000000006 1.8858148395060133
35.38931695490988 0.9735354342243568 0.010969584837551038 -0.0527598769361181 0.011866187097285772 17.60059861512803 -9.832785432092017 5.2251589329343995 0.011004255833991065 -0.052917814656791386 0.006986477180980225 3.8871216644365503 0.9733440091189035 0.010969591467316391 -0.052738409504858634 0.011866134501399029 0.09106651726190043 0.09099288266152655 -2.0000000000000084 1.8871216644365418
35.80013891028579 0.9738190568905014 0.010845592011731195 -0.05219842078684708 0.011677310430654718 17.511874648030986 -9.773170526154239 5.189781399326792 0.01087909303244993 -0.052350967315995194 0.006907180466405621 3.888413611761834 0.9736317242675631 0.010845598280977382 -0.052177651435959316 0.011677260690479672 0.09059617819726197 0.09052453541426894 -1.9999999999999951 1.8884136117618389
36.21572995118075 0.9740998762623724 0.010722969382978181 -0.05164237306186604 0.011491759149141417 17.422670679540882 -9.713526142739315 5.154479590917799 0.010755339765507388 -0.05178971248805387 0.006828773866415755 3.8896908481835046 0.9739165519386538 0.010722975311173003 -0.05162227947836321 0.011491712110752839 0.09012352609389114 0.09005382562570481 -1.9999999999999898 1.8896908481835148
36.63614544020716 0.9743779144515134 0.010601702738668804 -0.051091696324480344 0.011309470353962982 17.333004533305047 -9.653858816569093 5.1192555316770445 0.010632980505051357 -0.05123400645019156 0.006751247614726747 3.890953538626316 0.974198515859823 0.010601708344238117 -0.05107225689083595 0.011309425871656032 0.08964865437207233 0.08958084778547928 -2.0000000000000107 1.8909535386263054
37.06144138266228 0.9746531935361324 0.010481777985092101 -0.05054635297231333 0.01113038236839403 17.242893887076626 -9.594175022720126 5.084111228319473 0.010511999885514718 -0.0506838055284631 0.0066745920470597615 3.8922018462538546 0.9744776396984879 0.01048178328547494 -0.05052754674560321 0.011130340304250409 0.08917165556004815 0.08910569547405445 -2.0000000000000098 1.8922018462538446
37.49167443398888 0.9749257355567991 0.010363181147385613 -0.05000630525385296 0.010954434714806135 17.152356270500746 -9.534481175775236 5.049048669831608 0.01039238270238256 -0.05013906610699698 0.0065987976001949025 3.89343593248441 0.9747539470578266 0.010363186159086461 -0.049988111945487114 0.010954394938282819 0.08869262128671439 0.08862846135545265 -1.9999999999999991 1.8934359324844108
37.926901907322495 0.9751955625122842 0.01024589836943453 -0.04947151528444181 0.010781568092078368 17.06140906296178 -9.474783628996136 5.014069827007503 0.010274113910708137 -0.04959974463692652 0.006523854811030979 3.894655957006701 0.9750274614729135 0.010245903108072841 -0.04945391524046766 0.010781530479617697 0.08821164227457104 0.08814923717025554 -1.9999999999999947 1.8946559570067065
38.36718178112645 0.9754626963555424 0.010129915913735067 -0.04894194506172681 0.010611724353375762 16.97006949149393 -9.415088673517468 4.9791766519944485 0.010157178623637525 -0.04906579764501966 0.006449754315651251 3.895862077795573 0.9752982064069993 0.010129920394092223 -0.048924919243689476 0.010611688788035891 0.08772880833293425 0.08766811372887419 -2.0000000000000036 1.8958620777955695
38.81257270691536 0.9757271589898273 0.01001522016122371 -0.048417556480582546 0.010444846484292806 16.87835462875554 -9.355402537563366 4.944371077848709 0.010041562110943187 -0.048537181742015816 0.00637648684839513 3.897054451127692 0.9755662052479294 0.01001522439728749 -0.04840108644692936 0.010444812855397357 0.08724420835140533 0.08718518090509252 -1.9999999999999964 1.8970544511276954
39.263134017068374 0.9759889722649445 0.009901797611073584 -0.04789831134752466 0.010280878581358689 16.78628139106577 -9.295731385685492 4.909655018101517 0.009927249797566413 -0.04801385363067446 0.0063040432409359375 3.898233231597153 0.9758314813046982 0.009901801616080353 -0.047882379235540305 0.010280846784164714 0.08675793029360336 0.08670052762988467 -2.0000000000000013 1.8982332315971515
39.71892573273302 0.9762481579736304 0.009789634880459369 -0.047384171394626404 0.010119765830900872 16.693866536504757 -9.23608131802442 4.875030366335361 0.009814227262168723 -0.047495770113543855 0.0062324144213647065 3.8993985721310533 0.9760940578041366 0.009789638666933996 -0.04736875990288359 0.010119735766284168 0.08627006119115915 0.08621424188549714 -2.0000000000000044 1.8993985721310487
40.18000857182091 0.9765047378480622 0.009678718704292063 -0.04687509829295349 0.009961454488263636 16.6011266630814 -9.176458369593947 4.840498995770935 0.009702480235692262 -0.046982888100457046 0.006161591413280054 3.900550624005035 0.9763539578877266 0.009678722284085808 -0.046860190664267 0.009961426062420552 0.08578068713797458 0.08572641069981007 -2.0000000000000058 1.9005506240050294
40.64644395709628 0.976758733556489 0.009569035934924865 -0.04637105366552973 0.009805891857377975 16.508078206960974 -9.116868509588167 4.806062758864661 0.009591994599929259 -0.04647516461576022 0.006091565334884154 3.9016895368587425 0.9766112046085431 0.009569039319251222 -0.046356633670400715 0.009805864981542742 0.08528989328474441 0.08523712014096901 -2.0000000000000044 1.9016895368587383
41.118294024358306 0.9770101666999877 0.00946057354183144 -0.04587199909984835 0.009653026270679262 16.414737440757776 -9.057317640711966 4.771723486917186 0.009482756386100613 -0.04597255680528048 0.006022327398084867 3.902815458711199 0.9768658209283181 0.009460576741300132 -0.04585805102038562 0.009653000860856221 0.08479776383374703 0.0847464553122908 -1.9999999999999982 1.902815458711201
41.59562163071847 0.9772590588093331 0.009353318611257775 -0.045377896159940485 0.009502807069368915 16.321120471897313 -8.9978115985361 4.737482989692806 0.009374751773443643 -0.04547502194304193 0.0059538689076040225 3.9039285359762057 0.9771178297146226 0.009353321635906948 -0.04536440477424681 0.009502783046078744 0.08430438203389987 0.08425450034744437 -1.9999999999999971 1.9039285359762086
42.07849036297403 0.9775054313419878 0.009247258345848722 -0.04488870639801455 0.009355184584016251 16.227243241033765 -8.938356150874338 4.70334305505003 0.009267967087809002 -0.04498251743773039 0.00588618126009185 3.9050289134775196 0.977367253738167 0.009247261205175442 -0.044875656965025275 0.009355161872055538 0.08380983017608397 0.08376133840590505 -1.9999999999999993 1.9050289134775202
42.566964546078715 0.977749305679202 0.009142380064250437 -0.04440439136567803 0.009210110115496689 16.133121520544695 -8.878956997187505 4.669305448583396 0.009162388800266855 -0.044495000838921925 0.005819255943247621 3.906116734464174 0.9776141156702124 0.009142382767239587 -0.04439176961044006 0.009210088643710122 0.08331418958873582 0.08326705166868326 -1.999999999999995 1.906116734464179
43.06110925171171 0.9779907031232248 0.009038671200689744 -0.04392491262475414 0.009067535916262366 16.038770913077595 -8.819619768008696 4.635371913276637 0.009058003525722327 -0.044012429843070834 0.005753084534946487 3.907192140625517 0.9778584380800933 0.009038673755841383 -0.043912704724134645 0.009067515617326933 0.08281754063370829 0.08277172133433176 -1.9999999999999978 1.907192140625519
43.56099030694608 0.9782296448946223 0.00893611930453154 -0.04345023175770517 0.008927415171941218 15.944206850171351 -8.76035002439538 4.601544169167293 0.008954798021540289 -0.043534762299271834 0.005687658702372559 3.9082552721063153 0.9781002434328473 0.008936121719886841 -0.043438424326516664 0.008927395982161752 0.08231996270240215 0.08227542761522216 -2.0000000000000067 1.9082552721063086
44.06667430301786 0.9784661521297 0.008834712039815243 -0.042980310377672824 0.008789701983260444 15.849444590936766 -8.701153257404634 4.567823913022897 0.008852759186179471 -0.04306195621479622 0.00562297020115819 3.909306267521689 0.9783395540869491 0.008834714322981028 -0.04296889045520478 0.00878968384237593 0.08182153421216436 0.08177824973409875 -1.999999999999998 1.9093062675216912
44.578228604197065 0.9787002458780292 0.008734437184771193 -0.042515110138148265 0.008654351348290287 15.754499220805318 -8.642034887594251 4.534212818028759 0.00875187405783594 -0.0425939697604128 0.005559010874529508 3.9103452639720873 0.9785763922921455 0.008734439342943197 -0.04250406517509456 0.00865433419929043 0.08132233260296001 0.08128026592091098 -1.9999999999999958 1.9103452639720915
45.095721356761466 0.9789319471000707 0.008635282631318115 -0.042054592742280746 0.008521319145004147 15.659385650339122 -8.583000264547362 4.500712533487463 0.008652129813096012 -0.042130761275492666 0.005495772652458209 3.911372397058011 0.9788107801873911 0.008635284671303011 -0.042043910588050855 0.008521302933955569 0.08082243433430986 0.0807815534099116 -1.9999999999999878 1.9113723970580232
45.61922149807464 0.9791612766648972 0.008537236384542485 -0.04159871995183699 0.008390562114150762 15.564118614109756 -8.52405466642341 4.46732468453016 0.008553513765598588 -0.041672289272910695 0.005433247550819596 3.9123878008948196 0.9790427397988777 0.008537238312778741 -0.04158838884224181 0.008390546790032441 0.08032191488250105 0.08028218843703619 -1.999999999999995 1.9123878008948247
46.148798765769385 0.9793882553480094 0.008440286562160669 -0.04114745359582013 0.008262037842434431 15.468712669639412 -8.465203299533426 4.434050871839619 0.008456013364706924 -0.04121851244374324 0.005371427670556876 3.913391608127354 0.979272293038159 0.008440288384738297 -0.041137462141121094 0.008262023356981773 0.07982084873806453 0.07978224623754977 -1.9999999999999858 1.9133916081273683
46.6845237070379 0.9796129038292453 0.008344421393964761 -0.040700755578758845 0.008135704745998935 15.373182196403189 -8.406451297939812 4.40089267138521 0.008359616194189892 -0.04076938966176924 0.005310305196851709 3.9143839499444737 0.9794994617003663 0.00834442311664401 -0.040691092752071896 0.008135691053556172 0.07931930940352287 0.07928180104397192 -1.9999999999999858 1.914383949944488
47.22646768802952 0.9798352426907798 0.00824962922125296 -0.04025858788867658 0.008011522054211259 15.277541394902816 -8.34780372308253 4.367851634169724 0.00826430997091272 -0.04032487998778157 0.005249872398301036 3.9153649560935624 0.9797242674625118 0.008249630849482052 -0.040249243014719466 0.008011509111591604 0.07881736939140728 0.07878092608426858 -1.9999999999999993 1.915364956093563
47.774702903357735 0.9800552924152095 0.008155898496245265 -0.039820912604749 0.007889449793740679 15.181804285798279 -8.289265563429725 4.334929285988179 0.008170082543537249 -0.03988494267371074 0.005190121626100177 3.9163347548948884 0.9799467318818789 0.008155900035177134 -0.039811875348923234 0.007889437560093943 0.07831510022253933 0.07827969358031316 -1.999999999999993 1.9163347548948955
48.32930238571752 0.9802730733837259 0.008063217781485306 -0.03938769190466045 0.007769448772929137 15.085984709104714 -8.230841734153163 4.302127127198512 0.008076921891231723 -0.03944953716656783 0.005131045313232154 3.9172934732559095 0.9801668763944954 0.00806321923599349 -0.03937895226245954 0.007769437209616336 0.07781257242458356 0.07777817474662581 -2.0000000000000013 1.9172934732559082
48.89034001561443 0.9804886058743698 0.007971575749229012 -0.0389588880716666 0.007651480566448684 14.990096323453322 -8.172537076829324 4.269446632504281 0.007984816122390036 -0.03901862311220976 0.005072635973663288 3.918241236685428 0.9803847223136896 0.007971577123922687 -0.038950436358399704 0.007651469636923323 0.077309855530862 0.07727643978936884 -1.9999999999999993 1.9182412366854285
49.457890531206424 0.9807019100603684 0.007880961180820942 -0.038534463501373656 0.007535507500241848 14.894152605415545 -8.11435635916575 4.236889250749255 0.007893753473360614 -0.03859216035893453 0.005014886201545058 3.919178169307748 0.9806002908287232 0.007880962480059144 -0.038526290342197025 0.0075354971699375 0.07680701807943748 0.07677455790561799 -2.0 1.9191781693077479
50.03202953826004 0.9809130060085495 0.007791362966058921 -0.03811438070824094 0.007421492636740722 14.79816684888835 -8.056304274751717 4.204456404723994 0.0078037223071847645 -0.03817010896090713 0.004957788670422197 3.9201043938766347 0.9808136030035036 0.007791364193964023 -0.03810647702848851 0.007421482872964598 0.076304127612457 0.07627259728289526 -2.000000000000002 1.9201043938766325
50.61283352022219 0.9811219136778334 0.007702770102547687 -0.03769860233181607 0.007309399760360569 14.702152164541047 -7.998385442834145 4.17214949098433 0.0077147111123446275 -0.037752429181422964 0.004901336132447015 3.9210200317892054 0.9810246797753689 0.00770277126301815 -0.03769095934762004 0.00730939053219274 0.0758012506757597 0.07577062509896478 -2.0000000000000027 1.921020031789203
51.20037984840887 0.9813286529178007 0.007615171695042194 -0.03728709114271012 0.007199193363263843 14.60612147933075 -7.9406044081196185 4.139969879681772 0.007626708501520614 -0.03733908149601488 0.0048455214175999505 3.9219252030998235 0.9812335419539464 0.007615172791764652 -0.03727970035190424 0.007199184641461838 0.075298452818744 0.07526870752189263 -2.0000000000000013 1.9219252030998222
51.7947467923121 0.9815332434673308 0.00752855695478125 -0.03687981004832087 0.0070908386313904654 14.510087536066408 -7.8829656405984885 4.1079189144057064 0.007539703210358439 -0.03693002659540185 0.004790337432916358 3.9228200265336826 0.9814402102200822 0.007528557991241914 -0.03687266322161796 0.007090830388298938 0.07479579859449421 0.07476690971036536 -1.9999999999999993 1.9228200265336832
52.396013530026444 0.9817357049533129 0.007442915198812058 -0.036476722098311466 0.006984301430750247 14.414062893048698 -7.825473535397091 4.0759979120375345 0.007453684096245689 -0.03652522538829243 0.0047357771617194825 3.923704619500534 0.9816447051248373 0.007442916178307559 -0.03646981127074707 0.006984293640215495 0.07429335156016424 0.07426529581426466 -1.9999999999999971 1.9237046195005367
53.004260158796725 0.9819360568894245 0.007358235849306316 -0.036077790489851796 0.006879548293973335 14.31805992375714 -7.76813241265133 4.044208162616438 0.00736864013709791 -0.03612463900403824 0.004681833662859637 3.9245790981081052 0.9818470470885527 0.00735823677495392 -0.03607110795248737 0.006879540931262339 0.07379117427761611 0.07376392897550232 -1.9999999999999958 1.9245790981081095
53.61956770568817 0.9821343186749802 0.007274508432868345 -0.03568297857262983 0.006776546407114612 14.222090816605224 -7.710946517406814 4.012550929216977 0.007284560430154247 -0.03572822879514815 0.004628500069959548 3.925443577175558 0.9820472563999774 0.007274509307615671 -0.0356765168645071 0.006776539448838426 0.07328932831431186 0.07326287132910403 -2.000000000000016 1.9254435771755423
54.24201813838027 0.9823305095938412 0.007191722579835963 -0.035292249853639726 0.0066752635967080465 14.126167574753097 -7.6539200195426105 3.9810274478382546 0.007201434190782588 -0.035335956339663306 0.0045757695906658786 3.926298170246767 0.9822453532154587 0.007191723406470125 -0.035286001753978724 0.006675257020749264 0.07278787424445596 0.07276218400454329 -2.000000000000003 1.9262981702467639
54.87169437608604 0.9825246488133916 0.0071098680235744775 -0.034905568001753505 0.006575668317066901 14.030302015975252 -7.597057013718377 3.9496389273047017 0.007119250751294252 -0.03494778344339861 0.004523635505906901 3.9271429896035377 0.9824413575581958 0.007109868804730782 -0.03489952652238956 0.0065756621025110235 0.07228687165038605 0.072261927127333 -2.0000000000000036 1.927142989603534
55.50868030059805 0.9827167553835755 0.007028934599764411 -0.034522896852082804 0.006477729637825864 13.934505772592011 -7.540361519346497 3.9183865491783063 0.007037999559768144 -0.03456367214205323 0.004472091169156286 3.927978146278685 0.9826352893175492 0.00702893533793457 -0.03451705523013227 0.006477723764896314 0.07178637912420958 0.07176215982084891 -1.9999999999999905 1.9279781462786951
56.153060767462726 0.9829068482359943 0.00694891224568341 -0.03414420041013717 0.006381417231721098 13.838790291453776 -7.483837480587244 3.887271467682285 0.006957670178884411 -0.034183584703195484 0.004421130005703022 3.928803750069069 0.9828271682484093 0.006948912943223313 -0.034138552100888356 0.006381411681717733 0.07128645426968387 0.07126294020840908 -1.9999999999999998 1.9288037500690687
56.80492161728426 0.9830949461830617 0.006869790999482854 -0.03376944285578505 0.006286701362604305 13.743166833983999 -7.427488766367286 3.856294809636029 0.006878252284767548 -0.033807483628122685 0.004370745511927413 3.929619909548419 0.9830170139706205 0.006869791658619922 -0.03376398152580499 0.006286696117845215 0.07078715370433702 0.07076432541558167 -1.999999999999993 1.9296199095484252
57.46434968715974 0.9832810679172165 0.0067915609994596135 -0.033398588547023315 0.006193552873686947 13.647646476277679 -7.371319170421813 3.825457674401281 0.006799735665839014 -0.03343533165360371 0.004320931254583184 3.930426732080181 0.9832048459684583 0.006791561622299763 -0.03339330806747703 0.006193547917453381 0.07028853306182507 0.07026637157274111 -2.0000000000000013 1.9304267320801798
58.131432822247135 0.9834652320101889 0.006714212483323371 -0.033031602023561625 0.006101943176010684 13.552240109256964 -7.315332411359737 3.7947611338393803 0.006722110221679201 -0.033067091753504106 0.004271680870085602 3.9312243238301963 0.9833906835901591 0.006714213071857598 -0.03302649646373524 0.00610193849249492 0.06979064699452552 0.06976913381784924 -2.0000000000000053 1.9312243238301916
58.80625988746757 0.9836474569123228 0.006637735787459977 -0.0326684480102268 0.0060118442371402524 13.456958438875077 -7.259532132750177 3.764206232279512 0.006645365961898868 -0.03270272714029709 0.004222988063805653 3.9320127897791957 0.9835745460475012 0.006637736343570596 -0.03266351163124997 0.006011839811396277 0.06929354917636117 0.06927266629947197 -1.9999999999999998 1.9320127897791959
59.48892077934334 0.9838277609519479 0.0065621213461912265 -0.032309091420193226 0.005923228570075029 13.361811986383742 -7.203921903233894 3.7337939864977945 0.006569493005019928 -0.032342201266468494 0.004174846609370228 3.9327922337354013 0.9837564524154332 0.006562121871657762 -0.03230431866895481 0.00592322438797185 0.06879729230585294 0.06877702218002316 -2.0000000000000298 1.9327922337353711
60.17950643797334 0.9840061623348032 0.006487359691031495 -0.031953497358044355 0.005836069222375497 13.266811088646186 -7.1485052166548435 3.7035253857071204 0.006494481577365646 -0.03198547782581144 0.0041272503479683 3.933562758346782 0.9839364216317513 0.006487360187536263 -0.03194888286129426 0.005836065270552979 0.06830192810939727 0.06828225363922578 -1.999999999999995 1.9335627583467871
60.87810885914762 0.9841826791435101 0.00641344144994156 -0.031601631122670684 0.00575033976550092 13.171965898502883 -7.093285492213937 3.6734013915575803 0.006420322011960135 -0.03163252075462078 0.004080193187663065 3.934324465113403 0.9841144724968233 0.0064134419190749435 -0.031597169681306034 0.005750336031327992 0.06780750734476514 0.06778841187780925 -2.000000000000006 1.9343244651133962
61.584821106602604 0.9843573293370915 0.006340357346579988 -0.031253458210009306 0.005666014284354547 13.077286385193837 -7.038266074645396 3.6434229381473675 0.006347004747437154 -0.031283294232785114 0.004033669102710009 3.9350774543995213 0.9842906236733544 0.006340357789845438 -0.031249144793534384 0.005666010755889662 0.06731407980481934 0.0672955471214017 -2.0000000000000018 1.9350774543995193
62.29973732441844 0.9845301307505394 0.006268098199552488 -0.030908944315629894 0.005583067367032772 12.98278233482202 -6.983450234412388 3.6135909320439756 0.006274520326958226 -0.03093776268478217 0.003987672132880914 3.935821825445626 0.9844648936861997 0.006268098618371246 -0.030904774056789257 0.005583064032986482 0.06682169432144555 0.06680370862465444 -1.9999999999999891 1.9358218254456367
63.02295274956023 0.9847011010944254 0.006196654921659552 -0.03056805533717225 0.005501474094774638 12.888463350878617 -6.928841167926095 3.5839062523155745 0.006202859397139998 -0.030595890780581655 0.003942196382793748 3.936557676380474 0.9846373009222156 0.006196655317375119 -0.030564023526749518 0.005501470944474194 0.0663303987696951 0.06631294467556605 -1.9999999999999918 1.9365576763804817
63.75456372456507 0.9848702579545558 0.006126018519142653 -0.0302307573766395 0.005421210032108123 12.794338854807215 -6.87444199778329 3.554369750572424 0.006132012706990792 -0.030257643436453607 0.003897236021248405 3.9372851042328425 0.9848078636301532 0.0061260188930250155 -0.03022685945841701 0.005421207055463981 0.06584024007213318 0.06582330260001108 -1.999999999999977 1.937285104232866
64.4946677103762 0.9850376187916684 0.006056180090929378 -0.029897016742552327 0.005342251217189768 12.700418086615784 -6.820255773024286 3.5249822510181104 0.006061971106856382 -0.029922985815689924 0.0038527852805682957 3.938004204943298 0.9849765999205908 0.006056180444179015 -0.029893248308428606 0.00534224840466391 0.06535126420339156 0.06533482876647942 -2.0000000000000173 1.9380042049432809
65.24336329932625 0.9852032009411712 0.005987130827877812 -0.029566799951967763 0.00526457415233417 12.60671010554664 -6.766285469412722 3.4957445505105156 0.005992725547374889 -0.02959188332923927 0.0038088384559477363 3.9387150733758203 0.9851435277659032 0.005987131161629479 -0.02956315673722439 0.005264571494910112 0.06486351619491894 0.06484756859099503 -1.9999999999999827 1.9387150733758376
66.00075022827095 0.9853670216129193 0.005918862012020397 -0.02924007373236771 0.005188155794729939 12.513223790776351 -6.71253398973181 3.4666574186322703 0.005924267078440836 -0.029264301636259305 0.0037653899048051415 3.939417803329366 0.985308665000269 0.005918862327346696 -0.029236551611086854 0.005188153283884383 0.0643770401399272 0.06436156654225424 -2.0000000000000124 1.9394178033293534
66.76692939187564 0.9855290978910316 0.00585136501580761 -0.02891680502342057 0.005112973547338763 12.419967842172888 -6.659004164102235 3.437721597770627 0.005856586848178267 -0.0289402066445861 0.0037224340461419424 3.940112487549204 0.9854720293197127 0.005851365313722385 -0.02891340000404217 0.005112971175014759 0.06389187919852754 0.06387686614692333 -1.9999999999999984 1.9401124875492057
67.54200285605586 0.9856894467337443 0.0057846313013516565 -0.02859696097862089 0.005039005249974232 12.326950781094759 -6.6056987503180835 3.4089378032064364 0.00578967610192288 -0.028619564511128858 0.003679965359907244 3.940799217738385 0.9856336382821796 0.005784631582813193 -0.028593669199640872 0.005039003008555802 0.06340807560305449 0.06339350999514705 -2.0000000000000107 1.9407992177383744
68.32607387157402 0.9858480849733002 0.005718652419670527 -0.02828050896681006 0.004966229170557217 12.234180951225092 -6.552620434199653 3.3803067232122186 0.005723526181213223 -0.028302341642183624 0.003637978386368169 3.941478084568761 0.9857935093076475 0.00571865268558458 -0.02827732669261139 0.004966227052845354 0.06292567066357069 0.06291153974621802 -1.9999999999999827 1.9414780845687782
69.11924688779365 0.9860050293158739 0.0056534200099325966 -0.02796741657358291 0.004894623996544531 12.141666519458902 -6.499771829966754 3.351829019158987 0.0056581285227908385 -0.027988504693679212 0.003596467725485881 3.942149177692281 0.9859516596782657 0.005653420261155256 -0.027964340190398347 0.004894621995734474 0.06244470477355125 0.06243099613443704 -1.9999999999999845 1.9421491776922966
69.92162756659374 0.9861602963415304 0.005588925798702005 -0.027657651602583044 0.0048241688265276755 12.049415476826866 -6.4471554806278775 3.3235053256317686 0.005593474657609303 -0.02767802057134779 0.0035554280362972233 3.9428125857519065 0.986108106538528 0.00558892603604241 -0.02765467761458334 0.0048241669361874465 0.06196521741574087 0.06195191897513349 -2.0000000000000107 1.9428125857518959
70.73332279644438 0.9863139025042159 0.005525161599185079 -0.027351182076691096 0.004754843161998587 11.957435639453706 -6.394773858386252 3.295336250553526 0.005529556209852201 -0.027370856430827654 0.0035148540363019692 3.94346839639249 0.9862628668954749 0.0055251618234079735 -0.027348307102196198 0.004754841376048664 0.061487247168180444 0.061474347170859506 -2.0000000000000293 1.943468396392461
71.55444070664578 0.9864658641317814 0.0054621193104779815 -0.02704797623910917 0.004686626899279256 11.865734649566562 -6.342629365064369 3.2673223753173843 0.0054663648959599066 -0.027066979677700862 0.003474740500855645 3.9441166962716525 0.9864159576189231 0.005462119522306143 -0.027045197006918282 0.00468662521197336 0.0610108317103981 0.060998318717744575 -1.999999999999988 1.9441166962716645
72.38509068173255 0.9866161974260375 0.005399790916815838 -0.02674800255434534 0.004619500321612203 11.774319976530592 -6.290724332542656 3.239464254926911 0.005403892523665205 -0.02676635796746493 0.003435082262567898 3.9447575710704577 0.9865673954417249 0.005399791116932369 -0.026745315900183246 0.0046194987275191175 0.06053600782976191 0.06052387071201449 -1.9999999999999998 1.9447575710704579
73.22538337604533 0.9867649184628361 0.005338168486823464 -0.02645122970910071 0.004553444091408774 11.683198917930603 -6.239061023215978 3.2117624181442883 0.005342130991037628 -0.026468959205442157 0.003395874210706359 3.9453911055039823 0.9867171969600526 0.0053381686758739565 -0.026448632572174408 0.0045534425853951555 0.06006281142798611 0.0600510393566502 -2.0000000000000187 1.9453911055039639
74.07543072847163 0.9869120431921844 0.0052772441727679505 -0.02615762661306316 0.004488439242652317 11.592378600683617 -6.187641630464771 3.1842173676461547 0.005281072285536526 -0.0261747515466297 0.003357111290605992 3.946017383331865 0.9868653786337087 0.00527724435136254 -0.026155116032727688 0.004488437819866442 0.059591277527790476 0.05957985996820838 -1.9999999999999942 1.9460173833318706
74.93534597735753 0.9870575874383858 0.005217010209813279 -0.025867162399610524 0.004424467173453363 11.501865982185969 -6.136468279140281 3.1568295801869204 0.005220708483072804 -0.025883703395490103 0.0033187885030838866 3.9466364873686497 0.9870119567864626 0.0052170103785285854 -0.025864735512140344 0.004424465829309744 0.05912144027970559 0.059110366983784135 -1.9999999999999922 1.9466364873686575
75.8052436755926 0.9872015669002042 0.005157458915277101 -0.025579806426426037 0.004361509638753894 11.411667851496844 -6.085543026066588 3.129599506769397 0.005161031747079286 -0.02559578340568674 0.0032809009038594645 3.9472484994941297 0.987156947606409 0.005157459074658053 -0.025577460461887556 0.0043615083689187446 0.05865333296901906 0.05864259396810693 -1.9999999999999873 1.9472484994941424
76.6852397058701 0.9873439971510602 0.0050985826878898926 -0.02529552827602962 0.004299548743177906 11.32179083055587 -6.034867860555135 3.102527572822482 0.005102034327589641 -0.025310960479764263 0.0032434436029800512 3.947853500663541 0.9873003671463508 0.00509858283845147 -0.025293260555253036 0.004299547543555379 0.058186988022860875 0.058176573620779486 -1.9999999999999887 1.9478535006635525
77.57545129612413 0.9874848936392477 0.005040374007056612 -0.02501429775622737 0.004238566934025478 11.232241375428707 -5.984444704933608 3.075614178385757 0.005043708560325834 -0.025029203768776428 0.0032064117642518065 3.94845157091766 0.9874422313242035 0.00504037414928548 -0.025012105687874066 0.004238565800744675 0.05772243701742009 0.05771233778364222 -2.000000000000015 1.948451570917645
78.47599703514611 0.9876242716881761 0.004982825432121013 -0.02473608490048223 0.004178546994407629 11.143025777582103 -5.934275415087182 3.048859698300696 0.004986046865794062 -0.024750482671862313 0.003169800604675954 3.9490427893927187 0.9875825559234211 0.004982825566477072 -0.02473396597820475 0.00417854592381029 0.05725971068528951 0.05724991744826354 -1.9999999999999847 1.949042789392734
79.38699688838231 0.9877621464966372 0.004925929601632799 -0.024460859968208785 0.004119472036519283 11.054150165199196 -5.884361781014814 3.0222644824084486 0.00492904174838913 -0.024474766835776752 0.003133605393890303 3.9496272343304724 0.9877213565934427 0.004925929728550654 -0.0244588117679018 0.004119471025148162 0.05679883892293433 0.05678934276355757 -1.999999999999998 1.9496272343304744
80.30857221391513 0.9878985331390918 0.0048696792326176856 -0.024188593444994393 0.00406132549504764 10.965620504511804 -5.834705527396309 2.995828855753804 0.00487268579550719 -0.024202026154370105 0.0030978214536159974 3.9502049830879113 0.9878586488501577 0.004869679352508031 -0.024186613622131734 0.004061324539635505 0.05633985079827838 0.05633064304350727 -2.000000000000031 1.9502049830878805
81.24084577862966 0.9880334465659815 0.004814067119850543 -0.0239192560427497 0.004004091120713431 10.877442601162421 -5.785308314170422 2.96955311879527 0.004816971676666803 -0.02393223076802272 0.0030624441571094813 3.950776112146877 0.9879944480763918 0.004814067233101468 -0.023917342329806152 0.00400409021817267 0.055882774558405006 0.05587384677500636 -1.999999999999987 1.95077611214689
82.18394177456803 0.9881669016040585 0.00475908613513175 -0.023652818699790724 0.003947752973942424 10.789622101601239 -5.7361717371276235 2.943437547620968 0.0047618921426383085 -0.023665351063039308 0.003027468928619635 3.951340697123895 0.9881287695224091 0.004759086242109983 -0.02365096890374687 0.0039477521213552086 0.055427637637367064 0.05541898162581238 -1.9999999999999967 1.9513406971238985
83.13798583547334 0.9882989129567371 0.004704729226566867 -0.023389252580855096 0.0038922954186647422 10.702164494496742 -5.687297328510386 2.9174823941702526 0.004707440024581407 -0.02340135767099533 0.0029928912428500635 3.9518988127794494 0.9882616283064334 0.004704729327618946 -0.023387464580780046 0.0038922946132737327 0.05497446666410083 0.054966074452589136 -2.000000000000025 1.9518988127794246
84.10310505352605 0.9884294952044641 0.0046509894178497135 -0.023128529077054663 0.0038377031162394387 10.615075112186133 -5.638686557628571 2.8916878864607014 0.004653608233190915 -0.02314022146804848 0.0029587066244264743 3.9524505330276405 0.9883930394151837 0.0046509895133030905 -0.023126800821766165 0.0038377023554389857 0.05452328747044011 0.05451515130905616 -1.999999999999966 1.9524505330276745
85.07942799627445 0.9885586628051085 0.00459785980754899 -0.022870619805766986 0.0037839610195019315 10.528359132128429 -5.590340831478919 2.866054228820415 0.00460038975785065 -0.022881913574205714 0.0029249106473691277 3.952995930945318 0.9885230177044301 0.004597859897713077 -0.022868949311567344 0.0037839603008297785 0.05407412509922582 0.05406623745423514 -2.0000000000000036 1.9529959309453147
86.06708472376162 0.9886864300943687 0.0045453335683985265 -0.02261549661046782 0.0037310543669319394 10.44202157840214 -5.542261495380821 2.840581602125304 0.004547777665795391 -0.02262640535255612 0.0028914989345703323 3.953535078781415 0.9886515778995588 0.004545333653565696 -0.022613881958949887 0.003731053688061352 0.053627003812505764 0.05361935736076872 -2.0000000000000107 1.9535350787814043
87.06620680585127 0.9888128112861974 0.004493403946591282 -0.022363131560506625 0.003678968676939509 10.356067323205117 -5.494449833616187 2.8152701640412445 0.004495765101280862 -0.02237366840846535 0.00285846715727694 3.9540680479660097 0.9887787345961582 0.004493404027037786 -0.022361570896431447 0.0036789680356718495 0.053181947099820055 0.05317453472334005 -1.9999999999999856 1.9540680479660242
88.07692733975462 0.9889378204732417 0.004442064261077135 -0.022113496950827448 0.0036276897422668625 10.270501088392322 -5.44690707008224 2.7901200492708798 0.004444345284761684 -0.022123674588737426 0.002825811034577793 3.954594909119488 0.9889045022606138 0.004442064337064002 -0.02211198848006947 0.0036276891365245663 0.052738977686568385 0.05273179246716341 -2.0000000000000018 1.9545949091194859
89.09938096776106 0.9890614716273023 0.004391307902864571 -0.02186656530163709 0.003577203624503769 10.18532744702236 -5.39963436895054 2.76513136980482 0.004393511512077219 -0.021876395980740596 0.002793526332896112 3.955115732061419 0.9890288952307199 0.004391307974638441 -0.021865107289194375 0.0035772030523237 0.0522981175424538 0.05229115275654715 -2.000000000000011 1.955115732061408
90.13370389517434 0.9891837785998053 0.004341128334326376 -0.021622309358022517 0.003527496648714235 10.100550824920667 -5.352632835333985 2.7403042151770896 0.004343257153645307 -0.021631804911501865 0.0027616088654867713 3.9556305858193994 0.9891519277163022 0.004341128402120285 -0.021620900126091195 0.0035274961082414078 0.05185938788999865 0.05185263700353212 -1.9999999999999802 1.9556305858194192
91.1800339084568 0.9893047551222885 0.00429151908850938 -0.02138070208951955 0.003478555398172314 10.016175502269597 -5.305903515962903 2.715638652724623 0.004293575653663802 -0.021389873946771755 0.0027300544919384513 3.9561395386379146 0.9892736137998536 0.0042915191525435105 -0.021379340015630296 0.003478554887653962 0.051422809213128445 0.051416265876595334 -2.0000000000000124 1.9561395386379024
92.23851039358476 0.9894244148069058 0.004242473768448311 -0.021141716689634635 0.003430366709204867 9.932205615206271 -5.259447399866946 2.6911347278505713 0.004244460529319843 -0.021150575890056957 0.002698859117680591 3.956642657986895 0.9893939674371802 0.0042424738289307 -0.02114040020484769 0.0034303662269848266 0.05098840126581903 0.05098205930940722 -1.99999999999999 1.9566426579869052
93.30927435461663 0.9895427711469387 0.0041939860464838595 -0.02090532657532127 0.0033829176661391677 9.848645157443976 -5.213265419065042 2.6667924642912606 0.0041959053700068435 -0.020913883781627573 0.002668018693495136 3.95714001057046 0.9895130024580611 0.004193986103611066 -0.020904054162480857 0.0033829172106525727 0.05055618308080167 0.05055003650965761 -2.000000000000006 1.9571400105704535
94.39246843247668 0.9896598375173281 0.00414604966358499 -0.020671505386413568 0.003336195596353288 9.765497981899038 -5.167358449260423 2.642611864386589 0.00414790383654911 -0.02067977089749412 0.00263752921503305 3.9576316623352894 0.9896307325669154 0.004146049717542723 -0.020670275578457027 0.00333619516612156 0.05012617297832452 0.05012021596792216 -2.000000000000008 1.9576316623352814
95.48823692395666 0.9897756271752122 0.004098658428675573 -0.020440226985017698 0.003290188065427217 9.68276780234028 -5.121727310542941 2.61859290935367 0.004100449660434069 -0.020448210748361038 0.002607386722335532 3.95811767847915 0.9897471713434811 0.0040986584796392925 -0.020439038363339927 0.0032901876590533175 0.04969838857496212 0.04969261546658634 -2.000000000000032 1.958117678479118
96.59672580093833 0.9898901532604799 0.004051806217965385 -0.020211465454863665 0.003244882872392695 9.600458195041966 -5.076372768094952 2.5947355595635537 0.004053536643052012 -0.020219177078552444 0.002577587299359922 3.9585981234590775 0.9898623322435038 0.0040518062661008625 -0.020210316647733473 0.0032448824885566506 0.04927284679247212 0.04926725208880589 -2.0000000000000417 1.9585981234590357
97.71808272983898 0.9900034287963347 0.0040054869742855125 -0.01998519510061854 0.0032002680450798114 9.518572600459962 -5.031295532905702 2.5710397548207933 0.004007158654943321 -0.019992643864917482 0.0025481270735102433 3.9590730609997973 0.9899762285994328 0.004005487019749367 -0.019984084781646226 0.003200267682534473 0.04884956386669273 0.04884414222751123 -1.9999999999999925 1.9590730609998048
98.85245709128276 0.9901154666898692 0.003959694706428238 -0.019761390447163074 0.003156331835558432 9.437114324905885 -4.986496262486668 2.547505414645705 0.0039613096350531295 -0.01976858531571004 0.002519002215172362 3.959542554101782 0.9900888736211271 0.003959694749368435 -0.019760317333817883 0.0031563314931254737 0.04842855535647864 0.04842330159444886 -2.0000000000000075 1.9595425541017746
100.0 0.9902262797326497 0.003914423488491437 -0.019540026238832862 0.0031130627156725804 9.356086542246075 -4.941975561594493 2.5241324385591417 0.003915983589993344 -0.019546975869447838 0.00249020893725373 3.9600066650493404 0.9902002803965685 0.003914423529047772 -0.019538989091007028 0.0031130623922387144 0.04800983615266879 0.04800474522924485 -1.9999999999999836 1.9600066650493568
