1.0 0.31194473992548344 0.13777021959734376 -1.4733763712521897 0.14159560720869632 0.07097752091513598 1.1210369691295377 -1.8593982145500263 0.151285804558606 -1.5580134732564015 0.1632206323738105 0.1268826121437555 0.21302259860565811 0.14567425731309805 -1.4738737449782786 0.14884183364261136 2.1121899500278474 2.1260739493031124 2.0000000000000004 2.126882612143756
1.011608643249581 0.3145090922670195 0.13782108615687935 -1.4628434450203847 0.14067832943253225 0.17773682049011796 1.1042226608913381 -1.8781831156912532 0.15135560607741924 -1.54984901592533 0.16225055908445551 0.13114566786764734 0.21689660177220474 0.14563430695309787 -1.4632899688179768 0.14775214233042852 2.12078526415182 2.135026298813329 2.0000000000000004 2.131145667867648
1.0233520470972581 0.3170814520291604 0.13784884071476208 -1.4522860882387172 0.13976277143190513 0.2916453927568554 1.0847171397667204 -1.895944579093978 0.15140097970235813 -1.5416847950303867 0.16127199244696963 0.1355141374139364 0.22077609993586045 0.14556977641921626 -1.4526809994732737 0.14666422117627329 2.1288302423361936 2.143446309967499 2.0 2.1355141374139364
1.0352317759307386 0.31966122312833156 0.13785359453613427 -1.4417089120633875 0.13884991353680515 0.41302622571977565 1.0623671223092224 -1.912597164717582 0.15142207700800697 -1.5335243163457544 0.1602854475943177 0.13998948836925015 0.22465986167953023 0.14548087659773323 -1.442051408426921 0.14557911455405415 2.1363147613857625 2.151324463359371 1.9999999999999998 2.13998948836925
1.0472494122981486 0.3222478129923283 0.13783547871520468 -1.4311164182226719 0.13794073796669037 0.5422145650680932 1.0370127587468865 -1.9280514632568722 0.15141906872945166 -1.5253709380382796 0.15929142632020737 0.14457318291148089 0.22854667457314048 0.14536783820152596 -1.4314056578506829 0.14449786594070488 2.14322875479258 2.158651247218117 2.0000000000000004 2.1445731829114814
1.0594065571188513 0.32484063320452744 0.13779464368878985 -1.4205130017633083 0.13703622876217422 0.6795581100768686 1.0084875536015439 -1.9422140649140225 0.1513921441060068 -1.5172278735529545 0.158290417224667 0.14926667721709425 0.23243534640963381 0.14523091106369979 -1.4207481034949392 0.14342151801742598 2.1495622209927925 2.1654171573403445 2.0000000000000004 2.1492666772170947
1.071704829896711 0.32743910013496147 0.1377312587260859 -1.4099029538178998 0.1361373716569757 0.8254171589633899 0.9766183196024762 -1.9549875500241587 0.15134151020886374 -1.5090981945403017 0.15728289587109573 0.1540714208509 0.23632470637295833 0.14507036341493013 -1.4100829976012756 0.14235111271735199 2.1553052345504806 2.1716126996243905 2.0000000000000004 2.1540714208509004
1.0841458689358348 0.33004263555753055 0.1376455113964846 -1.399290464380323 0.13524515388540348 0.9801646960270034 0.9412251694652269 -1.9662705042609574 0.15126739125498107 -1.5009848338157636 0.1562693249535682 0.15898885613708538 0.24021360613785692 0.14488648114687047 -1.39941449182457 0.1412876912134651 2.160447960546272 2.177228395534586 2.0 2.1589888561370856
1.0967313315588179 0.33265066725249537 0.13753760701726103 -1.3886796250766968 0.13436056392096365 1.1441864125323846 0.9021215502920761 -1.9759575612392535 0.1511700279094837 -1.4928905883419115 0.15525015447326226 0.16402041751031463 0.24410092090149124 0.14467956706393673 -1.3887466401516215 0.14023229384089597 2.164980672439248 2.18225479082338 2.0000000000000004 2.164020417510315
1.109462894327522 0.33526262959361874 0.1374077680829393 -1.3780744319200422 0.13348459114199165 1.317880652980655 0.8591143254993554 -1.9839394753970112 0.15104967657877186 -1.4848181222250287 0.15422582192293668 0.16916753084573527 0.24798555034715491 0.14444994012570203 -1.378083401803948 0.139185959948096 2.16889377365699 2.1866824678352033 2.0000000000000004 2.1691675308457357
1.1223422532664178 0.3378779641192887 0.13725623367813466 -1.3674787880373183 0.1326182254205775 1.5016582781665377 0.8120039092810387 -1.9901032280765256 0.15090660869647438 -1.4767699697183114 0.15319675247846204 0.1744316127667504 0.25186641954053524 0.14419793468206343 -1.3674286441128907 0.13814972767175818 2.1721778231495086 2.190502061707061 2.0000000000000004 2.174431612766751
1.1353711240885187 0.3404961200869814 0.1370832588756541 -1.3568965063580374 0.13176245663144176 1.6959424362558764 0.760584458667811 -1.994332169726033 0.15074111000430146 -1.4687485382245595 0.15216335919646565 0.17981406992946306 0.25574247975917064 0.1439238997032594 -1.3567861453557049 0.1371246336307864 2.1748235651182015 2.193704280766697 2.0 2.179814069929463
1.1485512424239381 0.34311655501051463 0.13688911412160415 -1.346331312254232 0.13091827407782614 1.9011682330571489 0.7046441282259188 -1.9965062011047374 0.15055347982977493 -1.4607561112919125 0.15112604321721804 0.1853162982827396 0.25961270925592345 0.14362819800673865 -1.3461595975418483 0.13611171253507853 2.1768219631004584 2.196279931409255 2.0 2.1853162982827397
1.1618843640511005 0.3457387351795771 0.1366740846092284 -1.3357868461220148 0.13008666583190112 2.11778229270886 0.643965392354751 -1.996501996290224 0.15034403036272864 -1.4527948515967264 0.15008519397194572 0.19093968230289615 0.26347611395745063 0.14331120548278145 -1.3355526091391736 0.13511199670537494 2.178164238553411 2.1982199477068045 2.0000000000000004 2.1909396823028966
1.1753722651306362 0.3483621361610472 0.13643846964315742 -1.325266665895543 0.1292686179876552 2.3462422001987164 0.5783254399673758 -1.9941932701490197 0.15011308593238348 -1.4448668039083101 0.14904118939381314 0.19668559420207257 0.26733172809879135 0.14297331032069757 -1.3249687077302754 0.13412651550095997 2.1788419140368545 2.1995154259718817 1.9999999999999998 2.1966855942020724
1.1890167424419895 0.3509862432816726 0.13618258199571512 -1.3147742494846562 0.12846511382470743 2.5870158174642697 0.5074966460751753 -1.9894510927375113 0.14986098228671133 -1.4369738980307587 0.14799439613186727 0.2025553931094248 0.2711786147953238 0.14261491223731415 -1.3144113425897295 0.13315629465254253 2.178846861044748 2.2001576644553875 2.0000000000000004 2.2025553931094253
1.2028196136227776 0.35361055209168984 0.1359067472568794 -1.3043129971279828 0.12767713288198418 2.8405804653358473 0.4312471244266085 -1.9821442528411068 0.14958806587570989 -1.4291179517176364 0.1469451697672985 0.2085504242243526 0.2750158665534594 0.14223642170938608 -1.303883887173482 0.1322023554982302 2.1781713524774577 2.2001382083108263 2.0000000000000013 2.208550424224354
1.2167827174109234 0.3562345688090685 0.13561130317944414 -1.293886233653807 0.12690564994071432 3.107421964279631 0.349341364866099 -1.9721396725318623 0.14929469314011626 -1.4213006735557685 0.14589385503140873 0.21467201794105112 0.2788426057215324 0.14183825921145418 -1.2933896415121415 0.13126571412110055 2.176808119682621 2.199448899900383 2.0000000000000004 2.2146720179410515
1.2309079138896024 0.35885781074402495 0.13529659902088026 -1.2834972106414682 0.12615163391673054 3.3880335277921674 0.26154095847448744 -1.959302874224033 0.1489812298069917 -1.4135236658148582 0.1448407860247329 0.22092148894377883 0.2826579848824391 0.1414208544605827 -1.2829318345004743 0.13034738038749477 2.1747504139216205 2.1980819344538745 2.0000000000000004 2.2209214889437794
1.2451970847350329 0.36147980670353774 0.13496299488333674 -1.273149108476566 0.12541604666259668 3.6829145034131727 0.16760541281748687 -1.943498501229289 0.14864805019351543 -1.4057884272600625 0.14378628643680333 0.22730013527232545 0.28646118718964886 0.1409846456693134 -1.272513626075842 0.12944835688578907 2.171992072041716 2.1960299210187912 2.0000000000000004 2.227300135272326
1.2596521334671402 0.36410009737561444 0.1346108610531644 -1.262845038293735 0.12469984168063153 3.9925689576591665 0.06729305875999714 -1.9245908922558246 0.14829553652023092 -1.3980963559251132 0.14273066976608223 0.2338092373572687 0.29025142664826536 0.1405300788080657 -1.2621381092789137 0.12856963776603955 2.1685275860511934 2.1932859485592218 2.0000000000000004 2.2338092373572693
1.2742749857031337 0.36671823569311635 0.13424057734128572 -1.2525880438012362 0.12400396274845685 4.317504102749972 -0.03963795069941867 -1.9024447096595476 0.14792407823489268 -1.3904487518439108 0.14167423953963593 0.240450057024728 0.29402794834287116 0.14005760687813426 -1.2518083121904362 0.12771220748154571 2.1643521762074593 2.1898436569735757 2.0000000000000004 2.2404500570247285
1.2890675894140264 0.369333787176903 0.13385253242567716 -1.2423811029821143 0.12332934245924412 4.65822856480689 -0.1534285502627597 -1.87692562053902 0.14753407134796892 -1.382846819738921 0.14061728953215175 0.24722383647043067 0.2977900286139168 0.13956768919632243 -1.2415271997383968 0.12687703943403186 2.1594618671372383 2.185697312706074 2.000000000000001 2.2472238364704316
1.304031915184131 0.37194633025822693 0.1334471231971588 -1.232227129667157 0.12267690067939914 5.015250495232522 -0.2743175827962787 -1.8479010289750695 0.1471259177807655 -1.3752916716650143 0.13956010398394422 0.25413179720303725 0.30153697518444866 0.13906079069217003 -1.2312976753704359 0.1260650945248012 2.153853566414441 2.180841888526657 2.0 2.2541317972030375
1.3191699564735717 0.3745554565801669 0.1330247541096356 -1.2221289749753854 0.12204754292697141 5.389075529241822 -0.4025405337832204 -1.81524085685574 0.1467000247270445 -1.367784329607725 0.1385029578176196 0.261175138956801 0.30526812723897856 0.1385373812186419 -1.2211225825868777 0.1252773196148568 2.1475251449275423 2.175273146948995 2.0000000000000004 2.2611751389568013
1.3344837298838386 0.3771607712780854 0.13258583653585795 -1.2120894286183197 0.12144215867461969 5.780204597973139 -0.5383281846372476 -1.7788183698039584 0.14625680402892563 -1.3603257280351868 0.1374461168531068 0.26835503857376597 0.30898285545630855 0.13799793487704975 -1.2110047063302898 0.12451464589763891 2.140475518275349 2.168987726648038 2.000000000000001 2.268355038573767
1.3499752754264305 0.37976189323898457 0.13213078812971646 -1.2021112200647448 0.12086161958150954 6.189131603245933 -0.6819051913528931 -1.7385110437544542 0.14579667156777285 -1.352916716403277 0.13638983802078855 0.2756726488558528 0.3126805619981215 0.1374429293569068 -1.2009467742280349 0.12377798718864541 2.132704728340412 2.1619832311298803 2.0 2.2756726488558527
1.3656466567946106 0.38235845533974855 0.1316600321960165 -1.1921970195632332 0.12030677765903706 6.616340966821781 -0.8334885966522663 -1.6942014667177718 0.14532004667068713 -1.3455580616137706 0.13533436957249206 0.28312909738731384 0.3163606804551327 0.13687284529132254 -1.190951457684796 0.12306823813682645 2.1242140241052976 2.1542583187983757 2.0000000000000004 2.2831290973873144
1.3814999616383223 0.38495010466425517 0.13117399706861574 -1.1823494390201745 0.1197784633757853 7.062305068909289 -0.9932862855116085 -1.6457782692442269 0.14482735153314671 -1.3382504504254995 0.13427995129012743 0.290725485328206 0.3200226757525929 0.1362881656284733 -1.181021372822624 0.12238627236323459 2.1150059407006943 2.145812793458769 2.0 2.290725485328206
1.3975373018422914 0.38753650269932344 0.1306731154977507 -1.1725710327315964 0.11927748370762076 7.527481593600925 -1.1614953956949385 -1.5931370760758976 0.14431901065826178 -1.3309944918187653 0.1332268146917837 0.2984628861796412 0.3236660440168938 0.13568937501961095 -1.1711590812666175 0.12173294053299305 2.1050843756085738 2.136647694200366 1.9999999999999998 2.298462886179641
1.4137608138073605 0.39011732550960654 0.13015782404730686 -1.1628642979675692 0.11880462013929867 8.012310801864665 -1.3383006966394078 -1.5361814704765582 0.14379545031303556 -1.3237907193134155 0.13217518323511468 0.3063423445217739 0.32729031240501344 0.13507695922399482 -1.1613670907748876 0.12110906836719244 2.094454660890981 2.1267653835111666 2.0 2.306342344521774
1.4301726587350876 0.3926922638913804 0.12962856250274232 -1.153231675408527 0.11836062662440788 8.517212755576182 -1.523872951691164 -1.4748239617817103 0.14325709800195868 -1.3166395932411832 0.13112527251786688 0.31436487472559227 0.3308950388984958 0.13445140453107432 -1.1516478557120438 0.12051545460184558 2.0831236302779477 2.116169632400818 2.0 2.3143648747255923
1.446775022915648 0.3952610235053813 0.1290857732903012 -1.1436755494333686 0.11794622751090657 9.042584518798918 -1.7183672802377146 -1.408986945839835 0.1427043819581931 -1.3095415029730428 0.13007729047542338 0.3225314596397682 0.3344798120636249 0.13381319720017895 -1.1420037773659997 0.11995286890153312 2.0710996799288433 2.104865701246395 2.000000000000001 2.322531459639769
1.46357011801908 0.3978233249887356 0.12852990090810837 -1.134198248259734 0.11756211543989965 9.588797365005668 -1.9219215376685241 -1.3386036472541516 0.14213773065254504 -1.3024967691024696 0.1290314375752513 0.3308430492539502 0.33804425077941536 0.1331628229179199 -1.1324372041084894 0.11942204973581644 2.058392821682647 2.0928604150327375 2.000000000000001 2.330843049253951
1.4805601813899107 0.40037890404611415 0.12796139136967538 -1.1248020439374082 0.11720894922567983 10.156194021129409 -2.1346547322823497 -1.263619031704997 0.1415575723203635 -1.2955056455856224 0.12798790700815868 0.3393005593400631 0.3415880039349909 0.13250076627344376 -1.1229504314002337 0.11892370222693066 2.0450147276357207 2.0801622316366415 1.9999999999999998 2.339300559340063
1.4977474763452012 0.40292751152023254 0.12738069166029795 -1.1154891521963377 0.11688735172538979 10.745085981121775 -2.3566654991862386 -1.1839906761703898 0.1409643345064499 -1.2885683218395656 0.12694688487628586 0.34790487007330745 0.3451107500978847 0.13182751025164077 -1.1135457016423205 0.11845849597765067 2.030978764932372 2.0667813018065004 2.0000000000000004 2.347904870073308
1.515134292476053 0.40546891344184943 0.12678824920677487 -1.1062617321513049 0.11659790770696932 11.355750923032296 -2.5880306518621197 -1.0996895845895034 0.1403584436280104 -1.2816849247997493 0.12590855037776083 0.3566568246347268 0.348612197154744 0.13114353574434845 -1.1042252038759093 0.11802706288856502 2.0163000197246124 2.052729519516614 2.0000000000000004 2.3566568246347273
1.5327229459526137 0.4080028910594385 0.12618451136082587 -1.0971218858658691 0.11634116172431733 11.988430264403007 -2.828803832360908 -1.0107009364566082 0.13974032455563534 -1.2748555209380332 0.12487307598797182 0.36555722779734623 0.3520920819258696 0.13044932107955828 -1.0949910733329873 0.11762999497430328 2.000995309353509 2.0380205614311913 2.000000000000001 2.365557227797347
1.5505157798326246 0.4105292408486813 0.12556992489654925 -1.0880716577787066 0.116117616008837 12.643326890950704 -3.0790142809900125 -0.9170247560117428 0.139110400212248 -1.2680801182426127 0.12384062763741392 0.3746068444980432 0.35555016975498127 0.12974534156858927 -1.0858453908414774 0.1172678421885161 1.985083181924788 2.02266991429758 2.0000000000000004 2.3746068444980435
1.5685151643735473 0.41304777450205904 0.12494493552220054 -1.0791130339960888 0.11592772838671447 13.320603093020374 -3.3386657458552627 -0.8186764901236873 0.13846909118992023 -1.2613586681612523 0.12281136488608124 0.38380639839745195 0.3589862540755411 0.12903206907115622 -1.0767901820885821 0.1169411102676259 1.968583902595334 2.006694889201775 1.9999999999999993 2.3838063983974513
1.5867234973483177 0.4155583188986692 0.12430998740655202 -1.0702479414547486 0.11577191023145236 14.020378743097332 -3.60773555168398 -0.7156874836507805 0.13781681538441914 -1.2546910675092602 0.12178544109438619 0.3931565704303496 0.36240015595492436 0.12830997157822782 -1.0678274167468305 0.1166502586035362 1.9515194260524225 1.9901146217614887 2.0000000000000004 2.39315657043035
1.605143204364762 0.41806071605458023 0.12366552272003493 -1.0614782469599713 0.11565052446127246 14.742729745741777 -3.8861738459807285 -0.6081053420189129 0.13715398764731093 -1.2480771603436858 0.12076300359059579 0.40265799734910424 0.3657917236176778 0.12757951281254298 -1.0589590074679012 0.11639569815560341 1.9339133548520717 1.9729500575017591 2.0000000000000004 2.4026579973491047
1.6237767391887217 0.420554823053951 0.12301198119084225 -1.052805756104288 0.11556388359109124 15.487686788665066 -4.173903038763999 -0.4959941719640113 0.13648101945541963 -1.241516739805209 0.11974419383478023 0.41231127026290176 0.36916083194905513 0.1268411518466222 -1.0501868087498176 0.11617778941225948 1.9157908834828599 1.955223921851917 2.000000000000001 2.4123112702629026
1.6426265840709315 0.42304051196118037 0.12234979967613013 -1.0442322120727072 0.11551224784878827 16.255234420293093 -4.470817449899673 -0.3794346928435484 0.13579831859740843 -1.2350095499292122 0.1187291475792838 0.4221169331755848 0.3725073819799787 0.12609534273809855 -1.041512615683741 0.11599684041269001 1.8971787282336061 1.9369606744192878 2.0 2.4221169331755847
1.661695250077689 0.4255176697143818 0.12167941174842609 -1.035759294340947 0.11549582336547302 17.045310475139388 -4.776783175438265 -0.25852421259649 0.13510628887722678 -1.2285552874275114 0.11771799502572662 0.43207548152507713 0.37583130035452794 0.12534253418215643 -1.0329381625870793 0.11585310483895445 1.878105043162351 1.9181864474279273 1.9999999999999998 2.432075481525077
1.6809852774253642 0.4279861980005039 0.12100124729731968 -1.0273886172736948 0.11551476044940345 17.857805863668588 -5.091638181402921 -0.13337646430172728 0.13440532983414316 -1.222153603442209 0.1167108609785572 0.4421873607274542 0.3791325387810148 0.12458316918086804 -1.0244651215302494 0.11574678018886266 1.8585993226855142 1.898928968457423 2.0000000000000004 2.4421873607274547
1.7004992358187931 0.43044601311239644 0.12031573214648851 -1.0191217286304097 0.11556915195309414 18.692564738178312 -5.41519263023217 -0.004121301310723583 0.13369583647906452 -1.2158041052730983 0.11570786499518003 0.4524529647288479 0.382411073467664 0.1238176847291879 -1.0160951007648984 0.11567800603979833 1.8386922915247046 1.879217467869677 2.0000000000000004 2.4524529647288484
1.7202397247935985 0.43289704578818394 0.11962328768608196 -1.010960107986741 0.11565903174300805 19.54938504066152 -5.747229441619538 0.1290957489327353 0.13297819904682337 -1.2095063580800287 0.11470912153268699 0.4628726345684564 0.38566690454387786 0.12304651151736218 -1.0078296430619573 0.11564686241351078 1.8184157829588505 1.8590825715662789 2.0000000000000004 2.462872634568457
1.7402093740624849 0.4353392410332972 0.11892433052046616 -1.0029051650800904 0.11578437328103032 20.428019432758788 -6.087505085891802 0.2661140700725384 0.13225280276410217 -1.203259886561579 0.113714740091225 0.47344665695602556 0.3889000554680311 0.12227007364949746 -0.9996702239683793 0.11565336825167938 1.7978026065259098 1.838556179968178 2.000000000000001 2.4734466569560265
1.760410843865553 0.43777255792553277 0.11821927213130974 -0.9949582380883664 0.11594508832667805 21.328176601903515 -6.435750604409257 0.40675867649513486 0.13152002763264697 -1.1970641766113606 0.11272482535403766 0.48417526286724594 0.39211057242270414 0.12148878837802397 -0.9916182499919121 0.11569748001177961 1.7768864064965268 1.8176713343471214 2.0 2.4841752628672458
1.780846825324682 0.44019696940354114 0.11750851855597275 -0.9871205918514161 0.11614102576871779 22.24952293175749 -6.791672847852901 0.5508410607694855 0.1307802482274148 -1.1909186769531932 0.11173947732422164 0.4950586261605772 0.39529852369823126 0.12070306585378589 -0.9836750567237003 0.11577909039247325 1.7557015125967654 1.7964620718580593 2.0000000000000004 2.495058626160578
1.8015200408020253 0.44261246203915505 0.11679247008114133 -0.9793934160450802 0.11637197059452849 23.191684519168497 -7.154955919766913 0.6981601601147199 0.13003383350928926 -1.1848228007563453 0.11075879145824222 0.5060968622190765 0.39846399906541574 0.11991330889148638 -0.9758419069089651 0.11589802719737716 1.7342827845846385 1.7749632708180003 2.0 2.5060968622190765
1.8224332442626665 0.4450190357939704 0.11607152095163736 -0.9717778233182149 0.11663764300517296 24.15424951431381 -7.525262809444911 0.8485034312235377 0.12928114665198934 -1.1787759272319716 0.10978285879625034 0.5172900266208439 0.4016071091382285 0.11911991275021011 -0.968119988476419 0.11605405234565203 1.7126654523823162 1.7532104879441504 2.0000000000000004 2.5172900266208442
1.8435892216414884 0.44741670376065984 0.11534605909431532 -0.9642748474034366 0.11693769768372098 25.13677075555494 -7.902237195265673 1.0016480210558483 0.12852254488279463 -1.1727774032117775 0.10881176608925637 0.5286381138417553 0.40472798472729266 0.11832326492874802 -0.9605104125374282 0.11624686103741008 1.690884953530264 1.7312397893979334 2.000000000000001 2.5286381138417564
1.8649907912142971 0.44980549188941493 0.11461646585695139 -0.9568854412126733 0.11727172322390349 26.13876866596317 -8.28550539697557 1.1573620197478316 0.1277583793367025 -1.1668265447099049 0.10784559592320404 0.5401410559941532 0.4078267761849227 0.11752374497544904 -0.9530142113663285 0.1164760810814276 1.668976769759686 1.7090875775790892 2.0000000000000004 2.5401410559941535
1.8866408039732578 0.4521854387000822 0.11388311576200903 -0.949610474928963 0.1176392417256715 27.159734374575372 -8.674678453241174 1.3154057805917885 0.12698899492363186 -1.1609226384689109 0.10688442684000149 0.5517987216052044 0.410903652742477 0.11672172431232201 -0.9456323363735578 0.11674127239211715 1.6469762644751813 1.6867904156718276 2.0 2.5517987216052047
1.908542144006686 0.45455659498040535 0.11314637627516594 -0.9424507341062016 0.11803970856369014 28.199133022317795 -9.069354299112149 1.4755332911612826 0.12621473020828633 -1.1550649434906577 0.10592833345555905 0.5636109144386198 0.41395880184075784 0.11591756607311647 -0.9383656560835978 0.11704192666213005 1.6249185229010816 1.6643848519631503 2.0 2.5636109144386197
1.93069772888325 0.4569190234709457 0.11240660758847015 -0.935406917788801 0.11847251233420647 29.256407210241186 -9.469120016869926 1.6374935790979568 0.12543591730228895 -1.1492526925528255 0.10497738657489245 0.5755773723634258 0.4169924284541826 0.1151116249551112 -0.931214954129891 0.11737746721633763 1.6028381965740588 1.6419072459309423 2.0 2.575577372363426
1.953110510040632 0.4592727985371671 0.11166416241798914 -0.9284796366634249 0.11893697498510906 30.330980546297766 -9.873554133117839 1.801032135853755 0.12465288176820111 -1.1434850937116778 0.10403165330434093 0.5876977662734548 0.42000475440942864 0.11430424708434637 -0.9241809272791506 0.11774724905227947 1.5807693537637653 1.6193935980385388 2.000000000000001 2.5876977662734557
1.975783473178701 0.4616180058292569 0.11091938581580707 -0.9216694112551223 0.11943235213333638 31.422261246364272 -10.28222893488952 1.9658923417877623 0.12386594253504173 -1.1377613317916184 0.10309119716096303 0.5999716990611843 0.42299601769925144 0.11349576989403272 -0.9172641834975662 0.11815055907147813 1.5587453372756583 1.5968793850743879 1.999999999999999 2.599971699061183
1.9987196386572506 0.46395474193023495 0.11017261499621869 -0.9149766701802876 0.11995783357309434 32.52964574557559 -10.6947127780073 2.131816876443379 0.12307541182492224 -1.1320805698619774 0.10215607817915866 0.6123987046494974 0.4259664717921587 0.11268652201588629 -0.9104652400715473 0.11858661650528601 1.5367986309397972 1.5743994027450687 2.000000000000001 2.6123987046494985
2.021922061898354 0.46628311399289357 0.1094241791759659 -0.9084017484689393 0.12051254397761604 33.652522277224236 -11.110572361875384 2.298549098553449 0.12228159509041904 -1.1264419507013836 0.10122635301458147 0.6249782470849048 0.4289163849386196 0.11187682318412634 -0.9037845217956422 0.11905457353818333 1.5149607359205806 1.5519876170697768 2.0 2.624978247084905
2.0453938337933892 0.46860323936622506 0.10867439942835011 -0.9019448859688123 0.12109554379644027 34.79027437845921 -11.529374946306515 2.4658343813130874 0.1214847909623074 -1.120844598249974 0.10030207504539124 0.6377097196956356 0.4318460394744735 0.11106698415189492 -0.8972223592403156 0.11955351613064708 1.4932620577996496 1.5296770259415178 2.0 2.6377097196956356
2.0691380811147897 0.4709152452118615 0.1079235885510587 -0.8956062258436932 0.12170583034940206 35.942284284694836 -11.95069048780148 2.633421389685365 0.12068529120728577 -1.1152876190496002 0.09938329447090834 0.6505924443179856 0.4347557311222089 0.11025730661985027 -0.8907789871121328 0.12008246504291878 1.4717318051926578 1.5074995320176672 2.0000000000000004 2.650592444317986
2.0931579669325737 0.4732192681111867 0.1071720509475314 -0.8893858131783307 0.12234233911771929 37.10793617791419 -12.374093674861605 2.8010632879230797 0.11988338069532382 -1.1097701036721055 0.09847005840772326 0.6636256705941538 0.4376457682907674 0.10944808317669248 -0.8844545427188267 0.12064037706015264 1.4503979004648146 1.485485827888206 2.0000000000000013 2.663625670594155
2.1174566910357124 0.475515453663765 0.1064200825216895 -0.8832835937020705 0.12300394523173265 38.28661925782697 -12.799165844352128 2.9685188670584997 0.11907933737627407 -1.1042911281356451 0.09756241098331755 0.6768085753447135 0.44051647137452965 0.10863959725138703 -0.8782490645515058 0.12122614641858535 1.429286902914785 1.4636652942479156 2.000000000000001 2.6768085753447144
2.1420374903583843 0.4778039560776568 0.10566797058585245 -0.8772994126431171 0.12368946515400883 39.477730608989496 -13.225496763571517 3.135553583785831 0.118273432265392 -1.0988497553089376 0.09666039342725354 0.6901402620187205 0.44336817205213636 0.1078321230768547 -0.8721624909960212 0.12183860643150451 1.4084239446060636 1.4420659115754844 2.000000000000001 2.6901402620187214
2.1669036394111827 0.4800849377523632 0.10491599378165213 -0.8714330137250443 0.12439765855566184 40.68067784140298 -13.652686265448374 3.3019405038938046 0.11746592943741434 -1.0934450363032409 0.09576404415998564 0.7036197602243414 0.4462012125857975 0.10702592566489588 -0.8661946591852006 0.12247653131291587 1.3878326788429471 1.420714185602831 2.000000000000001 2.7036197602243424
2.1920584507173255 0.48235856885497347 0.10416442201376075 -0.8656840383167851 0.12512723038287332 41.89488148665528 -14.080345727109655 3.46746114515445 0.11665708602885445 -1.0880760118517663 0.09487339887934919 0.7172460253427057 0.44901594512173604 0.1062212607921257 -0.8603453040032835 0.12313863819592899 1.3675352411184258 1.3996350866469025 2.0000000000000004 2.717246025342706
2.217505275253932 0.4846250268902476 0.10341351639623665 -0.8600520247469072 0.1258768331097268 43.11977713625294 -14.50809938487647 3.631906216298838 0.1158471522481768 -1.0827417136761588 0.09398849064478014 0.7310179382275492 0.4518127309924187 0.10541837499669517 -0.8546140572534362 0.12382358934200217 1.3475522222060246 1.3788520026775926 2.000000000000001 2.7310179382275503
2.243247502898419 0.4868844962653 0.1026635292112907 -0.8545364077924877 0.12664506917259394 44.35481731328408 -14.935585481479105 3.795076250372984 0.11503637139352155 -1.0774411658395835 0.0931093499593183 0.7449343049930153 0.4545919400212197 0.1046175055855783 -0.849000446998764 0.12452999453629589 1.3279026529294387 1.3583867058134063 2.000000000000001 2.7449343049930164
2.2692885628800803 0.48913716784952105 0.10191470388027389 -0.8491365183523054 0.12743049358043743 45.599473072897155 -15.362457243896376 3.956782132338167 0.11422497987765494 -1.0721733860859004 0.09223600484944787 0.7589938568918204 0.45735394983016425 0.10381888065220143 -0.8435038970866071 0.12525641366352247 1.3086040000239678 1.3382593317726879 2.000000000000001 2.7589938568918213
2.2956319242369094 0.49138323853052546 0.10116727494667288 -0.8438515833134783 0.1282316166945467 46.853235331150856 -15.788383692655831 4.116845522229509 0.11341320725982973 -1.0669373871643097 0.0913684809428236 0.773195250285768 0.46009914515140043 0.10302271910419826 -0.8381237268653488 0.1260013594577997 1.2896721724030993 1.3184883716662403 2.0000000000000004 2.7731952502857684
2.322281096277725 0.4936229107667099 0.10042146807090756 -0.8386807256199278 0.12904690717036138 48.11561592556412 -16.213050285656845 4.275099176497061 0.11260127628424445 -1.0617321781388076 0.09050680154393792 0.7875370667104072 0.46282791714304417 0.10222923070106818 -0.8328591511022176 0.12676330041918304 1.27112153706291 1.2990906753964147 2.000000000000001 2.7875370667104082
2.3492396290496593 0.49585639213720545 0.09967750003670625 -0.8336229645503348 0.12987479505322047 49.38614841409181 -16.63615940156197 4.431387171308337 0.11178940292479918 -1.0565567656817068 0.08965098770777452 0.8020178130354111 0.46554066271004 0.10143861610151815 -0.8277092801098418 0.1275406638887141 1.252964943795432 1.2800814658303916 2.0 2.802017813035411
2.3765111138110746 0.4980838948899022 0.09893557876883606 -0.8286772162124041 0.13071367501907338 50.66438862224288 -17.057430669523892 4.585565032579516 0.1109777964358492 -1.051410155350433 0.08880105831149866 0.8166359217220187 0.46823778383068293 0.1006510669202669 -0.8226731200884997 0.12833183927302155 1.2352137578395637 1.2614743628403857 2.0 2.816635921722019
2.4040991835099716 0.5003056354882369 0.09819590336195679 -0.8238422942593955 0.13156190975040732 51.94991495062047 -17.476601153470398 4.737499778322813 0.11016665940866774 -1.046291352846742 0.08795703012423312 0.8313897511786654 0.4709196868894392 0.09986676579408386 -0.8177495736901705 0.12913518140874736 1.2178778995734534 1.2432814162504227 2.0 2.8313897511786656
2.432007513267948 0.5025218341574519 0.09745866412035985 -0.8191169108339287 0.13241783343691313 53.24232845729836 -17.893425400351667 4.887069879547354 0.10935618783333198 -1.041199365257453 0.0871189178749655 0.8462775862156758 0.47358678201670446 0.0990858864568399 -0.8129374408095112 0.1299490140563271 1.2009658903438212 1.2255131466971665 2.0000000000000013 2.846277586215677
2.460239820869776 0.5047327144310487 0.09672404260834574 -0.8144996777431205 0.13327975538971698 54.541252731133234 -18.30767536266746 5.034165146437192 0.10854657116575576 -1.036133202275762 0.08628673431863279 0.8612976385996539 0.4762394824361321 0.09830859382333619 -0.8082354196060272 0.13077163351196638 1.184484903534261 1.2081785933995297 1.9999999999999996 2.8612976385996536
2.488799867258667 0.5069385026981089 0.09599221171098717 -0.8099891078680511 0.13414596375734433 55.846333573386396 -18.719140206247584 5.178686546858131 0.10773799239959601 -1.0310918774021454 0.08546049030042886 0.8764480477079568 0.4788782038201601 0.09753504408167704 -0.8036421077606066 0.13160131232599742 1.1684408199941907 1.1912853678362347 1.999999999999999 2.8764480477079557
2.517691457037277 0.509139427752204 0.09526333570501502 -0.805583616809533 0.13501472933098796 57.15723850590229 -19.127626014676967 5.320545964430502 0.10693062814276755 -1.026074409123835 0.08464019481837869 0.8917268812833774 0.4815033636543598 0.09676538479394972 -0.7991560039686051 0.1324363031152188 1.152838286981043 1.174839712350546 1.9999999999999998 2.891726881283377
2.5469184389745405 0.5113357203425493 0.09453757033955926 -0.801281524771014 0.13588430942609925 58.473656124582924 -19.532955401945642 5.459665903453898 0.1061246486983062 -1.0210798220718267 0.0838258550842216 0.9071321362889107 0.4841153806112226 0.09599975500496312 -0.7947755096705773 0.13327484245625468 1.1376807798085635 1.1588465627348088 2.000000000000001 2.9071321362889115
2.576484706518376 0.5135276127281433 0.09381506292646166 -0.7970810586783721 0.13675295182684177 59.795295317063136 -19.934967044899775 5.595979147904403 0.10532021814932593 -1.016107148154353 0.08301747658264752 0.9226617398622046 0.4867146739339926 0.09523828535879826 -0.7904989310206543 0.13411515484650802 1.1229706654419775 1.1433096138916738 2.0000000000000004 2.922661739862205
2.6063941983143493 0.515715338235494 0.09309595243987744 -0.7929803545351605 0.13761889877951208 61.12188436334666 -20.333515146885244 5.729428381554375 0.10451749444782062 -1.0111554276657424 0.0822150631289246 0.9383135503690574 0.4893016628311431 0.09448109822291086 -0.7863244810914588 0.13495545671884362 1.1087092673344876 1.1282313877223629 2.0000000000000004 2.938313550369058
2.636650898730358 0.5178991308206689 0.09238036962486422 -0.7889774600107475 0.13848039102069157 62.453169937763796 -20.72846884364242 5.859965776008789 0.10371662950706757 -1.0062237103695706 0.08141861692496064 0.9540853585550358 0.4918767658820893 0.09372830781952829 -0.7822502823132893 0.13579396049579912 1.094896930857292 1.1136133024523238 1.9999999999999996 2.9540853585550355
2.667258838387406 0.5200792246362725 0.09166843711465408 -0.7850703372575986 0.13933567182559756 63.78891602997588 -21.119711562047932 5.987552553123301 0.10291776929739445 -1.001311056555016 0.08062813861383683 0.9699748887940367 0.49444040045471055 0.09298002036406303 -0.7782743691442084 0.1366288786688221 1.081533088735768 1.0994557426697733 2.000000000000001 2.9699748887940376
2.698222094696537 0.5222558536040336 0.09096026955629137 -0.7812568659528035 0.14018299106190354 65.12890280195447 -21.507140341740392 6.112158527886062 0.10212105394507598 -0.9964165380653309 0.0798436273328517 0.9859798004323733 0.49699298213524845 0.09223633421027454 -0.7743946909665015 0.13745842788783746 1.0686163259660462 1.0857581294206733 2.000000000000001 2.985979800432374
2.7295447924020064 0.5244292509935861 0.09025597374431198 -0.7775348465577757 0.14102060923415372 66.47292539689474 -21.890665129022942 6.23376163741768 0.10132661783413303 -0.9915392392973381 0.07906508076511327 1.0020976892266595 0.4995349241711311 0.0914973400018872 -0.7706091152038446 0.13828083304629876 1.0561444437478769 1.0725189897731842 2.000000000000001 3.00209768922666
2.761231104130753 0.5265996490081014 0.0895556487621274 -0.7739020037889334 0.14184680150386614 67.82079271496698 -22.270208051739903 6.352347461289045 0.10053458971080967 -0.9866782581708979 0.07829249518971515 1.0183260888735806 0.5020666369272573 0.09076312083037831 -0.7669154306524285 0.13909433134683294 1.0441145220301669 1.059736025334311 2.0000000000000013 3.018326088873582
2.7932852509482538 0.5287672783773637 0.0888593861307688 -0.77035599029105 0.14265986167042807 69.17232616965885 -22.64570268308824 6.4679087378833255 0.09974509279051058 -0.9818327070672935 0.077525865530533 1.0346624726293248 0.5045885273562596 0.09003375239863234 -0.7633113510181755 0.13989717633260312 1.032522980324393 1.0474061792697265 2.000000000000001 3.034662472629326
2.825711502920828 0.530932367958819 0.08816726996464004 -0.7668943905038595 0.14345810609800583 70.52735843727305 -23.01709330156942 6.580444881048735 0.09895824486698397 -0.9770017137355136 0.07676518540367583 1.0511042550162468 0.5071009984832439 0.0893093031901563 -0.7597945186511228 0.14068764186961405 1.021365636497099 1.0355257014440253 2.0 3.051104255016247
2.8585141796844735 0.5330951443472499 0.08747937713391242 -0.7635147247115182 0.14423987757389417 71.88573221093486 -23.384334153529597 6.689961500811666 0.09817415842354058 -0.972184422165452 0.07601044716362554 1.0676487936140873 0.5096044489054875 0.08858983464354304 -0.7563625084670479 0.1414640260653768 1.0106377633055892 1.0240902113617782 2.000000000000001 3.067648793614088
2.8916976510202996 0.5352558314935157 0.0867957774331946 -0.7602144532634564 0.14500354908398735 73.24729896924265 -23.747388723982837 6.7964699314512185 0.09739294074610368 -0.9673799934270659 0.07526164194809859 1.0842933909328418 0.5120992723075545 0.08787540133185696 -0.7530128320454107 0.14222465510959592 1.000334142490321 1.0130947586492576 1.9999999999999991 3.084293390932841
2.9252663374366454 0.5374146503329701 0.08611653375609328 -0.7569909809543018 0.14574752749142972 74.61191776851197 -24.106229020683866 6.899986769785247 0.09661469403788926 -0.9625876064745899 0.07451875972166126 1.1010352963641399 0.5145858569922629 0.08716605114661738 -0.7497429418917798 0.14296788702289437 0.9904491162829309 1.0025338808721127 2.000000000000001 3.1010352963641408
2.959224710757956 0.5395718184239789 0.0854417022752816 -0.7538416615496126 0.1464702571049222 75.97945406640159 -24.46083487571425 7.00053342608748 0.09583951553551952 -0.9578064589149418 0.07378178931813048 1.1178717082078267 0.5170645854279223 0.08646182548604073 -0.7465502358520406 0.1436921153000065 0.9809766362303508 0.9924016585351203 2.0000000000000004 3.117871708207827
2.9935772947204895 0.5417275495970844 0.08477133262767624 -0.7507638024434209 0.14717022312369077 77.34977858360395 -24.811193268179615 7.098135689649387 0.09506749762637748 -0.9530357677395113 0.07305071848179105 1.1347997757701713 0.5195358338122269 0.08576275944720332 -0.7434320616648759 0.14439577243435703 0.9719103092727787 0.9826917671565446 2.0 3.1347997757701713
3.0283286655749455 0.5438820536152023 0.08410546810432584 -0.7477546694328082 0.14784595494668976 78.72276620923446 -25.15729767099201 7.192823310623367 0.09429872796701459 -0.9482747700185814 0.07232553390745877 1.151816601530011 0.5219999716531682 0.08506888202177341 -0.7403857216383112 0.1450773333115153 0.9632434410466607 0.9733975263511849 2.0 3.1518166015300113
3.063483452696085 0.5460355358453163 0.0834441458446012 -0.7448114915941344 0.14849602933428668 80.0982949545679 -25.499147424130136 7.284629599434855 0.09353328960242727 -0.9435227235576874 0.07160622127941944 1.1689192433689093 0.5244573613673085 0.08438021629496266 -0.7374084774354402 0.1457353184596408 0.9549690764130947 0.964511945893229 1.9999999999999998 3.168919243368909
3.0990463391994285 0.5481881969420737 0.08278739703427522 -0.7419314662449722 0.14911907341138914 81.47624495886654 -25.836747136240135 7.3735910447342805 0.09277126108602246 -0.9387789075152849 0.07089276530927069 1.1861047168612628 0.5269083578957181 0.08369677964733936 -0.7344975549538777 0.14636829714574387 0.9470800372376095 0.956027768762342 2.0 3.186104716861263
3.1350220625651146 0.5503402325436211 0.08213524710707726 -0.7391117639753215 0.14971376750175527 82.85649755018807 -26.170106115949796 7.459746950571139 0.09201271660009636 -0.9340426229811691 0.07018514977269702 1.2033699976201497 0.529353308337863 0.08301858395913976 -0.7316501492830488 0.14697489030732605 0.9395689574690924 0.9479375112047023 2.000000000000001 3.203369997620151
3.171415415268999 0.5524918329800603 0.08148771594930054 -0.7363495337313408 0.15027884778407652 84.23893436331957 -26.499237833838958 7.543139093217977 0.09125772607665553 -0.9293131935151555 0.06948335754520295 1.220712023694554 0.5317925516036905 0.08234563581671624 -0.7288634297229755 0.14755377330980243 0.932428315584072 0.9402334998643836 2.000000000000001 3.220712023694555
3.208231245421078 0.5546431829948434 0.08084481810704003 -0.733641907934537 0.15081310876130538 85.62343651627344 -26.824159415613764 7.623811397843406 0.09050635531841177 -0.9245899656455996 0.06878737063683206 1.2381276980134912 0.5342264180841373 0.08167793672075321 -0.7261345448479624 0.1481036785209481 0.9256504644777627 0.9329079060607532 2.0 3.2381276980134914
3.245474457411331 0.5567944614793646 0.08020656299563846 -0.7309860076191916 0.15131540553563147 87.00988384617546 -27.144891166692105 7.701809635035564 0.08975866611978939 -0.9198723093274269 0.06809717022589701 1.255613890872461 0.5366552293402466 0.08101548329588262 -0.7234606275983729 0.14862339769452565 0.91922765889565 0.9259527773039886 2.0000000000000013 3.2556138908724623
3.283150012563046 0.5589458412210364 0.07957295511091454 -0.7283789475707326 0.15178465588248471 88.39815420482202 -27.46145612810696 7.7771811370060515 0.0890147163877844 -0.9151596183594011 0.06741273669174756 1.2731674424575403 0.5390792978110588 0.08035826750133002 -0.7208388003835637 0.1491117841562103 0.913152080508952 0.9193600661539031 2.000000000000001 3.273167442457541
3.321262929793748 0.5610974886650933 0.07894399424174918 -0.7258178414478003 0.15221984211794337 89.78812281370287 -27.773879663374586 7.849974533157204 0.08827456026252264 -0.910451310760455 0.06673404964659854 1.2907851654023708 0.5414989265403982 0.07970627684222284 -0.7182661801790722 0.14956775478586534 0.9074158607446029 0.9131216565378413 1.9999999999999998 3.2907851654023705
3.3598182862837818 0.5632495636902844 0.0783196756836099 -0.7232998068708606 0.1526200127549404 91.1796616778694 -28.082189075756713 7.920239504573748 0.08753824823736589 -0.9057468291049802 0.06606108796644473 1.3084638473732237 0.5439144089226537 0.07905949458119231 -0.7157398836011833 0.149990291791268 0.9020111014854886 0.9072293876505372 2.000000000000001 3.3084638473732246
3.398821218152669 0.5654022193986773 0.07769999045259081 -0.7208219704604877 0.15298428394471328 92.57263905766402 -28.38641325515914 7.9880265568974425 0.08680582727842105 -0.9010456408170573 0.06539382982108438 1.326200253677292 0.5463260284676169 0.07841789994990103 -0.7132570319422334 0.15037844426935754 0.896929893759853 0.9016750755644151 2.000000000000001 3.326200253677293
3.4382769211433097 0.5675556019196669 0.07708492549955602 -0.7183814728087192 0.15331184070097495 93.96691899702624 -28.686582353759277 8.053386810962268 0.08607734094331117 -0.8963472384236922 0.06473225270327536 1.3439911298893132 0.5487340585844047 0.07778146836013959 -0.710814756150254 0.15073132955213342 0.8921643345403978 0.8964505326817992 1.9999999999999993 3.3439911298893126
3.4781906513141303 0.5697098502283369 0.07647446392397432 -0.7159754733673453 0.15360193790534232 95.36236090683062 -28.982727489332465 8.116371810503104 0.08535282949907198 -0.8916511397672022 0.06407633345704537 1.3618332044916333 0.5511387623844674 0.07715017161412624 -0.7084102017369278 0.1510481343353401 0.8877065417737025 0.8915475851617893 2.0000000000000013 3.3618332044916346
3.518567725739264 0.5718650959782691 0.07586858518704045 -0.7136011552374903 0.15385390109360111 96.75881920150121 -29.274880475151434 8.17703334620257 0.08463233003904284 -0.8869568881769847 0.06342604830518064 1.3797231915228139 0.5535403925036462 0.07652397811366186 -0.7060405335982913 0.15132811558912057 0.8835486677595102 0.8869580884544045 2.0 3.379723191522814
3.55941352321686 0.5740214633487847 0.07526726532368903 -0.7112557298454077 0.1540671270233963 98.15614298698527 -29.563073575263946 8.235423295306472 0.08391587659862501 -0.8822640526009756 0.06278137287591064 1.3976577932298986 0.5559391909432108 0.0759028530677895 -0.7037029407331132 0.151570601250805 0.8796829109973626 0.8826739410730313 2.000000000000001 3.3976577932298997
3.600733484985619 0.576179068906736 0.07467047715310952 -0.7089364414901432 0.15424108402497325 99.55417579801838 -29.847339283899313 8.291593476015459 0.08320350026978521 -0.8775722276971933 0.062142282228814544 1.41563370271951 0.5583353889297803 0.07528675869862056 -0.7013946408445696 0.15177499070102754 0.876101526615049 0.8786870967336571 2.0000000000000018 3.4156337027195116
3.6425331154496376 0.5783380214827677 0.07407819048738584 -0.7066405717494064 0.15437531213754882 100.95275538253455 -30.12771012772844 8.345595515849963 0.08249522931418855 -0.8728810338858388 0.061508750879965594 1.433647606602972 0.5607292067939942 0.0746756544449927 -0.6991128848114205 0.15194075502530982 0.8727968354897548 0.8749895749856942 2.0 3.433647606602972
3.6848179829116776 0.580498422062057 0.07349037233789166 -0.7043654437308398 0.1544694230348535 102.35171353098507 -30.404218489682044 8.397480733182318 0.08179108927484834 -0.8681901173624995 0.06088075282633662 1.4516961876307284 0.5631208538677694 0.07406949716363888 -0.6968549610157193 0.15206743706421144 0.8697612321685774 0.8715734704550564 2.000000000000001 3.4516961876307293
3.72759372031494 0.5826603636894505 0.0729069871190849 -0.7021084261567385 0.15452309974428835 103.75087594829176 -30.676896453032086 8.447300031135658 0.08109110308618647 -0.8634991500730899 0.060258261569485196 1.469776127311425 0.5655105283999536 0.07346824132755213 -0.6946181995148737 0.15215465125603672 0.8669871916904862 0.8684309608153292 2.000000000000001 3.469776127311426
3.7708660259934543 0.5848239313889227 0.07232799684935709 -0.6998669372711988 0.1545360961650023 105.15006216613573 -30.945775664451922 8.495103803061363 0.08039529118240335 -0.8588078296512206 0.059641250138536564 1.4878841085110726 0.5678984174901457 0.07287183922124502 -0.6923999760467341 0.1522020832769538 0.8644672754068946 0.8655543135976109 2.0000000000000018 3.487884108511074
3.814640664431178 0.586989202097221 0.0717533613486086 -0.6976384485596356 0.15450823639100744 106.54908549327084 -31.21088721478941 8.540941848823852 0.0797036716040614 -0.8541158793187728 0.05902969111248509 1.5060168180278541 0.5702846970404343 0.07228024113261139 -0.690197715857317 0.15220948948420782 0.8621941358929037 0.8629358919440338 2.0 3.506016818027854
3.858923467029904 0.5891562446115661 0.07118303843223239 -0.6954204882716403 0.15443941384620988 107.94775300157067 -31.472261536317088 8.58486330114343 0.07901626010279131 -0.8494230477505164 0.058423556641831756 1.5241709491382396 0.5726695317247692 0.07169339554111377 -0.6880088973416897 0.15217669616886334 0.8601605210360332 0.8605681594042478 1.9999999999999996 3.5241709491382394
3.9037203328860905 0.5913251195512536 0.07061698410120555 -0.6932106447391709 0.15432959023893383 109.34586554553164 -31.72992831525739 8.62691656127329 0.07833307024403664 -0.8447291089036795 0.05782281846957417 1.5423432041101997 0.5750530749756588 0.07111124930202797 -0.6858310554896021 0.1521035986252212 0.8583592773839751 0.8584436838684525 1.9999999999999987 3.5423432041101983
3.949037229576701 0.5934958793329226 0.07005515272800518 -0.6910065694831253 0.15417879434414714 110.7432178129984 -31.983916418421344 8.667149243314215 0.07765411350775639 -0.8400338618134306 0.057227447951569324 1.5605302966794556 0.5774354689878544 0.07053374782649846 -0.6836617851283501 0.15199016004471702 0.8567833528276475 0.8565551407244337 2.0000000000000018 3.5605302966794574
3.9948801939541703 0.595668568159316 0.06949749723807902 -0.6888059801024317 0.15398712062218203 112.13959840491881 -32.23425383284482 8.705608126501142 0.07697939938701266 -0.8353371303553089 0.05663741607628413 1.5787289544848635 0.579816844738662 0.06996083525716124 -0.6814987439564962 0.15183641024269587 0.855425798690575 0.8548953153204375 2.0 3.5787289544848635
4.041255332950601 0.5978432220212629 0.06894396928662044 -0.6866066629408676 0.1537547276832415 113.53478994198774 -32.480967617351325 8.742339114826017 0.07630893548437409 -0.8306387629756723 0.05605269348395106 1.5969359214591583 0.5821973220244916 0.06939245463911846 -0.6793396553630202 0.15164244422696416 0.8542797712905863 0.853457104809986 2.0 3.5969359214591585
4.088168824391292 0.6000198687126415 0.06839451943041486 -0.6844064755278918 0.15348183660742848 114.92856919610247 -32.72408386502351 8.777387203394671 0.07564272760607318 -0.8259386323913069 0.05547325048514551 1.6151479601715062 0.5845770095132387 0.06882854808605378 -0.677182311027575 0.15140842061752185 0.853338533034796 0.8522335194489811 2.0 3.615147960171506
4.135626917817709 0.6021985278580195 0.06784909729454215 -0.6822033487908448 0.1531687291304005 116.32070724460868 -32.96362767561272 8.810796450946773 0.07498077985385983 -0.8212366352593665 0.05489905707880055 1.6333618541184318 0.5869560048120619 0.06826905694130062 -0.6750245732985264 0.1511345599272322 0.8525954531040948 0.8512176834102364 1.9999999999999996 3.6333618541184314
4.183635935320019 0.6043792109526804 0.06730765173373915 -0.6799952890369235 0.15281574570505885 117.7109696453921 -33.19962313697055 8.842609958001193 0.07432309471450013 -0.8165326918188708 0.054330082969674794 1.651574409959935 0.5893343945501067 0.06771392193368897 -0.6728643773464865 0.1508211427135414 0.8520440077787371 0.8504028351752152 2.000000000000001 3.651574409959936
4.2322022723792765 0.606561921414709 0.06677013098824444 -0.6777803797043724 0.15242328344991107 119.09911663093322 -33.43209331463641 8.872869850121026 0.07366967314687461 -0.8118267455050168 0.053766297585288614 1.6697824596977333 0.5917122544757033 0.06716308332801244 -0.6706997330920569 0.15046850761161285 0.8516777804522543 0.8497823275577935 2.000000000000001 3.669782459697734
4.281332398719393 0.6087466546488026 0.06623648283396685 -0.675556782883331 0.15199179399491544 120.48490331952304 -33.66106024876749 8.901617265824331 0.07302051466663537 -0.8071187625376042 0.053207670092343035 1.6879828627928235 0.5940896495675467 0.06661648106997675 -0.6685287269074996 0.15007704925943813 0.8514904613767155 0.8493496274101908 2.0000000000000018 3.687982862792825
4.3310328591689995 0.6109333981214343 0.06570665472683904 -0.6733227406077287 0.15152178123570986 121.86807994189982 -33.88654495764655 8.928892348697042 0.07237561742838831 -0.8024087314848909 0.052654169412637127 1.706172508219725 0.5964666341593562 0.06607405492550461 -0.6663495230929574 0.14964721612561788 0.8514758471784207 0.8490983150565298 2.0 3.706172508219725
4.3813102745333055 0.6131221314470175 0.06518059394123518 -0.671076575920576 0.15101379900716835 123.24839208165315 -34.10856744705435 8.954734243295217 0.0717349783053708 -0.7976966628042349 0.05210576423849657 1.7243483164549696 0.598843252077489 0.06553574461429297 -0.6641603651288416 0.14917950825057602 0.8516278401793876 0.8490220834954748 2.0000000000000018 3.724348316454971
4.432171342476087 0.6153128264846753 0.06465824770235261 -0.668816693715847 0.1504684486871988 124.62558092780455 -34.32714672483979 8.979181094451812 0.07109859296660147 -0.7929825883608911 0.051562423047727915 1.7425072413976324 0.6012195367909778 0.06500148993752959 -0.661959576706804 0.14867447491196792 0.8519404475564786 0.8491147374091482 1.9999999999999996 3.742507241397632
4.483622838411908 0.6175054474451963 0.0641395633124756 -0.6665415813610015 0.14988637674160532 125.99938353805662 -34.54230082006893 9.002270049631619 0.07046645595148418 -0.7882665609263454 0.051024114118112675 1.7606462722198677 0.6035955115734405 0.06447123089970203 -0.6597455625425892 0.1481327122250162 0.8524077803667844 0.8493701920118828 1.9999999999999993 3.760646272219867
4.535671616408706 0.6196999510078225 0.06362448827105731 -0.6642498091049781 0.14926827222070882 127.3695331112648 -34.75404680617657 9.024037264003693 0.06983856074185299 -0.7835486536575959 0.05049080554145237 1.7787624351456772 0.6059711896763091 0.06394490782443932 -0.6575168089748786 0.14755486068835158 0.8530240524647706 0.849782471769072 2.0 3.7787624351456772
4.588324610100845 0.6218962864463694 0.06311297038857704 -0.6619400302771867 0.1486148642182044 128.7357592677678 -34.962400827589335 9.044517907926348 0.06921489983145095 -0.7788289595587758 0.04996246523718014 1.7968527951562896 0.6083465745128093 0.06342246146435042 -0.6552718843548785 0.14694160268583448 0.8537835793339283 0.8503457090126305 2.0000000000000004 3.79685279515629
4.641588833612778 0.6240943957643295 0.06260495789414497 -0.6596109812837385 0.14792691930251142 130.09778833627863 -35.167378129329265 9.063746176563614 0.06859546479283965 -0.7741075909265416 0.049439060965548495 1.8149144576207803 0.6107216598521168 0.06290383310483598 -0.6530094392322081 0.1462936599545726 0.8546807768530119 0.8510541424771196 1.9999999999999996 3.81491445762078
4.695471382493428 0.6262942138384451 0.06210039953684772 -0.6572614814077066 0.1472052389305618 131.45534364609944 -35.36899308914323 9.081755301373763 0.06798024634174286 -0.7693846787806272 0.04892056034040792 1.832944569850743 0.6130964300231125 0.06238896466186975 -0.6507282063431958 0.14561179102911234 0.8557101600145418 0.8519021157775167 2.0000000000000004 3.8329445698507434
4.7499794346614115 0.6284956685703774 0.06159924468084154 -0.6548904324208139 0.14645065685366215 132.80814582350968 -35.56725925174665 9.098577563233409 0.0673692343988305 -0.764660372280977 0.04840693084158642 1.8509403225780512 0.6154708601271517 0.06187779877375553 -0.6484270004082617 0.14489678867149772 0.8568663416110182 0.8528840758468976 2.000000000000001 3.8509403225780523
4.805120251361242 0.6306986810459654 0.06110144339422105 -0.6524968180143749 0.14566403652467608 134.1559130912206 -35.76218936479742 9.114244306978694 0.06676241814895605 -0.7599348381328532 0.0478981398268821 1.8688989513549297 0.6178449162592589 0.061370278886889125 -0.6461047177456376 0.1441494772965135 0.8581440309022911 0.8539945713504207 2.0000000000000013 3.868898951354931
4.860901178130632 0.6329031657016426 0.06060694653170418 -0.6500797030577716 0.1448462685153891 135.4983615698676 -35.95379541625444 9.12878595716516 0.06615978609786312 -0.7552082599813056 0.04739415454368033 1.8868177378757605 0.6202185557371632 0.060866349335561634 -0.6437603357090665 0.1433707104010957 0.859538032275612 0.8552282510893587 1.9999999999999993 3.88681773787576
4.917329645779018 0.6351090304975736 0.060115705811190516 -0.647638232693117 0.1439982679524832 136.83520558057012 -36.14208867280413 9.142232034864975 0.06556132612638281 -0.7504808377963701 0.04689494214020608 1.9046940112202346 0.6225917273375815 0.060365955415860664 -0.6413929119575443 0.1425613680064753 0.861043243908276 0.856579862407189 2.0000000000000013 3.904694011220236
4.9744131713774555 0.6373161770970136 0.059627673884266395 -0.6451716312750106 0.1431209719800915 138.16615794764596 -36.32707971906679 9.154611175336187 0.06496702554214637 -0.745752787250355 0.046400469676421766 1.9225251490176931 0.6249643715391675 0.05986904345373557 -0.6390015835655372 0.1417223541211838 0.8626546564411494 0.8580442496080609 2.0000000000000013 3.9225251490176944
5.032159359259993 0.6395245010514636 0.05914280440074235 -0.6426792011645884 0.14221533725643679 139.4909303006305 -36.50877849732369 9.165951146414292 0.0643768711288428 -0.7410243390885379 0.04591070413458137 1.9403085785325938 0.6273364207715367 0.05937556086730854 -0.6365855659823149 0.1408545942326167 0.8643673516700541 0.8596163523960634 2.000000000000001 3.9403085785325946
5.090575902036683 0.6417338919911418 0.05866105206732311 -0.6401603213872114 0.14128233749156205 140.8092333747975 -36.6871943475283 9.176278867489904 0.06379084919305447 -0.736295738494579 0.045425612429451104 1.9580417776713253 0.6297077996697912 0.05888545622352456 -0.6341441518493457 0.13995903283436678 0.8661765012606961 0.8612912043425597 1.9999999999999991 3.9580417776713244
5.149670581618341 0.6439442338203306 0.05818237270052212 -0.6376144461632864 0.1403229610326654 142.12077730945373 -36.86233604739439 9.185620428950495 0.06320894560870668 -0.7315672444519294 0.04494516141820512 1.97572227591067 0.6320784253339674 0.05839867928924342 -0.631676709684795 0.13903663099607716 0.8680773654917187 0.8630639313872047 1.9999999999999996 3.9757222759106696
5.2094512702532105 0.646155404917131 0.0577067232739449 -0.6350411033217774 0.1393382085030374 143.4252719433006 -37.03421185236742 9.1940011119744 0.0626311458591721 -0.7268391291024772 0.04446931791000754 1.9933476551484595 0.6344482075928387 0.05791518107689279 -0.6291826824443578 0.1380883639820411 0.8700652920294625 0.8649297503775275 2.0000000000000004 3.99334765514846
5.269925931575656 0.6483672783371854 0.057234061960076216 -0.6324398926059835 0.13832909050009123 144.7224271062401 -37.20282953531528 9.201445408578499 0.06205743507707283 -0.722111677103642 0.04399804867528834 2.01091555047704 0.6368170492715114 0.05743491388480564 -0.6266615859676498 0.13711521892431097 0.8721357147371047 0.8668839676504159 2.0000000000000013 4.0109155504770415
5.331102621667034 0.6505797220209127 0.05676434816671552 -0.6298104838811461 0.1372966253574531 146.01195290702645 -37.36819642578673 9.207977041829665 0.06148779808182646 -0.7173851849850983 0.04353132045472272 2.0284236508804017 0.6391848464622631 0.056957831332378174 -0.6241130073194563 0.13611819255554766 0.8742841525201167 0.8689219776583094 2.0000000000000013 4.028423650880403
5.392989490128873 0.6527925990038144 0.056297542568215606 -0.6271526152533557 0.13624183697557773 147.29356001622574 -37.53031944870682 9.213618986140336 0.06092221941498531 -0.7126599605062609 0.043069099967923075 2.045869699855904 0.641551488798081 0.056483888390193165 -0.6215366030350701 0.13509828900636317 0.8765062082092142 0.8710392616418056 2.0000000000000004 4.0458696998559045
5.455594781168519 0.6550057676294366 0.055833607131685996 -0.6244660911091411 0.1351657527248403 148.56695994398328 -37.68920516239375 9.218393487576924 0.06036068337342057 -0.7079363220156359 0.04261135392185069 2.063251495961699 0.6439168597283669 0.05601304140525907 -0.618932097278905 0.13405651767138335 0.8787975674814587 0.8732313863498858 2.0000000000000013 4.0632514959617
5.51892683469738 0.657219081764532 0.05537250513833139 -0.6217507800849359 0.1340694014245608 149.83186531215014 -37.844859795797355 9.222322084118064 0.05980317404040484 -0.703214597813093 0.04215804901895685 2.0805668932910564 0.6462808367962938 0.055545248121527356 -0.616299279925453 0.1329938911478033 0.8811539978195526 0.8754940028081402 2.000000000000001 4.080566893291057
5.5829940874419215 0.6594323910160346 0.05491420120010122 -0.6190066129754651 0.13295381140092796 151.08799012035487 -37.997289284872664 9.225425625806485 0.059249675314649974 -0.6984951255160762 0.04170915196505956 2.09781380187495 0.6486432919173017 0.055080467695848144 -0.6136380045714724 0.13191142324967475 0.88357134750903 0.8778228451349113 2.000000000000001 4.097813801874951
5.647805074067555 0.6616455409494028 0.054458661271832444 -0.6162335805898292 0.13182000862631565 152.3350500056498 -38.146499308014704 9.227724294745572 0.058700170937357826 -0.6937782514307205 0.04126462947696511 2.1149901880143127 0.6510040916582444 0.054618660709541564 -0.6109481864881751 0.13081012710074488 0.886045544672543 0.8802137294048328 2.000000000000002 4.114990188014315
5.713368428315579 0.6638583733079699 0.05400585265907222 -0.6134317315638572 0.13066901494202712 153.57276249539876 -38.292495320492264 9.229237624897054 0.058154644517343604 -0.689064329928807 0.04082444828984086 2.132094074543557 0.6533630975167033 0.054159789175755674 -0.6082298005219058 0.1296910133081583 0.888572596340241 0.8826625525587899 2.000000000000002 4.132094074543559
5.779692884153313 0.6660707262328627 0.05355574402177148 -0.6106011701369726 0.12950184636605488 154.80084725311292 -38.43528258782975 9.229984521642546 0.057613079554293255 -0.6843537228314336 0.04038857516434648 2.1491235410269534 0.6557201662000084 0.05370381654279304 -0.6054828789516016 0.12855508821892117 0.8911485875548739 0.8851652913590051 2.0 4.149123541026953
5.846787276937591 0.6682824344831734 0.05310830537404281 -0.6077420539015713 0.12831951148703027 156.0190263169739 -38.574866218095394 9.229983281076178 0.057075459460217505 -0.6796467988002368 0.03995697689353136 2.1660767238896255 0.6580751499035142 0.053250707693589035 -0.602707509311026 0.12740335226059382 0.8937696805101172 0.8877180013875923 1.9999999999999987 4.166076723889624
5.914660544591749 0.6704933296559509 0.05266350808017966 -0.6048545915325292 0.12712300994511935 157.22702433081645 -38.71125119306251 9.229251609000324 0.05654176757916579 -0.6749439327369544 0.039529620309503855 2.1829518164849615 0.6604278965876996 0.05280042894152713 -0.5999038321835258 0.12623679836725188 0.8964321137203745 0.8903168160869093 1.9999999999999991 4.182951816484961
5.9833217287962865 0.6727032404057047 0.05222132484713398 -0.601939040504174 0.1259133310002516 158.42456876737563 -38.84444239821896 9.22780663960045 0.05601198720526484 -0.6702455051920695 0.03910647228987935 2.1997470691003014 0.662778250253675 0.05235294802277843 -0.5970720389767079 0.12505641049138141 0.8991322012202411 0.8929579458396472 2.0000000000000004 4.199747069100302
6.052779976193349 0.6749119926630344 0.051781729713651956 -0.5989957048016611 0.12469145218769542 159.61139014363746 -38.974444651607755 9.225664953779145 0.0554861015991467 -0.665551901783226 0.038687499764014 2.2164607889028485 0.6651260512166974 0.05190823408535526 -0.5942123696841239 0.1238631622020103 0.9018663317916688 0.8956376770864554 2.0000000000000018 4.21646078890285
6.123044539605186 0.6771194098521104 0.0513446980362658 -0.5960249326333819 0.12345833806066892 160.78722222815668 -39.10126273148782 9.222842597132546 0.05496409400283227 -0.6608635126240704 0.03827266971902903 2.2330913398277796 0.667471136377311 0.05146625767506628 -0.5913251106407403 0.12265801536900893 0.9046309682168563 0.8983523714789697 2.0000000000000018 4.233091339827781
6.194124779266756 0.6793253131066257 0.05091020647234068 -0.5930271141506035 0.12221493901934218 161.9518022402344 -39.22490140280906 9.219355097555319 0.05444594765313516 -0.6561807317641121 0.03786194920563263 2.2496371424106103 0.6698133394897493 0.05102699071856384 -0.5884105922785876 0.12144191893318178 0.9074226465547921 0.9010984650658981 2.0000000000000004 4.24963714241061
6.266030164072655 0.6815295214839555 0.05047823296037383 -0.5900026791802229 0.1209621902253088 163.10487104087417 -39.34536544250303 9.21521748246361 0.05393164579365317 -0.651503956640159 0.037455305343744305 2.2660966735658463 0.6721524914272523 0.05059040650367031 -0.5854691868886708 0.12021580776147116 0.9102379754394389 0.9038724675097954 2.0000000000000013 4.266096673565848
6.338770272838487 0.683731852177218 0.050048756697741004 -0.5869520949761036 0.11970101060032676 164.24617331545983 -39.462659663592824 9.210444295626997 0.053421171685411946 -0.6468335875398412 0.0370527053279278 2.2824684663140804 0.6744884204439693 0.050156479657171946 -0.5825013063948352 0.11898060158629134 0.9130736353974866 0.9066709613322774 2.0000000000000018 4.282468466314082
6.412354795576919 0.6859321207249572 0.04962175811608394 -0.583875863994102 0.11843230190788344 165.37545774812682 -39.57678893813353 9.205049613603833 0.05291450861622699 -0.6421700270776711 0.036654116432637496 2.2987511094596016 0.676820952433138 0.04972518612026287 -0.5795074001449046 0.11773720402778616 0.9159263781836875 0.9094906011850571 1.9999999999999996 4.298751109459602
6.486793534788511 0.6881301412181926 0.04919721885452857 -0.5807745216955152 0.11715694791591807 166.49247718780703 -39.687758218993295 9.199047061774982 0.0524116399088493 -0.6375136796840751 0.03625950601728389 2.314943247220704 0.6791499111812445 0.04929650312182518 -0.5764879527241281 0.11648650169752775 0.9187930261317923 0.9123281131448395 1.9999999999999991 4.314943247220703
6.56209640676756 0.6903257265045696 0.04877512173092102 -0.577648634383299 0.11587581363882993 167.5969888059648 -39.79557256049379 9.192449829974011 0.0519125489279586 -0.6328649511077561 0.03586884153112248 2.331043578814834 0.6814751186178941 0.04887040914972126 -0.5734434817955074 0.11522936338198973 0.9216704715191741 0.9151802940294985 2.0000000000000004 4.3310435788148345
6.638273442923081 0.6925186883894041 0.048355450711264604 -0.5744987970750612 0.11458974465672446 168.68875424604886 -39.9002371379276 9.185270687712505 0.05141721908606885 -0.6282242479317283 0.03548209051797171 2.3470508580007334 0.6837963950611343 0.048446883920278135 -0.5703745359713036 0.11396663930392273 0.9245556759433299 0.9180440107334724 2.0000000000000004 4.347050858000734
6.7153347911151435 0.6947088378333584 0.04793819087753646 -0.5713256314164397 0.11329956650968774 169.76753976471025 -40.00175726597523 9.17752199900112 0.05092563384840811 -0.6235919771033058 0.035099220620763774 2.3629638925797387 0.6861135594579899 0.04802590834613376 -0.5672816927196076 0.11269916045958449 0.9274456697084461 0.9209161995801263 2.0000000000000018 4.3629638925797405
6.793290717006699 0.6968959851465748 0.04752332839405805 -0.5681297836381627 0.11200608416474549 170.8331163648415 -40.10013841604341 9.16921573676764 0.050437776736835825 -0.6189685454782996 0.03472019958593399 2.378781543858399 0.688426429619994 0.04760746450261633 -0.5641655563095757 0.11142773802963389 0.9303375512203942 0.9237938656891302 2.0000000000000004 4.378781543858399
6.87215160543112 0.6990799401790572 0.04711085047258872 -0.5649119225597208 0.11071008155304195 171.88525992053258 -40.19538623255373 9.160363496875311 0.04995363133285737 -0.6143543593796303 0.0343449952676514 2.394502726074534 0.6907348224535088 0.047191535592818995 -0.5610267557985285 0.11015316286136233 0.9332284863885543 0.9266740823567332 1.9999999999999991 4.394502726074533
6.951927961775605 0.7012605125071318 0.04670074533630648 -0.5616727376422579 0.10941232117467885 172.92375129401825 -40.2875065482048 9.150976511744403 0.04947318127979661 -0.6097498241705274 0.03397357563189668 2.410126405788875 0.6930385541846522 0.04677810591153013 -0.5578659430638394 0.1088762050198226 0.9361157080329708 0.9295539904471588 1.9999999999999991 4.4101264057888745
7.032630413380645 0.7034375116158005 0.04629300218283434 -0.5584129370929635 0.10811354376856842 173.94837644473674 -40.376505398238976 9.141065663581925 0.048996410284184166 -0.6051553438424496 0.0336059087603901 2.425651601244374 0.6953374405786619 0.04636716080817429 -0.5546837908821866 0.10759761340532535 0.9389965152954509 0.9324307977932988 1.9999999999999987 4.425651601244373
7.1142697109557345 0.7056107470768452 0.04588761114646489 -0.5551332460229469 0.10681446804459528 174.95892653061637 -40.46238903374203 9.130641497224312 0.048523302116418705 -0.6005713206178281 0.03324196285437416 2.441077381695267 0.6976312971535454 0.04595868664891197 -0.55148099105843 0.10631811543469213 0.9418682730533122 0.9353017786049791 1.9999999999999996 4.4410773816952664
7.196856730011519 0.7077800287225654 0.04548456325973014 -0.5518344046602852 0.10551579047533595 175.95519800171581 -40.54516393400585 9.119714232598914 0.04805384061075699 -0.5959981545676948 0.032881706238254746 2.4564028667079376 0.6999199393878818 0.04555267077804226 -0.5482582526061115 0.10503841678359863 0.9447284113345904 0.9381642728832762 1.9999999999999991 4.456402866707937
7.28040247230857 0.7099451668149799 0.04508385041445679 -0.5485171666196351 0.10421818514454433 176.93699268636325 -40.62483681798499 9.108293776810486 0.0475880096646861 -0.5914362432442297 0.032525107363104024 2.471627225435583 0.7022031829226547 0.04514910147884717 -0.5450162999812599 0.10375920118729028 0.9475744247336157 0.9410156858394332 2.000000000000001 4.471627225435584
7.364918067322967 0.7121059722104128 0.04468546532244211 -0.5451822972295516 0.10292230364960288 177.90411786994306 -40.70141465487893 9.096389735859432 0.04712579323773088 -0.5868859813282308 0.032172134810029195 2.4867496758686793 0.7044808437570168 0.04474796793400914 -0.54175587137092 0.10248113029693384 0.9504038718259609 0.9438534873169349 2.000000000000001 4.486749675868681
7.450414773728913 0.7142622565193467 0.0442894014758779 -0.5418305719183939 0.10162877505512966 178.8563863664824 -40.77490467386947 9.084011425998433 0.04666717534974671 -0.5823477602914747 0.031822757293410886 2.5017694840631544 0.7067527384378941 0.044349260185728746 -0.5384777170375699 0.10120484358884028 0.9532143745818574 0.9466752112155551 2.0000000000000018 4.501769484063156
7.53690398089854 0.7164138322614758 0.043895653107644664 -0.5384627746594696 0.10033820589493708 179.79361658321477 -40.84531437304822 9.07116788473544 0.04621214007874709 -0.5778219680739186 0.03147694366401308 2.5166859633481877 0.7090186842433612 0.04395296909566294 -0.535182597720343 0.09993095832379838 0.9560036177773283 0.9494784549162125 2.0000000000000018 4.5166859633481895
7.624397210419138 0.7185605130158375 0.04350421515159113 -0.535079696475818 0.09905118021956032 180.71563257827214 -40.91265152756097 9.057867881489654 0.04576067155831257 -0.5733089887756535 0.03113466291197014 2.5314984735154633 0.7112784993597265 0.043559086304798156 -0.5318712830937429 0.09866006955376469 0.9587693484022568 0.9522608787056063 1.9999999999999991 4.531498473515462
7.712906117627995 0.7207021135660274 0.04311508320290809 -0.5316821340048686 0.09776825968660102 181.62226411170494 -40.97692419700501 9.044119927909021 0.0453127539746272 -0.5688092023635101 0.030795884169651924 2.5462064199917007 0.7135320030522829 0.04316760419336693 -0.5285445502842997 0.09739275017317517 0.961509375064858 0.9550202051996344 1.9999999999999982 4.546206419991699
7.8024424931650485 0.7228384500403732 0.04272825347869905 -0.5282708881229594 0.09648998369116606 182.51334668998905 -41.0381407321062 9.029932287856415 0.04486837156318514 -0.5643229843921778 0.030460576714411748 2.5608092529961772 0.7157790158296955 0.04277851584091051 -0.5252031824454542 0.09612955101217106 0.9642215673919645 0.9577542187648562 2.0000000000000027 4.56080925299618
7.893018264543573 0.72496934004707 0.0423437227788437 -0.524846762629565 0.09521686953373322 183.38872160422443 -41.096309780710115 9.015312987072997 0.04442750860521004 -0.5598507057396949 0.0301287099712191 2.5753064666849967 0.7180193596020051 0.04239181498658313 -0.5218479673907209 0.0948710009690749 0.9669038554247124 0.9604607649371512 2.000000000000001 4.575306466684998
7.984645497739087 0.7270946028042408 0.041961488447243976 -0.5214105629908911 0.09394941262282493 184.24823596219898 -41.15144029311422 9.000269822526048 0.04399014942382629 -0.5553927323571235 0.02980025351518066 2.589697598283678 0.7202528578322431 0.0420074959897891 -0.518479696285005 0.0936176071794849 0.969554229009256 0.9631377498369584 1.9999999999999996 4.589697598283678
8.077336398796712 0.7292140592648894 0.04158154833353632 -0.5179630951423446 0.09268808670993295 185.09174271451738 -41.203541526773165 8.984810371449923 0.04355627838002045 -0.5509494250322318 0.0294751770739522 2.6039822272097433 0.7224793356816638 0.041625553791236426 -0.5150991623938472 0.09236985521943172 0.9721707371822305 0.9657831395805866 1.9999999999999987 4.603982227209742
8.171103315457199 0.731327532236723 0.041203900755347515 -0.5145051643492312 0.0914333441542013 185.9191006749819 -41.25262305040486 8.968942000087576 0.04312587986842889 -0.5465211391669609 0.02915345053004419 2.618159974186759 0.7246986201486114 0.04124598387448509 -0.5117071598901145 0.09112820934007602 0.9747514875506971 0.968394959687009 2.0000000000000018 4.618159974186761
8.26595873880181 0.7334348464968953 0.04082854446116534 -0.5110375741249472 0.09018561621445036 186.7301745354226 -41.298694747526014 8.95267187214086 0.042698938312985824 -0.5421082245684596 0.028835043923023725 2.632230500351385 0.7269105402010503 0.04086878222806411 -0.5083044827176113 0.08989311273150803 0.9772946456664996 0.9709712944798805 1.9999999999999991 4.632230500351384
8.361915304916318 0.735535828901606 0.04045547859388973 -0.5075611252057509 0.08894531336619158 187.52483487517327 -41.341766819445915 8.936006956937423 0.0422754381624643 -0.5377110252534415 0.02851992745161567 2.6461935063548 0.7291149269027947 0.04049394530822242 -0.5048919235108833 0.08866498781327682 0.9797984343948613 0.9735102864842581 2.0 4.6461935063548
8.458985796574302 0.7376303084906337 0.04008470265512391 -0.5040766145811535 0.08771282564137152 188.3029581653766 -41.38184978774287 8.91895403732175 0.0418553638859401 -0.5333298792656103 0.02820807147570514 2.6600487314599217 0.7313116135334892 0.04012147000237624 -0.5014702725704338 0.08744423654933714 0.9822611332772311 0.9760101358180243 2.000000000000001 4.660048731459923
8.557183144940007 0.7397181165867833 0.039716216470259975 -0.5005848345788325 0.08648852298865516 189.06442676833353 -41.41895449625357 8.901519717278617 0.041438699968208245 -0.5289651185058902 0.027899446518243862 2.6737959526357025 0.7335004357023945 0.03975135359330861 -0.4980403168924116 0.08623124078520518 0.9846810778883793 0.9784690995775832 2.000000000000002 4.673795952635705
8.656520431290943 0.7417990868903145 0.03935002015440727 -0.4970865720029235 0.08527275565215027 189.80912893206556 -41.45309211259617 8.883710429295798 0.04102543090517798 -0.5246170685751813 0.02759402326706348 2.6874349836497737 0.7356812314560452 0.039383593724171835 -0.4946028392517847 0.08502636260516776 0.9870566591878429 0.9808854912178973 2.000000000000001 4.687434983649775
8.757010888760508 0.7438730555683669 0.038986114079207344 -0.4935826073244371 0.08406585456655565 190.5369587803019 -41.48427412925569 8.865532441474143 0.040615541199272374 -0.5202860486293501 0.02729177257659697 2.7009656741606283 0.7378538413798522 0.03901818836433787 -0.4911586173378794 0.08382994470748847 0.989386322865784 0.9832576799266597 1.9999999999999996 4.700965674160628
8.858667904100825 0.7459398613394363 0.0386244988405737 -0.49007371392251264 0.08286813176680294 191.24781629807265 -41.51251236425294 8.846991864391883 0.04020901535485504 -0.515972371246168 0.02699266546951182 2.714387908810513 0.740018108693733 0.038655135776138355 -0.4877084229411492 0.08264231079563468 0.9916685686834549 0.9855840899926913 1.9999999999999987 4.714387908810512
8.961505019466045 0.7479993455529561 0.03826517522739001 -0.4865606573751587 0.08167988081035168 191.94160731309415 -41.537818961421046 8.828094657730698 0.039805837873706805 -0.5116763423038839 0.026696673138255893 2.7277016063200743 0.7421738793418564 0.03829443448252903 -0.48425302118992514 0.08146376598362752 0.9939019498084523 0.9878632001685804 2.0000000000000004 4.727701606320075
9.065535934216356 0.7500513522640505 0.03790814419119559 -0.4830441947980775 0.08050137721038199 192.6182434731422 -41.56020639031191 8.808846636670424 0.03940599325057134 -0.5073982608711304 0.026403766946519212 2.7409067185858365 0.7443210020765966 0.03793608323571043 -0.4807931698358655 0.08029459721371578 0.99608507214497 0.9900935430275836 1.9999999999999996 4.740906718585836
9.17077450674293 0.7520957283035019 0.037553406816882656 -0.4795250742301419 0.07933287887821681 193.2776422195831 -41.57968744575244 8.78925347805915 0.03900946596878932 -0.5031384191078426 0.026113918430613284 2.7540032297814685 0.7464593285367972 0.03758008098673135 -0.47732961858677725 0.07913507368464437 0.9982165936593216 0.9922737043150209 2.000000000000001 4.754003229781469
9.277234756314062 0.7541323233430428 0.03720096429442529 -0.4760040340640675 0.07817462657339547 193.9197267572581 -41.596275247073514 8.769320726365946 0.03861624049603721 -0.49889710217687533 0.025827099300769835 2.766991155463771 0.7485887133204525 0.037226426856098234 -0.4738631084854402 0.07798544728888933 1.0002952237010063 0.9944023222942614 1.9999999999999978 4.766991155463769
9.384930864942726 0.7561609899559989 0.03685081789165642 -0.47248180252078337 0.07702684435990106 194.54442602087965 -41.60998323702793 8.749053799422056 0.03822630128018668 -0.4946745881659898 0.025543281442361697 2.779870541684248 0.7507090140519147 0.03687512010540749 -0.4703943713330241 0.07684595305730303 1.002319722319606 0.9964780870874915 2.0000000000000013 4.779870541684249
9.493877179275827 0.7581815836734013 0.036502968928105 -0.46895909716601103 0.07588974006713335 195.15167463813026 -41.62082518041924 8.728457993957688 0.0378396327452985 -0.4904711480198924 0.02526243691704726 2.7926414641071142 0.7528200914437457 0.03652616011001779 -0.46692412915569026 0.0757168096097106 1.0042888995778578 0.9984997400115522 1.9999999999999982 4.7926414641071124
9.60408821250538 0.7601939630356489 0.03615741874990177 -0.46543662446754186 0.07476350575430075 195.74141288962244 -41.62881516245707 8.707538490940108 0.03745621928776343 -0.4862870454819924 0.0249845379638404 2.8053040271344654 0.7549218093533298 0.036179546332771456 -0.46345309371291543 0.07459821961006478 1.0062016148612287 1.0004660729090809 2.0000000000000004 4.805304027134466
9.71557864630186 0.7621979896397725 0.03581416870575903 -0.4619150793916861 0.07364831817698396 196.31358666588812 -41.63396758685748 8.686300360719505 0.037076045272601346 -0.48212253704555447 0.024709557000108188 2.8178583630393774 0.7570140348343739 0.035835278298772706 -0.45998196604610236 0.07349037022486915 1.0080567761843158 1.0023759274751867 1.9999999999999982 4.817858363039376
9.828363332770026 0.7641935281824574 0.03547322012402615 -0.4583951450374053 0.07254433925470845 196.86814742156503 -41.636297173704094 8.66474856798825 0.03669909502992876 -0.4779778719139172 0.02443746662249811 2.8303046311075852 0.7590966381834181 0.03549335557122826 -0.45651143606599076 0.07239343358364062 1.0098533394944968 1.0042281945799791 1.9999999999999987 4.830304631107584
9.942457296427415 0.7661804464988484 0.03513457429081964 -0.45487749230659574 0.07145171653843461 197.40505212692483 -41.635818957085064 8.642887976559528 0.03632535285160307 -0.473853291969451 0.024168239607796092 2.8426430167883603 0.7611694929814902 0.03515377772835038 -0.45304218217745107 0.07130756724026897 1.0115903079731232 1.0060218135874135 1.9999999999999996 4.84264301678836
10.057875736205835 0.7681586155972989 0.03479823242922396 -0.4513627796090519 0.07037058367695588 197.92426321691 -41.63254828252146 8.620723353970718 0.03595480298805133 -0.46974903175092847 0.023901848913718035 2.8548737308551977 0.7632324761310311 0.03481654434132062 -0.4495748709401462 0.07023291463420937 1.013266731334695 1.0077557716704983 2.000000000000002 4.8548737308552
10.174634027476063 0.7701279096901041 0.03446419567955637 -0.4478516526006086 0.069301060881262 198.42574853781701 -41.62650080420036 8.598259375917143 0.0355874296452898 -0.465665318438985 0.023638267679635797 2.866997008576827 0.7652854678882282 0.03448165495331097 -0.4461101567636667 0.06916960555051213 1.014881705124341 1.009429103123502 2.0000000000000036 4.86699700857683
10.292747724096083 0.7720882062203895 0.03413246508068665 -0.4443447439530211 0.06824325538600108 198.90948129178315 -41.61769248202701 8.57550063052144 0.03522321698213943 -0.46160237184934727 0.02337746922723972 2.879013108899049 0.76732835189089 0.03414910905955469 -0.44264868163566257 0.06811775657777037 1.0164343700140437 1.0110408886713034 2.0000000000000013 4.87901310889905
10.412232560483055 0.7740393858851846 0.03380304155240061 -0.4408426731541198 0.06719726190723666 199.37543997919713 -41.60613957850631 8.552451622443357 0.03486214910764181 -0.45756040443351004 0.023119427061139383 2.8909223136378412 0.7693610151819995 0.03381890608845715 -0.43919107488157105 0.06707747156312875 1.0179239110979172 1.0125902547763723 2.000000000000002 4.8909223136378435
10.53310445370937 0.7759813326548516 0.03347592587879368 -0.437346046336842 0.06616316309576607 199.82360833919228 -41.59185865546864 8.529116776835464 0.03450421007867861 -0.4535396212865496 0.02286411486940389 2.9027249266841766 0.7713833482290825 0.033491045383736893 -0.4357379529545339 0.06604884206357421 1.0193495571869808 1.0140763729437026 1.9999999999999982 4.902724926684175
10.655379505623053 0.7779139337889422 0.033151118692679414 -0.4338554561357392 0.0651410299853254 200.25397528833557 -41.57486657064874 8.505500443149124 0.03414938389779695 -0.4495402201617564 0.02261150652404381 2.914421273220886 0.7733952449395305 0.03316552618758167 -0.4322899192541085 0.06503194779278341 1.0207105801037717 1.0154984590239873 1.9999999999999991 4.914421273220885
10.779074004992731 0.779837079848591 0.032828620460995814 -0.4303714815695987 0.0641309224350696 200.6665348576438 -41.55518047412877 8.481606898795505 0.033797654511242184 -0.4455623914917897 0.02236157608143575 2.9260116989519447 0.7753966026720152 0.03284234762480551 -0.4288475639724471 0.06402685706286555 1.0220062939771397 1.0168557725156326 1.9999999999999996 4.926011698951944
10.904204429677527 0.7817506647055703 0.03250843147119093 -0.4268946879488558 0.06313288956577198 201.0612861280522 -41.53281780465632 8.45744035266629 0.033449005807198985 -0.44160631841604425 0.022114297782691753 2.937496569344448 0.7773873222441323 0.03252150868798973 -0.42541146396658064 0.06303362722040634 1.023236054537641 1.0181476158657081 2.0000000000000013 4.937496569344449
11.030787448822151 0.7836545855481133 0.03219055181856727 -0.423425626806494 0.06214697018924203 201.43823316444966 -41.50779628584594 8.433004948518239 0.033103421614240264 -0.4376721768139341 0.02186964605397442 2.948876268883584 0.7793673079364153 0.03220300822358902 -0.42198218265551807 0.06205230507626289 1.0243992584138564 1.0193733337703588 2.0 4.948876268883584
11.15883992507748 0.785548742883601 0.03187498139456424 -0.41996483585116445 0.06117319323051425 201.79738494839003 -41.48013392227291 8.408304768226 0.032760885699983436 -0.4337601353438027 0.021627595506759495 2.9601512003407735 0.7813364674928536 0.03188684491898347 -0.4185602699408999 0.061082927328622486 1.025495342429963 1.0205323124750545 2.000000000000004 4.9601512003407775
11.28837891684689 0.7874330405382307 0.03156171987595576 -0.41651283894129987 0.06021157814240823 202.13875530959723 -41.44984899546821 8.383343834907143 0.03242138176995244 -0.4298703554871775 0.021388120938047553 2.971321784055291 0.7832947121180541 0.03157301729045501 -0.41514626214994704 0.06012552097888673 1.0265237829049263 1.0216239790749269 2.0000000000000004 4.9713217840552915
11.41942168055866 0.7893073856537904 0.031250766714939905 -0.4130701460790284 0.05926213531210982 202.46236285635283 -41.416960059820795 8.358126115923314 0.03208489346664379 -0.4260029915980792 0.021151197330525996 2.982388457229394 0.7852419564711802 0.03126152367206728 -0.41174068199950437 0.059180103739988034 1.0274840949536221 1.0226478008156576 2.000000000000001 4.982388457229395
11.551985672964793 0.7911716886816315 0.030942121130095875 -0.40963725342272955 0.05832486645946382 202.76823090488523 -41.38148593839717 8.332655525761746 0.03175140436879336 -0.42215819095712326 0.0209167998526824 2.9933516732372474 0.7871781186568052 0.030952362205424293 -0.4083440385800136 0.05824668443679831 1.0283758317902294 1.0236032843952039 2.0000000000000004 4.993351673237248
11.68608855346651 0.7930258633739435 0.030635782098183885 -0.4062146433171022 0.057399765026715094 203.05638740783576 -41.34344571868117 8.306935928800115 0.03142089799084141 -0.41833609383013687 0.020684903858871603 3.00421190094767 0.7891031202128105 0.03064553083028632 -0.4049568273582587 0.05732526339832673 1.0291985840341389 1.024489975266718 2.0000000000000027 5.004211900947673
11.821748186466717 0.7948698267724624 0.030331748346761774 -0.4028027843396758 0.05648681655947059 203.32686488190424 -41.30285874824352 8.280971141959064 0.031093357782592083 -0.41453683353103554 0.020455484889336725 3.0149696240608215 0.7910168860954623 0.03034102727601598 -0.401579530197793 0.056415832841448674 1.0299519790187448 1.0253074569429614 2.000000000000001 5.014969624060822
11.958982643749794 0.7967034991947048 0.03003001834759259 -0.3994021313627095 0.055585999078694395 203.5797003347609 -41.259744630345295 8.254764937245362 0.030768767129063044 -0.4107605364887043 0.020228518670186053 3.025625340458906 0.7929193446617963 0.030038849053832112 -0.39821261539597097 0.05551837724594416 1.030635680103362 1.0260553503026084 2.0000000000000044 5.025625340458911
12.097810206889013 0.7985268042178273 0.02973059031081665 -0.39601312562946567 0.05469728344358204 203.81493519130086 -41.21412321948071 8.228321044189288 0.030447109350521105 -0.4070073223176349 0.020003981113327133 3.0361795615709397 0.7948104276494371 0.029738993449843758 -0.3948565377365601 0.054632873720665096 1.0312493859885108 1.0267333128986662 1.9999999999999991 5.036179561570939
12.238249369681924 0.800339668660237 0.029433462179860977 -0.39263619484389817 0.053820633705191474 204.03261521933007 -41.16601461686538 8.201643152179397 0.030128367702699107 -0.4032773038920761 0.01978184831635899 3.0466328117515804 0.7966900701539803 0.02944145751883974 -0.3915117385569116 0.053759292360678466 1.0317928300348946 1.0273410382692967 2.0 5.04663281175158
12.380318840613974 0.8021420225610428 0.029138631627059593 -0.38927175327281105 0.052956007450741784 204.23279045474106 -41.11543916587242 8.174734912697845 0.029812525377188596 -0.39957058742346657 0.019562096562423848 3.0569856276740333 0.7985582106040604 0.029146238078806987 -0.3881786458287713 0.05289759659526912 1.0322657795862433 1.0278782552515027 2.000000000000002 5.0569856276740355
12.524037545350732 0.8039337991574492 0.028846096049957342 -0.38592020185959425 0.05210335613851541 204.41551512627177 -41.06241744742343 8.147599941459267 0.029499565502003403 -0.39588727254092315 0.01934470232001987 3.0672385577370433 0.8004147907342242 0.02885333170615139 -0.38485767425175593 0.052047743526716324 1.0326680352962967 1.0283447272976796 2.0000000000000053 5.067238557737049
12.669424629259064 0.8057149348601972 0.028555852568270094 -0.38258192834867233 0.05126262542332829 204.5808475798966 -41.00697027533605 8.120241820456158 0.0291894711423081 -0.3922274523745609 0.01912964224277555 3.0773921614858954 0.8022597555557316 0.028562734731594895 -0.3815492253586383 0.051209684259780765 1.0329994304601209 1.0287402517955493 2.0000000000000027 5.077392161485898
12.816499459957583 0.8074853692271612 0.028267898021474478 -0.3792573074198444 0.050433755472556324 204.72885020292375 -40.94911869163285 8.092664099913671 0.028882225301305728 -0.38859121364143134 0.018916893169187324 3.08744700904737 0.8040930533253999 0.028274443236722537 -0.3782536876315696 0.05038336422187229 1.0332598303499798 1.0290646593915658 1.9999999999999991 5.087447009047369
12.965281629896682 0.8092450449351829 0.027982228966999995 -0.3759467008317228 0.04961668127272823 204.85958934785754 -40.88888396181478 8.064870300156445 0.028577810921278656 -0.3849786367338804 0.018706432122321443 3.0974036805786493 0.8059146355126032 0.02798845305115201 -0.37497143662842686 0.04956872347388468 1.0334491315559449 1.029317813318126 1.9999999999999996 5.097403680578649
13.115790958968502 0.8109939077502409 0.027698841678997218 -0.3726504575735126 0.048811332926717216 204.97313525607768 -40.826287570101364 8.0368639133902 0.028276210884776783 -0.3813897958101152 0.018498236309481303 3.107262765729991 0.8077244567645419 0.027704759750300886 -0.37170283511849284 0.04876569701171323 1.0335672613314053 1.0294996087247557 2.0 5.107262765729991
13.268047497147244 0.8127319064960704 0.02741773214765493 -0.3693689140244189 0.048017635941580795 205.0695619814018 -40.76135121464196 8.008648405400686 0.027977408015946195 -0.3778247588867967 0.018292283121841113 3.117024863121167 0.8095224748698883 0.027423358653724163 -0.36844823322671744 0.04797421505848496 1.033614176943696 1.0296099720135263 1.9999999999999973 5.117024863121165
13.422071527160119 0.8144589930212898 0.027138896079040613 -0.36610239411998036 0.04723551150711787 205.14894731356912 -40.69409680269918 7.980227217172475 0.02768138508199245 -0.3742835879334642 0.018088550134047032 3.126690579831463 0.8113086507209168 0.02714424482399716 -0.3652079685858424 0.04719420334755435 1.033589865029921 1.0296488601789082 1.9999999999999996 5.126690579831463
13.577883567189284 0.8161751221651568 0.026862328895438145 -0.36285120952468775 0.04646487676522651 205.21137270170493 -40.62454644580783 7.9516037664298915 0.027388124794771818 -0.370766338968623 0.017887015103787287 3.136260530903237 0.8130829482742189 0.026867413066117177 -0.36198236649570126 0.046425583396334374 1.0334943409581934 1.0296162601521934 2.000000000000001 5.136260530903238
13.735504373605137 0.8178802517220253 0.026588025736157504 -0.35961565981025384 0.045705645070161206 205.25692317779834 -40.552722454910466 7.922781449102612 0.027097609812504208 -0.3672730621573089 0.01768765597133148 3.1457353388587324 0.8148453345101069 0.02659285792739979 -0.35877174008903623 0.04566827277104399 1.0333276481943738 1.0295121881507654 2.000000000000003 5.145735338858736
13.894954943731374 0.819574342404593 0.026315981458791098 -0.35639603263894554 0.044957726239800655 205.28568728025385 -40.47864733547304 7.893763640718062 0.026809822741600875 -0.36380380190997996 0.01749045085904084 3.155115633230191 0.8165957793907997 0.026320573697843956 -0.3555763905032147 0.04492218534247444 1.0330898576744463 1.029336689032309 2.0000000000000018 5.155115633230193
14.05625651864215 0.8212573578060156 0.026046190640892728 -0.3531926039514094 0.0442210267980499 205.29775697753928 -40.40234378258076 7.864553697722784 0.026524746138600928 -0.36035859698256134 0.01729537807084994 3.164402050102968 0.8183342558174905 0.02605055441094205 -0.35239660705723885 0.04418723153288227 1.0327810671826219 1.0290898356541525 1.9999999999999956 5.1644020501029635
14.219430585991669 0.8229292643609805 0.025778647582054722 -0.3500056381584646 0.04349545020851047 205.29322759197794 -40.323834676016745 7.835154958735006 0.026242362512209825 -0.35693748057749913 0.01710241609172119 3.1735952316715337 0.8200607395863831 0.02578279384491047 -0.3492326674334898 0.04346331855413524 1.0324014007352968 1.0287717282378348 2.0000000000000044 5.173595231671538
14.38449888287663 0.8245900313058233 0.025513346306360016 -0.3468353883363537 0.04278089709956222 205.272197723713 -40.243143075324184 7.805570745730341 0.025962654325433505 -0.3535404804456777 0.016911543587072815 3.1826958258082345 0.8217752093437898 0.025517285524317725 -0.3460848378636844 0.04275035063724186 1.031951007970946 1.0283824937392 2.000000000000002 5.182695825808237
14.551483398731937 0.8262396306377324 0.025250280565186203 -0.34368209642496544 0.042077265481007625 205.23476917489268 -40.16029221485514 7.775804365162792 0.025685603997801783 -0.3501676189890528 0.01672273940218119 3.191704485644552 0.8234776465403727 0.02525402272208649 -0.3429533733184967 0.042048229253408474 1.0314300635459943 1.0279222852238754 2.0 5.191704485644552
14.720406378260014 0.8278780370731623 0.02498944384033916 -0.34054599342858827 0.04138445095243831 205.18104687408493 -40.075305498804525 7.745859109022794 0.02541119390767475 -0.3468189133638722 0.016535982561558756 3.2006218691647508 0.8251680353846169 0.024992998461847826 -0.3398385177004038 0.04135685332677476 1.0308387665367957 1.0273912812485022 2.0000000000000044 5.200621869164755
14.891290324394095 0.8295052280054929 0.024730829347494564 -0.3374272996187601 0.04070234690348828 205.11113880096156 -39.98820649623171 7.71573825583422 0.025139406394625696 -0.3434943755843538 0.016351252268308275 3.2094486388116743 0.826846362795611 0.02473420552062481 -0.3367405040392754 0.04067611943898478 1.030177339847738 1.026789685247673 2.000000000000005 5.209448638811679
15.064158001295928 0.8311211834620147 0.024474430039926286 -0.3343262247388113 0.04003084470614505 205.02515591128832 -39.8990189360719 7.685445071592355 0.02487022376189485 -0.34019401262669996 0.016168527903453966 3.218185461104536 0.8285126183552136 0.02447763643182548 -0.3336595546902801 0.04000592202575738 1.0294460296255221 1.0261177249267484 2.0000000000000013 5.218185461104537
15.239032437388289 0.8327258860603153 0.024220238612500878 -0.3312429682097261 0.039369833899292994 204.92321206222564 -39.80776670213588 7.654982810644358 0.024603628278907413 -0.3369178265333279 0.015987789025250998 3.2268330062684623 0.8301667942596831 0.024223283488522897 -0.330595881533703 0.03934615356562694 1.0286451046796985 1.0253756516605492 1.9999999999999982 5.2268330062684605
15.415936928422719 0.8343193209641255 0.02396824750591864 -0.32817771933696044 0.03871920236566848 204.80542393797978 -39.71447382810077 7.624354716514122 0.024339602183850274 -0.33366581451720867 0.015809015368473515 3.235391947875623 0.8318088852708381 0.02397113874700365 -0.32754968617629326 0.03869670476102564 1.0277748559094493 1.024563739898135 2.0000000000000013 5.235391947875624
15.594895040582823 0.8359014758386888 0.023718448911181696 -0.3251306575178868 0.038078836501408156 204.6719109758138 -39.619164492491045 7.593564022672978 0.02407812768630151 -0.33043796906620687 0.015632186843682668 3.2438629624977313 0.8334388886668215 0.023721194030564354 -0.3245211601537749 0.03805746471188672 1.0268355957366864 1.0236822865736175 2.0000000000000018 5.243862962497733
15.775930613623613 0.8374723408057178 0.023470834774270952 -0.3221019524495475 0.03744862137837522 204.5227952924514 -39.521863013652535 7.562613953258229 0.023819186969907095 -0.3272342780473214 0.015457283536474704 3.252246729369673 0.8350568041925314 0.023473440933537735 -0.32151048513418246 0.03742832108194753 1.0258276575454524 1.0227316105231357 2.0000000000000018 5.252246729369675
15.95906776404731 0.8390319083979915 0.02322539680101351 -0.31909176433642433 0.03682844089944905 204.35820161087815 -39.42259384471768 7.531507723740644 0.023562762195099115 -0.3240547248107309 0.015284285706710745 3.260543930064113 0.8366626340097838 0.023227870825529847 -0.3185178331217038 0.03680916025793671 1.0247513951276586 1.0217120519079994 1.9999999999999964 5.2605439300641095
16.14433088831602 0.8405801735136604 0.022982126462123637 -0.3161002440979513 0.03621817794696525 204.1782571875738 -39.32138156856541 7.500248541542924 0.023308835501850225 -0.3208992882935543 0.015113173787728211 3.2687552481768223 0.8382563826472689 0.022984474855850878 -0.31554336666072663 0.0361998675018282 1.023607182135177 1.0206239716440622 1.9999999999999951 5.268755248176817
16.331744666101677 0.8421171333702998 0.022741014998400505 -0.31312753357551093 0.03561771452449464 203.98309174016762 -39.2182508927725 7.468839606610118 0.023057389012459174 -0.31776794312324075 0.014943928385535115 3.276881369022513 0.8398380569503566 0.022743243958122907 -0.31258723903982005 0.035600327096346855 1.0223954115382592 1.0194677508374672 2.000000000000002 5.276881369022515
16.5213340635737 0.843642787458777 0.022502053426066877 -0.3101737657386807 0.035026931892148 203.7728373755571 -39.11322664456118 7.437284111933998 0.022808404834362344 -0.3146606597205074 0.014776530277987957 3.2849229793409798 0.8414076660308104 0.02250416885504751 -0.3096495944953729 0.035010422483914935 1.0211164950903224 1.0182437902265602 1.9999999999999956 5.284922979340975
16.713124336724874 0.8451571374969746 0.022265232542233112 -0.30723906489050035 0.034445710695594454 203.54762851848963 -39.00633376574058 7.405585244032329 0.022561865062966154 -0.31157740440175025 0.014610960413953614 3.2928807670133313 0.8429652212164584 0.02226724006331825 -0.3067305684146546 0.034430036399220716 1.0197708627990527 1.016952509630232 2.0000000000000027 5.292880767013334
16.9071410347358 0.8466601873834204 0.02203054293047215 -0.30432354687156066 0.033873931088980146 203.3076018406214 -38.89759730764362 7.3737461833847435 0.0223177517844959 -0.308518139480855 0.014447199912456181 3.3007554207881067 0.8445107360008778 0.02203244789866276 -0.3038302875380728 0.03385905099559827 1.0183589624038516 1.0155943474026017 2.000000000000005 5.300755420788112
17.103410003378404 0.8481519431508626 0.021797974966491072 -0.30142731926271854 0.03331147285193247 203.05289619005958 -38.78704242605921 7.341770104826357 0.0220760470788563 -0.3054828233703379 0.014285230061809448 3.3085476300169887 0.8460442259931352 0.02179978248099943 -0.3009488701604072 0.033297347965401555 1.0168812588595737 1.014169759894027 1.9999999999999964 5.308547630016985
17.301957388458945 0.8496324129198632 0.02156751882388613 -0.29855048158626846 0.03275821550083458 202.78365252142055 -38.67469437616233 7.3096601779007 0.021836733022499433 -0.3024714106817607 0.01412503231873548 3.316258084400022 0.8475657088676334 0.021569233739695833 -0.29808642633083154 0.03274480865455726 1.015338233826587 1.012679220918513 1.9999999999999996 5.316258084400022
17.502809639301013 0.8511016068523992 0.021339164479968066 -0.2956931255053983 0.03221403839455122 202.50001382637862 -38.560578507438905 7.277419567172888 0.021599791691295684 -0.299483852325351 0.013966588307470124 3.32388747374001 0.8490752043141059 0.021340791418914637 -0.2952430580515413 0.03220131417147688 1.0137303851670731 1.0111232212275332 2.0000000000000027 5.323887473740013
17.70599351226898 0.8525595371055672 0.02111290172164557 -0.2928553350217894 0.031678820834786986 202.20212506474775 -38.44472025860978 7.245051432504667 0.021365205163403737 -0.29652009560877746 0.013809879818855963 3.3314364877059264 0.8505727339878008 0.021114445083034943 -0.2924188594748115 0.03166674549051026 1.0120582264475828 1.0095022679901648 2.0000000000000027 5.331436487705929
17.91153607433231 0.854006217785398 0.020888720151355476 -0.2900371866712212 0.031152442161254592 201.89013309608424 -38.32714515255179 7.212558929292249 0.021132955522135805 -0.29358008433502825 0.013654888809423454 3.3389058156051314 0.8520583214598942 0.02089018412213666 -0.28961391709833945 0.0311409835501173 1.010322286447815 1.0078168842796251 1.9999999999999982 5.33890581560513
18.11946470667124 0.8554416649008167 0.020666609193028287 -0.28723874971705354 0.03063478184182813 201.56418661182806 -38.207878791217794 7.179945208668362 0.020903024858814293 -0.2906637588993434 0.013501597400460688 3.3462961461641663 0.8535319921681681 0.020667997757536926 -0.28682830995872627 0.03062390934593387 1.0085231086755635 1.0060676085661977 1.999999999999996 5.346296146164162
18.329807108324356 0.8568658963178057 0.020446558098078643 -0.28446008634147757 0.030125719557853845 201.22443606797867 -38.0869468505553 7.147213417669586 0.020675395275616276 -0.2877710563851535 0.01334998787707247 3.35360816731789 0.8549937733679911 0.02044787504736676 -0.28406210982296753 0.030115404018905806 1.0066612508878354 1.004254994216471 2.0000000000000013 5.3536081673178915
18.542591299878524 0.858278931713774 0.020228555951410668 -0.2817012518344266 0.029625135284788114 200.87103361832894 -37.96437507542542 7.11436669937006 0.02045004888840245 -0.2849019106589888 0.013200042687229293 3.360842566006852 0.8564436940836312 0.020229804892178273 -0.28131538137783235 0.029615348938660496 1.004737284618057 1.0023796089989225 2.0000000000000027 5.360842566006855
18.757845627201604 0.8596807925321861 0.020012591677429074 -0.2789622947800609 0.029132909368329036 200.50413304824818 -37.84018927452209 7.081408192982912 0.02022696782952756 -0.28205625246431554 0.013051744440806643 3.368000027982543 0.8578817850599348 0.020013776040572438 -0.27858818241702715 0.0291236257822844 1.002751794709385 1.000442034595831 2.0000000000000018 5.368000027982545
18.975598765218503 0.8610715019374731 0.01979865404604666 -0.27624325724073884 0.028648922596204704 200.12388970902313 -37.71441531529165 7.048341033930159 0.02000613425062892 -0.2792340095142665 0.012905075908615355 3.3750812376204435 0.8593080787143983 0.0197997770948378 -0.275880564026043 0.028640116608670083 1.0007053788540454 0.998442866121476 1.9999999999999987 5.375081237620442
19.19587972173111 0.8624510847702467 0.019586731678680146 -0.27354417493840005 0.028173056265778307 199.73046045277152 -37.58707911885553 7.0151683538826015 0.019787530325390372 -0.2764351065832325 0.012760020021423313 3.3820868777406146 0.8607226090896617 0.019587796516591583 -0.27319257076459785 0.028164703928595013 0.9985986471386646 0.996382711646597 2.0000000000000044 5.382086877740619
19.418717841282547 0.8638195675028605 0.01937681305422623 -0.27086507743329946 0.027705192247625885 199.32400356792132 -37.45820665493426 6.981893280770327 0.019571138252278852 -0.2736594655972875 0.012616559868969328 3.3890176294356738 0.8621254118064495 0.01937782263241481 -0.27052424084660104 0.027697270770689467 0.9964322215955891 0.9942621917291228 2.0000000000000084 5.389017629435682
19.644142809066278 0.8651769781953116 0.019168886515010603 -0.26820598830002684 0.027245213045240708 198.90467871525846 -37.32782393677449 6.948518938765077 0.019356940257251064 -0.27090700572341475 0.01247467869896931 3.3958741719058576 0.8635165240169809 0.01916984363947344 -0.2678756063175591 0.027237700743447054 0.9942067357600815 0.9920819389511125 1.999999999999993 5.3958741719058505
19.872184654880556 0.8665233464515482 0.018962940272702778 -0.26556692530077225 0.02679300185101266 198.47264686457314 -37.19595701608216 6.915048448235666 0.019144918596427894 -0.2681776434575191 0.01233435991611555 3.4026571823011147 0.8648959843588719 0.018963847611118387 -0.2652466932293672 0.026785878093431425 0.9919228342334387 0.9898425974618376 2.000000000000002 5.402657182301117
20.102873757128854 0.8678587033761601 0.01875896241419031 -0.26294790055578254 0.026348442598628796 198.02807023186128 -37.062631977957594 6.8814849256770625 0.0189350555587341 -0.26547129271119385 0.012195587081069405 3.4093673355699385 0.8662638329095542 0.01875982250245716 -0.2626375218124404 0.026341687759823984 0.9895811722519027 0.9875448225271158 1.9999999999999982 5.409367335569937
20.336240846866723 0.8691830815315118 0.018556940907406273 -0.2603489207109831 0.02591142001203711 197.5711122171427 -36.927874935839164 6.847831483614367 0.018727333468501417 -0.2627878648972298 0.012058343909447874 3.416005304314817 0.867620111141221 0.018557756155891027 -0.26004810664511036 0.025905015425457464 0.9871824152613966 0.9851892800846607 2.0000000000000053 5.416005304314822
20.572317011895564 0.8704965148953058 0.018356863607104354 -0.2577699871027279 0.025481819651111938 197.10193734284616 -36.791712026451805 6.814091230482677 0.01852173468803299 -0.26012726901384636 0.011922614270804509 3.4225717586540463 0.8689648618763259 0.018357636306611236 -0.2574784568202835 0.025475747564475938 0.9847272384979846 0.982776646305622 1.9999999999999987 5.422571758654045
20.811133700903948 0.8717990388186189 0.01815871826057631 -0.25521109591965974 0.025059527954155714 196.62071119280483 -36.654169404764346 6.780267270483587 0.018318241620127348 -0.25748941172763073 0.01178838218760525 3.4290673660897832 0.8702981292436461 0.018159450588049093 -0.254928576109293 0.025053771486757456 0.9822163265740679 0.9803076071620991 1.9999999999999982 5.4290673660897815
21.05272272765707 0.8730906899844004 0.01796249251330675 -0.2526722383616522 0.024644432277367685 196.1276003518358 -36.515273238954414 6.7463627034194245 0.018116836710560132 -0.25487419745516937 0.0116556318341993 3.4354927913821225 0.8716199586349258 0.017963186537274044 -0.25239846312293945 0.024638975379231633 0.9796503730702005 0.9777828580007352 2.0000000000000027 5.435492791382125
21.29711627523478 0.8743715063664844 0.01776817391456094 -0.2501534007958345 0.024236420931407477 195.62277234593623 -36.37504970538468 6.7123806245061255 0.01791750245052224 -0.25228152844336854 0.011524347535785677 3.4418486964290955 0.8729303966621127 0.017768831600335485 -0.24988811146968867 0.02423124834422245 0.9770300801325884 0.9752031031222871 1.9999999999999987 5.441848696429094
21.544346900318832 0.8756415271890834 0.017575749922901267 -0.24765456490967516 0.023835383215176704 195.10639558307093 -36.23352498358844 6.678324124165497 0.01772022137901271 -0.2497113048484437 0.0113945137673759 3.4481357401522805 0.8742294911152004 0.017576373137543268 -0.24739750991100504 0.023830480434941004 0.9743561580761111 0.972569055367101 2.0000000000000018 5.448135740152282
21.794447537529855 0.876900792886821 0.017385207911628824 -0.24517570786113257 0.02344120944693881 194.57863929457 -36.09072525126755 6.6441962877979375 0.01752497608518527 -0.24716342481358067 0.011266115152752918 3.4543545783879823 0.8755172909206875 0.017385798428683243 -0.2449266425138231 0.023436562688250152 0.9716293249929235 0.969881435706596 2.0000000000000018 5.454354578387984
22.047451503814745 0.8781493450652862 0.017196535174146266 -0.24271680242586569 0.023053790992893324 194.03967347714726 -35.9466766793046 6.610000195536408 0.01733174921064723 -0.24463778454525767 0.011139136463426945 3.460505863783792 0.8767938461006615 0.017197094678163334 -0.24247548880012992 0.02304938715481988 0.9688503063665467 0.9671409728405098 2.000000000000005 5.460505863783797
22.303392502884964 0.8793872264621262 0.017009718929239078 -0.24027781714150986 0.022673020293317185 193.48966883551694 -35.801405426787326 6.5757389219823335 0.01714052345170973 -0.24213427838822457 0.01101356261758839 3.4665902457003104 0.8780592077325173 0.0170102490200874 -0.2400440238936734 0.02266884692678679 0.9660198346914177 0.9643484028001045 2.0000000000000067 5.466590245700317
22.56230462970634 0.8806144809087009 0.016824746326272223 -0.23785871644902895 0.022298790886382848 192.92879672563961 -35.654937636050455 6.5414155359247275 0.016951281561588337 -0.2396527988991379 0.010889378679058325 3.4726083701179062 0.8793134279093193 0.01682524852325314 -0.23763221866378617 0.022294836163030806 0.9631386490978687 0.961504468557095 1.9999999999999947 5.472608370117901
22.824222375040975 0.8818311532922775 0.01664160445029967 -0.23545946083114858 0.021930997429758143 192.35722909858208 -35.507299427733244 6.507033100042782 0.016764006352553266 -0.2371932369188508 0.010766569856236809 3.478560879548369 0.8805565597008091 0.016642080196071253 -0.23524003986633105 0.021927250112174338 0.9602074949824824 0.9586099196383777 1.9999999999999938 5.478560879548363
23.089180630041927 0.8830372895188119 0.016460280327084457 -0.23308000694789124 0.02156953572009061 191.7751384450058 -35.358516895855956 6.472594670593248 0.01657868069802839 -0.23475548164335838 0.010645121501049369 3.4844484129513265 0.8817886571150688 0.016460730991403442 -0.23286745028178188 0.021565985133409935 0.9572271236438155 0.9556655117465087 2.000000000000002 5.484448412951329
23.357214690901213 0.8842329364762886 0.01628076092802718 -0.23072030776922417 0.02121430271047502 191.18269774027036 -35.20861610291449 6.438103297083047 0.016395287534638415 -0.2323394206933971 0.010525019107892023 3.490271605655168 0.8830097750608422 0.01628118781131663 -0.23051440885044558 0.021210938715255867 0.954198291923411 0.9526720063858821 1.9999999999999987 5.490271605655167
23.628360263551762 0.8854181419986481 0.016103033175001297 -0.22838031270484419 0.020865196525999538 190.58008039018637 -35.057623074997885 6.403562021928169 0.016213809864203756 -0.22994494018270653 0.010406248312575118 3.4960310892824844 0.884219969310517 0.016103437511751525 -0.2281808708048377 0.020862009492337817 0.9511217618521169 0.9496301704945359 1.9999999999999987 5.496031089282483
23.902653468423917 0.8865929548302927 0.015927083945093477 -0.2260599677311191 0.020522116477462837 189.96746017737942 -34.90556379692572 6.368973880099356 0.0160342307556826 -0.22757192478495128 0.010288794891266304 3.501727491679731 0.8854192964637728 0.0159274669071035 -0.22586678779923614 0.020519097260289734 0.9479983003016308 0.9465407760816451 1.999999999999997 5.501727491679728
24.180130845257207 0.8877574245911813 0.01575290007524782 -0.223759215515209 0.02018496307335105 189.34501120830942 -34.75246420741145 6.334341898755641 0.01585653334705989 -0.22522025779931445 0.010172644759432923 3.5073614368511175 0.8866078139118936 0.015753262774714286 -0.22357210803642577 0.020182102988865757 0.9448286786412634 0.9434045998705717 1.9999999999999982 5.507361436851116
24.46082935796798 0.8889116017425169 0.015580468366812738 -0.22147799553639683 0.0198536380301605 188.71290786091058 -34.59835019424839 6.299669096866185 0.015680700847182833 -0.222889821214761 0.010057783970784136 3.512933544896438 0.8877855798027511 0.01558081185927319 -0.2212967763916598 0.019850928833349723 0.9416136723998921 0.9402224229475227 2.000000000000004 5.512933544896442
24.744786399573513 0.89005553755303 0.015409775589989584 -0.21921624420465388 0.019528044281149005 188.07132473289397 -34.443247589524994 6.264958484821477 0.01550671653754284 -0.22058049577298702 0.009944198716213009 3.5184444319528603 0.8889526530064531 0.015410100877126224 -0.21904073453385842 0.019525478144347644 0.9383540609330583 0.9369950304156851 1.9999999999999996 5.51844443195286
25.032039797173255 0.8911892840658509 0.015240808488182392 -0.21697389497647032 0.019208085983595448 187.42043659068244 -34.28718216486592 6.230213064034211 0.015334563774003834 -0.21829216103005514 0.009831875322738857 3.5238947101404268 0.8901090930816613 0.015241116520492887 -0.21680392104407323 0.01920565547604343 0.9350506270951919 0.9337232110549288 2.000000000000001 5.523894710140428
25.322627816987946 0.8923128940659871 0.015073553782248075 -0.2147508784679835 0.018893668524644507 186.7604183189972 -34.13017962670385 6.195435826531029 0.015164225988476757 -0.21602469541672842 0.009720800252450161 3.5292849875111982 0.8912549602425763 0.01507384546158902 -0.21458627153124699 0.018891366592997907 0.9317041569169349 0.9304077569869336 2.000000000000003 5.529284987511201
25.616589169457267 0.8934264210483941 0.014907998174646716 -0.21254712256543365 0.018584698525810385 186.09144487110575 -33.972265611582536 6.160629754535427 0.014995686690540314 -0.21377797629751236 0.009610960101448176 3.53461586800192 0.8923903153265873 0.014908274356655602 -0.21238771874529092 0.018582518475564965 0.9283154392875204 0.927049463345766 2.000000000000002 5.534615868001923
25.913963014396586 0.8945299191866479 0.014744128353491835 -0.21036255253298544 0.01828108384621083 185.41369121971627 -33.81346568149187 6.1257978200427585 0.014828929469008259 -0.21155188002841335 0.009502341598791588 3.5398879513900536 0.8935152197625861 0.014744389849893125 -0.21020819268752014 0.01827901932399871 0.9248852656422148 0.9236491279538975 1.9999999999999964 5.53988795139005
26.214788966213558 0.8956234433022052 0.014581930996500478 -0.20819709111794596 0.017982733584599845 184.72733230854067 -33.653805319238025 6.0909429843879135 0.01466393799344315 -0.20934628201342673 0.009394931605442424 3.5451018332530904 0.8946297355399411 0.014582178577300752 -0.20804762071847036 0.017980778561320965 0.9214144296547554 0.9202075510035618 1.9999999999999973 5.545101833253088
26.51910709918538 0.8967070488342773 0.014421392774843231 -0.206050658653419 0.017689558080264744 184.03254300451158 -33.493309923848344 6.056068197806314 0.014500696015616871 -0.20716105675976354 0.009288717113213437 3.5502581049310273 0.8957339251781294 0.014421627170420644 -0.20590592766313714 0.017687706835016605 0.9179037269348084 0.9167255347435131 2.000000000000004 5.550258104931031
26.826957952797247 0.8977807918102841 0.014262500356894334 -0.20392317315842842 0.017401468912850795 183.32949805068168 -33.332004806015384 6.021176398989085 0.014339187370918197 -0.20499607793183083 0.009183685243717127 3.555357353491899 0.8968278516970238 0.01426272225998715 -0.20378303591366523 0.017399716017621317 0.9143539547303728 0.913203883171073 1.9999999999999996 5.555357353491899
27.138382537142785 0.8988447288169028 0.01410524041188235 -0.20181455043555147 0.017118378901174316 182.61837201977607 -33.1699151835779 5.986270514632677 0.014179395979707805 -0.20285121840397366 0.009079823247316753 3.5604001617001875 0.8979115785878278 0.01410545047948117 -0.201678865529527 0.01711671920626362 0.9107659116351461 0.9096434017294978 1.9999999999999942 5.560400161700182
27.453422338387142 0.8998989169717212 0.013949599613441723 -0.19972470416610102 0.016840202101082224 181.8993392684383 -33.0070661770445 5.95135345898395 0.014021305848620975 -0.20072635031199956 0.008977118502079396 3.565387107988167 0.8989851697846574 0.013949798468589842 -0.19959333433522713 0.016838630721221014 0.9071403973008314 0.9060448970106246 2.000000000000006 5.565387107988173
27.77211932429355 0.9009434138954571 0.013795564643065807 -0.19765354600289045 0.01656685380241399 181.17257389213574 -32.8434828051578 5.916428133381103 0.013864901071818495 -0.19862134510349008 0.008875558512731327 3.5703187664299065 0.9000486896367637 0.013795752876571891 -0.19752635801556961 0.016565366103547228 0.9034782121543256 0.902409176462776 2.000000000000001 5.570318766429907
28.094515949814063 0.9019782776847833 0.013643122193462073 -0.19560098566062642 0.016298250525119615 180.438249680765 -32.679189980503985 5.8814974257911645 0.013710165832186157 -0.19653607358691885 0.008775130909615882 3.575195706717906 0.9011022028813898 0.013643300365529276 -0.19547785020851863 0.01629684211182561 0.8997801571198248 0.8987370481038411 2.0000000000000036 5.575195706717909
28.420655162745124 0.9030035668857161 0.013492258971810216 -0.19356693100396508 0.01603431001458504 179.69654007493136 -32.51421250516677 5.846564210344605 0.013557084402483465 -0.19447040597959017 0.008675823447654012 3.5800184941423123 0.9021457746172579 0.013492427613585677 -0.19344772259570392 0.01603297671810103 0.8960470333457814 0.895029320239629 2.000000000000002 5.5800184941423145
28.7505804094488 0.904019340467593 0.013342961702924047 -0.19155128813327416 0.0157749512362141 178.94761812291844 -32.34857506642863 5.811631346867629 0.013405641146442042 -0.1924242119544108 0.008577624005307719 3.584787689572528 0.90317947027868 0.01334312131797227 -0.19143588499059733 0.015773689103040833 0.8922796419367278 0.8912868011873429 2.0000000000000067 5.584787689572535
29.08433564064048 0.9050256577976165 0.013195217132318032 -0.18955396146813913 0.015520094369314128 178.19165643835478 -32.182302232520726 5.7767016804127564 0.01325582051981422 -0.19039736068551158 0.008480520583546463 3.5895038494412077 0.904203355610286 0.013195368198021962 -0.18944224542440607 0.015518899650372883 0.8884787836899324 0.8875102990042525 1.9999999999999938 5.5895038494412015
29.421965317243743 0.9060225786159714 0.013049012029179512 -0.18757485382865496 0.01526966080033044 177.4288271585804 -32.01541844842392 5.741778040788368 0.013107607071372571 -0.18838972089273281 0.008384501304816768 3.5941675257304846 0.9052174966423626 0.013049154998072573 -0.18746671022971678 0.015268529940647294 0.8846452588368734 0.8837006212214469 2.0000000000000098 5.594167525730494
29.76351441631318 0.9070101630114937 0.012904333189247661 -0.18561386651454276 0.015023573115472633 176.6593019036992 -31.847948031719753 5.706863242087452 0.012960985443860953 -0.18640116088499115 0.008289554412015197 3.5987792659604247 0.9062219596667973 0.012904468490279972 -0.18550918412193887 0.015022502744365476 0.8807798667895181 0.8798585745827747 1.9999999999999956 5.59877926596042
30.109028437025927 0.9079884713979138 0.012761167437600363 -0.18367089938213396 0.014781755092774275 175.88325173635175 -31.67991516849672 5.671960082216462 0.012815940374897718 -0.18443154860253969 0.00819566826746486 3.6033396131794753 0.9072168112136172 0.012761295477342359 -0.18356957027857154 0.01478074201451954 0.8768834058913954 0.8759849647887678 1.9999999999999964 5.603339613179472
30.45855340674284 0.9089575644906382 0.012619501631350075 -0.18174585091925877 0.01454413169362497 175.1008471221817 -31.511343909310057 5.6370713424245675 0.012672456697831801 -0.1824807516581422 0.008102831351895445 3.6078491059570257 0.908202118028121 0.012619622795136409 -0.18164777041635197 0.01454317287858155 0.8729566731734366 0.8720805962457424 2.0000000000000075 5.607849105957033
30.812135887140023 0.9099175032840847 0.01247932266225003 -0.17983861831808237 0.014310629053812892 174.31225789101845 -31.342258165198565 5.602199786833871 0.012530519342552402 -0.18054863737717344 0.008011032263427163 3.6123082783778555 0.9091779470485915 0.012479437315266677 -0.17974368486631 0.014309721629982121 0.8690004641145793 0.8681462718198816 1.9999999999999982 5.612308278377854
31.16982298041145 0.9108683490295573 0.012340617459211988 -0.1779490975459273 0.014081174474113473 173.5176531987784 -31.172681703759935 5.567348161971166 0.012390113336252975 -0.17863507283666394 0.007920259716558511 3.616717660038426 0.9101443653845824 0.012340725947529154 -0.1778572126467729 0.014080315719114592 0.8650155724071129 0.864182792596336 2.0000000000000004 5.616717660038427
31.531662335543647 0.9118101632136549 0.012203372990736934 -0.17607718341412268 0.013855696410458756 172.71720149006725 -31.002638145283896 5.532519196301613 0.012251223804150316 -0.1767399249033041 0.007830502541158194 3.621077776044959 0.9111014402957752 0.012203475642290481 -0.17598825153436595 0.01385488374390055 0.8610027897267583 0.8601909576433732 2.000000000000005 5.621077776044964
31.897702154663214 0.9127430075372095 0.012067576267259973 -0.17422276964491945 0.013634124463719933 171.91107046151973 -30.832150958948063 5.497715599764917 0.012113835970159489 -0.17486306027042647 0.007741749681461074 3.6253891470132618 0.9120492391713919 0.012067673392783737 -0.17413669813303864 0.013633355439949603 0.8569629055074642 0.856171563781485 2.000000000000004 5.625389147013266
32.26799119945808 0.9136669438947485 0.011933214343410905 -0.17238574893651148 0.013416389369134493 171.09942702584848 -30.66124345907472 5.462940063314403 0.011977935157525325 -0.17300434549397847 0.007653990195068512 3.629652289070116 0.9129878295101624 0.01193330623732238 -0.1723024479411614 0.013415661670346102 0.8528967067209072 0.8521254053574626 2.000000000000004 5.62965228907012
32.642578797673224 0.9145820343544644 0.011800274320191907 -0.17056601302620059 0.013202422985407592 170.28243727662456 -30.489938801451963 5.428195258459416 0.011843506789411427 -0.17116364702750658 0.007567213251953092 3.633867713856309 0.913917278900833 0.011800361261433369 -0.1704853954167297 0.013201734415092956 0.8488049776606713 0.8480532740234066 2.0000000000000075 5.633867713856317
33.02151484968176 0.9154883411387073 0.011668743347073712 -0.16876345275174823 0.012992158283516072 169.4602664537869 -30.31825997972009 5.393483836811684 0.011710536389447369 -0.1693408312561664 0.007481408133467836 3.6380359285311368 0.9148376550032103 0.011668825599911175 -0.1686854340407168 0.012991506760241798 0.8446884997311289 0.8439559585206873 2.0000000000000036 5.63803592853114
33.404849835132445 0.916385926604963 0.011538608624011798 -0.16697795811094504 0.01278552933524193 168.63307890987286 -30.146229821823354 5.358808429635722 0.011579009582234913 -0.16753576452977298 0.007396564231360052 3.642157435778324 0.9157490255297333 0.011538686438793626 -0.16690245637860865 0.012784912886736957 0.8405480512409476 0.8398342444687796 1.999999999999997 5.642157435778321
33.79263481967431 0.917274853227342 0.011409857403384035 -0.16520941831944472 0.012582471301461057 167.80103807699948 -29.97387098653128 5.32417164740411 0.011448912093814132 -0.16574831319491345 0.007312671046789863 3.646232733813397 0.9166514582275619 0.011409931017261326 -0.16513635414016323 0.012581888058999915 0.8363844072012788 0.8356889141589899 2.000000000000001 5.646232733813398
34.18492146175929 0.9181551835785444 0.011282476991851363 -0.16345772186689317 0.012382920420211484 166.96430643456114 -29.801205960027225 5.289576079357656 0.011320229752090223 -0.16397834362613314 0.0072297181893535905 3.6502623163923142 0.9175450208611771 0.011282546629461874 -0.1633870182374316 0.012382368613278958 0.8321983391285579 0.8315207463530616 1.9999999999999978 5.650262316392312
34.58176201952381 0.9190269803123112 0.01115645475214295 -0.16172275657139512 0.012186813994564475 166.12304547767263 -29.62825705256767 5.255024293071106 0.01119294848722187 -0.16222572225621326 0.007147695376112012 3.6542466728213507 0.9184297811954821 0.011156520626260437 -0.1616543388410749 0.01218629194578812 0.827990614851937 0.8273305160865972 2.0000000000000067 5.654246672821357
34.98320935775036 0.9198903061463514 0.011031778104767381 -0.16000440963235144 0.01199409038032027 165.27741568635287 -29.455046395213536 5.22051883402472 0.011067054331971965 -0.16049031560555924 0.007066592430623606 3.6581862879682587 0.9193058069793965 0.011031840416917963 -0.15993820543501955 0.011993596500657925 0.8237619983253176 0.823118994477328 1.9999999999999964 5.658186287968255
35.38931695490988 0.9207452238457303 0.010908434529651378 -0.15830256768170545 0.011804688973549516 164.4275764954475 -29.281595936633586 5.186062225181974 0.010942533422021533 -0.15877199031071104 0.006986399281982847 3.6620816422744924 0.9201731659299355 0.01090849347069858 -0.15823850686947896 0.01180422175771929 0.8195132494439693 0.8188869485381413 2.0000000000000013 5.662081642274494
35.80013891028579 0.9215917962067185 0.010786411567707642 -0.15661711683363394 0.011618550198000078 163.57368626529018 -29.10792743998126 5.151656966573864 0.01081937199624777 -0.1570706131519973 0.006907105963863671 3.6659332117686185 0.9210319257167652 0.010786467318407704 -0.15655513141238972 0.011618108220141157 0.8152451238657329 0.8146351409949493 1.9999999999999964 5.665933211768615
36.21572995118075 0.9224300860410987 0.010665696822333318 -0.1549479427327184 0.011435615492388205 162.7159022531138 -28.934062479846894 5.117305534890093 0.01069755639696695 -0.15538605108034467 0.006828702613568173 3.6697414680807046 0.9218821539472248 0.010665749553862142 -0.15488796679928432 0.011435197401941098 0.8109583728367726 0.8103643301092402 2.000000000000003 5.669741468080708
36.63614544020716 0.9232601561609083 0.010546277960840598 -0.15329493060063068 0.011255827297591484 161.85438058519838 -28.760022439285052 5.083010383077524 0.010577073070143066 -0.1537181712432616 0.006751179471080518 3.673506878457745 0.9227239181518093 0.01054632783529383 -0.15323690028164835 0.011255431815387084 0.806653743021882 0.8060752695054321 1.9999999999999996 5.6735068784577445
37.06144138266228 0.9240820693636242 0.010428142715821006 -0.15165796528136755 0.011079129043760759 160.98927622977038 -28.585828506918986 5.048773939946078 0.010457908565563084 -0.1520668410100108 0.0066745268781263105 3.677229905780027 0.9235572857701017 0.010428189886688527 -0.1516018186737862 0.011078754958307938 0.8023319763392993 0.8017687080028798 1.9999999999999942 5.677229905780021
37.49167443398888 0.9248958884177784 0.01031127888644493 -0.15003693128506965 0.010905465137366718 160.1207429706468 -28.411501674122817 5.01459860978258 0.010340049536979605 -0.1504319279959879 0.006598735277237291 3.6809110085784225 0.9243823241371474 0.010311323499061054 -0.1499826083982371 0.010905111301328664 0.797993809800048 0.7974453894526066 1.9999999999999911 5.680911008578414
37.926901907322495 0.9257016760489891 0.010195674339697878 -0.14843171283045614 0.010734780948196297 159.24893338162383 -28.237062732282126 4.980486771972729 0.0102234827422218 -0.14881330008632027 0.006523795210821566 3.6845506410525033 0.9251991004702632 0.01019571653166848 -0.14837915552977204 0.01073444627504639 0.7936399753517556 0.7931060525786852 2.0000000000000036 5.684550641052507
38.36718178112645 0.9264994949264177 0.01008131701155495 -0.14684219388590902 0.010567022796313023 158.3739988016084 -28.062532270133524 4.946440780631369 0.010108195043275411 -0.1472108254587027 0.006449697320239358 3.6881492530895237 0.9260076818562711 0.010081356913162608 -0.14679134583800452 0.010566706257161282 0.7892711997269478 0.7887514308242561 2.000000000000006 5.68814925308953
38.81257270691536 0.927289407649623 0.00996819490809509 -0.14526825820923936 0.01040213793899475 157.49608931050383 -27.887930671185003 4.91246296424157 0.009994173406332657 -0.1456243726054849 0.00637643234488431 3.6917072902841306 0.9268081352391488 0.009968232642683445 -0.14521906482864846 0.01040183855957643 0.7848882042957949 0.7843822522021665 1.999999999999989 5.6917072902841195
39.263134017068374 0.9280714767358214 0.009856296106556568 -0.1437097893861667 0.01024007455766139 156.61535370584073 -27.71327811121745 4.878555625302577 0.009881404901812888 -0.14405381035502707 0.006303991121270483 3.695225193958862 0.9276005274080892 0.009856331790894818 -0.14366219778345457 0.010239791415479807 0.7804917049232868 0.7799992391501632 2.000000000000001 5.695225193958863
39.71892573273302 0.9288457646075376 0.009745608756335174 -0.14216667086754373 0.01008078174480459 155.7319394801403 -27.53859455586614 4.844721039986943 0.009769876704354754 -0.14249900789233724 0.006232364582124961 3.698703401185287 0.9283849249859605 0.009745642500963844 -0.1421206297988616 0.010080513966420278 0.7760824118308206 0.775603108390721 2.0000000000000124 5.698703401185299
40.18000857182091 0.9296123335806437 0.009636121079926592 -0.14063878600535626 0.009924209490930477 154.84599279904072 -27.3638997582863 4.810961457806985 0.009659576092780744 -0.14095983477900775 0.006161543755486278 3.7021423448059014 0.9291613944181583 0.00963615298948539 -0.1405942458233851 0.009923956249389592 0.7716610294621753 0.7711945707953226 2.0000000000000044 5.702142344805906
40.64644395709628 0.930371245852769 0.009527821373814383 -0.13912601808752792 0.009770308671526007 153.9576584801524 -27.18921325690023 4.777279101290987 0.009550490450034798 -0.13943616097246112 0.006091519763808496 3.7055424534565096 0.9299300019618415 0.009527851547353127 -0.1390829306937806 0.009770069183920935 0.7672282563538455 0.766774331253281 2.000000000000004 5.705542453456514
41.118294024358306 0.9311225634920934 0.009420698009305067 -0.13762825037156176 0.009619031034058808 153.06707997266074 -27.014554373227952 4.743676165669085 0.009442607263093887 -0.13792785684452605 0.006022283823071159 3.708904151589316 0.9306908136755453 0.009420726540578492 -0.13758656917001075 0.009618804559214326 0.7627847850097345 0.7623430885450464 2.000000000000005 5.708904151589321
41.59562163071847 0.9318663484264906 0.009314739433311651 -0.13614536611704411 0.009470329185019844 152.17439933767542 -26.83994220980241 4.710154818569213 0.009335914122854309 -0.13643479319935503 0.005953827241895099 3.7122278594965743 0.9314438954091604 0.009314766411058937 -0.1361050459690435 0.009470115021298658 0.7583313017801365 0.7579015352199345 2.0000000000000058 5.71222785949658
42.07849036297403 0.9326026624330375 0.009209934169087055 -0.13467724861704314 0.009324156577017404 151.2797572292975 -26.665395648166687 4.676717199723197 0.009230398723993399 -0.13495684129069468 0.005886141420664034 3.7155139933346297 0.9321893127942746 0.009209959677296861 -0.13463824579751277 0.009323954060238915 0.7538684867450416 0.7534503574783047 2.0000000000000067 5.715513993334636
42.566964546078715 0.9333315671278682 0.009106270816908764 -0.13322378122842618 0.009180467495930699 150.38329287645155 -26.490933346958577 4.643365420683233 0.009126048864807472 -0.13349387283853023 0.005819217850652132 3.7187629651486382 0.932927131234865 0.009106294935070477 -0.13318605338326725 0.009180275997397416 0.7493970136016789 0.748990235058082 1.9999999999999938 5.718762965148632
43.06110925171171 0.9340531239563737 0.0090037380547161 -0.1317848474011263 0.009039217048130531 149.48514406542552 -26.316573740077587 4.610101564548801 0.009022852447026762 -0.13204576004511098 0.005753048113157475 3.72197518289759 0.9336574158983357 0.009003760858057971 -0.131748353505838 0.009039035972756685 0.7449175495563092 0.7445218411256502 2.0000000000000027 5.721975182897593
43.56099030694608 0.9347673941837336 0.008902324638701505 -0.13036033070638395 0.008900361147774205 148.58544712315552 -26.142335034938036 4.576927685704237 0.008920797475608073 -0.1306123756103761 0.005687623878641467 3.72515105047989 0.9343802317068919 0.00890234619841643 -0.13032503102585258 0.008900189932311297 0.7404307552202296 0.7400458421710899 2.000000000000009 5.725151050479899
44.06667430301786 0.9354744388857774 0.008802019403857043 -0.1289501148639891 0.008763856504181149 147.6843369012367 -25.968235210807464 4.543845809567097 0.008819872058505844 -0.12919359274679004 0.005622936905874236 3.728290967759263 0.9350956433292436 0.008802039787316552 -0.1289159709134183 0.008763694615535672 0.7359372845099479 0.7355628979076538 2.000000000000004 5.728290967759267
44.578228604197065 0.9361743189401674 0.008702811264477485 -0.12755408376855099 0.008629660609295414 146.78194676065107 -25.794292017229623 4.510857932347349 0.008720064406422359 -0.12778928519360286 0.005558979041086004 3.7313953305910488 0.9358037151726314 0.008702830535434527 -0.12752105827550575 0.008629507542934005 0.7314377845515099 0.7310736611755176 2.0000000000000036 5.731395330591052
45.095721356761466 0.9368670950178981 0.008604689214621283 -0.12617212151482035 0.00849773172524075 145.87840855722453 -25.620522972533585 4.477966020817545 0.008621362832537834 -0.12639932723054997 0.005495742217124464 3.7344645308489044 0.9365045113751669 0.008604707433402435 -0.12614017838235633 0.00849758700367825 0.7269328955889467 0.7265787778497551 2.000000000000014 5.734464530848919
45.61922149807464 0.9375528275750982 0.008507642328530643 -0.12480411242208858 0.008368028871973479 144.97385262780227 -25.446945362428572 4.445172012094141 0.008523755752221064 -0.12502359369100272 0.005433218452618217 3.737498956451807 0.9371980957984795 0.00850765955221826 -0.12477321669293913 0.008367892043339842 0.7224232508968 0.7220788867524696 2.000000000000008 5.737498956451815
46.148798765769385 0.9382315768451414 0.008411659761011957 -0.12344994105768894 0.008240511815037993 144.06840777712648 -25.273576238683177 4.412477813429904 0.00842723168272127 -0.12366195997458095 0.005371399851146225 3.740498991391313 0.9378845320206637 0.008411676043616778 -0.12342005887948138 0.008240382451719963 0.7179094766967089 0.7175746195690683 2.0000000000000058 5.740498991391319
46.6845237070379 0.9389034028310428 0.008316730747777761 -0.1221094922596213 0.008115141053429363 143.16220126542981 -25.100432417890673 4.379885302017568 0.008331779242841834 -0.12231430205924414 0.005310278600413271 3.7434650157591665 0.9385638833295206 0.008316746140402434 -0.12208059085109853 0.008115018750782998 0.7133921920779929 0.7130666007686524 1.9999999999999942 5.743465015759161
47.22646768802952 0.9395683652981551 0.008222844605751515 -0.12078265115832776 0.007991877807567214 142.25535879673356 -24.927530480319348 4.347396324804761 0.008237387152596629 -0.1209804965128707 0.0052498469714315635 3.746397405775137 0.9392362127160832 0.008222859156745565 -0.12075469877654575 0.007991762182697768 0.7088720089222438 0.7085554475284523 2.000000000000007 5.746397405775144
47.774702903357735 0.9402265237671328 0.008129990733336251 -0.11946930319763725 0.007870684007384545 141.34800450783786 -24.75488676884777 4.315012698320348 0.008144044232849541 -0.11966042050433853 0.005190097317708346 3.7492965338150994 0.9399015828684227 0.00813000448844291 -0.11944226910611651 0.00787057469799024 0.7043495318318331 0.7040417696622987 1.9999999999999978 5.749296533815097
48.32930238571752 0.9408779375071834 0.008038158610648332 -0.11816933415490459 0.007751522280534964 140.4402609580158 -24.58251738798515 4.282736208512011 0.008051739404937797 -0.11835395181411869 0.005131022074439593 3.7521627684393275 0.9405600561657259 0.008038171613143595 -0.11814318859270656 0.0077514189438112726 0.6998253580623429 0.6995261695530465 1.9999999999999991 5.752162768439327
48.89034001561443 0.941522665529579 0.007947337799717367 -0.11688263016036426 0.0076343559407214285 139.53224911938435 -24.41043820297562 4.250568610595383 0.007960461690279762 -0.11706096884439379 0.005072613757709783 3.754996474420979 0.9412116946726389 0.007947350090541785 -0.11685734431207184 0.007634258252322907 0.6953000774588568 0.6950092420889707 2.000000000000006 5.754996474420985
49.457890531206424 0.9421607665814403 0.007857517944653454 -0.11560907771572111 0.00751914897614937 138.6240883679627 -24.238664838986878 4.218511628914464 0.007870200209967792 -0.11578135062871373 0.005014864963697745 3.757798012774786 0.94185656013387 0.007857529562536936 -0.1155846236822972 0.0075190566292059405 0.6907742723960824 0.6904915746040355 2.0000000000000027 5.7577980127747885
50.03202953826004 0.9427922991397658 0.007768688771782779 -0.11434856371199786 0.007405866038106719 137.71589647541305 -24.06721268038323 4.186566956813554 0.007780944184346761 -0.11451497684119939 0.004957768367888617 3.760567740785886 0.9424947139690447 0.007768699753362815 -0.11432491448249812 0.007405778742291709 0.6862485177222529 0.6859737468219977 2.0000000000000044 5.76056774078589
50.61283352022219 0.9434173214057224 0.007680840089752658 -0.11310097544666038 0.00729447242967303 136.80778960143124 -23.896096870080008 4.154736256520586 0.007692682932578809 -0.1132617278053041 0.004901316724291808 3.7633060120387363 0.9431262172678081 0.0076808504696863344 -0.11307810487077942 0.007294389910320211 0.6817233807067837 0.6814563308043617 2.0000000000000036 5.76330601203874
51.20037984840887 0.9440358912991725 0.007593961789607033 -0.11186620064003992 0.007184934094559869 135.89988228683006 -23.725332308983404 4.1230211590418175 0.007605405872194905 -0.11202148450214822 0.004845502864665123 3.7660131764463016 0.9437511307851651 0.007593971600677066 -0.11184408340146572 0.007184856091827021 0.6771994209916166 0.6769398909020319 2.000000000000018 5.76601317644632
51.7947467923121 0.9446480664534466 0.007508043844833426 -0.11064412745107323 0.007077217606084114 134.99228744725252 -23.55493365551021 4.091423264067983 0.007519102518633772 -0.11079412857843299 0.0047903196977448935 3.7686895802792146 0.9443695149370579 0.007508053118048643 -0.11062273904163086 0.007077143874160698 0.6726771905462374 0.672424983710738 2.0000000000000075 5.768689580279222
52.396013530026444 0.9452539042103455 0.007423076311382399 -0.10943464449237776 0.006971290156275851 134.08511636755014 -23.384915325190605 4.059944139891748 0.007433762484768748 -0.10957954235394607 0.004735760208482203 3.7713355661950505 0.9449814297961677 0.007423085076072835 -0.10941396118693696 0.006971220462632462 0.6681572336262954 0.6679121580300599 2.0000000000000195 5.77133556619507
53.004260158796725 0.9458534616153691 0.007339049327660387 -0.1082376408446815 0.006867119545122072 133.1784786967956 -23.215291490351056 4.028585323336504 0.007349375480423087 -0.10837760882867115 0.00468181745728516 3.773951473267751 0.9455869350879417 0.007339057611567421 -0.10821763967681243 0.006867053669799554 0.6636400867357944 0.6634019548261424 2.0000000000000004 5.7739514732677515
53.61956770568817 0.9464467954131717 0.0072559531144969335 -0.10705300607062532 0.006764674169947413 132.27248244393843 -23.046076079878347 3.997348319696376 0.0072659313118742 -0.10718821168950794 0.004628484579267231 3.7765376370170287 0.9461860901868331 0.007255960943858565 -0.10703366480897604 0.006764611904883572 0.6591262785928055 0.6588949071978921 2.000000000000006 5.776537637017035
54.24201813838027 0.94703396204323 0.007173777975087204 -0.10588063022795584 0.006663923014932854 131.36723397407962 -22.87728277906264 3.966234602687503 0.00718341988134743 -0.10601123531661724 0.004575754783501605 3.7790943894379048 0.9467789541127545 0.007173785374718843 -0.10586192735333691 0.006663864163324795 0.6546163300986538 0.6543915403467668 1.9999999999999885 5.779094389437893
54.87169437608604 0.9476150176357226 0.007092514294910726 -0.10472040388212552 0.00656483564077317 130.46283800536713 -22.708925029519122 3.935245614410392 0.007101831186499784 -0.1048465647893958 0.004523621352281596 3.7816220590301595 0.9473655855277336 0.007092521288281685 -0.10470231856527833 0.0065647800164733965 0.6501107543105291 0.6498923715499774 1.9999999999999911 5.78162205903015
55.50868030059805 0.9481900180076166 0.007012152541627137 -0.10357221811831709 0.006467382174473666 129.55939760651205 -22.541016029188746 3.9043827653233656 0.007021155319894098 -0.10369408589209668 0.004472077640387052 3.7841209708279746 0.9479460427327698 0.007012159150933051 -0.10355473019834928 0.006467329601418197 0.6456100564174689 0.6453979101371304 2.0000000000000044 5.7841209708279795
56.153060767462726 0.9487590186589557 0.006932683264949911 -0.10243596455290932 0.006371533299286685 128.657014194885 -22.373568732414157 3.8736474342269442 0.006941382468464189 -0.102553685119098 0.004421117074356779 3.7865914464294144 0.948520383664884 0.006932689511181292 -0.10241905451637758 0.006371483610953522 0.6411147337196802 0.6409086574702256 1.9999999999999938 5.786591446429408
56.80492161728426 0.9493220747693385 0.006854097096498825 -0.10131153534439902 0.006277260244788177 127.75578753524758 -22.206595850095198 3.843040968259199 0.006862502912971357 -0.10142524967983636 0.004370733151766948 3.7890338040260816 0.9490886658943563 0.006854102999506 -0.10129518430502041 0.006277213283684546 0.6366252756111213 0.6364251069269445 2.000000000000008 5.789033804026089
57.46434968715974 0.9498792411945955 0.006776384749632025 -0.10019882320379656 0.006184534777094454 126.85581573900845 -22.040109849914685 3.8125646829017374 0.006784507027452797 -0.1003086675034065 0.004320919440515486 3.791448358432545 0.9496509466221495 0.00677639032818655 -0.10018301288277293 0.006184490394271255 0.6321421635653222 0.6319477438872284 2.0000000000000098 5.791448358432555
58.131432822247135 0.9504305724636446 0.006699537019258437 -0.0990977214045087 0.006093329189219155 125.95719526412398 -21.87412295664418 3.7822198619965386 0.00670738527866225 -0.09920382724284477 0.004271669578112421 3.793835421116002 0.9502072826775078 0.006699542291111314 -0.09908243411144455 0.006093287243811281 0.6276658711243672 0.6274770457230253 1.9999999999999951 5.793835421115998
58.80625988746757 0.9509761227755293 0.006623544781631342 -0.09800812379172445 0.0060036162915702495 125.06002091551687 -21.708647152519106 3.7520077577732365 0.006631128225503381 -0.09811061827909673 0.0042229772709761575 3.7961953002257 0.9507577305157305 0.006623549763568052 -0.09799334240612237 0.0060035766503613655 0.6231968638910034 0.6230134817911893 2.0000000000000075 5.796195300225707
59.48892077934334 0.9515159459966367 0.006548398994123845 -0.09692992479131864 0.005915369402586949 124.16438584606584 -21.543694177686866 3.7219295908868575 0.006555726518456287 -0.09702893072468301 0.004174836293735691 3.7985283006223867 0.9513023462161148 0.006548403702016476 -0.09691563274463667 0.00591533193959743 0.6187355995238104 0.6185575134294878 1.9999999999999951 5.798528300622381
60.17950643797334 0.9520500956580784 0.006474090694986995 -0.09586301941828707 0.0058285623395160765 123.27038155816678 -21.37927553072847 3.6919865504659493 0.006481170898997593 -0.0959586554270714 0.004127240488538726 3.800834723907782 0.9518411854800594 0.006474095143843611 -0.09584920067654012 0.005828526935612974 0.6142825277353869 0.6141095939556155 1.999999999999997 5.800834723907779
60.87810885914762 0.9525786249532481 0.006400611003091256 -0.09480730328472738 0.005743169409327517 122.37809790579689 -21.215402469246932 3.662179794170792 0.006407452199014407 -0.0948996839717604 0.004080183764365663 3.803114868453872 0.9523743036293306 0.006400615207102566 -0.09479394233161946 0.005743135951855266 0.6098380902934942 0.6096701686692169 1.9999999999999911 5.8031148684538625
61.584821106602604 0.9531015867355314 0.006327951117651983 -0.09376267260737857 0.0056591653997681395 121.48762309714084 -21.05208601052763 3.6325104482617445 0.006334561340212621 -0.09385190868508521 0.004033660096349455 3.8053690294322173 0.9529017556044799 0.006327955090235542 -0.09374975442794793 0.005659133782199048 0.6054027210250957 0.605239674856788 1.9999999999999885 5.805369029432206
62.29973732441844 0.9536190335161805 0.006256102317939675 -0.09272902421473347 0.005576525570553619 120.59904369770913 -20.889336932263816 3.6029796076774145 0.006262489333519921 -0.0928152226367523 0.003987663525101316 3.807597498843107 0.9534235959634128 0.006256106071781726 -0.0927165342794983 0.005576495692156996 0.6009768458232522 0.6008185417994865 2.00000000000002 5.807597498843127
63.02295274956023 0.9541310174623406 0.0061850559629756064 -0.0917062555537363 0.005495225644697403 119.71244463399336 -20.727165773351487 3.5735883361226755 0.006191227278483842 -0.09178951964211371 0.003942188156042231 3.809800565544772 0.9539398788801023 0.006185059510070654 -0.09169417980332573 0.0054951974102264035 0.5965608826568051 0.5964071907837265 2.0000000000000067 5.809800565544778
63.75456372456507 0.9546375903952211 0.006114803491213445 -0.09069426469607735 0.005415241799976009 118.82790919760083 -20.56558283474731 3.5443376661661343 0.006120766362665195 -0.09077469426418225 0.0038972281587402705 3.8119785152823122 0.9544506581434442 0.0061148068429017315 -0.09068258952633235 0.005415215119371211 0.5921552415827898 0.5920060351145084 1.9999999999999964 5.811978515282309
64.4946677103762 0.9551388037884185 0.00604533642020754 -0.08969295034409833 0.00533655066052981 117.94551904989362 -20.40459818039276 3.515228599347199 0.006051097861027277 -0.08977064181540248 0.0038527777662536685 3.814131630716712 0.954955987156248 0.006045339587210484 -0.08968166259163052 0.005336525448638688 0.5877603247615288 0.5876154801314538 2.0000000000000093 5.814131630716721
65.24336329932625 0.9556347087663759 0.00597664634626848 -0.08870221183631931 0.005259129288598346 117.06535422708822 -20.24422163819883 3.4862621062923123 0.005982213135321145 -0.0887772583591785 0.0038088312744796555 3.8162601914535874 0.9554559189343624 0.00597664933872223 -0.08869129876451433 0.005259105464909775 0.5833765264743505 0.5832359232274793 2.0000000000000067 5.816260191453594
66.00075022827095 0.9561253561029787 0.0059087249441064586 -0.08772194915259911 0.005182955176389174 116.18749314584863 -20.084462801094816 3.4574391268402898 0.005914103633467298 -0.08779444071117078 0.0037653830415090113 3.8183644740719695 0.9559505061059277 0.005908727771593641 -0.08771139843805048 0.0051829326647821646 0.5790042331438595 0.5788677538700203 1.999999999999989 5.8183644740719584
66.76692939187564 0.9566107962202869 0.0058415639664630824 -0.08675206291894065 0.00510800623807919 115.31201260932266 -19.92533102813624 3.4287605701766455 0.005846760888934076 -0.08682208644036475 0.0037224274869863006 3.8204447521528686 0.9564398009107532 0.005841566638042828 -0.08674186263830162 0.005107984966585103 0.5746438233567209 0.5745113536247723 2.000000000000013 5.8204447521528815
67.54200285605586 0.9570910791873922 0.005775155243732108 -0.08579245441195194 0.005034260801947285 114.43898781362634 -19.766835445671198 3.400227314976585 0.005780176520113048 -0.0858600938699212 0.003679959091475795 3.822501296307779 0.9569238551998173 0.005775157767968471 -0.08578259302919503 0.005034240702524816 0.5702956678888842 0.5701670961819083 1.9999999999999911 5.82250129630777
68.32607387157402 0.9575662547194053 0.0057094906835697175 -0.08484302556297396 0.004961697602637198 113.56849235476943 -19.608984948565414 3.3718402095566784 0.005714342229691753 -0.0849083620778116 0.003637972395833008 3.8245343742069418 0.9574027204348816 0.005709493068558581 -0.0848334919170426 0.004961678610959467 0.5659601297332026 0.5658353473846467 2.000000000000009 5.824534374206951
69.11924688779365 0.9580363721765588 0.005644562270494825 -0.08390367896188561 0.004890295773549379 112.70059823600769 -19.45178820148299 3.3436000720347683 0.005649249804024031 -0.08396679089725072 0.00359646200058189 3.8265442506076712 0.9578764476882213 0.00564456452388932 -0.08389446225473045 0.004890277828802437 0.5616375641293747 0.5615164652602027 1.9999999999999827 5.826544250607654
69.92162756659374 0.9585014805634355 0.005580362065479881 -0.08297431786059557 0.00482003483936053 111.83537587562347 -19.295253640223372 3.3155076904982574 0.005584891112498188 -0.08303528091692583 0.0035554225652975548 3.8285311873823713 0.9583450876424633 0.005580364194514472 -0.08296540764557979 0.004820017884052744 0.557328318596161 0.5572108000529579 1.999999999999989 5.82853118738236
70.73332279644438 0.958961628528303 0.005516882205532733 -0.08205484617623182 0.004750894708669609 110.97289411507444 -19.139389473108615 3.287563823180184 0.005521258106903354 -0.08211373348103357 0.0035148488079945962 3.830495443546452 0.9588086905905321 0.005516884217045979 -0.08204623234689883 0.004750878688451266 0.553032732965812 0.5529186942599068 1.9999999999999813 5.830495443546433
71.55444070664578 0.959416864362567 0.005454114903269991 -0.08114516849403773 0.004682855666768966 110.11322022759259 -18.984203682427626 3.2597691986433466 0.005458342820794199 -0.0812020506891299 0.0034747355045209186 3.832437275286184 0.9592673064356968 0.00545411680372608 -0.08113684127322662 0.00468284053026162 0.5487511394206477 0.548640482668196 2.000000000000013 5.832437275286197
72.38509068173255 0.959867236000327 0.0053920524464823524 -0.08024519006998501 0.004615898368539224 109.25641992710706 -18.829704025925814 3.2321245159718566 0.005396137368854355 -0.08030013539579657 0.00343507748795708 3.8343569359862495 0.9597209846917197 0.005392054241991496 -0.0802371399992867 0.004615884067174247 0.544483862531738 0.5443764923948142 1.9999999999999907 5.83435693598624
73.22538337604533 0.9603127910180387 0.005330687197692338 -0.07935481683311159 0.0045500038314665436 108.40255737759202 -18.6758980383487 3.2046304449701806 0.0053346339462586635 -0.07940789121013327 0.0033958696480210736 3.8362546762572722 0.9601697744830991 0.005330688894030032 -0.07934703476265188 0.004549990319332339 0.5402312192996107 0.5401270429282625 2.0000000000000084 5.836254676257281
74.07543072847163 0.9607535766342777 0.0052700115937048845 -0.07847395538759405 0.004485153428780869 107.55169520274103 -18.52279303303021 3.1772876263694494 0.005273824828034594 -0.07852522249507897 0.0033571069304785795 3.838130743963132 0.9606137245454063 0.005270013196330154 -0.07846643246613819 0.004485140662478391 0.5359935191969408 0.5358924461722532 2.000000000000002 5.838130743963134
74.93534597735753 0.9611896397096013 0.005210018145151209 -0.07760251301456383 0.004421328882713727 106.7038944960139 -18.370396103529387 3.150096672040692 0.005213702368423014 -0.07765203436656878 0.003318784336558591 3.8399853842481226 0.9610528832257115 0.0052100196592238515 -0.07759524067992861 0.004421316821219742 0.5317710642131612 0.5316730064912826 1.9999999999999858 5.839985384248108
75.8052436755926 0.9616210267465014 0.005150699436026349 -0.07674039767367428 0.004358512257874119 105.85921483101089 -18.218714125310882 3.123058165214946 0.005154259000238523 -0.07678823269253143 0.0032808969223744456 3.8418188395639348 0.9614872984830973 0.005150700866423238 -0.07673336764344126 0.004358500862411898 0.527564148900927 0.5274690207580793 1.9999999999999885 5.841818839563923
76.6852397058701 0.9620477838894574 0.005092048123220772 -0.07588751800442815 0.004296685954741064 105.01771427218233 -18.06775375746949 3.096172660709966 0.005095487234229578 -0.07593372409173299 0.003243439798350171 3.8436313496964845 0.9619170178892558 0.005092049474551312 -0.0758807222669482 0.0042966751886580265 0.5233730604243862 0.5232807784028587 2.000000000000009 5.843631349696493
77.57545129612413 0.9624699569250688 0.005034056936046453 -0.07504378332727271 0.004235832703271284 104.17944938586243 -17.91752144449736 3.0694406851633076 0.005037379658438601 -0.07508841593247263 0.003206408128652165 3.84542315179263 0.9623420886291658 0.0050340582126671566 -0.0750372141329529 0.004235822531923288 0.519198078609193 0.5191085614642991 1.9999999999999951 5.845423151792625
78.47599703514611 0.9628875912822814 0.004976718675757754 -0.07420910364447073 0.004175935556620577 103.3444752515943 -17.768023418090493 3.0428627372716495 0.004979928937562277 -0.0742522163311325 0.003169797130626134 3.8471944803865328 0.9627625575018496 0.004976719881786042 -0.07420275349733448 0.004175925947262439 0.5150394759942043 0.5149526446421976 2.0000000000000138 5.8471944803865465
79.38699688838231 0.9633007320326927 0.004920026215067515 -0.07338338964075508 0.004116977884977346 102.5128454737661 -17.619265698995413 3.0164392880360675 0.004923127812312239 -0.07342503415059148 0.0031336020742393053 3.8489455674260475 0.9631784709212031 0.004920027354394788 -0.07337725129026877 0.004116968806659326 0.5108975178848111 0.5108132953517727 1.999999999999997 5.848945567426044
80.30857221391513 0.9637094238909375 0.0048639724976586585 -0.07256655268377345 0.004058943369506812 101.68461219354174 -17.471254098894747 2.990170781013136 0.004866969098776308 -0.07260677899850405 0.0030978182815278228 3.850676642298861 0.9635898749169002 0.004863973573962626 -0.07256061911692967 0.0040589347929766645 0.5067724624078285 0.5066907737794937 2.0000000000000036 5.850676642298865
81.24084577862966 0.9641137112151551 0.004808550537691638 -0.07175850482433155 0.004001815996404336 100.85982610103639 -17.323994222325922 2.9640576325715338 0.004811445687780438 -0.07179736122544882 0.0030624411260493406 3.8523879318583707 0.963996815135366 0.004808551554448013 -0.07175276925798289 0.004001807894014694 0.502664560567911 0.5025853329404559 1.9999999999999925 5.852387931858363
82.18394177456803 0.9645136380075277 0.004753753419308102 -0.07095915879644117 0.003945580051056399 100.03853644779457 -17.17749146863862 2.9381002321540945 0.004756550544251616 -0.0709966919229545 0.003027466032340757 3.854079660449527 0.9643993368408179 0.004753754379801629 -0.0709536146698753 0.003945572396677166 0.4985740563054196 0.4984972187371725 2.0000000000000218 5.854079660449549
83.13798583547334 0.9649092479148923 0.004699574296131063 -0.07016842801717983 0.0038902201123076964 99.22079105949041 -17.03175103398231 2.912298942544962 0.004702276706581814 -0.07020468292140394 0.0029928884753810804 3.855752049934346 0.9647974849163719 0.004699575203465965 -0.07016306898493016 0.0038902128812431983 0.4945011865556867 0.49442667001978263 2.0000000000000235 5.855752049934369
84.10310505352605 0.9653005842294258 0.004646006390761825 -0.06938622658636927 0.003835721046832781 98.40663634889819 -16.886777913328494 2.8866541001417176 0.004648617285993155 -0.06942124678782363 0.002958703980059346 3.857405319717357 0.9651913038652099 0.004646007247871682 -0.06938104651125217 0.003835714215743403 0.49044618130963313 0.49037391864757995 1.9999999999999853 5.857405319717342
85.07942799627445 0.9656876898893938 0.004593042994274038 -0.0686124692860781 0.0037820680036107887 97.59611732908053 -16.742576902521968 2.8611660152322234 0.004595565465904467 -0.0686462968235607 0.002924908120647609 3.8590396867707817 0.9655808378118087 0.004593043803931115 -0.06860746223245083 0.003782061550438883 0.4864092636756667 0.4863391895518214 1.9999999999999831 5.859039686770765
86.06708472376162 0.9660706074799668 0.004540677465705106 -0.06784707157995636 0.003729246408501715 96.78927762680053 -16.599152600361364 2.835834972276057 0.004543114501299365 -0.06787974706185329 0.0028914965202789214 3.860655365659556 0.965966130503226 0.004540678230529194 -0.06784223180718951 0.0037292403124015096 0.48239064994281833 0.4823227007997846 2.0000000000000155 5.8606553656595715
87.06620680585127 0.9664493792340991 0.004488903231545258 -0.0670899496124069 0.003677241958922687 95.986159496156 -16.45650941070835 2.810661230190203 0.0044912577180959996 -0.06712151226529785 0.0028584648504303175 3.8622525685662015 0.9663472253104415 0.004488903954012016 -0.0670852715685637 0.0036772362001940236 0.4783905496450613 0.47832466365997134 2.000000000000002 5.862252568566204
88.07692733975462 0.9668240470334677 0.004437713785224513 -0.06634102020759997 0.0036260406186227733 95.18680383240593 -16.314651544622095 2.7856450226389726 0.004439988512518603 -0.06637150792321513 0.002825808830410725 3.863831505315357 0.9667241652297521 0.004437714467673373 -0.06633649852331576 0.003626035178648441 0.47440916562674934 0.4743452826684245 2.0000000000000044 5.863831505315361
89.09938096776106 0.9671946524094718 0.004387102686597797 -0.06560020086833684 0.0035756286125547617 94.39125018600504 -16.17358302252032 2.7607865583276943 0.00438930035047095 -0.0656296502489242 0.0027935242268537826 3.86539238339839 0.9670969928842172 0.004387103331239413 -0.06559583035089413 0.003575623473741228 0.47044669410913337 0.47038475569613275 2.0000000000000155 5.865392383398405
90.13370389517434 0.9675612365442869 0.00433706356142847 -0.0648674097747679 0.0035259924218424684 93.5995367767996 -16.033307676361893 2.7360860213002898 0.004339186766911881 -0.06489585617692088 0.0027616068532155496 3.8669354079975156 0.9674657505251544 0.0043370641703517855 -0.06486318540235948 0.003525987567563846 0.4665033247578932 0.4664432740174186 2.000000000000008 5.8669354079975236
91.1800339084568 0.9679238402719721 0.004287590100870507 -0.06414256578297096 0.003477118778842027 92.81170050840905 -15.893829151852913 2.7115435712402682 0.004289641365233014 -0.06417004335997036 0.0027300525692770497 3.868460782009879 0.9678304800336806 0.004287590676049429 -0.06413848269914607 0.003477114193387097 0.46257924075164203 0.4625210223792996 2.0000000000000053 5.868460782009884
92.23851039358476 0.9682825040796331 0.004238676060949516 -0.06342558842339463 0.0034289946622957108 92.02777698278169 -15.75515091067443 2.6871593437750616 0.004240657816638699 -0.06345213016611558 0.0026988572806516103 3.869968706071511 0.9681912229222991 0.004238676604249218 -0.06342164193168233 0.003428990330817807 0.45867461885134075 0.4586181790717504 1.999999999999988 5.869968706071499
93.30927435461663 0.9686372681086313 0.004190315262042837 -0.06271639789917227 0.0033816072925767653 91.24780051487369 -15.617276232727477 2.6629334507834725 0.004192229859528397 -0.06274203567560224 0.002668016938296989 3.8714593785808784 0.9685480203365305 0.004190315775225732 -0.0627125834578759 0.003381603201046417 0.4547896294705829 0.4547349159988086 2.0000000000000204 5.871459378580899
94.39246843247668 0.9689881721558458 0.004142501588358964 -0.06201491508431138 0.0033349441270238535 90.4718041475088 -15.48020821839912 2.638865980706091 0.004144351298881536 -0.06203967967772954 0.002637527538032226 3.8729329957225085 0.9689009130565829 0.0041425020730903326 -0.062011228301470454 0.0033349402621839852 0.45092443674668814 0.4508713987505083 2.0000000000000036 5.872932995722512
95.48823692395666 0.9693352556749768 0.004095228987416423 -0.061321061521763504 0.003288992855363587 89.69981966633367 -15.34394979084238 2.6149569988584016 0.004097016005644985 -0.06134498266762257 0.002607385120059208 3.8743897514900976 0.9692499414990629 0.004095229445269758 -0.06131749815027551 0.0032889892046871765 0.44707919861256634 0.44702778667553655 2.0000000000000027 5.8743897514901
96.59672580093833 0.9696785577778972 0.0040484914695223684 -0.06063475942137904 0.003243741395219734 88.93187761492715 -15.208503698274086 2.591206547746435 0.004050217916123195 -0.060657865842936885 0.0025775857684888896 3.8758298377097034 0.9695951457187244 0.004048491901984407 -0.060631315354278265 0.0032437379468697675 0.44325406686929547 0.44320423295462275 1.9999999999999996 5.875829837709703
97.71808272983898 0.9700181172360456 0.004002283107251025 -0.059955931657751614 0.0031991778877076566 88.16800731003525 -15.073872516287828 2.567614647384805 0.004003951031371116 -0.05997825110049437 0.0025481256108721506 3.877253444062705 0.9699365654102522 0.004002283515726516 -0.059952602923638666 0.0031991746304992847 0.43944918725936477 0.4394008846745605 2.000000000000011 5.877253444062716
98.85245709128276 0.9703539724818602 0.0039565980349222036 -0.05928450176795686 0.0031552906931125685 87.40823685685916 -14.940058650175835 2.5441812956168666 0.003958209416590013 -0.05930606103285196 0.002519000817735247 3.878660758108339 0.9702742399100809 0.003956598420738406 -0.059281284526575335 0.003155287616477308 0.4356646995405432 0.4356178829028616 1.9999999999999925 5.878660758108332
100.0 0.9706861616102515 0.003911430448080048 -0.0586203939491896 0.003112068386650201 86.65259316450926 -14.80706433726774 2.520906468436891 0.003912987200526206 -0.05864121892481121 0.0024902076021198387 3.8800519653063263 0.9706082081982456 0.003911430812491 -0.058617284487144 0.003112065480602108 0.43190073756031794 0.43185536276294884 1.9999999999999982 5.880051965306325
